malloc, 32, 618.000000, 484, 4128, 128
malloc, 64, 203.000000, 968, 4128, 128
malloc, 128, 155.000000, 1452, 4128, 160
malloc, 256, 201.000000, 1936, 4128, 224
malloc, 512, 18060.000000, 2928, 1052704, 576
malloc, 1024, 269.000000, 4944, 1052704, 608
malloc, 2048, 1299.000000, 9008, 1052704, 640
malloc, 4096, 1205.000000, 17168, 1052704, 672
malloc, 8192, 1312.000000, 33520, 1052704, 704
malloc, 32, 277.000000, 34004, 1052704, 704
malloc, 64, 197.000000, 34488, 1052704, 704
malloc, 128, 258.000000, 34968, 1052704, 736
malloc, 256, 290.000000, 35452, 1052704, 768
malloc, 512, 234.000000, 36444, 1052704, 800
malloc, 1024, 238.000000, 38460, 1052704, 832
malloc, 2048, 1248.000000, 42524, 1052704, 864
malloc, 4096, 1247.000000, 50684, 1052704, 896
malloc, 8192, 2236.000000, 67036, 1052704, 960
malloc, 32, 360.000000, 67516, 1052704, 960
malloc, 64, 272.000000, 68000, 1052704, 960
malloc, 128, 322.000000, 68480, 1052704, 992
malloc, 256, 303.000000, 68960, 1052704, 1056
malloc, 512, 290.000000, 69952, 1052704, 1088
malloc, 1024, 259.000000, 71968, 1052704, 1120
malloc, 2048, 1500.000000, 76032, 1052704, 1152
malloc, 4096, 1312.000000, 84192, 1052704, 1184
malloc, 8192, 1302.000000, 100544, 1052704, 1216
malloc, 32, 391.000000, 101024, 1052704, 1216
malloc, 64, 322.000000, 101504, 1052704, 1216
malloc, 128, 416.000000, 101984, 1052704, 1248
malloc, 256, 333.000000, 102464, 1052704, 1280
malloc, 512, 270.000000, 103456, 1052704, 1312
malloc, 1024, 218.000000, 105472, 1052704, 1344
malloc, 2048, 1096.000000, 109536, 1052704, 1376
malloc, 4096, 980.000000, 117696, 1052704, 1408
malloc, 8192, 3462.000000, 134048, 1052704, 1504
malloc, 32, 339.000000, 134528, 1052704, 1504
malloc, 64, 243.000000, 135008, 1052704, 1504
malloc, 128, 268.000000, 135488, 1052704, 1536
malloc, 256, 365.000000, 135968, 1052704, 1600
malloc, 512, 297.000000, 136960, 1052704, 1664
malloc, 1024, 1196.000000, 138976, 1052704, 1728
malloc, 2048, 1907.000000, 143040, 1052704, 1792
malloc, 4096, 1879.000000, 151200, 1052704, 1856
malloc, 8192, 1837.000000, 167552, 1052704, 1920
malloc, 32, 450.000000, 168032, 1052704, 1920
malloc, 64, 347.000000, 168512, 1052704, 1920
malloc, 128, 332.000000, 168992, 1052704, 1952
malloc, 256, 395.000000, 169472, 1052704, 1984
malloc, 512, 366.000000, 170464, 1052704, 2016
malloc, 1024, 400.000000, 172480, 1052704, 2048
malloc, 2048, 1157.000000, 176544, 1052704, 2080
malloc, 4096, 1121.000000, 184704, 1052704, 2112
malloc, 8192, 1157.000000, 201056, 1052704, 2144
malloc, 32, 464.000000, 201536, 1052704, 2144
malloc, 64, 385.000000, 202016, 1052704, 2144
malloc, 128, 377.000000, 202496, 1052704, 2176
malloc, 256, 395.000000, 202976, 1052704, 2240
malloc, 512, 393.000000, 203968, 1052704, 2272
malloc, 1024, 391.000000, 205984, 1052704, 2304
malloc, 2048, 1131.000000, 210048, 1052704, 2336
malloc, 4096, 1223.000000, 218208, 1052704, 2368
malloc, 8192, 4239.000000, 234560, 1052704, 2496
malloc, 32, 561.000000, 235040, 1052704, 2496
malloc, 64, 423.000000, 235520, 1052704, 2496
malloc, 128, 425.000000, 236000, 1052704, 2528
malloc, 256, 466.000000, 236480, 1052704, 2560
malloc, 512, 461.000000, 237472, 1052704, 2592
malloc, 1024, 456.000000, 239488, 1052704, 2624
malloc, 2048, 1249.000000, 243552, 1052704, 2656
malloc, 4096, 1335.000000, 251712, 1052704, 2688
malloc, 8192, 1204.000000, 268064, 1052704, 2720
malloc, 32, 547.000000, 268544, 1052704, 2720
malloc, 64, 433.000000, 269024, 1052704, 2720
malloc, 128, 427.000000, 269504, 1052704, 2752
malloc, 256, 541.000000, 269984, 1052704, 2816
malloc, 512, 536.000000, 270976, 1052704, 2880
malloc, 1024, 521.000000, 272992, 1052704, 2912
malloc, 2048, 1866.000000, 277056, 1052704, 2944
malloc, 4096, 1383.000000, 285216, 1052704, 2976
malloc, 8192, 2057.000000, 301568, 1052704, 3040
malloc, 32, 587.000000, 302048, 1052704, 3040
malloc, 64, 494.000000, 302528, 1052704, 3040
malloc, 128, 481.000000, 303008, 1052704, 3072
malloc, 256, 551.000000, 303488, 1052704, 3104
malloc, 512, 530.000000, 304480, 1052704, 3136
malloc, 1024, 595.000000, 306496, 1052704, 3168
malloc, 2048, 1337.000000, 310560, 1052704, 3200
malloc, 4096, 1315.000000, 318720, 1052704, 3232
malloc, 8192, 1247.000000, 335072, 1052704, 3264
malloc, 32, 600.000000, 335552, 1052704, 3264
malloc, 64, 524.000000, 336032, 1052704, 3264
malloc, 128, 517.000000, 336512, 1052704, 3296
malloc, 256, 660.000000, 336992, 1052704, 3360
malloc, 512, 598.000000, 337984, 1052704, 3392
malloc, 1024, 610.000000, 340000, 1052704, 3424
malloc, 2048, 1362.000000, 344064, 1052704, 3456
malloc, 4096, 1401.000000, 352224, 1052704, 3488
malloc, 8192, 3690.000000, 368576, 1052704, 3584
malloc, 32, 683.000000, 369056, 1052704, 3584
malloc, 64, 600.000000, 369536, 1052704, 3584
malloc, 128, 591.000000, 370016, 1052704, 3616
malloc, 256, 648.000000, 370496, 1052704, 3648
malloc, 512, 656.000000, 371488, 1052704, 3680
malloc, 1024, 660.000000, 373504, 1052704, 3712
malloc, 2048, 1487.000000, 377568, 1052704, 3744
malloc, 4096, 1494.000000, 385728, 1052704, 3776
malloc, 8192, 1503.000000, 402080, 1052704, 3808
malloc, 32, 718.000000, 402560, 1052704, 3808
malloc, 64, 622.000000, 403040, 1052704, 3808
malloc, 128, 628.000000, 403520, 1052704, 3840
malloc, 256, 747.000000, 404000, 1052704, 3904
malloc, 512, 705.000000, 404992, 1052704, 3968
malloc, 1024, 1528.000000, 407008, 1052704, 4032
malloc, 2048, 1606.000000, 411072, 1052704, 4064
malloc, 4096, 1520.000000, 419232, 1052704, 4096
malloc, 8192, 2223.000000, 435584, 1052704, 4160
malloc, 32, 862.000000, 436064, 1052704, 4160
malloc, 64, 708.000000, 436544, 1052704, 4160
malloc, 128, 701.000000, 437024, 1052704, 4192
malloc, 256, 810.000000, 437504, 1052704, 4224
malloc, 512, 806.000000, 438496, 1052704, 4256
malloc, 1024, 865.000000, 440512, 1052704, 4288
malloc, 2048, 1601.000000, 444576, 1052704, 4320
malloc, 4096, 1659.000000, 452736, 1052704, 4352
malloc, 8192, 1602.000000, 469088, 1052704, 4384
malloc, 32, 833.000000, 469568, 1052704, 4384
malloc, 64, 741.000000, 470048, 1052704, 4384
malloc, 128, 716.000000, 470528, 1052704, 4416
malloc, 256, 836.000000, 471008, 1052704, 4480
malloc, 512, 840.000000, 472000, 1052704, 4512
malloc, 1024, 843.000000, 474016, 1052704, 4544
malloc, 2048, 1635.000000, 478080, 1052704, 4576
malloc, 4096, 1686.000000, 486240, 1052704, 4608
malloc, 8192, 5459.000000, 502592, 1052704, 4768
malloc, 32, 932.000000, 503072, 1052704, 4768
malloc, 64, 823.000000, 503552, 1052704, 4768
malloc, 128, 799.000000, 504032, 1052704, 4800
malloc, 256, 929.000000, 504512, 1052704, 4832
malloc, 512, 949.000000, 505504, 1052704, 4864
malloc, 1024, 984.000000, 507520, 1052704, 4896
malloc, 2048, 1836.000000, 511584, 1052704, 4928
malloc, 4096, 1690.000000, 519744, 1052704, 4960
malloc, 8192, 1646.000000, 536096, 1052704, 4992
malloc, 32, 915.000000, 536576, 1052704, 4992
malloc, 64, 865.000000, 537056, 1052704, 4992
malloc, 128, 862.000000, 537536, 1052704, 5024
malloc, 256, 997.000000, 538016, 1052704, 5088
malloc, 512, 1009.000000, 539008, 1052704, 5152
malloc, 1024, 1040.000000, 541024, 1052704, 5184
malloc, 2048, 1784.000000, 545088, 1052704, 5216
malloc, 4096, 1779.000000, 553248, 1052704, 5248
malloc, 8192, 2534.000000, 569600, 1052704, 5312
malloc, 32, 996.000000, 570080, 1052704, 5312
malloc, 64, 967.000000, 570560, 1052704, 5312
malloc, 128, 930.000000, 571040, 1052704, 5344
malloc, 256, 1087.000000, 571520, 1052704, 5376
malloc, 512, 1003.000000, 572512, 1052704, 5408
malloc, 1024, 1079.000000, 574528, 1052704, 5440
malloc, 2048, 1791.000000, 578592, 1052704, 5472
malloc, 4096, 1863.000000, 586752, 1052704, 5504
malloc, 8192, 1769.000000, 603104, 1052704, 5536
malloc, 32, 1077.000000, 603584, 1052704, 5536
malloc, 64, 1014.000000, 604064, 1052704, 5536
malloc, 128, 1016.000000, 604544, 1052704, 5568
malloc, 256, 1167.000000, 605024, 1052704, 5632
malloc, 512, 1068.000000, 606016, 1052704, 5664
malloc, 1024, 1138.000000, 608032, 1052704, 5696
malloc, 2048, 2805.000000, 612096, 1052704, 5728
malloc, 4096, 1889.000000, 620256, 1052704, 5760
malloc, 8192, 3277.000000, 636608, 1052704, 5856
malloc, 32, 1197.000000, 637088, 1052704, 5856
malloc, 64, 1100.000000, 637568, 1052704, 5856
malloc, 128, 1085.000000, 638048, 1052704, 5888
malloc, 256, 2261.000000, 638528, 1052704, 5920
malloc, 512, 1470.000000, 639520, 1052704, 5952
malloc, 1024, 1471.000000, 641536, 1052704, 5984
malloc, 2048, 2949.000000, 645600, 1052704, 6016
malloc, 4096, 2427.000000, 653760, 1052704, 6048
malloc, 8192, 2424.000000, 670112, 1052704, 6080
malloc, 32, 1321.000000, 670592, 1052704, 6080
malloc, 64, 1270.000000, 671072, 1052704, 6080
malloc, 128, 1248.000000, 671552, 1052704, 6112
malloc, 256, 1425.000000, 672032, 1052704, 6176
malloc, 512, 1358.000000, 673024, 1052704, 6240
malloc, 1024, 2514.000000, 675040, 1052704, 6304
malloc, 2048, 3659.000000, 679104, 1052704, 6368
malloc, 4096, 2568.000000, 687264, 1052704, 6400
malloc, 8192, 4744.000000, 703616, 1052704, 6464
malloc, 32, 1766.000000, 704096, 1052704, 6464
malloc, 64, 1487.000000, 704576, 1052704, 6464
malloc, 128, 1430.000000, 705056, 1052704, 6496
malloc, 256, 1655.000000, 705536, 1052704, 6528
malloc, 512, 1570.000000, 706528, 1052704, 6560
malloc, 1024, 1767.000000, 708544, 1052704, 6592
malloc, 2048, 2481.000000, 712608, 1052704, 6624
malloc, 4096, 2243.000000, 720768, 1052704, 6656
malloc, 8192, 1994.000000, 737120, 1052704, 6688
malloc, 32, 1383.000000, 737600, 1052704, 6688
malloc, 64, 1270.000000, 738080, 1052704, 6688
malloc, 128, 1271.000000, 738560, 1052704, 6720
malloc, 256, 1439.000000, 739040, 1052704, 6784
malloc, 512, 1462.000000, 740032, 1052704, 6816
malloc, 1024, 1478.000000, 742048, 1052704, 6848
malloc, 2048, 2189.000000, 746112, 1052704, 6880
malloc, 4096, 2216.000000, 754272, 1052704, 6912
malloc, 8192, 4699.000000, 770624, 1052704, 7040
malloc, 32, 1565.000000, 771104, 1052704, 7040
malloc, 64, 1391.000000, 771584, 1052704, 7040
malloc, 128, 1331.000000, 772064, 1052704, 7072
malloc, 256, 1578.000000, 772544, 1052704, 7104
malloc, 512, 1480.000000, 773536, 1052704, 7136
malloc, 1024, 1538.000000, 775552, 1052704, 7168
malloc, 2048, 2370.000000, 779616, 1052704, 7200
malloc, 4096, 2557.000000, 787776, 1052704, 7232
malloc, 8192, 2180.000000, 804128, 1052704, 7264
malloc, 32, 1454.000000, 804608, 1052704, 7264
malloc, 64, 1437.000000, 805088, 1052704, 7264
malloc, 128, 1419.000000, 805568, 1052704, 7296
malloc, 256, 1671.000000, 806048, 1052704, 7360
malloc, 512, 1578.000000, 807040, 1052704, 7424
malloc, 1024, 1583.000000, 809056, 1052704, 7456
malloc, 2048, 2293.000000, 813120, 1052704, 7488
malloc, 4096, 2319.000000, 821280, 1052704, 7520
malloc, 8192, 3901.000000, 837632, 1052704, 7584
malloc, 32, 1619.000000, 838112, 1052704, 7584
malloc, 64, 1569.000000, 838592, 1052704, 7584
malloc, 128, 1513.000000, 839072, 1052704, 7616
malloc, 256, 1681.000000, 839552, 1052704, 7648
malloc, 512, 1632.000000, 840544, 1052704, 7680
malloc, 1024, 7146.000000, 842560, 1052704, 7712
malloc, 2048, 2773.000000, 846624, 1052704, 7744
malloc, 4096, 2637.000000, 854784, 1052704, 7776
malloc, 8192, 2406.000000, 871136, 1052704, 7808
malloc, 32, 1692.000000, 871616, 1052704, 7808
malloc, 64, 1599.000000, 872096, 1052704, 7808
malloc, 128, 1621.000000, 872576, 1052704, 7840
malloc, 256, 1723.000000, 873056, 1052704, 7904
malloc, 512, 1729.000000, 874048, 1052704, 7936
malloc, 1024, 1838.000000, 876064, 1052704, 7968
malloc, 2048, 2597.000000, 880128, 1052704, 8000
malloc, 4096, 2588.000000, 888288, 1052704, 8032
malloc, 8192, 3955.000000, 904640, 1052704, 8128
malloc, 32, 1800.000000, 905120, 1052704, 8128
malloc, 64, 1711.000000, 905600, 1052704, 8128
malloc, 128, 1697.000000, 906080, 1052704, 8160
malloc, 256, 1863.000000, 906560, 1052704, 8192
malloc, 512, 1859.000000, 907552, 1052704, 8224
malloc, 1024, 1899.000000, 909568, 1052704, 8256
malloc, 2048, 2789.000000, 913632, 1052704, 8288
malloc, 4096, 2693.000000, 921792, 1052704, 8320
malloc, 8192, 2520.000000, 938144, 1052704, 8352
malloc, 32, 1873.000000, 938624, 1052704, 8352
malloc, 64, 1779.000000, 939104, 1052704, 8352
malloc, 128, 1751.000000, 939584, 1052704, 8384
malloc, 256, 1979.000000, 940064, 1052704, 8448
malloc, 512, 2052.000000, 941056, 1052704, 8512
malloc, 1024, 2809.000000, 943072, 1052704, 8576
malloc, 2048, 2800.000000, 947136, 1052704, 8608
malloc, 4096, 3746.000000, 955296, 1052704, 8640
malloc, 8192, 3541.000000, 971648, 1052704, 8704
malloc, 32, 1976.000000, 972128, 1052704, 8704
malloc, 64, 1896.000000, 972608, 1052704, 8704
malloc, 128, 1920.000000, 973088, 1052704, 8736
malloc, 256, 2114.000000, 973568, 1052704, 8768
malloc, 512, 2082.000000, 974560, 1052704, 8800
malloc, 1024, 2140.000000, 976576, 1052704, 8832
malloc, 2048, 2937.000000, 980640, 1052704, 8864
malloc, 4096, 2932.000000, 988800, 1052704, 8896
malloc, 8192, 2817.000000, 1005152, 1052704, 8928
malloc, 32, 2075.000000, 1005632, 1052704, 8928
malloc, 64, 1980.000000, 1006112, 1052704, 8928
malloc, 128, 1972.000000, 1006592, 1052704, 8960
malloc, 256, 2170.000000, 1007072, 1052704, 9024
malloc, 512, 2205.000000, 1008064, 1052704, 9056
malloc, 1024, 2144.000000, 1010080, 1052704, 9088
malloc, 2048, 2869.000000, 1014144, 1052704, 9120
malloc, 4096, 3017.000000, 1022304, 1052704, 9152
malloc, 8192, 10233.000000, 1038656, 2101280, 9376
malloc, 32, 2710.000000, 1039136, 2101280, 9376
malloc, 64, 2175.000000, 1039616, 2101280, 9376
malloc, 128, 2193.000000, 1040096, 2101280, 9408
malloc, 256, 2347.000000, 1040576, 2101280, 9440
malloc, 512, 2329.000000, 1041568, 2101280, 9472
malloc, 1024, 2349.000000, 1043584, 2101280, 9504
malloc, 2048, 4051.000000, 1047648, 2101280, 9536
malloc, 4096, 3258.000000, 1055808, 2101280, 9568
malloc, 8192, 2979.000000, 1072160, 2101280, 9600
malloc, 32, 2251.000000, 1072640, 2101280, 9600
malloc, 64, 2196.000000, 1073120, 2101280, 9600
malloc, 128, 2103.000000, 1073600, 2101280, 9632
malloc, 256, 2332.000000, 1074080, 2101280, 9696
malloc, 512, 2417.000000, 1075072, 2101280, 9760
malloc, 1024, 2359.000000, 1077088, 2101280, 9792
malloc, 2048, 3199.000000, 1081152, 2101280, 9824
malloc, 4096, 3249.000000, 1089312, 2101280, 9856
malloc, 8192, 3771.000000, 1105664, 2101280, 9920
malloc, 32, 2338.000000, 1106144, 2101280, 9920
malloc, 64, 2303.000000, 1106624, 2101280, 9920
malloc, 128, 2214.000000, 1107104, 2101280, 9952
malloc, 256, 2486.000000, 1107584, 2101280, 9984
malloc, 512, 2479.000000, 1108576, 2101280, 10016
malloc, 1024, 2469.000000, 1110592, 2101280, 10048
malloc, 2048, 3368.000000, 1114656, 2101280, 10080
malloc, 4096, 3353.000000, 1122816, 2101280, 10112
malloc, 8192, 3110.000000, 1139168, 2101280, 10144
malloc, 32, 2400.000000, 1139648, 2101280, 10144
malloc, 64, 2361.000000, 1140128, 2101280, 10144
malloc, 128, 2307.000000, 1140608, 2101280, 10176
malloc, 256, 2548.000000, 1141088, 2101280, 10240
malloc, 512, 2569.000000, 1142080, 2101280, 10272
malloc, 1024, 2588.000000, 1144096, 2101280, 10304
malloc, 2048, 3285.000000, 1148160, 2101280, 10336
malloc, 4096, 3426.000000, 1156320, 2101280, 10368
malloc, 8192, 4752.000000, 1172672, 2101280, 10464
malloc, 32, 2638.000000, 1173152, 2101280, 10464
malloc, 64, 2478.000000, 1173632, 2101280, 10464
malloc, 128, 2369.000000, 1174112, 2101280, 10496
malloc, 256, 2664.000000, 1174592, 2101280, 10528
malloc, 512, 2689.000000, 1175584, 2101280, 10560
malloc, 1024, 2752.000000, 1177600, 2101280, 10592
malloc, 2048, 4315.000000, 1181664, 2101280, 10624
malloc, 4096, 3692.000000, 1189824, 2101280, 10656
malloc, 8192, 3412.000000, 1206176, 2101280, 10688
malloc, 32, 2687.000000, 1206656, 2101280, 10688
malloc, 64, 2583.000000, 1207136, 2101280, 10688
malloc, 128, 2584.000000, 1207616, 2101280, 10720
malloc, 256, 2815.000000, 1208096, 2101280, 10784
malloc, 512, 2847.000000, 1209088, 2101280, 10848
malloc, 1024, 3600.000000, 1211104, 2101280, 10912
malloc, 2048, 4426.000000, 1215168, 2101280, 10976
malloc, 4096, 5241.000000, 1223328, 2101280, 11072
malloc, 8192, 3600.000000, 1239680, 2101280, 11104
malloc, 32, 2896.000000, 1240160, 2101280, 11104
malloc, 64, 2739.000000, 1240640, 2101280, 11104
malloc, 128, 2674.000000, 1241120, 2101280, 11136
malloc, 256, 2918.000000, 1241600, 2101280, 11168
malloc, 512, 2853.000000, 1242592, 2101280, 11200
malloc, 1024, 2880.000000, 1244608, 2101280, 11232
malloc, 2048, 3727.000000, 1248672, 2101280, 11264
malloc, 4096, 3918.000000, 1256832, 2101280, 11296
malloc, 8192, 7650.000000, 1273184, 2101280, 11424
malloc, 32, 3269.000000, 1273664, 2101280, 11424
malloc, 64, 2920.000000, 1274144, 2101280, 11424
malloc, 128, 2823.000000, 1274624, 2101280, 11456
malloc, 256, 3045.000000, 1275104, 2101280, 11520
malloc, 512, 3094.000000, 1276096, 2101280, 11552
malloc, 1024, 3136.000000, 1278112, 2101280, 11584
malloc, 2048, 3868.000000, 1282176, 2101280, 11616
malloc, 4096, 3994.000000, 1290336, 2101280, 11648
malloc, 8192, 3648.000000, 1306688, 2101280, 11680
malloc, 32, 3036.000000, 1307168, 2101280, 11680
malloc, 64, 2937.000000, 1307648, 2101280, 11680
malloc, 128, 2909.000000, 1308128, 2101280, 11712
malloc, 256, 3139.000000, 1308608, 2101280, 11744
malloc, 512, 3126.000000, 1309600, 2101280, 11776
malloc, 1024, 3199.000000, 1311616, 2101280, 11808
malloc, 2048, 4004.000000, 1315680, 2101280, 11840
malloc, 4096, 4122.000000, 1323840, 2101280, 11872
malloc, 8192, 4562.000000, 1340192, 2101280, 11936
malloc, 32, 3195.000000, 1340672, 2101280, 11936
malloc, 64, 3021.000000, 1341152, 2101280, 11936
malloc, 128, 3009.000000, 1341632, 2101280, 11968
malloc, 256, 3238.000000, 1342112, 2101280, 12032
malloc, 512, 3266.000000, 1343104, 2101280, 12096
malloc, 1024, 3278.000000, 1345120, 2101280, 12128
malloc, 2048, 4024.000000, 1349184, 2101280, 12160
malloc, 4096, 4441.000000, 1357344, 2101280, 12192
malloc, 8192, 3900.000000, 1373696, 2101280, 12224
malloc, 32, 3193.000000, 1374176, 2101280, 12224
malloc, 64, 3106.000000, 1374656, 2101280, 12224
malloc, 128, 3104.000000, 1375136, 2101280, 12256
malloc, 256, 3345.000000, 1375616, 2101280, 12288
malloc, 512, 3300.000000, 1376608, 2101280, 12320
malloc, 1024, 3362.000000, 1378624, 2101280, 12352
malloc, 2048, 4209.000000, 1382688, 2101280, 12384
malloc, 4096, 4267.000000, 1390848, 2101280, 12416
malloc, 8192, 6506.000000, 1407200, 2101280, 12512
malloc, 32, 3356.000000, 1407680, 2101280, 12512
malloc, 64, 3215.000000, 1408160, 2101280, 12512
malloc, 128, 3194.000000, 1408640, 2101280, 12544
malloc, 256, 3425.000000, 1409120, 2101280, 12608
malloc, 512, 3405.000000, 1410112, 2101280, 12640
malloc, 1024, 3411.000000, 1412128, 2101280, 12672
malloc, 2048, 4315.000000, 1416192, 2101280, 12704
malloc, 4096, 4376.000000, 1424352, 2101280, 12736
malloc, 8192, 4057.000000, 1440704, 2101280, 12768
malloc, 32, 3371.000000, 1441184, 2101280, 12768
malloc, 64, 3265.000000, 1441664, 2101280, 12768
malloc, 128, 3253.000000, 1442144, 2101280, 12800
malloc, 256, 3525.000000, 1442624, 2101280, 12832
malloc, 512, 3499.000000, 1443616, 2101280, 12864
malloc, 1024, 3448.000000, 1445632, 2101280, 12896
malloc, 2048, 4493.000000, 1449696, 2101280, 12928
malloc, 4096, 4493.000000, 1457856, 2101280, 12960
malloc, 8192, 5368.000000, 1474208, 2101280, 13024
malloc, 32, 3532.000000, 1474688, 2101280, 13024
malloc, 64, 3342.000000, 1475168, 2101280, 13024
malloc, 128, 3298.000000, 1475648, 2101280, 13056
malloc, 256, 3614.000000, 1476128, 2101280, 13120
malloc, 512, 3602.000000, 1477120, 2101280, 13184
malloc, 1024, 4397.000000, 1479136, 2101280, 13248
malloc, 2048, 4584.000000, 1483200, 2101280, 13280
malloc, 4096, 4576.000000, 1491360, 2101280, 13312
malloc, 8192, 4328.000000, 1507712, 2101280, 13344
malloc, 32, 3612.000000, 1508192, 2101280, 13344
malloc, 64, 3488.000000, 1508672, 2101280, 13344
malloc, 128, 3469.000000, 1509152, 2101280, 13376
malloc, 256, 3674.000000, 1509632, 2101280, 13408
malloc, 512, 3795.000000, 1510624, 2101280, 13440
malloc, 1024, 4321.000000, 1512640, 2101280, 13472
malloc, 2048, 6044.000000, 1516704, 2101280, 13504
malloc, 4096, 7794.000000, 1524864, 2101280, 13536
malloc, 8192, 8067.000000, 1541216, 2101280, 13696
malloc, 32, 3903.000000, 1541696, 2101280, 13696
malloc, 64, 3604.000000, 1542176, 2101280, 13696
malloc, 128, 3584.000000, 1542656, 2101280, 13728
malloc, 256, 3819.000000, 1543136, 2101280, 13792
malloc, 512, 3855.000000, 1544128, 2101280, 13824
malloc, 1024, 3839.000000, 1546144, 2101280, 13856
malloc, 2048, 4692.000000, 1550208, 2101280, 13888
malloc, 4096, 4801.000000, 1558368, 2101280, 13920
malloc, 8192, 4596.000000, 1574720, 2101280, 13952
malloc, 32, 3789.000000, 1575200, 2101280, 13952
malloc, 64, 3624.000000, 1575680, 2101280, 13952
malloc, 128, 3629.000000, 1576160, 2101280, 13984
malloc, 256, 3869.000000, 1576640, 2101280, 14016
malloc, 512, 3862.000000, 1577632, 2101280, 14048
malloc, 1024, 3993.000000, 1579648, 2101280, 14080
malloc, 2048, 4631.000000, 1583712, 2101280, 14112
malloc, 4096, 4835.000000, 1591872, 2101280, 14144
malloc, 8192, 5440.000000, 1608224, 2101280, 14208
malloc, 32, 3895.000000, 1608704, 2101280, 14208
malloc, 64, 3688.000000, 1609184, 2101280, 14208
malloc, 128, 3611.000000, 1609664, 2101280, 14240
malloc, 256, 3967.000000, 1610144, 2101280, 14304
malloc, 512, 4044.000000, 1611136, 2101280, 14368
malloc, 1024, 4029.000000, 1613152, 2101280, 14400
malloc, 2048, 4907.000000, 1617216, 2101280, 14432
malloc, 4096, 5014.000000, 1625376, 2101280, 14464
malloc, 8192, 5567.000000, 1641728, 2101280, 14496
malloc, 32, 4002.000000, 1642208, 2101280, 14496
malloc, 64, 3754.000000, 1642688, 2101280, 14496
malloc, 128, 3776.000000, 1643168, 2101280, 14528
malloc, 256, 4060.000000, 1643648, 2101280, 14560
malloc, 512, 4031.000000, 1644640, 2101280, 14592
malloc, 1024, 4087.000000, 1646656, 2101280, 14624
malloc, 2048, 4890.000000, 1650720, 2101280, 14656
malloc, 4096, 5026.000000, 1658880, 2101280, 14688
malloc, 8192, 6328.000000, 1675232, 2101280, 14784
malloc, 32, 4071.000000, 1675712, 2101280, 14784
malloc, 64, 3947.000000, 1676192, 2101280, 14784
malloc, 128, 3881.000000, 1676672, 2101280, 14816
malloc, 256, 4182.000000, 1677152, 2101280, 14880
malloc, 512, 4195.000000, 1678144, 2101280, 14912
malloc, 1024, 4253.000000, 1680160, 2101280, 14944
malloc, 2048, 4952.000000, 1684224, 2101280, 14976
malloc, 4096, 5151.000000, 1692384, 2101280, 15008
malloc, 8192, 4856.000000, 1708736, 2101280, 15040
malloc, 32, 4149.000000, 1709216, 2101280, 15040
malloc, 64, 3992.000000, 1709696, 2101280, 15040
malloc, 128, 3943.000000, 1710176, 2101280, 15072
malloc, 256, 4252.000000, 1710656, 2101280, 15104
malloc, 512, 4325.000000, 1711648, 2101280, 15136
malloc, 1024, 4227.000000, 1713664, 2101280, 15168
malloc, 2048, 5159.000000, 1717728, 2101280, 15200
malloc, 4096, 5196.000000, 1725888, 2101280, 15232
malloc, 8192, 5664.000000, 1742240, 2101280, 15296
malloc, 32, 4238.000000, 1742720, 2101280, 15296
malloc, 64, 4027.000000, 1743200, 2101280, 15296
malloc, 128, 3981.000000, 1743680, 2101280, 15328
malloc, 256, 4276.000000, 1744160, 2101280, 15392
malloc, 512, 4379.000000, 1745152, 2101280, 15456
malloc, 1024, 5355.000000, 1747168, 2101280, 15520
malloc, 2048, 7036.000000, 1751232, 2101280, 15584
malloc, 4096, 5511.000000, 1759392, 2101280, 15616
malloc, 8192, 5317.000000, 1775744, 2101280, 15648
malloc, 32, 4395.000000, 1776224, 2101280, 15648
malloc, 64, 4236.000000, 1776704, 2101280, 15648
malloc, 128, 4214.000000, 1777184, 2101280, 15680
malloc, 256, 7974.000000, 1777664, 2101280, 15712
malloc, 512, 5154.000000, 1778656, 2101280, 15744
malloc, 1024, 4608.000000, 1780672, 2101280, 15776
malloc, 2048, 5388.000000, 1784736, 2101280, 15808
malloc, 4096, 5578.000000, 1792896, 2101280, 15840
malloc, 8192, 7280.000000, 1809248, 2101280, 15968
malloc, 32, 4539.000000, 1809728, 2101280, 15968
malloc, 64, 4269.000000, 1810208, 2101280, 15968
malloc, 128, 4238.000000, 1810688, 2101280, 16000
malloc, 256, 4545.000000, 1811168, 2101280, 16064
malloc, 512, 4571.000000, 1812160, 2101280, 16096
malloc, 1024, 4559.000000, 1814176, 2101280, 16128
malloc, 2048, 5482.000000, 1818240, 2101280, 16160
malloc, 4096, 5685.000000, 1826400, 2101280, 16192
malloc, 8192, 5301.000000, 1842752, 2101280, 16224
malloc, 32, 4574.000000, 1843232, 2101280, 16224
malloc, 64, 4412.000000, 1843712, 2101280, 16224
malloc, 128, 4356.000000, 1844192, 2101280, 16256
malloc, 256, 4554.000000, 1844672, 2101280, 16288
malloc, 512, 4599.000000, 1845664, 2101280, 16320
malloc, 1024, 4772.000000, 1847680, 2101280, 16352
malloc, 2048, 5443.000000, 1851744, 2101280, 16384
malloc, 4096, 5924.000000, 1859904, 2101280, 16416
malloc, 8192, 6917.000000, 1876256, 2101280, 16480
malloc, 32, 4669.000000, 1876736, 2101280, 16480
malloc, 64, 5434.000000, 1877216, 2101280, 16480
malloc, 128, 4534.000000, 1877696, 2101280, 16512
malloc, 256, 4700.000000, 1878176, 2101280, 16576
malloc, 512, 4704.000000, 1879168, 2101280, 16640
malloc, 1024, 4865.000000, 1881184, 2101280, 16672
malloc, 2048, 5840.000000, 1885248, 2101280, 16704
malloc, 4096, 5903.000000, 1893408, 2101280, 16736
malloc, 8192, 5429.000000, 1909760, 2101280, 16768
malloc, 32, 4722.000000, 1910240, 2101280, 16768
malloc, 64, 4569.000000, 1910720, 2101280, 16768
malloc, 128, 4592.000000, 1911200, 2101280, 16800
malloc, 256, 4842.000000, 1911680, 2101280, 16832
malloc, 512, 4864.000000, 1912672, 2101280, 16864
malloc, 1024, 4961.000000, 1914688, 2101280, 16896
malloc, 2048, 5695.000000, 1918752, 2101280, 16928
malloc, 4096, 5948.000000, 1926912, 2101280, 16960
malloc, 8192, 7057.000000, 1943264, 2101280, 17056
malloc, 32, 4915.000000, 1943744, 2101280, 17056
malloc, 64, 4692.000000, 1944224, 2101280, 17056
malloc, 128, 4674.000000, 1944704, 2101280, 17088
malloc, 256, 4816.000000, 1945184, 2101280, 17152
malloc, 512, 5004.000000, 1946176, 2101280, 17184
malloc, 1024, 5049.000000, 1948192, 2101280, 17216
malloc, 2048, 5965.000000, 1952256, 2101280, 17248
malloc, 4096, 6134.000000, 1960416, 2101280, 17280
malloc, 8192, 5623.000000, 1976768, 2101280, 17312
malloc, 32, 4898.000000, 1977248, 2101280, 17312
malloc, 64, 4799.000000, 1977728, 2101280, 17312
malloc, 128, 4734.000000, 1978208, 2101280, 17344
malloc, 256, 4988.000000, 1978688, 2101280, 17376
malloc, 512, 5083.000000, 1979680, 2101280, 17408
malloc, 1024, 5142.000000, 1981696, 2101280, 17440
malloc, 2048, 6143.000000, 1985760, 2101280, 17472
malloc, 4096, 8593.000000, 1993920, 2101280, 17504
malloc, 8192, 8560.000000, 2010272, 2101280, 17568
malloc, 32, 5545.000000, 2010752, 2101280, 17568
malloc, 64, 5033.000000, 2011232, 2101280, 17568
malloc, 128, 4871.000000, 2011712, 2101280, 17600
malloc, 256, 5279.000000, 2012192, 2101280, 17664
malloc, 512, 5574.000000, 2013184, 2101280, 17728
malloc, 1024, 7608.000000, 2015200, 2101280, 17792
malloc, 2048, 7248.000000, 2019264, 2101280, 17824
malloc, 4096, 6484.000000, 2027424, 2101280, 17856
malloc, 8192, 6016.000000, 2043776, 2101280, 17888
malloc, 32, 5154.000000, 2044256, 2101280, 17888
malloc, 64, 5041.000000, 2044736, 2101280, 17888
malloc, 128, 5022.000000, 2045216, 2101280, 17920
malloc, 256, 5365.000000, 2045696, 2101280, 17952
malloc, 512, 5388.000000, 2046688, 2101280, 17984
malloc, 1024, 5298.000000, 2048704, 2101280, 18016
malloc, 2048, 6296.000000, 2052768, 2101280, 18048
malloc, 4096, 6400.000000, 2060928, 2101280, 18080
malloc, 8192, 15308.000000, 2077280, 3149856, 18304
malloc, 32, 6006.000000, 2077760, 3149856, 18304
malloc, 64, 5237.000000, 2078240, 3149856, 18304
malloc, 128, 5110.000000, 2078720, 3149856, 18336
malloc, 256, 5435.000000, 2079200, 3149856, 18400
malloc, 512, 5486.000000, 2080192, 3149856, 18432
malloc, 1024, 5340.000000, 2082208, 3149856, 18464
malloc, 2048, 6493.000000, 2086272, 3149856, 18496
malloc, 4096, 6632.000000, 2094432, 3149856, 18528
malloc, 8192, 6135.000000, 2110784, 3149856, 18560
malloc, 32, 5402.000000, 2111264, 3149856, 18560
malloc, 64, 5263.000000, 2111744, 3149856, 18560
malloc, 128, 5276.000000, 2112224, 3149856, 18592
malloc, 256, 5482.000000, 2112704, 3149856, 18624
malloc, 512, 5544.000000, 2113696, 3149856, 18656
malloc, 1024, 5574.000000, 2115712, 3149856, 18688
malloc, 2048, 6467.000000, 2119776, 3149856, 18720
malloc, 4096, 6691.000000, 2127936, 3149856, 18752
malloc, 8192, 7004.000000, 2144288, 3149856, 18816
malloc, 32, 5491.000000, 2144768, 3149856, 18816
malloc, 64, 5266.000000, 2145248, 3149856, 18816
malloc, 128, 5235.000000, 2145728, 3149856, 18848
malloc, 256, 5687.000000, 2146208, 3149856, 18912
malloc, 512, 5632.000000, 2147200, 3149856, 18976
malloc, 1024, 5599.000000, 2149216, 3149856, 19008
malloc, 2048, 6569.000000, 2153280, 3149856, 19040
malloc, 4096, 6801.000000, 2161440, 3149856, 19072
malloc, 8192, 6326.000000, 2177792, 3149856, 19104
malloc, 32, 5585.000000, 2178272, 3149856, 19104
malloc, 64, 5419.000000, 2178752, 3149856, 19104
malloc, 128, 5469.000000, 2179232, 3149856, 19136
malloc, 256, 5840.000000, 2179712, 3149856, 19168
malloc, 512, 5747.000000, 2180704, 3149856, 19200
malloc, 1024, 5765.000000, 2182720, 3149856, 19232
malloc, 2048, 6663.000000, 2186784, 3149856, 19264
malloc, 4096, 6804.000000, 2194944, 3149856, 19296
malloc, 8192, 8807.000000, 2211296, 3149856, 19392
malloc, 32, 5764.000000, 2211776, 3149856, 19392
malloc, 64, 5511.000000, 2212256, 3149856, 19392
malloc, 128, 5499.000000, 2212736, 3149856, 19424
malloc, 256, 5693.000000, 2213216, 3149856, 19488
malloc, 512, 5823.000000, 2214208, 3149856, 19520
malloc, 1024, 5748.000000, 2216224, 3149856, 19552
malloc, 2048, 6702.000000, 2220288, 3149856, 19584
malloc, 4096, 7087.000000, 2228448, 3149856, 19616
malloc, 8192, 6582.000000, 2244800, 3149856, 19648
malloc, 32, 5783.000000, 2245280, 3149856, 19648
malloc, 64, 5581.000000, 2245760, 3149856, 19648
malloc, 128, 5550.000000, 2246240, 3149856, 19680
malloc, 256, 5971.000000, 2246720, 3149856, 19712
malloc, 512, 6011.000000, 2247712, 3149856, 19744
malloc, 1024, 5963.000000, 2249728, 3149856, 19776
malloc, 2048, 6967.000000, 2253792, 3149856, 19808
malloc, 4096, 7247.000000, 2261952, 3149856, 19840
malloc, 8192, 7337.000000, 2278304, 3149856, 19904
malloc, 32, 5946.000000, 2278784, 3149856, 19904
malloc, 64, 5668.000000, 2279264, 3149856, 19904
malloc, 128, 5671.000000, 2279744, 3149856, 19936
malloc, 256, 5964.000000, 2280224, 3149856, 20000
malloc, 512, 6184.000000, 2281216, 3149856, 20064
malloc, 1024, 6996.000000, 2283232, 3149856, 20128
malloc, 2048, 7891.000000, 2287296, 3149856, 20192
malloc, 4096, 7956.000000, 2295456, 3149856, 20256
malloc, 8192, 9836.000000, 2311808, 3149856, 20384
malloc, 32, 6239.000000, 2312288, 3149856, 20384
malloc, 64, 5935.000000, 2312768, 3149856, 20384
malloc, 128, 6017.000000, 2313248, 3149856, 20416
malloc, 256, 6154.000000, 2313728, 3149856, 20448
malloc, 512, 6296.000000, 2314720, 3149856, 20480
malloc, 1024, 6310.000000, 2316736, 3149856, 20512
malloc, 2048, 7253.000000, 2320800, 3149856, 20544
malloc, 4096, 7406.000000, 2328960, 3149856, 20576
malloc, 8192, 6947.000000, 2345312, 3149856, 20608
malloc, 32, 6180.000000, 2345792, 3149856, 20608
malloc, 64, 5978.000000, 2346272, 3149856, 20608
malloc, 128, 6020.000000, 2346752, 3149856, 20640
malloc, 256, 6214.000000, 2347232, 3149856, 20704
malloc, 512, 6528.000000, 2348224, 3149856, 20736
malloc, 1024, 6468.000000, 2350240, 3149856, 20768
malloc, 2048, 7364.000000, 2354304, 3149856, 20800
malloc, 4096, 11391.000000, 2362464, 3149856, 20832
malloc, 8192, 8254.000000, 2378816, 3149856, 20896
malloc, 32, 6372.000000, 2379296, 3149856, 20896
malloc, 64, 6156.000000, 2379776, 3149856, 20896
malloc, 128, 6100.000000, 2380256, 3149856, 20928
malloc, 256, 6382.000000, 2380736, 3149856, 20960
malloc, 512, 6507.000000, 2381728, 3149856, 20992
malloc, 1024, 6445.000000, 2383744, 3149856, 21024
malloc, 2048, 7347.000000, 2387808, 3149856, 21056
malloc, 4096, 7556.000000, 2395968, 3149856, 21088
malloc, 8192, 7071.000000, 2412320, 3149856, 21120
malloc, 32, 6379.000000, 2412800, 3149856, 21120
malloc, 64, 6174.000000, 2413280, 3149856, 21120
malloc, 128, 6137.000000, 2413760, 3149856, 21152
malloc, 256, 6580.000000, 2414240, 3149856, 21216
malloc, 512, 6511.000000, 2415232, 3149856, 21280
malloc, 1024, 6590.000000, 2417248, 3149856, 21312
malloc, 2048, 7526.000000, 2421312, 3149856, 21344
malloc, 4096, 7508.000000, 2429472, 3149856, 21376
malloc, 8192, 9580.000000, 2445824, 3149856, 21472
malloc, 32, 6563.000000, 2446304, 3149856, 21472
malloc, 64, 6251.000000, 2446784, 3149856, 21472
malloc, 128, 6252.000000, 2447264, 3149856, 21504
malloc, 256, 6684.000000, 2447744, 3149856, 21536
malloc, 512, 6603.000000, 2448736, 3149856, 21568
malloc, 1024, 6643.000000, 2450752, 3149856, 21600
malloc, 2048, 7592.000000, 2454816, 3149856, 21632
malloc, 4096, 7678.000000, 2462976, 3149856, 21664
malloc, 8192, 7133.000000, 2479328, 3149856, 21696
malloc, 32, 6501.000000, 2479808, 3149856, 21696
malloc, 64, 6373.000000, 2480288, 3149856, 21696
malloc, 128, 7328.000000, 2480768, 3149856, 21728
malloc, 256, 6888.000000, 2481248, 3149856, 21792
malloc, 512, 6801.000000, 2482240, 3149856, 21824
malloc, 1024, 6760.000000, 2484256, 3149856, 21856
malloc, 2048, 7823.000000, 2488320, 3149856, 21888
malloc, 4096, 7872.000000, 2496480, 3149856, 21920
malloc, 8192, 8044.000000, 2512832, 3149856, 21984
malloc, 32, 6561.000000, 2513312, 3149856, 21984
malloc, 64, 6392.000000, 2513792, 3149856, 21984
malloc, 128, 6349.000000, 2514272, 3149856, 22016
malloc, 256, 6722.000000, 2514752, 3149856, 22048
malloc, 512, 6787.000000, 2515744, 3149856, 22080
malloc, 1024, 6754.000000, 2517760, 3149856, 22112
malloc, 2048, 7753.000000, 2521824, 3149856, 22144
malloc, 4096, 7923.000000, 2529984, 3149856, 22176
malloc, 8192, 7449.000000, 2546336, 3149856, 22208
malloc, 32, 6646.000000, 2546816, 3149856, 22208
malloc, 64, 6500.000000, 2547296, 3149856, 22208
malloc, 128, 6448.000000, 2547776, 3149856, 22240
malloc, 256, 6926.000000, 2548256, 3149856, 22304
malloc, 512, 7133.000000, 2549248, 3149856, 22368
malloc, 1024, 7764.000000, 2551264, 3149856, 22432
malloc, 2048, 9164.000000, 2555328, 3149856, 22464
malloc, 4096, 8142.000000, 2563488, 3149856, 22496
malloc, 8192, 10434.000000, 2579840, 3149856, 22656
malloc, 32, 6892.000000, 2580320, 3149856, 22656
malloc, 64, 6761.000000, 2580800, 3149856, 22656
malloc, 128, 6752.000000, 2581280, 3149856, 22688
malloc, 256, 7195.000000, 2581760, 3149856, 22720
malloc, 512, 7145.000000, 2582752, 3149856, 22752
malloc, 1024, 7150.000000, 2584768, 3149856, 22784
malloc, 2048, 8266.000000, 2588832, 3149856, 22816
malloc, 4096, 8240.000000, 2596992, 3149856, 22848
malloc, 8192, 7704.000000, 2613344, 3149856, 22880
malloc, 32, 6927.000000, 2613824, 3149856, 22880
malloc, 64, 6824.000000, 2614304, 3149856, 22880
malloc, 128, 6924.000000, 2614784, 3149856, 22912
malloc, 256, 8132.000000, 2615264, 3149856, 22976
malloc, 512, 8892.000000, 2616256, 3149856, 23008
malloc, 1024, 7923.000000, 2618272, 3149856, 23040
malloc, 2048, 8650.000000, 2622336, 3149856, 23072
malloc, 4096, 8463.000000, 2630496, 3149856, 23104
malloc, 8192, 8533.000000, 2646848, 3149856, 23168
malloc, 32, 7096.000000, 2647328, 3149856, 23168
malloc, 64, 6958.000000, 2647808, 3149856, 23168
malloc, 128, 6938.000000, 2648288, 3149856, 23200
malloc, 256, 7352.000000, 2648768, 3149856, 23232
malloc, 512, 7331.000000, 2649760, 3149856, 23264
malloc, 1024, 7425.000000, 2651776, 3149856, 23296
malloc, 2048, 8238.000000, 2655840, 3149856, 23328
malloc, 4096, 9482.000000, 2664000, 3149856, 23360
malloc, 8192, 8002.000000, 2680352, 3149856, 23392
malloc, 32, 7208.000000, 2680832, 3149856, 23392
malloc, 64, 6981.000000, 2681312, 3149856, 23392
malloc, 128, 6998.000000, 2681792, 3149856, 23424
malloc, 256, 7576.000000, 2682272, 3149856, 23488
malloc, 512, 7520.000000, 2683264, 3149856, 23552
malloc, 1024, 7512.000000, 2685280, 3149856, 23584
malloc, 2048, 8444.000000, 2689344, 3149856, 23616
malloc, 4096, 8528.000000, 2697504, 3149856, 23648
malloc, 8192, 9510.000000, 2713856, 3149856, 23744
malloc, 32, 7382.000000, 2714336, 3149856, 23744
malloc, 64, 7203.000000, 2714816, 3149856, 23744
malloc, 128, 7129.000000, 2715296, 3149856, 23776
malloc, 256, 7487.000000, 2715776, 3149856, 23808
malloc, 512, 7579.000000, 2716768, 3149856, 23840
malloc, 1024, 7688.000000, 2718784, 3149856, 23872
malloc, 2048, 8443.000000, 2722848, 3149856, 23904
malloc, 4096, 8739.000000, 2731008, 3149856, 23936
malloc, 8192, 8466.000000, 2747360, 3149856, 23968
malloc, 32, 7469.000000, 2747840, 3149856, 23968
malloc, 64, 7306.000000, 2748320, 3149856, 23968
malloc, 128, 7256.000000, 2748800, 3149856, 24000
malloc, 256, 7689.000000, 2749280, 3149856, 24064
malloc, 512, 7799.000000, 2750272, 3149856, 24096
malloc, 1024, 7608.000000, 2752288, 3149856, 24128
malloc, 2048, 8535.000000, 2756352, 3149856, 24160
malloc, 4096, 8750.000000, 2764512, 3149856, 24192
malloc, 8192, 8997.000000, 2780864, 3149856, 24256
malloc, 32, 7461.000000, 2781344, 3149856, 24256
malloc, 64, 7354.000000, 2781824, 3149856, 24256
malloc, 128, 7273.000000, 2782304, 3149856, 24288
malloc, 256, 7759.000000, 2782784, 3149856, 24320
malloc, 512, 7939.000000, 2783776, 3149856, 24352
malloc, 1024, 7830.000000, 2785792, 3149856, 24384
malloc, 2048, 8649.000000, 2789856, 3149856, 24416
malloc, 4096, 9828.000000, 2798016, 3149856, 24448
malloc, 8192, 8377.000000, 2814368, 3149856, 24480
malloc, 32, 7652.000000, 2814848, 3149856, 24480
malloc, 64, 7418.000000, 2815328, 3149856, 24480
malloc, 128, 7417.000000, 2815808, 3149856, 24512
malloc, 256, 7827.000000, 2816288, 3149856, 24576
malloc, 512, 7957.000000, 2817280, 3149856, 24640
malloc, 1024, 8783.000000, 2819296, 3149856, 24704
malloc, 2048, 13585.000000, 2823360, 3149856, 24768
malloc, 4096, 9519.000000, 2831520, 3149856, 24800
malloc, 8192, 10877.000000, 2847872, 3149856, 24928
malloc, 32, 7950.000000, 2848352, 3149856, 24928
malloc, 64, 7673.000000, 2848832, 3149856, 24928
malloc, 128, 7613.000000, 2849312, 3149856, 24960
malloc, 256, 8007.000000, 2849792, 3149856, 24992
malloc, 512, 8279.000000, 2850784, 3149856, 25024
malloc, 1024, 9124.000000, 2852800, 3149856, 25056
malloc, 2048, 10710.000000, 2856864, 3149856, 25088
malloc, 4096, 9980.000000, 2865024, 3149856, 25120
malloc, 8192, 9116.000000, 2881376, 3149856, 25152
malloc, 32, 8725.000000, 2881856, 3149856, 25152
malloc, 64, 8839.000000, 2882336, 3149856, 25152
malloc, 128, 7900.000000, 2882816, 3149856, 25184
malloc, 256, 8142.000000, 2883296, 3149856, 25248
malloc, 512, 8338.000000, 2884288, 3149856, 25280
malloc, 1024, 8262.000000, 2886304, 3149856, 25312
malloc, 2048, 9534.000000, 2890368, 3149856, 25344
malloc, 4096, 9465.000000, 2898528, 3149856, 25376
malloc, 8192, 10545.000000, 2914880, 3149856, 25440
malloc, 32, 8188.000000, 2915360, 3149856, 25440
malloc, 64, 7899.000000, 2915840, 3149856, 25440
malloc, 128, 7892.000000, 2916320, 3149856, 25472
malloc, 256, 8387.000000, 2916800, 3149856, 25504
malloc, 512, 8386.000000, 2917792, 3149856, 25536
malloc, 1024, 8301.000000, 2919808, 3149856, 25568
malloc, 2048, 9261.000000, 2923872, 3149856, 25600
malloc, 4096, 9371.000000, 2932032, 3149856, 25632
malloc, 8192, 8895.000000, 2948384, 3149856, 25664
malloc, 32, 8116.000000, 2948864, 3149856, 25664
malloc, 64, 7953.000000, 2949344, 3149856, 25664
malloc, 128, 7914.000000, 2949824, 3149856, 25696
malloc, 256, 8617.000000, 2950304, 3149856, 25760
malloc, 512, 8386.000000, 2951296, 3149856, 25824
malloc, 1024, 8310.000000, 2953312, 3149856, 25856
malloc, 2048, 9371.000000, 2957376, 3149856, 25888
malloc, 4096, 9498.000000, 2965536, 3149856, 25920
malloc, 8192, 10449.000000, 2981888, 3149856, 26016
malloc, 32, 8295.000000, 2982368, 3149856, 26016
malloc, 64, 8077.000000, 2982848, 3149856, 26016
malloc, 128, 8008.000000, 2983328, 3149856, 26048
malloc, 256, 8552.000000, 2983808, 3149856, 26080
malloc, 512, 8520.000000, 2984800, 3149856, 26112
malloc, 1024, 8507.000000, 2986816, 3149856, 26144
malloc, 2048, 9435.000000, 2990880, 3149856, 26176
malloc, 4096, 9629.000000, 2999040, 3149856, 26208
malloc, 8192, 9083.000000, 3015392, 3149856, 26240
malloc, 32, 8287.000000, 3015872, 3149856, 26240
malloc, 64, 8070.000000, 3016352, 3149856, 26240
malloc, 128, 8114.000000, 3016832, 3149856, 26272
malloc, 256, 8508.000000, 3017312, 3149856, 26336
malloc, 512, 8632.000000, 3018304, 3149856, 26368
malloc, 1024, 8708.000000, 3020320, 3149856, 26400
malloc, 2048, 9467.000000, 3024384, 3149856, 26432
malloc, 4096, 9656.000000, 3032544, 3149856, 26464
malloc, 8192, 10725.000000, 3048896, 3149856, 26528
malloc, 32, 8430.000000, 3049376, 3149856, 26528
malloc, 64, 8208.000000, 3049856, 3149856, 26528
malloc, 128, 8185.000000, 3050336, 3149856, 26560
malloc, 256, 8635.000000, 3050816, 3149856, 26592
malloc, 512, 8680.000000, 3051808, 3149856, 26624
malloc, 1024, 8740.000000, 3053824, 3149856, 26656
malloc, 2048, 9701.000000, 3057888, 3149856, 26688
malloc, 4096, 9976.000000, 3066048, 3149856, 26720
malloc, 8192, 9201.000000, 3082400, 3149856, 26752
malloc, 32, 8460.000000, 3082880, 3149856, 26752
malloc, 64, 8229.000000, 3083360, 3149856, 26752
malloc, 128, 8219.000000, 3083840, 3149856, 26784
malloc, 256, 9727.000000, 3084320, 3149856, 26848
malloc, 512, 9032.000000, 3085312, 3149856, 26912
malloc, 1024, 9777.000000, 3087328, 3149856, 26976
malloc, 2048, 9953.000000, 3091392, 3149856, 27008
malloc, 4096, 9954.000000, 3099552, 3149856, 27040
malloc, 8192, 17373.000000, 3115904, 4198432, 27264
malloc, 32, 9315.000000, 3116384, 4198432, 27264
malloc, 64, 8529.000000, 3116864, 4198432, 27264
malloc, 128, 8448.000000, 3117344, 4198432, 27296
malloc, 256, 8968.000000, 3117824, 4198432, 27328
malloc, 512, 8984.000000, 3118816, 4198432, 27360
malloc, 1024, 8969.000000, 3120832, 4198432, 27392
malloc, 2048, 10101.000000, 3124896, 4198432, 27424
malloc, 4096, 10457.000000, 3133056, 4198432, 27456
malloc, 8192, 9517.000000, 3149408, 4198432, 27488
malloc, 32, 8787.000000, 3149888, 4198432, 27488
malloc, 64, 8698.000000, 3150368, 4198432, 27488
malloc, 128, 8531.000000, 3150848, 4198432, 27520
malloc, 256, 9009.000000, 3151328, 4198432, 27584
malloc, 512, 9193.000000, 3152320, 4198432, 27616
malloc, 1024, 9039.000000, 3154336, 4198432, 27648
malloc, 2048, 9902.000000, 3158400, 4198432, 27680
malloc, 4096, 10152.000000, 3166560, 4198432, 27712
malloc, 8192, 10311.000000, 3182912, 4198432, 27776
malloc, 32, 8801.000000, 3183392, 4198432, 27776
malloc, 64, 8668.000000, 3183872, 4198432, 27776
malloc, 128, 8656.000000, 3184352, 4198432, 27808
malloc, 256, 9227.000000, 3184832, 4198432, 27840
malloc, 512, 9180.000000, 3185824, 4198432, 27872
malloc, 1024, 9150.000000, 3187840, 4198432, 27904
malloc, 2048, 9971.000000, 3191904, 4198432, 27936
malloc, 4096, 10292.000000, 3200064, 4198432, 27968
malloc, 8192, 9719.000000, 3216416, 4198432, 28000
malloc, 32, 8878.000000, 3216896, 4198432, 28000
malloc, 64, 8777.000000, 3217376, 4198432, 28000
malloc, 128, 12423.000000, 3217856, 4198432, 28032
malloc, 256, 9820.000000, 3218336, 4198432, 28096
malloc, 512, 9468.000000, 3219328, 4198432, 28160
malloc, 1024, 9323.000000, 3221344, 4198432, 28192
malloc, 2048, 11755.000000, 3225408, 4198432, 28224
malloc, 4096, 12296.000000, 3233568, 4198432, 28256
malloc, 8192, 12875.000000, 3249920, 4198432, 28352
malloc, 32, 9281.000000, 3250400, 4198432, 28352
malloc, 64, 8937.000000, 3250880, 4198432, 28352
malloc, 128, 8915.000000, 3251360, 4198432, 28384
malloc, 256, 9480.000000, 3251840, 4198432, 28416
malloc, 512, 9427.000000, 3252832, 4198432, 28448
malloc, 1024, 9331.000000, 3254848, 4198432, 28480
malloc, 2048, 10192.000000, 3258912, 4198432, 28512
malloc, 4096, 10478.000000, 3267072, 4198432, 28544
malloc, 8192, 9918.000000, 3283424, 4198432, 28576
malloc, 32, 9119.000000, 3283904, 4198432, 28576
malloc, 64, 8972.000000, 3284384, 4198432, 28576
malloc, 128, 8938.000000, 3284864, 4198432, 28608
malloc, 256, 9455.000000, 3285344, 4198432, 28672
malloc, 512, 9647.000000, 3286336, 4198432, 28704
malloc, 1024, 9468.000000, 3288352, 4198432, 28736
malloc, 2048, 10352.000000, 3292416, 4198432, 28768
malloc, 4096, 10527.000000, 3300576, 4198432, 28800
malloc, 8192, 10803.000000, 3316928, 4198432, 28864
malloc, 32, 9277.000000, 3317408, 4198432, 28864
malloc, 64, 9045.000000, 3317888, 4198432, 28864
malloc, 128, 8955.000000, 3318368, 4198432, 28896
malloc, 256, 9451.000000, 3318848, 4198432, 28928
malloc, 512, 9581.000000, 3319840, 4198432, 28960
malloc, 1024, 9595.000000, 3321856, 4198432, 28992
malloc, 2048, 10566.000000, 3325920, 4198432, 29024
malloc, 4096, 10609.000000, 3334080, 4198432, 29056
malloc, 8192, 10023.000000, 3350432, 4198432, 29088
malloc, 32, 9293.000000, 3350912, 4198432, 29088
malloc, 64, 9156.000000, 3351392, 4198432, 29088
malloc, 128, 9051.000000, 3351872, 4198432, 29120
malloc, 256, 9705.000000, 3352352, 4198432, 29184
malloc, 512, 9691.000000, 3353344, 4198432, 29248
malloc, 1024, 10627.000000, 3355360, 4198432, 29312
malloc, 2048, 11581.000000, 3359424, 4198432, 29376
malloc, 4096, 14985.000000, 3367584, 4198432, 29536
malloc, 8192, 10329.000000, 3383936, 4198432, 29568
malloc, 32, 9564.000000, 3384416, 4198432, 29568
malloc, 64, 9725.000000, 3384896, 4198432, 29568
malloc, 128, 10795.000000, 3385376, 4198432, 29600
malloc, 256, 10583.000000, 3385856, 4198432, 29632
malloc, 512, 10020.000000, 3386848, 4198432, 29664
malloc, 1024, 10352.000000, 3388864, 4198432, 29696
malloc, 2048, 12918.000000, 3392928, 4198432, 29728
malloc, 4096, 11529.000000, 3401088, 4198432, 29760
malloc, 8192, 11419.000000, 3417440, 4198432, 29824
malloc, 32, 9683.000000, 3417920, 4198432, 29824
malloc, 64, 9433.000000, 3418400, 4198432, 29824
malloc, 128, 9427.000000, 3418880, 4198432, 29856
malloc, 256, 9867.000000, 3419360, 4198432, 29920
malloc, 512, 9832.000000, 3420352, 4198432, 29952
malloc, 1024, 9996.000000, 3422368, 4198432, 29984
malloc, 2048, 11047.000000, 3426432, 4198432, 30016
malloc, 4096, 10992.000000, 3434592, 4198432, 30048
malloc, 8192, 10497.000000, 3450944, 4198432, 30080
malloc, 32, 9764.000000, 3451424, 4198432, 30080
malloc, 64, 9545.000000, 3451904, 4198432, 30080
malloc, 128, 9541.000000, 3452384, 4198432, 30112
malloc, 256, 10001.000000, 3452864, 4198432, 30144
malloc, 512, 9958.000000, 3453856, 4198432, 30176
malloc, 1024, 10090.000000, 3455872, 4198432, 30208
malloc, 2048, 11213.000000, 3459936, 4198432, 30240
malloc, 4096, 11199.000000, 3468096, 4198432, 30272
malloc, 8192, 13208.000000, 3484448, 4198432, 30368
malloc, 32, 9880.000000, 3484928, 4198432, 30368
malloc, 64, 9615.000000, 3485408, 4198432, 30368
malloc, 128, 9564.000000, 3485888, 4198432, 30400
malloc, 256, 10118.000000, 3486368, 4198432, 30464
malloc, 512, 9988.000000, 3487360, 4198432, 30528
malloc, 1024, 10194.000000, 3489376, 4198432, 30560
malloc, 2048, 11268.000000, 3493440, 4198432, 30592
malloc, 4096, 11254.000000, 3501600, 4198432, 30624
malloc, 8192, 10651.000000, 3517952, 4198432, 30656
malloc, 32, 9894.000000, 3518432, 4198432, 30656
malloc, 64, 9727.000000, 3518912, 4198432, 30656
malloc, 128, 9681.000000, 3519392, 4198432, 30688
malloc, 256, 10176.000000, 3519872, 4198432, 30720
malloc, 512, 10319.000000, 3520864, 4198432, 30752
malloc, 1024, 10605.000000, 3522880, 4198432, 30784
malloc, 2048, 11470.000000, 3526944, 4198432, 30816
malloc, 4096, 11391.000000, 3535104, 4198432, 30848
malloc, 8192, 11503.000000, 3551456, 4198432, 30912
malloc, 32, 9967.000000, 3551936, 4198432, 30912
malloc, 64, 9830.000000, 3552416, 4198432, 30912
malloc, 128, 9786.000000, 3552896, 4198432, 30944
malloc, 256, 10456.000000, 3553376, 4198432, 31008
malloc, 512, 10447.000000, 3554368, 4198432, 31040
malloc, 1024, 11270.000000, 3556384, 4198432, 31072
malloc, 2048, 11527.000000, 3560448, 4198432, 31104
malloc, 4096, 11772.000000, 3568608, 4198432, 31136
malloc, 8192, 10859.000000, 3584960, 4198432, 31168
malloc, 32, 10107.000000, 3585440, 4198432, 31168
malloc, 64, 9998.000000, 3585920, 4198432, 31168
malloc, 128, 9960.000000, 3586400, 4198432, 31200
malloc, 256, 10386.000000, 3586880, 4198432, 31232
malloc, 512, 10723.000000, 3587872, 4198432, 31264
malloc, 1024, 10554.000000, 3589888, 4198432, 31296
malloc, 2048, 11434.000000, 3593952, 4198432, 31328
malloc, 4096, 11709.000000, 3602112, 4198432, 31360
malloc, 8192, 14892.000000, 3618464, 4198432, 31520
malloc, 32, 10391.000000, 3618944, 4198432, 31520
malloc, 64, 10105.000000, 3619424, 4198432, 31520
malloc, 128, 10072.000000, 3619904, 4198432, 31552
malloc, 256, 10524.000000, 3620384, 4198432, 31616
malloc, 512, 10745.000000, 3621376, 4198432, 31680
malloc, 1024, 11534.000000, 3623392, 4198432, 31744
malloc, 2048, 11909.000000, 3627456, 4198432, 31776
malloc, 4096, 11920.000000, 3635616, 4198432, 31808
malloc, 8192, 11162.000000, 3651968, 4198432, 31840
malloc, 32, 10361.000000, 3652448, 4198432, 31840
malloc, 64, 10269.000000, 3652928, 4198432, 31840
malloc, 128, 10288.000000, 3653408, 4198432, 31872
malloc, 256, 11845.000000, 3653888, 4198432, 31904
malloc, 512, 11895.000000, 3654880, 4198432, 31936
malloc, 1024, 11128.000000, 3656896, 4198432, 31968
malloc, 2048, 12241.000000, 3660960, 4198432, 32000
malloc, 4096, 12126.000000, 3669120, 4198432, 32032
malloc, 8192, 11998.000000, 3685472, 4198432, 32096
malloc, 32, 10509.000000, 3685952, 4198432, 32096
malloc, 64, 10352.000000, 3686432, 4198432, 32096
malloc, 128, 11313.000000, 3686912, 4198432, 32128
malloc, 256, 11043.000000, 3687392, 4198432, 32192
malloc, 512, 11155.000000, 3688384, 4198432, 32224
malloc, 1024, 10867.000000, 3690400, 4198432, 32256
malloc, 2048, 13287.000000, 3694464, 4198432, 32288
malloc, 4096, 12334.000000, 3702624, 4198432, 32320
malloc, 8192, 11902.000000, 3718976, 4198432, 32352
malloc, 32, 10624.000000, 3719456, 4198432, 32352
malloc, 64, 10440.000000, 3719936, 4198432, 32352
malloc, 128, 10454.000000, 3720416, 4198432, 32384
malloc, 256, 11011.000000, 3720896, 4198432, 32416
malloc, 512, 11204.000000, 3721888, 4198432, 32448
malloc, 1024, 11112.000000, 3723904, 4198432, 32480
malloc, 2048, 12018.000000, 3727968, 4198432, 32512
malloc, 4096, 12133.000000, 3736128, 4198432, 32544
malloc, 8192, 12936.000000, 3752480, 4198432, 32640
malloc, 32, 10752.000000, 3752960, 4198432, 32640
malloc, 64, 10528.000000, 3753440, 4198432, 32640
malloc, 128, 10484.000000, 3753920, 4198432, 32672
malloc, 256, 10924.000000, 3754400, 4198432, 32736
malloc, 512, 11241.000000, 3755392, 4198432, 32800
malloc, 1024, 11310.000000, 3757408, 4198432, 32832
malloc, 2048, 12376.000000, 3761472, 4198432, 32864
malloc, 4096, 12260.000000, 3769632, 4198432, 32896
malloc, 8192, 11473.000000, 3785984, 4198432, 32928
malloc, 32, 10752.000000, 3786464, 4198432, 32928
malloc, 64, 10670.000000, 3786944, 4198432, 32928
malloc, 128, 10616.000000, 3787424, 4198432, 32960
malloc, 256, 11585.000000, 3787904, 4198432, 32992
malloc, 512, 12763.000000, 3788896, 4198432, 33024
malloc, 1024, 11831.000000, 3790912, 4198432, 33056
malloc, 2048, 13626.000000, 3794976, 4198432, 33088
malloc, 4096, 14012.000000, 3803136, 4198432, 33120
malloc, 8192, 12937.000000, 3819488, 4198432, 33184
malloc, 32, 10997.000000, 3819968, 4198432, 33184
malloc, 64, 10783.000000, 3820448, 4198432, 33184
malloc, 128, 10756.000000, 3820928, 4198432, 33216
malloc, 256, 11152.000000, 3821408, 4198432, 33280
malloc, 512, 11389.000000, 3822400, 4198432, 33312
malloc, 1024, 11472.000000, 3824416, 4198432, 33344
malloc, 2048, 13618.000000, 3828480, 4198432, 33376
malloc, 4096, 12704.000000, 3836640, 4198432, 33408
malloc, 8192, 11769.000000, 3852992, 4198432, 33440
malloc, 32, 10985.000000, 3853472, 4198432, 33440
malloc, 64, 10800.000000, 3853952, 4198432, 33440
malloc, 128, 10808.000000, 3854432, 4198432, 33472
malloc, 256, 11295.000000, 3854912, 4198432, 33504
malloc, 512, 11442.000000, 3855904, 4198432, 33536
malloc, 1024, 11433.000000, 3857920, 4198432, 33568
malloc, 2048, 12514.000000, 3861984, 4198432, 33600
malloc, 4096, 16298.000000, 3870144, 4198432, 33632
malloc, 8192, 14594.000000, 3886496, 4198432, 33760
malloc, 32, 11275.000000, 3886976, 4198432, 33760
malloc, 64, 11048.000000, 3887456, 4198432, 33760
malloc, 128, 10998.000000, 3887936, 4198432, 33792
malloc, 256, 11410.000000, 3888416, 4198432, 33856
malloc, 512, 11725.000000, 3889408, 4198432, 33920
malloc, 1024, 12689.000000, 3891424, 4198432, 33984
malloc, 2048, 13479.000000, 3895488, 4198432, 34048
malloc, 4096, 12749.000000, 3903648, 4198432, 34080
malloc, 8192, 11980.000000, 3920000, 4198432, 34112
malloc, 32, 11315.000000, 3920480, 4198432, 34112
malloc, 64, 11166.000000, 3920960, 4198432, 34112
malloc, 128, 11083.000000, 3921440, 4198432, 34144
malloc, 256, 11457.000000, 3921920, 4198432, 34176
malloc, 512, 11784.000000, 3922912, 4198432, 34208
malloc, 1024, 11677.000000, 3924928, 4198432, 34240
malloc, 2048, 12797.000000, 3928992, 4198432, 34272
malloc, 4096, 13603.000000, 3937152, 4198432, 34304
malloc, 8192, 13045.000000, 3953504, 4198432, 34368
malloc, 32, 11403.000000, 3953984, 4198432, 34368
malloc, 64, 11227.000000, 3954464, 4198432, 34368
malloc, 128, 11256.000000, 3954944, 4198432, 34400
malloc, 256, 11740.000000, 3955424, 4198432, 34464
malloc, 512, 11869.000000, 3956416, 4198432, 34496
malloc, 1024, 11938.000000, 3958432, 4198432, 34528
malloc, 2048, 12829.000000, 3962496, 4198432, 34560
malloc, 4096, 12985.000000, 3970656, 4198432, 34592
malloc, 8192, 12201.000000, 3987008, 4198432, 34624
malloc, 32, 11425.000000, 3987488, 4198432, 34624
malloc, 64, 11326.000000, 3987968, 4198432, 34624
malloc, 128, 11274.000000, 3988448, 4198432, 34656
malloc, 256, 11904.000000, 3988928, 4198432, 34688
malloc, 512, 11907.000000, 3989920, 4198432, 34720
malloc, 1024, 12167.000000, 3991936, 4198432, 34752
malloc, 2048, 12934.000000, 3996000, 4198432, 34784
malloc, 4096, 13020.000000, 4004160, 4198432, 34816
malloc, 8192, 13850.000000, 4020512, 4198432, 34912
malloc, 32, 11549.000000, 4020992, 4198432, 34912
malloc, 64, 11372.000000, 4021472, 4198432, 34912
malloc, 128, 11403.000000, 4021952, 4198432, 34944
malloc, 256, 12850.000000, 4022432, 4198432, 35008
malloc, 512, 13374.000000, 4023424, 4198432, 35072
malloc, 1024, 12303.000000, 4025440, 4198432, 35104
malloc, 2048, 13503.000000, 4029504, 4198432, 35136
malloc, 4096, 13311.000000, 4037664, 4198432, 35168
malloc, 8192, 12419.000000, 4054016, 4198432, 35200
malloc, 32, 11706.000000, 4054496, 4198432, 35200
malloc, 64, 11548.000000, 4054976, 4198432, 35200
malloc, 128, 11523.000000, 4055456, 4198432, 35232
malloc, 256, 12021.000000, 4055936, 4198432, 35264
malloc, 512, 12218.000000, 4056928, 4198432, 35296
malloc, 1024, 12335.000000, 4058944, 4198432, 35328
malloc, 2048, 13114.000000, 4063008, 4198432, 35360
malloc, 4096, 14384.000000, 4071168, 4198432, 35392
malloc, 8192, 13356.000000, 4087520, 4198432, 35456
malloc, 32, 11714.000000, 4088000, 4198432, 35456
malloc, 64, 11594.000000, 4088480, 4198432, 35456
malloc, 128, 11583.000000, 4088960, 4198432, 35488
malloc, 256, 12000.000000, 4089440, 4198432, 35552
malloc, 512, 12209.000000, 4090432, 4198432, 35584
malloc, 1024, 12279.000000, 4092448, 4198432, 35616
malloc, 2048, 13415.000000, 4096512, 4198432, 35648
malloc, 4096, 13426.000000, 4104672, 4198432, 35680
malloc, 8192, 12616.000000, 4121024, 4198432, 35712
malloc, 32, 11761.000000, 4121504, 4198432, 35712
malloc, 64, 11747.000000, 4121984, 4198432, 35712
malloc, 128, 11729.000000, 4122464, 4198432, 35744
malloc, 256, 12337.000000, 4122944, 4198432, 35776
malloc, 512, 12289.000000, 4123936, 4198432, 35808
malloc, 1024, 12532.000000, 4125952, 4198432, 35840
malloc, 2048, 13346.000000, 4130016, 4198432, 35872
malloc, 4096, 13484.000000, 4138176, 4198432, 35904
malloc, 8192, 20538.000000, 4154528, 5247008, 36128
malloc, 32, 12610.000000, 4155008, 5247008, 36128
malloc, 64, 12947.000000, 4155488, 5247008, 36128
malloc, 128, 13138.000000, 4155968, 5247008, 36160
malloc, 256, 16046.000000, 4156448, 5247008, 36224
malloc, 512, 13093.000000, 4157440, 5247008, 36288
malloc, 1024, 15078.000000, 4159456, 5247008, 36352
malloc, 2048, 14046.000000, 4163520, 5247008, 36384
malloc, 4096, 13709.000000, 4171680, 5247008, 36416
malloc, 8192, 12838.000000, 4188032, 5247008, 36448
malloc, 32, 12121.000000, 4188512, 5247008, 36448
malloc, 64, 11959.000000, 4188992, 5247008, 36448
malloc, 128, 11989.000000, 4189472, 5247008, 36480
malloc, 256, 12447.000000, 4189952, 5247008, 36512
malloc, 512, 12710.000000, 4190944, 5247008, 36544
malloc, 1024, 12649.000000, 4192960, 5247008, 36576
malloc, 2048, 13834.000000, 4197024, 5247008, 36608
malloc, 4096, 14004.000000, 4205184, 5247008, 36640
malloc, 8192, 13691.000000, 4221536, 5247008, 36704
malloc, 32, 12285.000000, 4222016, 5247008, 36704
malloc, 64, 12094.000000, 4222496, 5247008, 36704
malloc, 128, 12038.000000, 4222976, 5247008, 36736
malloc, 256, 12614.000000, 4223456, 5247008, 36800
malloc, 512, 12753.000000, 4224448, 5247008, 36832
malloc, 1024, 12820.000000, 4226464, 5247008, 36864
malloc, 2048, 13702.000000, 4230528, 5247008, 36896
malloc, 4096, 13828.000000, 4238688, 5247008, 36928
malloc, 8192, 13059.000000, 4255040, 5247008, 36960
malloc, 32, 12288.000000, 4255520, 5247008, 36960
malloc, 64, 12184.000000, 4256000, 5247008, 36960
malloc, 128, 12202.000000, 4256480, 5247008, 36992
malloc, 256, 12535.000000, 4256960, 5247008, 37024
malloc, 512, 12927.000000, 4257952, 5247008, 37056
malloc, 1024, 12865.000000, 4259968, 5247008, 37088
malloc, 2048, 13735.000000, 4264032, 5247008, 37120
malloc, 4096, 13882.000000, 4272192, 5247008, 37152
malloc, 8192, 15840.000000, 4288544, 5247008, 37248
malloc, 32, 14209.000000, 4289024, 5247008, 37248
malloc, 64, 12959.000000, 4289504, 5247008, 37248
malloc, 128, 13048.000000, 4289984, 5247008, 37280
malloc, 256, 14074.000000, 4290464, 5247008, 37344
malloc, 512, 13052.000000, 4291456, 5247008, 37408
malloc, 1024, 13217.000000, 4293472, 5247008, 37440
malloc, 2048, 14797.000000, 4297536, 5247008, 37472
malloc, 4096, 14171.000000, 4305696, 5247008, 37504
malloc, 8192, 13416.000000, 4322048, 5247008, 37536
malloc, 32, 12501.000000, 4322528, 5247008, 37536
malloc, 64, 12402.000000, 4323008, 5247008, 37536
malloc, 128, 12305.000000, 4323488, 5247008, 37568
malloc, 256, 12851.000000, 4323968, 5247008, 37600
malloc, 512, 12954.000000, 4324960, 5247008, 37632
malloc, 1024, 13129.000000, 4326976, 5247008, 37664
malloc, 2048, 14202.000000, 4331040, 5247008, 37696
malloc, 4096, 14099.000000, 4339200, 5247008, 37728
malloc, 8192, 14075.000000, 4355552, 5247008, 37792
malloc, 32, 12531.000000, 4356032, 5247008, 37792
malloc, 64, 12445.000000, 4356512, 5247008, 37792
malloc, 128, 12372.000000, 4356992, 5247008, 37824
malloc, 256, 12894.000000, 4357472, 5247008, 37888
malloc, 512, 13119.000000, 4358464, 5247008, 37920
malloc, 1024, 13255.000000, 4360480, 5247008, 37952
malloc, 2048, 14129.000000, 4364544, 5247008, 37984
malloc, 4096, 14149.000000, 4372704, 5247008, 38016
malloc, 8192, 13369.000000, 4389056, 5247008, 38048
malloc, 32, 12622.000000, 4389536, 5247008, 38048
malloc, 64, 12512.000000, 4390016, 5247008, 38048
malloc, 128, 12484.000000, 4390496, 5247008, 38080
malloc, 256, 12862.000000, 4390976, 5247008, 38112
malloc, 512, 13126.000000, 4391968, 5247008, 38144
malloc, 1024, 13228.000000, 4393984, 5247008, 38176
malloc, 2048, 14180.000000, 4398048, 5247008, 38208
malloc, 4096, 14315.000000, 4406208, 5247008, 38240
malloc, 8192, 16894.000000, 4422560, 5247008, 38368
malloc, 32, 13042.000000, 4423040, 5247008, 38368
malloc, 64, 12642.000000, 4423520, 5247008, 38368
malloc, 128, 12595.000000, 4424000, 5247008, 38400
malloc, 256, 16162.000000, 4424480, 5247008, 38464
malloc, 512, 13732.000000, 4425472, 5247008, 38528
malloc, 1024, 14349.000000, 4427488, 5247008, 38592
malloc, 2048, 15397.000000, 4431552, 5247008, 38656
malloc, 4096, 15378.000000, 4439712, 5247008, 38720
malloc, 8192, 14479.000000, 4456064, 5247008, 38784
malloc, 32, 12975.000000, 4456544, 5247008, 38784
malloc, 64, 12862.000000, 4457024, 5247008, 38784
malloc, 128, 12761.000000, 4457504, 5247008, 38816
malloc, 256, 13375.000000, 4457984, 5247008, 38848
malloc, 512, 13487.000000, 4458976, 5247008, 38880
malloc, 1024, 13758.000000, 4460992, 5247008, 38912
malloc, 2048, 14575.000000, 4465056, 5247008, 38944
malloc, 4096, 14635.000000, 4473216, 5247008, 38976
malloc, 8192, 13789.000000, 4489568, 5247008, 39008
malloc, 32, 13017.000000, 4490048, 5247008, 39008
malloc, 64, 14197.000000, 4490528, 5247008, 39008
malloc, 128, 14141.000000, 4491008, 5247008, 39040
malloc, 256, 13589.000000, 4491488, 5247008, 39104
malloc, 512, 13459.000000, 4492480, 5247008, 39136
malloc, 1024, 13733.000000, 4494496, 5247008, 39168
malloc, 2048, 15090.000000, 4498560, 5247008, 39200
malloc, 4096, 15910.000000, 4506720, 5247008, 39232
malloc, 8192, 15604.000000, 4523072, 5247008, 39328
malloc, 32, 13240.000000, 4523552, 5247008, 39328
malloc, 64, 13077.000000, 4524032, 5247008, 39328
malloc, 128, 12936.000000, 4524512, 5247008, 39360
malloc, 256, 13573.000000, 4524992, 5247008, 39392
malloc, 512, 13532.000000, 4525984, 5247008, 39424
malloc, 1024, 13786.000000, 4528000, 5247008, 39456
malloc, 2048, 14861.000000, 4532064, 5247008, 39488
malloc, 4096, 14804.000000, 4540224, 5247008, 39520
malloc, 8192, 13997.000000, 4556576, 5247008, 39552
malloc, 32, 13165.000000, 4557056, 5247008, 39552
malloc, 64, 13145.000000, 4557536, 5247008, 39552
malloc, 128, 13048.000000, 4558016, 5247008, 39584
malloc, 256, 13799.000000, 4558496, 5247008, 39648
malloc, 512, 13768.000000, 4559488, 5247008, 39712
malloc, 1024, 13967.000000, 4561504, 5247008, 39744
malloc, 2048, 14839.000000, 4565568, 5247008, 39776
malloc, 4096, 14931.000000, 4573728, 5247008, 39808
malloc, 8192, 14790.000000, 4590080, 5247008, 39872
malloc, 32, 13285.000000, 4590560, 5247008, 39872
malloc, 64, 13237.000000, 4591040, 5247008, 39872
malloc, 128, 13194.000000, 4591520, 5247008, 39904
malloc, 256, 13915.000000, 4592000, 5247008, 39936
malloc, 512, 14016.000000, 4592992, 5247008, 39968
malloc, 1024, 14051.000000, 4595008, 5247008, 40000
malloc, 2048, 14912.000000, 4599072, 5247008, 40032
malloc, 4096, 14922.000000, 4607232, 5247008, 40064
malloc, 8192, 14151.000000, 4623584, 5247008, 40096
malloc, 32, 13409.000000, 4624064, 5247008, 40096
malloc, 64, 13299.000000, 4624544, 5247008, 40096
malloc, 128, 13291.000000, 4625024, 5247008, 40128
malloc, 256, 14431.000000, 4625504, 5247008, 40192
malloc, 512, 15683.000000, 4626496, 5247008, 40224
malloc, 1024, 14846.000000, 4628512, 5247008, 40256
malloc, 2048, 15875.000000, 4632576, 5247008, 40288
malloc, 4096, 16180.000000, 4640736, 5247008, 40320
malloc, 8192, 17399.000000, 4657088, 5247008, 40480
malloc, 32, 13687.000000, 4657568, 5247008, 40480
malloc, 64, 13478.000000, 4658048, 5247008, 40480
malloc, 128, 13482.000000, 4658528, 5247008, 40512
malloc, 256, 14080.000000, 4659008, 5247008, 40544
malloc, 512, 14273.000000, 4660000, 5247008, 40576
malloc, 1024, 14370.000000, 4662016, 5247008, 40608
malloc, 2048, 15298.000000, 4666080, 5247008, 40640
malloc, 4096, 15329.000000, 4674240, 5247008, 40672
malloc, 8192, 17773.000000, 4690592, 5247008, 40704
malloc, 32, 14297.000000, 4691072, 5247008, 40704
malloc, 64, 13564.000000, 4691552, 5247008, 40704
malloc, 128, 13554.000000, 4692032, 5247008, 40736
malloc, 256, 14187.000000, 4692512, 5247008, 40800
malloc, 512, 14473.000000, 4693504, 5247008, 40864
malloc, 1024, 15340.000000, 4695520, 5247008, 40928
malloc, 2048, 15533.000000, 4699584, 5247008, 40960
malloc, 4096, 15385.000000, 4707744, 5247008, 40992
malloc, 8192, 15294.000000, 4724096, 5247008, 41056
malloc, 32, 13794.000000, 4724576, 5247008, 41056
malloc, 64, 13661.000000, 4725056, 5247008, 41056
malloc, 128, 13631.000000, 4725536, 5247008, 41088
malloc, 256, 14234.000000, 4726016, 5247008, 41120
malloc, 512, 14340.000000, 4727008, 5247008, 41152
malloc, 1024, 14441.000000, 4729024, 5247008, 41184
malloc, 2048, 15389.000000, 4733088, 5247008, 41216
malloc, 4096, 16538.000000, 4741248, 5247008, 41248
malloc, 8192, 14647.000000, 4757600, 5247008, 41280
malloc, 32, 13943.000000, 4758080, 5247008, 41280
malloc, 64, 13828.000000, 4758560, 5247008, 41280
malloc, 128, 13796.000000, 4759040, 5247008, 41312
malloc, 256, 14273.000000, 4759520, 5247008, 41376
malloc, 512, 14532.000000, 4760512, 5247008, 41408
malloc, 1024, 14456.000000, 4762528, 5247008, 41440
malloc, 2048, 15395.000000, 4766592, 5247008, 41472
malloc, 4096, 15634.000000, 4774752, 5247008, 41504
malloc, 8192, 16226.000000, 4791104, 5247008, 41600
malloc, 32, 14020.000000, 4791584, 5247008, 41600
malloc, 64, 13953.000000, 4792064, 5247008, 41600
malloc, 128, 13937.000000, 4792544, 5247008, 41632
malloc, 256, 14630.000000, 4793024, 5247008, 41664
malloc, 512, 14682.000000, 4794016, 5247008, 41696
malloc, 1024, 14491.000000, 4796032, 5247008, 41728
malloc, 2048, 15559.000000, 4800096, 5247008, 41760
malloc, 4096, 15687.000000, 4808256, 5247008, 41792
malloc, 8192, 14782.000000, 4824608, 5247008, 41824
malloc, 32, 14034.000000, 4825088, 5247008, 41824
malloc, 64, 13961.000000, 4825568, 5247008, 41824
malloc, 128, 13900.000000, 4826048, 5247008, 41856
malloc, 256, 14634.000000, 4826528, 5247008, 41920
malloc, 512, 14729.000000, 4827520, 5247008, 41984
malloc, 1024, 14723.000000, 4829536, 5247008, 42016
malloc, 2048, 15701.000000, 4833600, 5247008, 42048
malloc, 4096, 15858.000000, 4841760, 5247008, 42080
malloc, 8192, 15844.000000, 4858112, 5247008, 42144
malloc, 32, 14149.000000, 4858592, 5247008, 42144
malloc, 64, 14091.000000, 4859072, 5247008, 42144
malloc, 128, 14031.000000, 4859552, 5247008, 42176
malloc, 256, 14592.000000, 4860032, 5247008, 42208
malloc, 512, 14794.000000, 4861024, 5247008, 42240
malloc, 1024, 14993.000000, 4863040, 5247008, 42272
malloc, 2048, 15767.000000, 4867104, 5247008, 42304
malloc, 4096, 18387.000000, 4875264, 5247008, 42336
malloc, 8192, 16095.000000, 4891616, 5247008, 42368
malloc, 32, 15877.000000, 4892096, 5247008, 42368
malloc, 64, 14836.000000, 4892576, 5247008, 42368
malloc, 128, 14231.000000, 4893056, 5247008, 42400
malloc, 256, 14714.000000, 4893536, 5247008, 42464
malloc, 512, 14769.000000, 4894528, 5247008, 42496
malloc, 1024, 15107.000000, 4896544, 5247008, 42528
malloc, 2048, 16421.000000, 4900608, 5247008, 42560
malloc, 4096, 16152.000000, 4908768, 5247008, 42592
malloc, 8192, 17395.000000, 4925120, 5247008, 42720
malloc, 32, 14447.000000, 4925600, 5247008, 42720
malloc, 64, 17833.000000, 4926080, 5247008, 42720
malloc, 128, 14501.000000, 4926560, 5247008, 42752
malloc, 256, 14798.000000, 4927040, 5247008, 42784
malloc, 512, 15054.000000, 4928032, 5247008, 42816
malloc, 1024, 15341.000000, 4930048, 5247008, 42848
malloc, 2048, 16296.000000, 4934112, 5247008, 42880
malloc, 4096, 16261.000000, 4942272, 5247008, 42912
malloc, 8192, 15289.000000, 4958624, 5247008, 42944
malloc, 32, 14455.000000, 4959104, 5247008, 42944
malloc, 64, 14401.000000, 4959584, 5247008, 42944
malloc, 128, 14346.000000, 4960064, 5247008, 42976
malloc, 256, 14973.000000, 4960544, 5247008, 43040
malloc, 512, 15231.000000, 4961536, 5247008, 43104
malloc, 1024, 15968.000000, 4963552, 5247008, 43168
malloc, 2048, 18523.000000, 4967616, 5247008, 43232
malloc, 4096, 16427.000000, 4975776, 5247008, 43264
malloc, 8192, 16081.000000, 4992128, 5247008, 43328
malloc, 32, 14738.000000, 4992608, 5247008, 43328
malloc, 64, 14464.000000, 4993088, 5247008, 43328
malloc, 128, 14496.000000, 4993568, 5247008, 43360
malloc, 256, 15174.000000, 4994048, 5247008, 43392
malloc, 512, 15268.000000, 4995040, 5247008, 43424
malloc, 1024, 15136.000000, 4997056, 5247008, 43456
malloc, 2048, 16224.000000, 5001120, 5247008, 43488
malloc, 4096, 16397.000000, 5009280, 5247008, 43520
malloc, 8192, 15440.000000, 5025632, 5247008, 43552
malloc, 32, 14675.000000, 5026112, 5247008, 43552
malloc, 64, 14601.000000, 5026592, 5247008, 43552
malloc, 128, 14556.000000, 5027072, 5247008, 43584
malloc, 256, 15507.000000, 5027552, 5247008, 43648
malloc, 512, 15291.000000, 5028544, 5247008, 43680
malloc, 1024, 15259.000000, 5030560, 5247008, 43712
malloc, 2048, 16378.000000, 5034624, 5247008, 43744
malloc, 4096, 16435.000000, 5042784, 5247008, 43776
malloc, 8192, 17090.000000, 5059136, 5247008, 43872
malloc, 32, 14819.000000, 5059616, 5247008, 43872
malloc, 64, 14677.000000, 5060096, 5247008, 43872
malloc, 128, 14694.000000, 5060576, 5247008, 43904
malloc, 256, 15392.000000, 5061056, 5247008, 43936
malloc, 512, 15535.000000, 5062048, 5247008, 43968
malloc, 1024, 15488.000000, 5064064, 5247008, 44000
malloc, 2048, 16561.000000, 5068128, 5247008, 44032
malloc, 4096, 16583.000000, 5076288, 5247008, 44064
malloc, 8192, 15769.000000, 5092640, 5247008, 44096
malloc, 32, 14892.000000, 5093120, 5247008, 44096
malloc, 64, 14813.000000, 5093600, 5247008, 44096
malloc, 128, 14738.000000, 5094080, 5247008, 44128
malloc, 256, 15415.000000, 5094560, 5247008, 44192
malloc, 512, 15457.000000, 5095552, 5247008, 44256
malloc, 1024, 15700.000000, 5097568, 5247008, 44288
malloc, 2048, 17528.000000, 5101632, 5247008, 44320
malloc, 4096, 16720.000000, 5109792, 5247008, 44352
malloc, 8192, 16413.000000, 5126144, 5247008, 44416
malloc, 32, 15016.000000, 5126624, 5247008, 44416
malloc, 64, 14868.000000, 5127104, 5247008, 44416
malloc, 128, 14891.000000, 5127584, 5247008, 44448
malloc, 256, 15563.000000, 5128064, 5247008, 44480
malloc, 512, 15562.000000, 5129056, 5247008, 44512
malloc, 1024, 15626.000000, 5131072, 5247008, 44544
malloc, 2048, 16651.000000, 5135136, 5247008, 44576
malloc, 4096, 16738.000000, 5143296, 5247008, 44608
malloc, 8192, 17137.000000, 5159648, 5247008, 44640
malloc, 32, 19280.000000, 5160128, 5247008, 44640
malloc, 64, 15464.000000, 5160608, 5247008, 44640
malloc, 128, 14981.000000, 5161088, 5247008, 44672
malloc, 256, 15569.000000, 5161568, 5247008, 44736
malloc, 512, 15734.000000, 5162560, 5247008, 44768
malloc, 1024, 15944.000000, 5164576, 5247008, 44800
malloc, 2048, 17331.000000, 5168640, 5247008, 44832
malloc, 4096, 17116.000000, 5176800, 5247008, 44864
malloc, 8192, 25010.000000, 5193152, 6295584, 45088
malloc, 32, 15927.000000, 5193632, 6295584, 45088
malloc, 64, 15135.000000, 5194112, 6295584, 45088
malloc, 128, 15118.000000, 5194592, 6295584, 45120
malloc, 256, 15645.000000, 5195072, 6295584, 45152
malloc, 512, 15864.000000, 5196064, 6295584, 45184
malloc, 1024, 16277.000000, 5198080, 6295584, 45216
malloc, 2048, 17135.000000, 5202144, 6295584, 45248
malloc, 4096, 17040.000000, 5210304, 6295584, 45280
malloc, 8192, 16026.000000, 5226656, 6295584, 45312
malloc, 32, 15274.000000, 5227136, 6295584, 45312
malloc, 64, 15198.000000, 5227616, 6295584, 45312
malloc, 128, 15180.000000, 5228096, 6295584, 45344
malloc, 256, 15667.000000, 5228576, 6295584, 45408
malloc, 512, 15966.000000, 5229568, 6295584, 45472
malloc, 1024, 17318.000000, 5231584, 6295584, 45536
malloc, 2048, 17554.000000, 5235648, 6295584, 45568
malloc, 4096, 17142.000000, 5243808, 6295584, 45600
malloc, 8192, 16942.000000, 5260160, 6295584, 45664
malloc, 32, 15480.000000, 5260640, 6295584, 45664
malloc, 64, 15308.000000, 5261120, 6295584, 45664
malloc, 128, 15300.000000, 5261600, 6295584, 45696
malloc, 256, 15777.000000, 5262080, 6295584, 45728
malloc, 512, 16232.000000, 5263072, 6295584, 45760
malloc, 1024, 15982.000000, 5265088, 6295584, 45792
malloc, 2048, 17293.000000, 5269152, 6295584, 45824
malloc, 4096, 17260.000000, 5277312, 6295584, 45856
malloc, 8192, 16270.000000, 5293664, 6295584, 45888
malloc, 32, 15501.000000, 5294144, 6295584, 45888
malloc, 64, 15347.000000, 5294624, 6295584, 45888
malloc, 128, 15286.000000, 5295104, 6295584, 45920
malloc, 256, 15983.000000, 5295584, 6295584, 45984
malloc, 512, 16099.000000, 5296576, 6295584, 46016
malloc, 1024, 16398.000000, 5298592, 6295584, 46048
malloc, 2048, 17222.000000, 5302656, 6295584, 46080
malloc, 4096, 17771.000000, 5310816, 6295584, 46112
malloc, 8192, 18743.000000, 5327168, 6295584, 46208
malloc, 32, 17079.000000, 5327648, 6295584, 46208
malloc, 64, 16833.000000, 5328128, 6295584, 46208
malloc, 128, 15664.000000, 5328608, 6295584, 46240
malloc, 256, 16165.000000, 5329088, 6295584, 46272
malloc, 512, 16296.000000, 5330080, 6295584, 46304
malloc, 1024, 16376.000000, 5332096, 6295584, 46336
malloc, 2048, 17708.000000, 5336160, 6295584, 46368
malloc, 4096, 18076.000000, 5344320, 6295584, 46400
malloc, 8192, 16556.000000, 5360672, 6295584, 46432
malloc, 32, 15646.000000, 5361152, 6295584, 46432
malloc, 64, 15596.000000, 5361632, 6295584, 46432
malloc, 128, 15556.000000, 5362112, 6295584, 46464
malloc, 256, 16200.000000, 5362592, 6295584, 46528
malloc, 512, 16483.000000, 5363584, 6295584, 46592
malloc, 1024, 19507.000000, 5365600, 6295584, 46624
malloc, 2048, 18029.000000, 5369664, 6295584, 46656
malloc, 4096, 17731.000000, 5377824, 6295584, 46688
malloc, 8192, 17391.000000, 5394176, 6295584, 46752
malloc, 32, 15821.000000, 5394656, 6295584, 46752
malloc, 64, 15669.000000, 5395136, 6295584, 46752
malloc, 128, 15724.000000, 5395616, 6295584, 46784
malloc, 256, 16296.000000, 5396096, 6295584, 46816
malloc, 512, 16488.000000, 5397088, 6295584, 46848
malloc, 1024, 16663.000000, 5399104, 6295584, 46880
malloc, 2048, 17515.000000, 5403168, 6295584, 46912
malloc, 4096, 17671.000000, 5411328, 6295584, 46944
malloc, 8192, 16689.000000, 5427680, 6295584, 46976
malloc, 32, 15912.000000, 5428160, 6295584, 46976
malloc, 64, 15762.000000, 5428640, 6295584, 46976
malloc, 128, 15705.000000, 5429120, 6295584, 47008
malloc, 256, 16543.000000, 5429600, 6295584, 47072
malloc, 512, 16603.000000, 5430592, 6295584, 47104
malloc, 1024, 16843.000000, 5432608, 6295584, 47136
malloc, 2048, 17786.000000, 5436672, 6295584, 47168
malloc, 4096, 17715.000000, 5444832, 6295584, 47200
malloc, 8192, 20147.000000, 5461184, 6295584, 47328
malloc, 32, 16154.000000, 5461664, 6295584, 47328
malloc, 64, 15901.000000, 5462144, 6295584, 47328
malloc, 128, 15913.000000, 5462624, 6295584, 47360
malloc, 256, 16574.000000, 5463104, 6295584, 47392
malloc, 512, 16581.000000, 5464096, 6295584, 47424
malloc, 1024, 18757.000000, 5466112, 6295584, 47456
malloc, 2048, 19729.000000, 5470176, 6295584, 47488
malloc, 4096, 20035.000000, 5478336, 6295584, 47520
malloc, 8192, 17670.000000, 5494688, 6295584, 47552
malloc, 32, 16363.000000, 5495168, 6295584, 47552
malloc, 64, 16046.000000, 5495648, 6295584, 47552
malloc, 128, 16015.000000, 5496128, 6295584, 47584
malloc, 256, 16825.000000, 5496608, 6295584, 47648
malloc, 512, 17085.000000, 5497600, 6295584, 47712
malloc, 1024, 18006.000000, 5499616, 6295584, 47776
malloc, 2048, 18676.000000, 5503680, 6295584, 47840
malloc, 4096, 19810.000000, 5511840, 6295584, 47936
malloc, 8192, 17126.000000, 5528192, 6295584, 47968
malloc, 32, 16343.000000, 5528672, 6295584, 47968
malloc, 64, 16208.000000, 5529152, 6295584, 47968
malloc, 128, 16301.000000, 5529632, 6295584, 48000
malloc, 256, 16810.000000, 5530112, 6295584, 48032
malloc, 512, 17078.000000, 5531104, 6295584, 48064
malloc, 1024, 17090.000000, 5533120, 6295584, 48096
malloc, 2048, 18806.000000, 5537184, 6295584, 48128
malloc, 4096, 18401.000000, 5545344, 6295584, 48160
malloc, 8192, 18724.000000, 5561696, 6295584, 48256
malloc, 32, 16547.000000, 5562176, 6295584, 48256
malloc, 64, 16325.000000, 5562656, 6295584, 48256
malloc, 128, 16344.000000, 5563136, 6295584, 48288
malloc, 256, 16892.000000, 5563616, 6295584, 48352
malloc, 512, 17333.000000, 5564608, 6295584, 48384
malloc, 1024, 17183.000000, 5566624, 6295584, 48416
malloc, 2048, 18244.000000, 5570688, 6295584, 48448
malloc, 4096, 22271.000000, 5578848, 6295584, 48480
malloc, 8192, 17768.000000, 5595200, 6295584, 48512
malloc, 32, 16643.000000, 5595680, 6295584, 48512
malloc, 64, 16519.000000, 5596160, 6295584, 48512
malloc, 128, 16404.000000, 5596640, 6295584, 48544
malloc, 256, 16984.000000, 5597120, 6295584, 48576
malloc, 512, 17242.000000, 5598112, 6295584, 48608
malloc, 1024, 17477.000000, 5600128, 6295584, 48640
malloc, 2048, 18393.000000, 5604192, 6295584, 48672
malloc, 4096, 18405.000000, 5612352, 6295584, 48704
malloc, 8192, 18285.000000, 5628704, 6295584, 48768
malloc, 32, 16596.000000, 5629184, 6295584, 48768
malloc, 64, 16599.000000, 5629664, 6295584, 48768
malloc, 128, 16495.000000, 5630144, 6295584, 48800
malloc, 256, 17065.000000, 5630624, 6295584, 48864
malloc, 512, 17454.000000, 5631616, 6295584, 48928
malloc, 1024, 17342.000000, 5633632, 6295584, 48960
malloc, 2048, 18172.000000, 5637696, 6295584, 48992
malloc, 4096, 18448.000000, 5645856, 6295584, 49024
malloc, 8192, 17531.000000, 5662208, 6295584, 49056
malloc, 32, 16667.000000, 5662688, 6295584, 49056
malloc, 64, 16646.000000, 5663168, 6295584, 49056
malloc, 128, 16550.000000, 5663648, 6295584, 49088
malloc, 256, 17202.000000, 5664128, 6295584, 49120
malloc, 512, 17416.000000, 5665120, 6295584, 49152
malloc, 1024, 17564.000000, 5667136, 6295584, 49184
malloc, 2048, 19433.000000, 5671200, 6295584, 49216
malloc, 4096, 19974.000000, 5679360, 6295584, 49248
malloc, 8192, 23284.000000, 5695712, 6295584, 49408
malloc, 32, 17453.000000, 5696192, 6295584, 49408
malloc, 64, 16764.000000, 5696672, 6295584, 49408
malloc, 128, 16721.000000, 5697152, 6295584, 49440
malloc, 256, 17358.000000, 5697632, 6295584, 49504
malloc, 512, 17613.000000, 5698624, 6295584, 49536
malloc, 1024, 17762.000000, 5700640, 6295584, 49568
malloc, 2048, 18689.000000, 5704704, 6295584, 49600
malloc, 4096, 18783.000000, 5712864, 6295584, 49632
malloc, 8192, 17829.000000, 5729216, 6295584, 49664
malloc, 32, 17028.000000, 5729696, 6295584, 49664
malloc, 64, 16854.000000, 5730176, 6295584, 49664
malloc, 128, 16821.000000, 5730656, 6295584, 49696
malloc, 256, 17349.000000, 5731136, 6295584, 49728
malloc, 512, 17770.000000, 5732128, 6295584, 49760
malloc, 1024, 17885.000000, 5734144, 6295584, 49792
malloc, 2048, 18947.000000, 5738208, 6295584, 49824
malloc, 4096, 18805.000000, 5746368, 6295584, 49856
malloc, 8192, 18609.000000, 5762720, 6295584, 49920
malloc, 32, 17196.000000, 5763200, 6295584, 49920
malloc, 64, 16933.000000, 5763680, 6295584, 49920
malloc, 128, 18861.000000, 5764160, 6295584, 49952
malloc, 256, 18472.000000, 5764640, 6295584, 50016
malloc, 512, 17863.000000, 5765632, 6295584, 50080
malloc, 1024, 19097.000000, 5767648, 6295584, 50144
malloc, 2048, 20396.000000, 5771712, 6295584, 50176
malloc, 4096, 23101.000000, 5779872, 6295584, 50208
malloc, 8192, 18662.000000, 5796224, 6295584, 50240
malloc, 32, 17304.000000, 5796704, 6295584, 50240
malloc, 64, 17103.000000, 5797184, 6295584, 50240
malloc, 128, 17093.000000, 5797664, 6295584, 50272
malloc, 256, 17950.000000, 5798144, 6295584, 50304
malloc, 512, 17843.000000, 5799136, 6295584, 50336
malloc, 1024, 18025.000000, 5801152, 6295584, 50368
malloc, 2048, 19085.000000, 5805216, 6295584, 50400
malloc, 4096, 19140.000000, 5813376, 6295584, 50432
malloc, 8192, 19543.000000, 5829728, 6295584, 50528
malloc, 32, 17402.000000, 5830208, 6295584, 50528
malloc, 64, 17255.000000, 5830688, 6295584, 50528
malloc, 128, 17230.000000, 5831168, 6295584, 50560
malloc, 256, 18042.000000, 5831648, 6295584, 50624
malloc, 512, 18142.000000, 5832640, 6295584, 50656
malloc, 1024, 18106.000000, 5834656, 6295584, 50688
malloc, 2048, 19619.000000, 5838720, 6295584, 50720
malloc, 4096, 19470.000000, 5846880, 6295584, 50752
malloc, 8192, 18196.000000, 5863232, 6295584, 50784
malloc, 32, 17492.000000, 5863712, 6295584, 50784
malloc, 64, 17299.000000, 5864192, 6295584, 50784
malloc, 128, 17320.000000, 5864672, 6295584, 50816
malloc, 256, 18059.000000, 5865152, 6295584, 50848
malloc, 512, 18103.000000, 5866144, 6295584, 50880
malloc, 1024, 18158.000000, 5868160, 6295584, 50912
malloc, 2048, 19286.000000, 5872224, 6295584, 50944
malloc, 4096, 19569.000000, 5880384, 6295584, 50976
malloc, 8192, 19080.000000, 5896736, 6295584, 51040
malloc, 32, 17563.000000, 5897216, 6295584, 51040
malloc, 64, 17368.000000, 5897696, 6295584, 51040
malloc, 128, 17311.000000, 5898176, 6295584, 51072
malloc, 256, 18378.000000, 5898656, 6295584, 51136
malloc, 512, 18299.000000, 5899648, 6295584, 51200
malloc, 1024, 18325.000000, 5901664, 6295584, 51232
malloc, 2048, 20357.000000, 5905728, 6295584, 51264
malloc, 4096, 19465.000000, 5913888, 6295584, 51296
malloc, 8192, 18345.000000, 5930240, 6295584, 51328
malloc, 32, 17647.000000, 5930720, 6295584, 51328
malloc, 64, 17477.000000, 5931200, 6295584, 51328
malloc, 128, 17453.000000, 5931680, 6295584, 51360
malloc, 256, 18316.000000, 5932160, 6295584, 51392
malloc, 512, 18361.000000, 5933152, 6295584, 51424
malloc, 1024, 18295.000000, 5935168, 6295584, 51456
malloc, 2048, 19877.000000, 5939232, 6295584, 51488
malloc, 4096, 19642.000000, 5947392, 6295584, 51520
malloc, 8192, 20767.000000, 5963744, 6295584, 51648
malloc, 32, 17878.000000, 5964224, 6295584, 51648
malloc, 64, 17594.000000, 5964704, 6295584, 51648
malloc, 128, 17590.000000, 5965184, 6295584, 51680
malloc, 256, 18361.000000, 5965664, 6295584, 51744
malloc, 512, 18364.000000, 5966656, 6295584, 51776
malloc, 1024, 18521.000000, 5968672, 6295584, 51808
malloc, 2048, 22587.000000, 5972736, 6295584, 51840
malloc, 4096, 20744.000000, 5980896, 6295584, 51872
malloc, 8192, 18758.000000, 5997248, 6295584, 51904
malloc, 32, 17812.000000, 5997728, 6295584, 51904
malloc, 64, 17731.000000, 5998208, 6295584, 51904
malloc, 128, 17607.000000, 5998688, 6295584, 51936
malloc, 256, 18593.000000, 5999168, 6295584, 51968
malloc, 512, 18666.000000, 6000160, 6295584, 52000
malloc, 1024, 18596.000000, 6002176, 6295584, 52032
malloc, 2048, 19788.000000, 6006240, 6295584, 52064
malloc, 4096, 19932.000000, 6014400, 6295584, 52096
malloc, 8192, 20368.000000, 6030752, 6295584, 52160
malloc, 32, 17944.000000, 6031232, 6295584, 52160
malloc, 64, 17734.000000, 6031712, 6295584, 52160
malloc, 128, 17748.000000, 6032192, 6295584, 52192
malloc, 256, 18714.000000, 6032672, 6295584, 52256
malloc, 512, 18878.000000, 6033664, 6295584, 52320
malloc, 1024, 19640.000000, 6035680, 6295584, 52384
malloc, 2048, 20685.000000, 6039744, 6295584, 52448
malloc, 4096, 20006.000000, 6047904, 6295584, 52480
malloc, 8192, 18798.000000, 6064256, 6295584, 52512
malloc, 32, 18010.000000, 6064736, 6295584, 52512
malloc, 64, 17930.000000, 6065216, 6295584, 52512
malloc, 128, 17859.000000, 6065696, 6295584, 52544
malloc, 256, 20792.000000, 6066176, 6295584, 52576
malloc, 512, 19953.000000, 6067168, 6295584, 52608
malloc, 1024, 20513.000000, 6069184, 6295584, 52640
malloc, 2048, 21200.000000, 6073248, 6295584, 52672
malloc, 4096, 20325.000000, 6081408, 6295584, 52704
malloc, 8192, 20517.000000, 6097760, 6295584, 52800
malloc, 32, 18277.000000, 6098240, 6295584, 52800
malloc, 64, 18125.000000, 6098720, 6295584, 52800
malloc, 128, 17990.000000, 6099200, 6295584, 52832
malloc, 256, 19004.000000, 6099680, 6295584, 52896
malloc, 512, 18710.000000, 6100672, 6295584, 52928
malloc, 1024, 19079.000000, 6102688, 6295584, 52960
malloc, 2048, 20030.000000, 6106752, 6295584, 52992
malloc, 4096, 20345.000000, 6114912, 6295584, 53024
malloc, 8192, 20109.000000, 6131264, 6295584, 53056
malloc, 32, 18311.000000, 6131744, 6295584, 53056
malloc, 64, 18197.000000, 6132224, 6295584, 53056
malloc, 128, 18158.000000, 6132704, 6295584, 53088
malloc, 256, 18750.000000, 6133184, 6295584, 53120
malloc, 512, 18829.000000, 6134176, 6295584, 53152
malloc, 1024, 19277.000000, 6136192, 6295584, 53184
malloc, 2048, 20382.000000, 6140256, 6295584, 53216
malloc, 4096, 20352.000000, 6148416, 6295584, 53248
malloc, 8192, 19874.000000, 6164768, 6295584, 53312
malloc, 32, 18458.000000, 6165248, 6295584, 53312
malloc, 64, 18202.000000, 6165728, 6295584, 53312
malloc, 128, 21302.000000, 6166208, 6295584, 53344
malloc, 256, 19657.000000, 6166688, 6295584, 53408
malloc, 512, 19173.000000, 6167680, 6295584, 53472
malloc, 1024, 19265.000000, 6169696, 6295584, 53504
malloc, 2048, 20644.000000, 6173760, 6295584, 53536
malloc, 4096, 20716.000000, 6181920, 6295584, 53568
malloc, 8192, 19295.000000, 6198272, 6295584, 53600
malloc, 32, 18601.000000, 6198752, 6295584, 53600
malloc, 64, 18365.000000, 6199232, 6295584, 53600
malloc, 128, 18417.000000, 6199712, 6295584, 53632
malloc, 256, 18919.000000, 6200192, 6295584, 53664
malloc, 512, 19171.000000, 6201184, 6295584, 53696
malloc, 1024, 19407.000000, 6203200, 6295584, 53728
malloc, 2048, 20389.000000, 6207264, 6295584, 53760
malloc, 4096, 20410.000000, 6215424, 6295584, 53792
malloc, 8192, 28342.000000, 6231776, 7344160, 54016
malloc, 32, 20947.000000, 6232256, 7344160, 54016
malloc, 64, 19305.000000, 6232736, 7344160, 54016
malloc, 128, 18568.000000, 6233216, 7344160, 54048
malloc, 256, 19445.000000, 6233696, 7344160, 54112
malloc, 512, 19346.000000, 6234688, 7344160, 54144
malloc, 1024, 19654.000000, 6236704, 7344160, 54176
malloc, 2048, 21109.000000, 6240768, 7344160, 54208
malloc, 4096, 20643.000000, 6248928, 7344160, 54240
malloc, 8192, 19677.000000, 6265280, 7344160, 54272
malloc, 32, 18740.000000, 6265760, 7344160, 54272
malloc, 64, 18635.000000, 6266240, 7344160, 54272
malloc, 128, 18672.000000, 6266720, 7344160, 54304
malloc, 256, 19131.000000, 6267200, 7344160, 54336
malloc, 512, 19608.000000, 6268192, 7344160, 54368
malloc, 1024, 19455.000000, 6270208, 7344160, 54400
malloc, 2048, 20734.000000, 6274272, 7344160, 54432
malloc, 4096, 21027.000000, 6282432, 7344160, 54464
malloc, 8192, 20370.000000, 6298784, 7344160, 54528
malloc, 32, 18830.000000, 6299264, 7344160, 54528
malloc, 64, 19464.000000, 6299744, 7344160, 54528
malloc, 128, 20399.000000, 6300224, 7344160, 54560
malloc, 256, 19656.000000, 6300704, 7344160, 54624
malloc, 512, 19573.000000, 6301696, 7344160, 54688
malloc, 1024, 21224.000000, 6303712, 7344160, 54752
malloc, 2048, 21055.000000, 6307776, 7344160, 54784
malloc, 4096, 20937.000000, 6315936, 7344160, 54816
malloc, 8192, 19643.000000, 6332288, 7344160, 54848
malloc, 32, 18943.000000, 6332768, 7344160, 54848
malloc, 64, 18823.000000, 6333248, 7344160, 54848
malloc, 128, 18712.000000, 6333728, 7344160, 54880
malloc, 256, 19420.000000, 6334208, 7344160, 54912
malloc, 512, 19538.000000, 6335200, 7344160, 54944
malloc, 1024, 19603.000000, 6337216, 7344160, 54976
malloc, 2048, 24021.000000, 6341280, 7344160, 55008
malloc, 4096, 21700.000000, 6349440, 7344160, 55040
malloc, 8192, 22542.000000, 6365792, 7344160, 55136
malloc, 32, 19159.000000, 6366272, 7344160, 55136
malloc, 64, 18924.000000, 6366752, 7344160, 55136
malloc, 128, 18927.000000, 6367232, 7344160, 55168
malloc, 256, 19755.000000, 6367712, 7344160, 55232
malloc, 512, 19879.000000, 6368704, 7344160, 55264
malloc, 1024, 19935.000000, 6370720, 7344160, 55296
malloc, 2048, 20919.000000, 6374784, 7344160, 55328
malloc, 4096, 21091.000000, 6382944, 7344160, 55360
malloc, 8192, 19869.000000, 6399296, 7344160, 55392
malloc, 32, 19207.000000, 6399776, 7344160, 55392
malloc, 64, 19015.000000, 6400256, 7344160, 55392
malloc, 128, 19020.000000, 6400736, 7344160, 55424
malloc, 256, 19886.000000, 6401216, 7344160, 55456
malloc, 512, 19929.000000, 6402208, 7344160, 55488
malloc, 1024, 19866.000000, 6404224, 7344160, 55520
malloc, 2048, 21180.000000, 6408288, 7344160, 55552
malloc, 4096, 21398.000000, 6416448, 7344160, 55584
malloc, 8192, 20729.000000, 6432800, 7344160, 55648
malloc, 32, 19265.000000, 6433280, 7344160, 55648
malloc, 64, 19089.000000, 6433760, 7344160, 55648
malloc, 128, 19045.000000, 6434240, 7344160, 55680
malloc, 256, 19913.000000, 6434720, 7344160, 55744
malloc, 512, 20395.000000, 6435712, 7344160, 55808
malloc, 1024, 20026.000000, 6437728, 7344160, 55840
malloc, 2048, 21151.000000, 6441792, 7344160, 55872
malloc, 4096, 21251.000000, 6449952, 7344160, 55904
malloc, 8192, 20065.000000, 6466304, 7344160, 55936
malloc, 32, 19338.000000, 6466784, 7344160, 55936
malloc, 64, 19155.000000, 6467264, 7344160, 55936
malloc, 128, 19154.000000, 6467744, 7344160, 55968
malloc, 256, 19807.000000, 6468224, 7344160, 56000
malloc, 512, 20259.000000, 6469216, 7344160, 56032
malloc, 1024, 20096.000000, 6471232, 7344160, 56064
malloc, 2048, 21668.000000, 6475296, 7344160, 56096
malloc, 4096, 21443.000000, 6483456, 7344160, 56128
malloc, 8192, 23465.000000, 6499808, 7344160, 56256
malloc, 32, 19626.000000, 6500288, 7344160, 56256
malloc, 64, 19279.000000, 6500768, 7344160, 56256
malloc, 128, 19264.000000, 6501248, 7344160, 56288
malloc, 256, 20190.000000, 6501728, 7344160, 56352
malloc, 512, 20284.000000, 6502720, 7344160, 56384
malloc, 1024, 20530.000000, 6504736, 7344160, 56416
malloc, 2048, 21470.000000, 6508800, 7344160, 56448
malloc, 4096, 21450.000000, 6516960, 7344160, 56480
malloc, 8192, 20369.000000, 6533312, 7344160, 56512
malloc, 32, 22140.000000, 6533792, 7344160, 56512
malloc, 64, 19891.000000, 6534272, 7344160, 56512
malloc, 128, 19638.000000, 6534752, 7344160, 56544
malloc, 256, 19961.000000, 6535232, 7344160, 56576
malloc, 512, 20292.000000, 6536224, 7344160, 56608
malloc, 1024, 20470.000000, 6538240, 7344160, 56640
malloc, 2048, 21684.000000, 6542304, 7344160, 56672
malloc, 4096, 21785.000000, 6550464, 7344160, 56704
malloc, 8192, 21232.000000, 6566816, 7344160, 56768
malloc, 32, 19622.000000, 6567296, 7344160, 56768
malloc, 64, 19331.000000, 6567776, 7344160, 56768
malloc, 128, 19423.000000, 6568256, 7344160, 56800
malloc, 256, 20124.000000, 6568736, 7344160, 56864
malloc, 512, 20510.000000, 6569728, 7344160, 56928
malloc, 1024, 21430.000000, 6571744, 7344160, 56992
malloc, 2048, 22653.000000, 6575808, 7344160, 57056
malloc, 4096, 23620.000000, 6583968, 7344160, 57120
malloc, 8192, 22148.000000, 6600320, 7344160, 57216
malloc, 32, 19974.000000, 6600800, 7344160, 57216
malloc, 64, 19671.000000, 6601280, 7344160, 57216
malloc, 128, 19651.000000, 6601760, 7344160, 57248
malloc, 256, 20408.000000, 6602240, 7344160, 57280
malloc, 512, 20642.000000, 6603232, 7344160, 57312
malloc, 1024, 20675.000000, 6605248, 7344160, 57344
malloc, 2048, 21829.000000, 6609312, 7344160, 57376
malloc, 4096, 21773.000000, 6617472, 7344160, 57408
malloc, 8192, 20810.000000, 6633824, 7344160, 57440
malloc, 32, 20012.000000, 6634304, 7344160, 57440
malloc, 64, 19796.000000, 6634784, 7344160, 57440
malloc, 128, 19705.000000, 6635264, 7344160, 57472
malloc, 256, 20457.000000, 6635744, 7344160, 57536
malloc, 512, 20804.000000, 6636736, 7344160, 57568
malloc, 1024, 20765.000000, 6638752, 7344160, 57600
malloc, 2048, 21773.000000, 6642816, 7344160, 57632
malloc, 4096, 22008.000000, 6650976, 7344160, 57664
malloc, 8192, 21626.000000, 6667328, 7344160, 57728
malloc, 32, 20183.000000, 6667808, 7344160, 57728
malloc, 64, 22212.000000, 6668288, 7344160, 57728
malloc, 128, 21500.000000, 6668768, 7344160, 57760
malloc, 256, 21817.000000, 6669248, 7344160, 57792
malloc, 512, 21197.000000, 6670240, 7344160, 57824
malloc, 1024, 20769.000000, 6672256, 7344160, 57856
malloc, 2048, 23176.000000, 6676320, 7344160, 57888
malloc, 4096, 22336.000000, 6684480, 7344160, 57920
malloc, 8192, 22125.000000, 6700832, 7344160, 57952
malloc, 32, 20132.000000, 6701312, 7344160, 57952
malloc, 64, 19953.000000, 6701792, 7344160, 57952
malloc, 128, 23688.000000, 6702272, 7344160, 57984
malloc, 256, 21204.000000, 6702752, 7344160, 58048
malloc, 512, 20909.000000, 6703744, 7344160, 58112
malloc, 1024, 21302.000000, 6705760, 7344160, 58144
malloc, 2048, 22399.000000, 6709824, 7344160, 58176
malloc, 4096, 22314.000000, 6717984, 7344160, 58208
malloc, 8192, 24118.000000, 6734336, 7344160, 58368
malloc, 32, 20410.000000, 6734816, 7344160, 58368
malloc, 64, 20164.000000, 6735296, 7344160, 58368
malloc, 128, 20077.000000, 6735776, 7344160, 58400
malloc, 256, 20855.000000, 6736256, 7344160, 58432
malloc, 512, 20909.000000, 6737248, 7344160, 58464
malloc, 1024, 21250.000000, 6739264, 7344160, 58496
malloc, 2048, 22299.000000, 6743328, 7344160, 58528
malloc, 4096, 22389.000000, 6751488, 7344160, 58560
malloc, 8192, 21126.000000, 6767840, 7344160, 58592
malloc, 32, 20396.000000, 6768320, 7344160, 58592
malloc, 64, 20220.000000, 6768800, 7344160, 58592
malloc, 128, 20200.000000, 6769280, 7344160, 58624
malloc, 256, 20895.000000, 6769760, 7344160, 58688
malloc, 512, 21052.000000, 6770752, 7344160, 58720
malloc, 1024, 21250.000000, 6772768, 7344160, 58752
malloc, 2048, 22449.000000, 6776832, 7344160, 58784
malloc, 4096, 22570.000000, 6784992, 7344160, 58816
malloc, 8192, 22080.000000, 6801344, 7344160, 58880
malloc, 32, 20513.000000, 6801824, 7344160, 58880
malloc, 64, 20307.000000, 6802304, 7344160, 58880
malloc, 128, 20283.000000, 6802784, 7344160, 58912
malloc, 256, 20906.000000, 6803264, 7344160, 58944
malloc, 512, 21189.000000, 6804256, 7344160, 58976
malloc, 1024, 21430.000000, 6806272, 7344160, 59008
malloc, 2048, 23133.000000, 6810336, 7344160, 59040
malloc, 4096, 24656.000000, 6818496, 7344160, 59072
malloc, 8192, 22361.000000, 6834848, 7344160, 59104
malloc, 32, 20650.000000, 6835328, 7344160, 59104
malloc, 64, 20393.000000, 6835808, 7344160, 59104
malloc, 128, 20341.000000, 6836288, 7344160, 59136
malloc, 256, 20939.000000, 6836768, 7344160, 59200
malloc, 512, 21443.000000, 6837760, 7344160, 59264
malloc, 1024, 22444.000000, 6839776, 7344160, 59328
malloc, 2048, 22744.000000, 6843840, 7344160, 59360
malloc, 4096, 22909.000000, 6852000, 7344160, 59392
malloc, 8192, 22964.000000, 6868352, 7344160, 59488
malloc, 32, 20885.000000, 6868832, 7344160, 59488
malloc, 64, 20553.000000, 6869312, 7344160, 59488
malloc, 128, 23471.000000, 6869792, 7344160, 59520
malloc, 256, 21576.000000, 6870272, 7344160, 59552
malloc, 512, 21346.000000, 6871264, 7344160, 59584
malloc, 1024, 21642.000000, 6873280, 7344160, 59616
malloc, 2048, 23006.000000, 6877344, 7344160, 59648
malloc, 4096, 23102.000000, 6885504, 7344160, 59680
malloc, 8192, 23924.000000, 6901856, 7344160, 59712
malloc, 32, 21699.000000, 6902336, 7344160, 59712
malloc, 64, 20654.000000, 6902816, 7344160, 59712
malloc, 128, 20511.000000, 6903296, 7344160, 59744
malloc, 256, 21705.000000, 6903776, 7344160, 59808
malloc, 512, 21416.000000, 6904768, 7344160, 59840
malloc, 1024, 21741.000000, 6906784, 7344160, 59872
malloc, 2048, 23305.000000, 6910848, 7344160, 59904
malloc, 4096, 23071.000000, 6919008, 7344160, 59936
malloc, 8192, 23550.000000, 6935360, 7344160, 60000
malloc, 32, 20992.000000, 6935840, 7344160, 60000
malloc, 64, 20735.000000, 6936320, 7344160, 60000
malloc, 128, 20590.000000, 6936800, 7344160, 60032
malloc, 256, 21549.000000, 6937280, 7344160, 60064
malloc, 512, 21481.000000, 6938272, 7344160, 60096
malloc, 1024, 21625.000000, 6940288, 7344160, 60128
malloc, 2048, 23167.000000, 6944352, 7344160, 60160
malloc, 4096, 23005.000000, 6952512, 7344160, 60192
malloc, 8192, 21658.000000, 6968864, 7344160, 60224
malloc, 32, 20870.000000, 6969344, 7344160, 60224
malloc, 64, 20815.000000, 6969824, 7344160, 60224
malloc, 128, 20729.000000, 6970304, 7344160, 60256
malloc, 256, 21413.000000, 6970784, 7344160, 60320
malloc, 512, 21691.000000, 6971776, 7344160, 60384
malloc, 1024, 21707.000000, 6973792, 7344160, 60416
malloc, 2048, 23062.000000, 6977856, 7344160, 60448
malloc, 4096, 23141.000000, 6986016, 7344160, 60480
malloc, 8192, 24308.000000, 7002368, 7344160, 60608
malloc, 32, 21103.000000, 7002848, 7344160, 60608
malloc, 64, 20869.000000, 7003328, 7344160, 60608
malloc, 128, 20905.000000, 7003808, 7344160, 60640
malloc, 256, 21556.000000, 7004288, 7344160, 60672
malloc, 512, 21748.000000, 7005280, 7344160, 60704
malloc, 1024, 21786.000000, 7007296, 7344160, 60736
malloc, 2048, 23007.000000, 7011360, 7344160, 60768
malloc, 4096, 23236.000000, 7019520, 7344160, 60800
malloc, 8192, 21995.000000, 7035872, 7344160, 60832
malloc, 32, 21157.000000, 7036352, 7344160, 60832
malloc, 64, 23974.000000, 7036832, 7344160, 60832
malloc, 128, 21571.000000, 7037312, 7344160, 60864
malloc, 256, 22017.000000, 7037792, 7344160, 60928
malloc, 512, 21873.000000, 7038784, 7344160, 60960
malloc, 1024, 22095.000000, 7040800, 7344160, 60992
malloc, 2048, 23419.000000, 7044864, 7344160, 61024
malloc, 4096, 23641.000000, 7053024, 7344160, 61056
malloc, 8192, 23796.000000, 7069376, 7344160, 61120
malloc, 32, 21278.000000, 7069856, 7344160, 61120
malloc, 64, 21086.000000, 7070336, 7344160, 61120
malloc, 128, 21072.000000, 7070816, 7344160, 61152
malloc, 256, 21941.000000, 7071296, 7344160, 61184
malloc, 512, 22029.000000, 7072288, 7344160, 61216
malloc, 1024, 22194.000000, 7074304, 7344160, 61248
malloc, 2048, 23167.000000, 7078368, 7344160, 61280
malloc, 4096, 23632.000000, 7086528, 7344160, 61312
malloc, 8192, 22130.000000, 7102880, 7344160, 61344
malloc, 32, 21374.000000, 7103360, 7344160, 61344
malloc, 64, 21140.000000, 7103840, 7344160, 61344
malloc, 128, 21121.000000, 7104320, 7344160, 61376
malloc, 256, 21731.000000, 7104800, 7344160, 61440
malloc, 512, 22242.000000, 7105792, 7344160, 61504
malloc, 1024, 23163.000000, 7107808, 7344160, 61568
malloc, 2048, 24211.000000, 7111872, 7344160, 61632
malloc, 4096, 23653.000000, 7120032, 7344160, 61664
malloc, 8192, 23727.000000, 7136384, 7344160, 61760
malloc, 32, 21641.000000, 7136864, 7344160, 61760
malloc, 64, 21404.000000, 7137344, 7344160, 61760
malloc, 128, 21298.000000, 7137824, 7344160, 61792
malloc, 256, 21990.000000, 7138304, 7344160, 61824
malloc, 512, 22168.000000, 7139296, 7344160, 61856
malloc, 1024, 22658.000000, 7141312, 7344160, 61888
malloc, 2048, 23438.000000, 7145376, 7344160, 61920
malloc, 4096, 23945.000000, 7153536, 7344160, 61952
malloc, 8192, 22484.000000, 7169888, 7344160, 61984
malloc, 32, 21602.000000, 7170368, 7344160, 61984
malloc, 64, 21403.000000, 7170848, 7344160, 61984
malloc, 128, 21380.000000, 7171328, 7344160, 62016
malloc, 256, 22308.000000, 7171808, 7344160, 62080
malloc, 512, 22409.000000, 7172800, 7344160, 62112
malloc, 1024, 22429.000000, 7174816, 7344160, 62144
malloc, 2048, 24834.000000, 7178880, 7344160, 62176
malloc, 4096, 23688.000000, 7187040, 7344160, 62208
malloc, 8192, 23173.000000, 7203392, 7344160, 62272
malloc, 32, 24429.000000, 7203872, 7344160, 62272
malloc, 64, 21934.000000, 7204352, 7344160, 62272
malloc, 128, 21549.000000, 7204832, 7344160, 62304
malloc, 256, 22175.000000, 7205312, 7344160, 62336
malloc, 512, 22601.000000, 7206304, 7344160, 62368
malloc, 1024, 22327.000000, 7208320, 7344160, 62400
malloc, 2048, 23810.000000, 7212384, 7344160, 62432
malloc, 4096, 24077.000000, 7220544, 7344160, 62464
malloc, 8192, 22646.000000, 7236896, 7344160, 62496
malloc, 32, 21852.000000, 7237376, 7344160, 62496
malloc, 64, 21594.000000, 7237856, 7344160, 62496
malloc, 128, 21555.000000, 7238336, 7344160, 62528
malloc, 256, 22519.000000, 7238816, 7344160, 62592
malloc, 512, 22727.000000, 7239808, 7344160, 62656
malloc, 1024, 22604.000000, 7241824, 7344160, 62688
malloc, 2048, 23740.000000, 7245888, 7344160, 62720
malloc, 4096, 23846.000000, 7254048, 7344160, 62752
malloc, 8192, 36688.000000, 7270400, 8392736, 62976
malloc, 32, 24582.000000, 7270880, 8392736, 62976
malloc, 64, 22555.000000, 7271360, 8392736, 62976
malloc, 128, 21742.000000, 7271840, 8392736, 63008
malloc, 256, 22437.000000, 7272320, 8392736, 63040
malloc, 512, 22508.000000, 7273312, 8392736, 63072
malloc, 1024, 22666.000000, 7275328, 8392736, 63104
malloc, 2048, 24538.000000, 7279392, 8392736, 63136
malloc, 4096, 24296.000000, 7287552, 8392736, 63168
malloc, 8192, 22933.000000, 7303904, 8392736, 63200
malloc, 32, 22089.000000, 7304384, 8392736, 63200
malloc, 64, 21916.000000, 7304864, 8392736, 63200
malloc, 128, 21927.000000, 7305344, 8392736, 63232
malloc, 256, 22527.000000, 7305824, 8392736, 63296
malloc, 512, 22779.000000, 7306816, 8392736, 63328
malloc, 1024, 22791.000000, 7308832, 8392736, 63360
malloc, 2048, 23882.000000, 7312896, 8392736, 63392
malloc, 4096, 24206.000000, 7321056, 8392736, 63424
malloc, 8192, 23750.000000, 7337408, 8392736, 63488
malloc, 32, 22196.000000, 7337888, 8392736, 63488
malloc, 64, 22007.000000, 7338368, 8392736, 63488
malloc, 128, 21990.000000, 7338848, 8392736, 63520
malloc, 256, 22890.000000, 7339328, 8392736, 63552
malloc, 512, 22841.000000, 7340320, 8392736, 63584
malloc, 1024, 22990.000000, 7342336, 8392736, 63616
malloc, 2048, 27662.000000, 7346400, 8392736, 63648
malloc, 4096, 24894.000000, 7354560, 8392736, 63680
malloc, 8192, 23099.000000, 7370912, 8392736, 63712
malloc, 32, 22325.000000, 7371392, 8392736, 63712
malloc, 64, 22131.000000, 7371872, 8392736, 63712
malloc, 128, 22040.000000, 7372352, 8392736, 63744
malloc, 256, 22925.000000, 7372832, 8392736, 63808
malloc, 512, 22889.000000, 7373824, 8392736, 63872
malloc, 1024, 24228.000000, 7375840, 8392736, 63936
malloc, 2048, 24605.000000, 7379904, 8392736, 63968
malloc, 4096, 25733.000000, 7388064, 8392736, 64000
malloc, 8192, 25954.000000, 7404416, 8392736, 64096
malloc, 32, 24487.000000, 7404896, 8392736, 64096
malloc, 64, 22689.000000, 7405376, 8392736, 64096
malloc, 128, 22241.000000, 7405856, 8392736, 64128
malloc, 256, 23082.000000, 7406336, 8392736, 64160
malloc, 512, 23375.000000, 7407328, 8392736, 64192
malloc, 1024, 23081.000000, 7409344, 8392736, 64224
malloc, 2048, 25184.000000, 7413408, 8392736, 64256
malloc, 4096, 24795.000000, 7421568, 8392736, 64288
malloc, 8192, 23270.000000, 7437920, 8392736, 64320
malloc, 32, 22388.000000, 7438400, 8392736, 64320
malloc, 64, 22273.000000, 7438880, 8392736, 64320
free, 32, 58.000000, 7438396, 8392736, 64320
free, 256, 40.000000, 7437912, 8392736, 64320
free, 2048, 36.000000, 7433848, 8392736, 64320
free, 32, 43.000000, 7433364, 8392736, 64320
free, 256, 18.000000, 7432880, 8392736, 64320
free, 2048, 38.000000, 7428816, 8392736, 64320
free, 32, 19.000000, 7428336, 8392736, 64320
free, 256, 27.000000, 7427856, 8392736, 64320
free, 2048, 42.000000, 7423792, 8392736, 64320
free, 32, 19.000000, 7423312, 8392736, 64320
free, 256, 19.000000, 7422832, 8392736, 64320
free, 2048, 39.000000, 7418768, 8392736, 64320
free, 32, 37.000000, 7418288, 8392736, 64320
free, 256, 35.000000, 7417808, 8392736, 64320
free, 2048, 34.000000, 7413744, 8392736, 64320
free, 32, 38.000000, 7413264, 8392736, 64320
free, 256, 23.000000, 7412784, 8392736, 64320
free, 2048, 42.000000, 7408720, 8392736, 64320
free, 32, 38.000000, 7408240, 8392736, 64320
free, 256, 34.000000, 7407760, 8392736, 64320
free, 2048, 35.000000, 7403696, 8392736, 64320
free, 32, 31.000000, 7403216, 8392736, 64320
free, 256, 36.000000, 7402736, 8392736, 64320
free, 2048, 43.000000, 7398672, 8392736, 64320
free, 32, 27.000000, 7398192, 8392736, 64320
free, 256, 28.000000, 7397712, 8392736, 64320
free, 2048, 40.000000, 7393648, 8392736, 64320
free, 32, 38.000000, 7393168, 8392736, 64320
free, 256, 20.000000, 7392688, 8392736, 64320
free, 2048, 41.000000, 7388624, 8392736, 64320
free, 32, 31.000000, 7388144, 8392736, 64320
free, 256, 34.000000, 7387664, 8392736, 64320
free, 2048, 40.000000, 7383600, 8392736, 64320
free, 32, 31.000000, 7383120, 8392736, 64320
free, 256, 35.000000, 7382640, 8392736, 64320
free, 2048, 39.000000, 7378576, 8392736, 64320
free, 32, 46.000000, 7378096, 8392736, 64320
free, 256, 28.000000, 7377616, 8392736, 64320
free, 2048, 40.000000, 7373552, 8392736, 64320
free, 32, 40.000000, 7373072, 8392736, 64320
free, 256, 22.000000, 7372592, 8392736, 64320
free, 2048, 39.000000, 7368528, 8392736, 64320
free, 32, 41.000000, 7368048, 8392736, 64320
free, 256, 37.000000, 7367568, 8392736, 64320
free, 2048, 38.000000, 7363504, 8392736, 64320
free, 32, 37.000000, 7363024, 8392736, 64320
free, 256, 35.000000, 7362544, 8392736, 64320
free, 2048, 38.000000, 7358480, 8392736, 64320
free, 32, 36.000000, 7358000, 8392736, 64320
free, 256, 33.000000, 7357520, 8392736, 64320
free, 2048, 38.000000, 7353456, 8392736, 64320
free, 32, 41.000000, 7352976, 8392736, 64320
free, 256, 20.000000, 7352496, 8392736, 64320
free, 2048, 39.000000, 7348432, 8392736, 64320
free, 32, 40.000000, 7347952, 8392736, 64320
free, 256, 37.000000, 7347472, 8392736, 64320
free, 2048, 38.000000, 7343408, 8392736, 64320
free, 32, 43.000000, 7342928, 8392736, 64320
free, 256, 39.000000, 7342448, 8392736, 64320
free, 2048, 37.000000, 7338384, 8392736, 64320
free, 32, 35.000000, 7337904, 8392736, 64320
free, 256, 31.000000, 7337424, 8392736, 64320
free, 2048, 38.000000, 7333360, 8392736, 64320
free, 32, 35.000000, 7332880, 8392736, 64320
free, 256, 22.000000, 7332400, 8392736, 64320
free, 2048, 40.000000, 7328336, 8392736, 64320
free, 32, 37.000000, 7327856, 8392736, 64320
free, 256, 39.000000, 7327376, 8392736, 64320
free, 2048, 38.000000, 7323312, 8392736, 64320
free, 32, 40.000000, 7322832, 8392736, 64320
free, 256, 39.000000, 7322352, 8392736, 64320
free, 2048, 39.000000, 7318288, 8392736, 64320
free, 32, 35.000000, 7317808, 8392736, 64320
free, 256, 28.000000, 7317328, 8392736, 64320
free, 2048, 41.000000, 7313264, 8392736, 64320
free, 32, 28.000000, 7312784, 8392736, 64320
free, 256, 21.000000, 7312304, 8392736, 64320
free, 2048, 37.000000, 7308240, 8392736, 64320
free, 32, 40.000000, 7307760, 8392736, 64320
free, 256, 31.000000, 7307280, 8392736, 64320
free, 2048, 40.000000, 7303216, 8392736, 64320
free, 32, 41.000000, 7302736, 8392736, 64320
free, 256, 38.000000, 7302256, 8392736, 64320
free, 2048, 38.000000, 7298192, 8392736, 64320
free, 32, 43.000000, 7297712, 8392736, 64320
free, 256, 32.000000, 7297232, 8392736, 64320
free, 2048, 37.000000, 7293168, 8392736, 64320
free, 32, 40.000000, 7292688, 8392736, 64320
free, 256, 34.000000, 7292208, 8392736, 64320
free, 2048, 40.000000, 7288144, 8392736, 64320
free, 32, 39.000000, 7287664, 8392736, 64320
free, 256, 37.000000, 7287184, 8392736, 64320
free, 2048, 38.000000, 7283120, 8392736, 64320
free, 32, 43.000000, 7282640, 8392736, 64320
free, 256, 35.000000, 7282160, 8392736, 64320
free, 2048, 46.000000, 7278096, 8392736, 64320
free, 32, 38.000000, 7277616, 8392736, 64320
free, 256, 34.000000, 7277136, 8392736, 64320
free, 2048, 39.000000, 7273072, 8392736, 64320
free, 32, 33.000000, 7272592, 8392736, 64320
free, 256, 22.000000, 7272112, 8392736, 64320
free, 2048, 40.000000, 7268048, 8392736, 64320
free, 32, 41.000000, 7267568, 8392736, 64320
free, 256, 39.000000, 7267088, 8392736, 64320
free, 2048, 37.000000, 7263024, 8392736, 64320
free, 32, 40.000000, 7262544, 8392736, 64320
free, 256, 39.000000, 7262064, 8392736, 64320
free, 2048, 41.000000, 7258000, 8392736, 64320
free, 32, 42.000000, 7257520, 8392736, 64320
free, 256, 36.000000, 7257040, 8392736, 64320
free, 2048, 38.000000, 7252976, 8392736, 64320
free, 32, 35.000000, 7252496, 8392736, 64320
free, 256, 20.000000, 7252016, 8392736, 64320
free, 2048, 42.000000, 7247952, 8392736, 64320
free, 32, 38.000000, 7247472, 8392736, 64320
free, 256, 36.000000, 7246992, 8392736, 64320
free, 2048, 41.000000, 7242928, 8392736, 64320
free, 32, 38.000000, 7242448, 8392736, 64320
free, 256, 40.000000, 7241968, 8392736, 64320
free, 2048, 37.000000, 7237904, 8392736, 64320
free, 32, 40.000000, 7237424, 8392736, 64320
free, 256, 33.000000, 7236944, 8392736, 64320
free, 2048, 38.000000, 7232880, 8392736, 64320
free, 32, 27.000000, 7232400, 8392736, 64320
free, 256, 28.000000, 7231920, 8392736, 64320
free, 2048, 42.000000, 7227856, 8392736, 64320
free, 32, 43.000000, 7227376, 8392736, 64320
free, 256, 37.000000, 7226896, 8392736, 64320
free, 2048, 35.000000, 7222832, 8392736, 64320
free, 32, 31.000000, 7222352, 8392736, 64320
free, 256, 38.000000, 7221872, 8392736, 64320
free, 2048, 39.000000, 7217808, 8392736, 64320
free, 32, 38.000000, 7217328, 8392736, 64320
free, 256, 38.000000, 7216848, 8392736, 64320
free, 2048, 40.000000, 7212784, 8392736, 64320
free, 32, 37.000000, 7212304, 8392736, 64320
free, 256, 37.000000, 7211824, 8392736, 64320
free, 2048, 43.000000, 7207760, 8392736, 64320
free, 32, 36.000000, 7207280, 8392736, 64320
free, 256, 37.000000, 7206800, 8392736, 64320
free, 2048, 37.000000, 7202736, 8392736, 64320
free, 32, 37.000000, 7202256, 8392736, 64320
free, 256, 38.000000, 7201776, 8392736, 64320
free, 2048, 41.000000, 7197712, 8392736, 64320
free, 32, 37.000000, 7197232, 8392736, 64320
free, 256, 39.000000, 7196752, 8392736, 64320
free, 2048, 45.000000, 7192688, 8392736, 64320
free, 32, 42.000000, 7192208, 8392736, 64320
free, 256, 37.000000, 7191728, 8392736, 64320
free, 2048, 66.000000, 7187664, 8392736, 64320
free, 32, 34.000000, 7187184, 8392736, 64320
free, 256, 35.000000, 7186704, 8392736, 64320
free, 2048, 38.000000, 7182640, 8392736, 64320
free, 32, 36.000000, 7182160, 8392736, 64320
free, 256, 34.000000, 7181680, 8392736, 64320
free, 2048, 43.000000, 7177616, 8392736, 64320
free, 32, 39.000000, 7177136, 8392736, 64320
free, 256, 39.000000, 7176656, 8392736, 64320
free, 2048, 40.000000, 7172592, 8392736, 64320
free, 32, 39.000000, 7172112, 8392736, 64320
free, 256, 33.000000, 7171632, 8392736, 64320
free, 2048, 38.000000, 7167568, 8392736, 64320
free, 32, 38.000000, 7167088, 8392736, 64320
free, 256, 41.000000, 7166608, 8392736, 64320
free, 2048, 38.000000, 7162544, 8392736, 64320
free, 32, 38.000000, 7162064, 8392736, 64320
free, 256, 44.000000, 7161584, 8392736, 64320
free, 2048, 43.000000, 7157520, 8392736, 64320
free, 32, 31.000000, 7157040, 8392736, 64320
free, 256, 39.000000, 7156560, 8392736, 64320
free, 2048, 38.000000, 7152496, 8392736, 64320
free, 32, 28.000000, 7152016, 8392736, 64320
free, 256, 39.000000, 7151536, 8392736, 64320
free, 2048, 41.000000, 7147472, 8392736, 64320
free, 32, 34.000000, 7146992, 8392736, 64320
free, 256, 33.000000, 7146512, 8392736, 64320
free, 2048, 37.000000, 7142448, 8392736, 64320
free, 32, 36.000000, 7141968, 8392736, 64320
free, 256, 39.000000, 7141488, 8392736, 64320
free, 2048, 40.000000, 7137424, 8392736, 64320
free, 32, 38.000000, 7136944, 8392736, 64320
free, 256, 38.000000, 7136464, 8392736, 64320
free, 2048, 38.000000, 7132400, 8392736, 64320
free, 32, 36.000000, 7131920, 8392736, 64320
free, 256, 40.000000, 7131440, 8392736, 64320
free, 2048, 38.000000, 7127376, 8392736, 64320
free, 32, 41.000000, 7126896, 8392736, 64320
free, 256, 37.000000, 7126416, 8392736, 64320
free, 2048, 35.000000, 7122352, 8392736, 64320
free, 32, 37.000000, 7121872, 8392736, 64320
free, 256, 37.000000, 7121392, 8392736, 64320
free, 2048, 40.000000, 7117328, 8392736, 64320
free, 32, 36.000000, 7116848, 8392736, 64320
free, 256, 34.000000, 7116368, 8392736, 64320
free, 2048, 36.000000, 7112304, 8392736, 64320
free, 32, 37.000000, 7111824, 8392736, 64320
free, 256, 28.000000, 7111344, 8392736, 64320
free, 2048, 39.000000, 7107280, 8392736, 64320
free, 32, 43.000000, 7106800, 8392736, 64320
free, 256, 38.000000, 7106320, 8392736, 64320
free, 2048, 38.000000, 7102256, 8392736, 64320
free, 32, 39.000000, 7101776, 8392736, 64320
free, 256, 37.000000, 7101296, 8392736, 64320
free, 2048, 38.000000, 7097232, 8392736, 64320
free, 32, 38.000000, 7096752, 8392736, 64320
free, 256, 33.000000, 7096272, 8392736, 64320
free, 2048, 34.000000, 7092208, 8392736, 64320
free, 32, 40.000000, 7091728, 8392736, 64320
free, 256, 39.000000, 7091248, 8392736, 64320
free, 2048, 38.000000, 7087184, 8392736, 64320
free, 32, 39.000000, 7086704, 8392736, 64320
free, 256, 37.000000, 7086224, 8392736, 64320
free, 2048, 43.000000, 7082160, 8392736, 64320
free, 32, 34.000000, 7081680, 8392736, 64320
free, 256, 39.000000, 7081200, 8392736, 64320
free, 2048, 41.000000, 7077136, 8392736, 64320
free, 32, 41.000000, 7076656, 8392736, 64320
free, 256, 37.000000, 7076176, 8392736, 64320
free, 2048, 38.000000, 7072112, 8392736, 64320
free, 32, 28.000000, 7071632, 8392736, 64320
free, 256, 27.000000, 7071152, 8392736, 64320
free, 2048, 38.000000, 7067088, 8392736, 64320
free, 32, 32.000000, 7066608, 8392736, 64320
free, 256, 33.000000, 7066128, 8392736, 64320
free, 2048, 44.000000, 7062064, 8392736, 64320
free, 32, 33.000000, 7061584, 8392736, 64320
free, 256, 39.000000, 7061104, 8392736, 64320
free, 2048, 40.000000, 7057040, 8392736, 64320
free, 32, 37.000000, 7056560, 8392736, 64320
free, 256, 32.000000, 7056080, 8392736, 64320
free, 2048, 39.000000, 7052016, 8392736, 64320
free, 32, 39.000000, 7051536, 8392736, 64320
free, 256, 23.000000, 7051056, 8392736, 64320
free, 2048, 36.000000, 7046992, 8392736, 64320
free, 32, 43.000000, 7046512, 8392736, 64320
free, 256, 39.000000, 7046032, 8392736, 64320
free, 2048, 37.000000, 7041968, 8392736, 64320
free, 32, 36.000000, 7041488, 8392736, 64320
free, 256, 36.000000, 7041008, 8392736, 64320
free, 2048, 36.000000, 7036944, 8392736, 64320
free, 32, 37.000000, 7036464, 8392736, 64320
free, 256, 39.000000, 7035984, 8392736, 64320
free, 2048, 40.000000, 7031920, 8392736, 64320
free, 32, 36.000000, 7031440, 8392736, 64320
free, 256, 28.000000, 7030960, 8392736, 64320
free, 2048, 40.000000, 7026896, 8392736, 64320
free, 32, 38.000000, 7026416, 8392736, 64320
free, 256, 38.000000, 7025936, 8392736, 64320
free, 2048, 40.000000, 7021872, 8392736, 64320
free, 32, 40.000000, 7021392, 8392736, 64320
free, 256, 40.000000, 7020912, 8392736, 64320
free, 2048, 37.000000, 7016848, 8392736, 64320
free, 32, 38.000000, 7016368, 8392736, 64320
free, 256, 40.000000, 7015888, 8392736, 64320
free, 2048, 40.000000, 7011824, 8392736, 64320
free, 32, 39.000000, 7011344, 8392736, 64320
free, 256, 39.000000, 7010864, 8392736, 64320
free, 2048, 41.000000, 7006800, 8392736, 64320
free, 32, 34.000000, 7006320, 8392736, 64320
free, 256, 36.000000, 7005840, 8392736, 64320
free, 2048, 39.000000, 7001776, 8392736, 64320
free, 32, 36.000000, 7001296, 8392736, 64320
free, 256, 36.000000, 7000816, 8392736, 64320
free, 2048, 41.000000, 6996752, 8392736, 64320
free, 32, 37.000000, 6996272, 8392736, 64320
free, 256, 33.000000, 6995792, 8392736, 64320
free, 2048, 37.000000, 6991728, 8392736, 64320
free, 32, 31.000000, 6991248, 8392736, 64320
free, 256, 33.000000, 6990768, 8392736, 64320
free, 2048, 40.000000, 6986704, 8392736, 64320
free, 32, 42.000000, 6986224, 8392736, 64320
free, 256, 39.000000, 6985744, 8392736, 64320
free, 2048, 41.000000, 6981680, 8392736, 64320
free, 32, 39.000000, 6981200, 8392736, 64320
free, 256, 41.000000, 6980720, 8392736, 64320
free, 2048, 43.000000, 6976656, 8392736, 64320
free, 32, 37.000000, 6976176, 8392736, 64320
free, 256, 34.000000, 6975696, 8392736, 64320
free, 2048, 43.000000, 6971632, 8392736, 64320
free, 32, 39.000000, 6971152, 8392736, 64320
free, 256, 33.000000, 6970672, 8392736, 64320
free, 2048, 42.000000, 6966608, 8392736, 64320
free, 32, 42.000000, 6966128, 8392736, 64320
free, 256, 37.000000, 6965648, 8392736, 64320
free, 2048, 40.000000, 6961584, 8392736, 64320
free, 32, 39.000000, 6961104, 8392736, 64320
free, 256, 37.000000, 6960624, 8392736, 64320
free, 2048, 37.000000, 6956560, 8392736, 64320
free, 32, 38.000000, 6956080, 8392736, 64320
free, 256, 38.000000, 6955600, 8392736, 64320
free, 2048, 38.000000, 6951536, 8392736, 64320
free, 32, 40.000000, 6951056, 8392736, 64320
free, 256, 28.000000, 6950576, 8392736, 64320
free, 2048, 40.000000, 6946512, 8392736, 64320
free, 32, 39.000000, 6946032, 8392736, 64320
free, 256, 33.000000, 6945552, 8392736, 64320
free, 2048, 42.000000, 6941488, 8392736, 64320
free, 32, 39.000000, 6941008, 8392736, 64320
free, 256, 37.000000, 6940528, 8392736, 64320
free, 2048, 41.000000, 6936464, 8392736, 64320
free, 32, 38.000000, 6935984, 8392736, 64320
free, 256, 34.000000, 6935504, 8392736, 64320
free, 2048, 45.000000, 6931440, 8392736, 64320
free, 32, 42.000000, 6930960, 8392736, 64320
free, 256, 28.000000, 6930480, 8392736, 64320
free, 2048, 38.000000, 6926416, 8392736, 64320
free, 32, 39.000000, 6925936, 8392736, 64320
free, 256, 38.000000, 6925456, 8392736, 64320
free, 2048, 42.000000, 6921392, 8392736, 64320
free, 32, 38.000000, 6920912, 8392736, 64320
free, 256, 34.000000, 6920432, 8392736, 64320
free, 2048, 42.000000, 6916368, 8392736, 64320
free, 32, 38.000000, 6915888, 8392736, 64320
free, 256, 32.000000, 6915408, 8392736, 64320
free, 2048, 41.000000, 6911344, 8392736, 64320
free, 32, 29.000000, 6910864, 8392736, 64320
free, 256, 30.000000, 6910384, 8392736, 64320
free, 2048, 42.000000, 6906320, 8392736, 64320
free, 32, 38.000000, 6905840, 8392736, 64320
free, 256, 34.000000, 6905360, 8392736, 64320
free, 2048, 41.000000, 6901296, 8392736, 64320
free, 32, 31.000000, 6900816, 8392736, 64320
free, 256, 36.000000, 6900336, 8392736, 64320
free, 2048, 41.000000, 6896272, 8392736, 64320
free, 32, 42.000000, 6895792, 8392736, 64320
free, 256, 33.000000, 6895312, 8392736, 64320
free, 2048, 37.000000, 6891248, 8392736, 64320
free, 32, 37.000000, 6890768, 8392736, 64320
free, 256, 23.000000, 6890288, 8392736, 64320
free, 2048, 41.000000, 6886224, 8392736, 64320
free, 32, 38.000000, 6885744, 8392736, 64320
free, 256, 37.000000, 6885264, 8392736, 64320
free, 2048, 41.000000, 6881200, 8392736, 64320
free, 32, 41.000000, 6880720, 8392736, 64320
free, 256, 39.000000, 6880240, 8392736, 64320
free, 2048, 42.000000, 6876176, 8392736, 64320
free, 32, 39.000000, 6875696, 8392736, 64320
free, 256, 34.000000, 6875216, 8392736, 64320
free, 2048, 52.000000, 6871152, 8392736, 64320
free, 32, 41.000000, 6870672, 8392736, 64320
free, 256, 23.000000, 6870192, 8392736, 64320
free, 2048, 43.000000, 6866128, 8392736, 64320
free, 32, 46.000000, 6865648, 8392736, 64320
free, 256, 39.000000, 6865168, 8392736, 64320
free, 2048, 40.000000, 6861104, 8392736, 64320
free, 32, 37.000000, 6860624, 8392736, 64320
free, 256, 31.000000, 6860144, 8392736, 64320
free, 2048, 43.000000, 6856080, 8392736, 64320
free, 32, 39.000000, 6855600, 8392736, 64320
free, 256, 40.000000, 6855120, 8392736, 64320
free, 2048, 35.000000, 6851056, 8392736, 64320
free, 32, 41.000000, 6850576, 8392736, 64320
free, 256, 32.000000, 6850096, 8392736, 64320
free, 2048, 37.000000, 6846032, 8392736, 64320
free, 32, 35.000000, 6845552, 8392736, 64320
free, 256, 38.000000, 6845072, 8392736, 64320
free, 2048, 36.000000, 6841008, 8392736, 64320
free, 32, 41.000000, 6840528, 8392736, 64320
free, 256, 36.000000, 6840048, 8392736, 64320
free, 2048, 40.000000, 6835984, 8392736, 64320
free, 32, 36.000000, 6835504, 8392736, 64320
free, 256, 34.000000, 6835024, 8392736, 64320
free, 2048, 39.000000, 6830960, 8392736, 64320
free, 32, 29.000000, 6830480, 8392736, 64320
free, 256, 26.000000, 6830000, 8392736, 64320
free, 2048, 41.000000, 6825936, 8392736, 64320
free, 32, 39.000000, 6825456, 8392736, 64320
free, 256, 35.000000, 6824976, 8392736, 64320
free, 2048, 86.000000, 6820912, 8392736, 64320
free, 32, 58.000000, 6820432, 8392736, 64320
free, 256, 40.000000, 6819952, 8392736, 64320
free, 2048, 40.000000, 6815888, 8392736, 64320
free, 32, 44.000000, 6815408, 8392736, 64320
free, 256, 37.000000, 6814928, 8392736, 64320
free, 2048, 42.000000, 6810864, 8392736, 64320
free, 32, 48.000000, 6810384, 8392736, 64320
free, 256, 37.000000, 6809904, 8392736, 64320
free, 2048, 45.000000, 6805840, 8392736, 64320
free, 32, 43.000000, 6805360, 8392736, 64320
free, 256, 37.000000, 6804880, 8392736, 64320
free, 2048, 44.000000, 6800816, 8392736, 64320
free, 32, 41.000000, 6800336, 8392736, 64320
free, 256, 40.000000, 6799856, 8392736, 64320
free, 2048, 45.000000, 6795792, 8392736, 64320
free, 32, 45.000000, 6795312, 8392736, 64320
free, 256, 36.000000, 6794832, 8392736, 64320
free, 2048, 46.000000, 6790768, 8392736, 64320
free, 32, 40.000000, 6790288, 8392736, 64320
free, 256, 32.000000, 6789808, 8392736, 64320
free, 2048, 54.000000, 6785744, 8392736, 64320
free, 32, 43.000000, 6785264, 8392736, 64320
free, 256, 39.000000, 6784784, 8392736, 64320
free, 2048, 40.000000, 6780720, 8392736, 64320
free, 32, 40.000000, 6780240, 8392736, 64320
free, 256, 37.000000, 6779760, 8392736, 64320
free, 2048, 40.000000, 6775696, 8392736, 64320
free, 32, 45.000000, 6775216, 8392736, 64320
free, 256, 43.000000, 6774736, 8392736, 64320
free, 2048, 39.000000, 6770672, 8392736, 64320
free, 32, 38.000000, 6770192, 8392736, 64320
free, 256, 42.000000, 6769712, 8392736, 64320
free, 2048, 39.000000, 6765648, 8392736, 64320
free, 32, 39.000000, 6765168, 8392736, 64320
free, 256, 44.000000, 6764688, 8392736, 64320
free, 2048, 48.000000, 6760624, 8392736, 64320
free, 32, 40.000000, 6760144, 8392736, 64320
free, 256, 53.000000, 6759664, 8392736, 64320
free, 2048, 45.000000, 6755600, 8392736, 64320
free, 32, 41.000000, 6755120, 8392736, 64320
free, 256, 43.000000, 6754640, 8392736, 64320
free, 2048, 44.000000, 6750576, 8392736, 64320
free, 32, 39.000000, 6750096, 8392736, 64320
free, 256, 30.000000, 6749616, 8392736, 64320
free, 2048, 53.000000, 6745552, 8392736, 64320
free, 32, 38.000000, 6745072, 8392736, 64320
free, 256, 41.000000, 6744592, 8392736, 64320
free, 2048, 46.000000, 6740528, 8392736, 64320
free, 32, 39.000000, 6740048, 8392736, 64320
free, 256, 43.000000, 6739568, 8392736, 64320
free, 2048, 54.000000, 6735504, 8392736, 64320
free, 32, 38.000000, 6735024, 8392736, 64320
free, 256, 37.000000, 6734544, 8392736, 64320
free, 2048, 56.000000, 6730480, 8392736, 64320
free, 32, 38.000000, 6730000, 8392736, 64320
free, 256, 41.000000, 6729520, 8392736, 64320
free, 2048, 57.000000, 6725456, 8392736, 64320
free, 32, 42.000000, 6724976, 8392736, 64320
free, 256, 40.000000, 6724496, 8392736, 64320
free, 2048, 57.000000, 6720432, 8392736, 64320
free, 32, 40.000000, 6719952, 8392736, 64320
free, 256, 39.000000, 6719472, 8392736, 64320
free, 2048, 55.000000, 6715408, 8392736, 64320
free, 32, 42.000000, 6714928, 8392736, 64320
free, 256, 35.000000, 6714448, 8392736, 64320
free, 2048, 48.000000, 6710384, 8392736, 64320
free, 32, 42.000000, 6709904, 8392736, 64320
free, 256, 37.000000, 6709424, 8392736, 64320
free, 2048, 54.000000, 6705360, 8392736, 64320
free, 32, 46.000000, 6704880, 8392736, 64320
free, 256, 38.000000, 6704400, 8392736, 64320
free, 2048, 41.000000, 6700336, 8392736, 64320
free, 32, 44.000000, 6699856, 8392736, 64320
free, 256, 39.000000, 6699376, 8392736, 64320
free, 2048, 47.000000, 6695312, 8392736, 64320
free, 32, 45.000000, 6694832, 8392736, 64320
free, 256, 41.000000, 6694352, 8392736, 64320
free, 2048, 56.000000, 6690288, 8392736, 64320
free, 32, 42.000000, 6689808, 8392736, 64320
free, 256, 36.000000, 6689328, 8392736, 64320
free, 2048, 44.000000, 6685264, 8392736, 64320
free, 32, 41.000000, 6684784, 8392736, 64320
free, 256, 44.000000, 6684304, 8392736, 64320
free, 2048, 48.000000, 6680240, 8392736, 64320
free, 32, 45.000000, 6679760, 8392736, 64320
free, 256, 46.000000, 6679280, 8392736, 64320
free, 2048, 64.000000, 6675216, 8392736, 64320
free, 32, 39.000000, 6674736, 8392736, 64320
free, 256, 35.000000, 6674256, 8392736, 64320
free, 2048, 55.000000, 6670192, 8392736, 64320
free, 32, 37.000000, 6669712, 8392736, 64320
free, 256, 35.000000, 6669232, 8392736, 64320
free, 2048, 50.000000, 6665168, 8392736, 64320
free, 32, 40.000000, 6664688, 8392736, 64320
free, 256, 38.000000, 6664208, 8392736, 64320
free, 2048, 54.000000, 6660144, 8392736, 64320
free, 32, 41.000000, 6659664, 8392736, 64320
free, 256, 39.000000, 6659184, 8392736, 64320
free, 2048, 38.000000, 6655120, 8392736, 64320
free, 32, 36.000000, 6654640, 8392736, 64320
free, 256, 32.000000, 6654160, 8392736, 64320
free, 2048, 48.000000, 6650096, 8392736, 64320
free, 32, 44.000000, 6649616, 8392736, 64320
free, 256, 39.000000, 6649136, 8392736, 64320
free, 2048, 39.000000, 6645072, 8392736, 64320
free, 32, 40.000000, 6644592, 8392736, 64320
free, 256, 41.000000, 6644112, 8392736, 64320
free, 2048, 51.000000, 6640048, 8392736, 64320
free, 32, 36.000000, 6639568, 8392736, 64320
free, 256, 36.000000, 6639088, 8392736, 64320
free, 2048, 45.000000, 6635024, 8392736, 64320
free, 32, 38.000000, 6634544, 8392736, 64320
free, 256, 39.000000, 6634064, 8392736, 64320
free, 2048, 44.000000, 6630000, 8392736, 64320
free, 32, 40.000000, 6629520, 8392736, 64320
free, 256, 35.000000, 6629040, 8392736, 64320
free, 2048, 39.000000, 6624976, 8392736, 64320
free, 32, 40.000000, 6624496, 8392736, 64320
free, 256, 34.000000, 6624016, 8392736, 64320
free, 2048, 46.000000, 6619952, 8392736, 64320
free, 32, 43.000000, 6619472, 8392736, 64320
free, 256, 40.000000, 6618992, 8392736, 64320
free, 2048, 49.000000, 6614928, 8392736, 64320
free, 32, 46.000000, 6614448, 8392736, 64320
free, 256, 37.000000, 6613968, 8392736, 64320
free, 2048, 55.000000, 6609904, 8392736, 64320
free, 32, 40.000000, 6609424, 8392736, 64320
free, 256, 40.000000, 6608944, 8392736, 64320
free, 2048, 38.000000, 6604880, 8392736, 64320
free, 32, 35.000000, 6604400, 8392736, 64320
free, 256, 39.000000, 6603920, 8392736, 64320
free, 2048, 40.000000, 6599856, 8392736, 64320
free, 32, 36.000000, 6599376, 8392736, 64320
free, 256, 43.000000, 6598896, 8392736, 64320
free, 2048, 46.000000, 6594832, 8392736, 64320
free, 32, 40.000000, 6594352, 8392736, 64320
free, 256, 39.000000, 6593872, 8392736, 64320
free, 2048, 42.000000, 6589808, 8392736, 64320
free, 32, 26.000000, 6589328, 8392736, 64320
free, 256, 37.000000, 6588848, 8392736, 64320
free, 2048, 41.000000, 6584784, 8392736, 64320
free, 32, 34.000000, 6584304, 8392736, 64320
free, 256, 34.000000, 6583824, 8392736, 64320
free, 2048, 42.000000, 6579760, 8392736, 64320
free, 32, 32.000000, 6579280, 8392736, 64320
free, 256, 34.000000, 6578800, 8392736, 64320
free, 2048, 44.000000, 6574736, 8392736, 64320
free, 32, 48.000000, 6574256, 8392736, 64320
free, 256, 33.000000, 6573776, 8392736, 64320
free, 2048, 47.000000, 6569712, 8392736, 64320
free, 32, 39.000000, 6569232, 8392736, 64320
free, 256, 37.000000, 6568752, 8392736, 64320
free, 2048, 43.000000, 6564688, 8392736, 64320
free, 32, 43.000000, 6564208, 8392736, 64320
free, 256, 37.000000, 6563728, 8392736, 64320
free, 2048, 47.000000, 6559664, 8392736, 64320
free, 32, 34.000000, 6559184, 8392736, 64320
free, 256, 39.000000, 6558704, 8392736, 64320
free, 2048, 42.000000, 6554640, 8392736, 64320
free, 32, 41.000000, 6554160, 8392736, 64320
free, 256, 39.000000, 6553680, 8392736, 64320
free, 2048, 38.000000, 6549616, 8392736, 64320
free, 32, 39.000000, 6549136, 8392736, 64320
free, 256, 34.000000, 6548656, 8392736, 64320
free, 2048, 45.000000, 6544592, 8392736, 64320
free, 32, 40.000000, 6544112, 8392736, 64320
free, 256, 33.000000, 6543632, 8392736, 64320
free, 2048, 39.000000, 6539568, 8392736, 64320
free, 32, 41.000000, 6539088, 8392736, 64320
free, 256, 39.000000, 6538608, 8392736, 64320
free, 2048, 35.000000, 6534544, 8392736, 64320
free, 32, 40.000000, 6534064, 8392736, 64320
free, 256, 33.000000, 6533584, 8392736, 64320
free, 2048, 37.000000, 6529520, 8392736, 64320
free, 32, 37.000000, 6529040, 8392736, 64320
free, 256, 40.000000, 6528560, 8392736, 64320
free, 2048, 35.000000, 6524496, 8392736, 64320
free, 32, 37.000000, 6524016, 8392736, 64320
free, 256, 38.000000, 6523536, 8392736, 64320
free, 2048, 48.000000, 6519472, 8392736, 64320
free, 32, 38.000000, 6518992, 8392736, 64320
free, 256, 45.000000, 6518512, 8392736, 64320
free, 2048, 41.000000, 6514448, 8392736, 64320
free, 32, 35.000000, 6513968, 8392736, 64320
free, 256, 39.000000, 6513488, 8392736, 64320
free, 2048, 47.000000, 6509424, 8392736, 64320
free, 32, 28.000000, 6508944, 8392736, 64320
free, 256, 34.000000, 6508464, 8392736, 64320
free, 2048, 47.000000, 6504400, 8392736, 64320
free, 32, 38.000000, 6503920, 8392736, 64320
free, 256, 40.000000, 6503440, 8392736, 64320
free, 2048, 40.000000, 6499376, 8392736, 64320
free, 32, 43.000000, 6498896, 8392736, 64320
free, 256, 38.000000, 6498416, 8392736, 64320
free, 2048, 38.000000, 6494352, 8392736, 64320
free, 32, 34.000000, 6493872, 8392736, 64320
free, 256, 38.000000, 6493392, 8392736, 64320
free, 2048, 60.000000, 6489328, 8392736, 64320
free, 32, 38.000000, 6488848, 8392736, 64320
free, 256, 37.000000, 6488368, 8392736, 64320
free, 2048, 37.000000, 6484304, 8392736, 64320
free, 32, 39.000000, 6483824, 8392736, 64320
free, 256, 37.000000, 6483344, 8392736, 64320
free, 2048, 52.000000, 6479280, 8392736, 64320
free, 32, 49.000000, 6478800, 8392736, 64320
free, 256, 39.000000, 6478320, 8392736, 64320
free, 2048, 47.000000, 6474256, 8392736, 64320
free, 32, 41.000000, 6473776, 8392736, 64320
free, 256, 33.000000, 6473296, 8392736, 64320
free, 2048, 37.000000, 6469232, 8392736, 64320
free, 32, 41.000000, 6468752, 8392736, 64320
free, 256, 35.000000, 6468272, 8392736, 64320
free, 2048, 45.000000, 6464208, 8392736, 64320
free, 32, 40.000000, 6463728, 8392736, 64320
free, 256, 33.000000, 6463248, 8392736, 64320
free, 2048, 43.000000, 6459184, 8392736, 64320
free, 32, 37.000000, 6458704, 8392736, 64320
free, 256, 36.000000, 6458224, 8392736, 64320
free, 2048, 40.000000, 6454160, 8392736, 64320
free, 32, 40.000000, 6453680, 8392736, 64320
free, 256, 37.000000, 6453200, 8392736, 64320
free, 2048, 38.000000, 6449136, 8392736, 64320
free, 32, 44.000000, 6448656, 8392736, 64320
free, 256, 39.000000, 6448176, 8392736, 64320
free, 2048, 44.000000, 6444112, 8392736, 64320
free, 32, 35.000000, 6443632, 8392736, 64320
free, 256, 38.000000, 6443152, 8392736, 64320
free, 2048, 46.000000, 6439088, 8392736, 64320
free, 32, 35.000000, 6438608, 8392736, 64320
free, 256, 38.000000, 6438128, 8392736, 64320
free, 2048, 44.000000, 6434064, 8392736, 64320
free, 32, 36.000000, 6433584, 8392736, 64320
free, 256, 37.000000, 6433104, 8392736, 64320
free, 2048, 40.000000, 6429040, 8392736, 64320
free, 32, 29.000000, 6428560, 8392736, 64320
free, 256, 30.000000, 6428080, 8392736, 64320
free, 2048, 43.000000, 6424016, 8392736, 64320
free, 32, 34.000000, 6423536, 8392736, 64320
free, 256, 32.000000, 6423056, 8392736, 64320
free, 2048, 49.000000, 6418992, 8392736, 64320
free, 32, 36.000000, 6418512, 8392736, 64320
free, 256, 38.000000, 6418032, 8392736, 64320
free, 2048, 38.000000, 6413968, 8392736, 64320
free, 32, 41.000000, 6413488, 8392736, 64320
free, 256, 40.000000, 6413008, 8392736, 64320
free, 2048, 48.000000, 6408944, 8392736, 64320
free, 32, 41.000000, 6408464, 8392736, 64320
free, 256, 38.000000, 6407984, 8392736, 64320
free, 2048, 41.000000, 6403920, 8392736, 64320
free, 32, 38.000000, 6403440, 8392736, 64320
free, 256, 39.000000, 6402960, 8392736, 64320
free, 2048, 45.000000, 6398896, 8392736, 64320
free, 32, 38.000000, 6398416, 8392736, 64320
free, 256, 35.000000, 6397936, 8392736, 64320
free, 2048, 42.000000, 6393872, 8392736, 64320
free, 32, 37.000000, 6393392, 8392736, 64320
free, 256, 39.000000, 6392912, 8392736, 64320
free, 2048, 46.000000, 6388848, 8392736, 64320
free, 32, 38.000000, 6388368, 8392736, 64320
free, 256, 33.000000, 6387888, 8392736, 64320
free, 2048, 44.000000, 6383824, 8392736, 64320
free, 32, 38.000000, 6383344, 8392736, 64320
free, 256, 32.000000, 6382864, 8392736, 64320
free, 2048, 42.000000, 6378800, 8392736, 64320
free, 32, 42.000000, 6378320, 8392736, 64320
free, 256, 37.000000, 6377840, 8392736, 64320
free, 2048, 39.000000, 6373776, 8392736, 64320
free, 32, 40.000000, 6373296, 8392736, 64320
free, 256, 39.000000, 6372816, 8392736, 64320
free, 2048, 45.000000, 6368752, 8392736, 64320
free, 32, 41.000000, 6368272, 8392736, 64320
free, 256, 37.000000, 6367792, 8392736, 64320
free, 2048, 40.000000, 6363728, 8392736, 64320
free, 32, 37.000000, 6363248, 8392736, 64320
free, 256, 38.000000, 6362768, 8392736, 64320
free, 2048, 39.000000, 6358704, 8392736, 64320
free, 32, 44.000000, 6358224, 8392736, 64320
free, 256, 38.000000, 6357744, 8392736, 64320
free, 2048, 37.000000, 6353680, 8392736, 64320
free, 32, 32.000000, 6353200, 8392736, 64320
free, 256, 33.000000, 6352720, 8392736, 64320
free, 2048, 54.000000, 6348656, 8392736, 64320
free, 32, 30.000000, 6348176, 8392736, 64320
free, 256, 37.000000, 6347696, 8392736, 64320
free, 2048, 44.000000, 6343632, 8392736, 64320
free, 32, 40.000000, 6343152, 8392736, 64320
free, 256, 37.000000, 6342672, 8392736, 64320
free, 2048, 47.000000, 6338608, 8392736, 64320
free, 32, 35.000000, 6338128, 8392736, 64320
free, 256, 38.000000, 6337648, 8392736, 64320
free, 2048, 51.000000, 6333584, 8392736, 64320
free, 32, 50.000000, 6333104, 8392736, 64320
free, 256, 36.000000, 6332624, 8392736, 64320
free, 2048, 71.000000, 6328560, 8392736, 64320
free, 32, 53.000000, 6328080, 8392736, 64320
free, 256, 39.000000, 6327600, 8392736, 64320
free, 2048, 60.000000, 6323536, 8392736, 64320
free, 32, 37.000000, 6323056, 8392736, 64320
malloc, 80, 25549.000000, 6323536, 8392736, 64320
malloc, 528, 23547.000000, 6324528, 8392736, 64352
malloc, 4112, 26412.000000, 6332688, 8392736, 64384
malloc, 80, 23385.000000, 6333168, 8392736, 64384
malloc, 528, 22905.000000, 6334160, 8392736, 64416
malloc, 4112, 25999.000000, 6342320, 8392736, 64512
malloc, 80, 26824.000000, 6342800, 8392736, 64512
malloc, 528, 23213.000000, 6343792, 8392736, 64576
malloc, 4112, 24571.000000, 6351952, 8392736, 64608
malloc, 80, 23362.000000, 6352432, 8392736, 64608
malloc, 528, 22935.000000, 6353424, 8392736, 64640
malloc, 4112, 25062.000000, 6361584, 8392736, 64704
malloc, 80, 23065.000000, 6362064, 8392736, 64704
malloc, 528, 22831.000000, 6363056, 8392736, 64768
malloc, 4112, 24378.000000, 6371216, 8392736, 64800
malloc, 80, 22960.000000, 6371696, 8392736, 64800
malloc, 528, 22771.000000, 6372688, 8392736, 64832
malloc, 4112, 27527.000000, 6380848, 8392736, 64992
malloc, 80, 23291.000000, 6381328, 8392736, 64992
malloc, 528, 22883.000000, 6382320, 8392736, 65056
malloc, 4112, 24493.000000, 6390480, 8392736, 65088
malloc, 80, 23166.000000, 6390960, 8392736, 65088
malloc, 528, 22947.000000, 6391952, 8392736, 65120
malloc, 4112, 26014.000000, 6400112, 8392736, 65184
malloc, 80, 23390.000000, 6400592, 8392736, 65184
malloc, 528, 23045.000000, 6401584, 8392736, 65248
malloc, 4112, 25023.000000, 6409744, 8392736, 65280
malloc, 80, 23448.000000, 6410224, 8392736, 65280
malloc, 528, 23006.000000, 6411216, 8392736, 65312
malloc, 4112, 25879.000000, 6419376, 8392736, 65408
malloc, 80, 23526.000000, 6419856, 8392736, 65408
malloc, 528, 23136.000000, 6420848, 8392736, 65472
malloc, 4112, 24572.000000, 6429008, 8392736, 65504
malloc, 80, 25685.000000, 6429488, 8392736, 65504
malloc, 528, 24221.000000, 6430480, 8392736, 65536
malloc, 4112, 26329.000000, 6438640, 8392736, 65600
malloc, 80, 23659.000000, 6439120, 8392736, 65600
malloc, 528, 23211.000000, 6440112, 8392736, 65664
malloc, 4112, 24595.000000, 6448272, 8392736, 65696
malloc, 80, 23420.000000, 6448752, 8392736, 65696
malloc, 528, 23125.000000, 6449744, 8392736, 65728
malloc, 4112, 26788.000000, 6457904, 8392736, 65856
malloc, 80, 23493.000000, 6458384, 8392736, 65856
malloc, 528, 23248.000000, 6459376, 8392736, 65920
malloc, 4112, 24921.000000, 6467536, 8392736, 65952
malloc, 80, 23477.000000, 6468016, 8392736, 65952
malloc, 528, 26217.000000, 6469008, 8392736, 65984
malloc, 4112, 27846.000000, 6477168, 8392736, 66048
malloc, 80, 23939.000000, 6477648, 8392736, 66048
malloc, 528, 25161.000000, 6478640, 8392736, 66112
malloc, 4112, 28029.000000, 6486800, 8392736, 66144
malloc, 80, 24319.000000, 6487280, 8392736, 66144
malloc, 528, 24228.000000, 6488272, 8392736, 66176
malloc, 4112, 30461.000000, 6496432, 8392736, 66272
malloc, 80, 26047.000000, 6496912, 8392736, 66272
malloc, 528, 24230.000000, 6497904, 8392736, 66336
malloc, 4112, 25594.000000, 6506064, 8392736, 66368
malloc, 80, 23975.000000, 6506544, 8392736, 66368
malloc, 528, 23457.000000, 6507536, 8392736, 66400
malloc, 4112, 25923.000000, 6515696, 8392736, 66464
malloc, 80, 23846.000000, 6516176, 8392736, 66464
malloc, 528, 23430.000000, 6517168, 8392736, 66528
malloc, 4112, 24908.000000, 6525328, 8392736, 66560
malloc, 80, 23745.000000, 6525808, 8392736, 66560
malloc, 528, 23441.000000, 6526800, 8392736, 66592
malloc, 4112, 29076.000000, 6534960, 8392736, 66784
malloc, 80, 24125.000000, 6535440, 8392736, 66784
malloc, 528, 23683.000000, 6536432, 8392736, 66848
malloc, 4112, 26234.000000, 6544592, 8392736, 66880
malloc, 80, 24030.000000, 6545072, 8392736, 66880
malloc, 528, 23683.000000, 6546064, 8392736, 66912
malloc, 4112, 26160.000000, 6554224, 8392736, 66976
malloc, 80, 24184.000000, 6554704, 8392736, 66976
malloc, 528, 23734.000000, 6555696, 8392736, 67040
malloc, 4112, 25434.000000, 6563856, 8392736, 67072
malloc, 80, 24110.000000, 6564336, 8392736, 67072
malloc, 528, 23795.000000, 6565328, 8392736, 67104
malloc, 4112, 27021.000000, 6573488, 8392736, 67200
malloc, 80, 24077.000000, 6573968, 8392736, 67200
malloc, 528, 23937.000000, 6574960, 8392736, 67264
malloc, 4112, 25398.000000, 6583120, 8392736, 67296
malloc, 80, 24154.000000, 6583600, 8392736, 67296
malloc, 528, 23944.000000, 6584592, 8392736, 67328
malloc, 4112, 26230.000000, 6592752, 8392736, 67392
malloc, 80, 24199.000000, 6593232, 8392736, 67392
malloc, 528, 27188.000000, 6594224, 8392736, 67456
malloc, 4112, 26479.000000, 6602384, 8392736, 67488
malloc, 80, 24353.000000, 6602864, 8392736, 67488
malloc, 528, 23876.000000, 6603856, 8392736, 67520
malloc, 4112, 29717.000000, 6612016, 8392736, 67648
malloc, 80, 26228.000000, 6612496, 8392736, 67648
malloc, 528, 24487.000000, 6613488, 8392736, 67712
malloc, 4112, 26820.000000, 6621648, 8392736, 67744
malloc, 80, 24531.000000, 6622128, 8392736, 67744
malloc, 528, 24137.000000, 6623120, 8392736, 67776
malloc, 4112, 26461.000000, 6631280, 8392736, 67840
malloc, 80, 24524.000000, 6631760, 8392736, 67840
malloc, 528, 24197.000000, 6632752, 8392736, 67904
malloc, 4112, 25589.000000, 6640912, 8392736, 67936
malloc, 80, 24290.000000, 6641392, 8392736, 67936
malloc, 528, 24091.000000, 6642384, 8392736, 67968
malloc, 4112, 27273.000000, 6650544, 8392736, 68064
malloc, 80, 24566.000000, 6651024, 8392736, 68064
malloc, 528, 24080.000000, 6652016, 8392736, 68128
malloc, 4112, 25580.000000, 6660176, 8392736, 68160
malloc, 80, 24340.000000, 6660656, 8392736, 68160
malloc, 528, 24224.000000, 6661648, 8392736, 68192
malloc, 4112, 26351.000000, 6669808, 8392736, 68256
malloc, 80, 24578.000000, 6670288, 8392736, 68256
malloc, 528, 24276.000000, 6671280, 8392736, 68320
malloc, 4112, 28233.000000, 6679440, 8392736, 68352
malloc, 80, 25661.000000, 6679920, 8392736, 68352
malloc, 528, 24462.000000, 6680912, 8392736, 68384
malloc, 4112, 29766.000000, 6689072, 8392736, 68544
malloc, 80, 24934.000000, 6689552, 8392736, 68544
malloc, 528, 24521.000000, 6690544, 8392736, 68608
malloc, 4112, 25918.000000, 6698704, 8392736, 68640
malloc, 80, 24693.000000, 6699184, 8392736, 68640
malloc, 528, 24395.000000, 6700176, 8392736, 68672
malloc, 4112, 26837.000000, 6708336, 8392736, 68736
malloc, 80, 24799.000000, 6708816, 8392736, 68736
malloc, 528, 24391.000000, 6709808, 8392736, 68800
malloc, 4112, 25779.000000, 6717968, 8392736, 68832
malloc, 80, 24656.000000, 6718448, 8392736, 68832
malloc, 528, 28290.000000, 6719440, 8392736, 68864
malloc, 4112, 28752.000000, 6727600, 8392736, 68960
malloc, 80, 25118.000000, 6728080, 8392736, 68960
malloc, 528, 24706.000000, 6729072, 8392736, 69024
malloc, 4112, 26098.000000, 6737232, 8392736, 69056
malloc, 80, 24951.000000, 6737712, 8392736, 69056
malloc, 528, 24679.000000, 6738704, 8392736, 69088
malloc, 4112, 27150.000000, 6746864, 8392736, 69152
malloc, 80, 25132.000000, 6747344, 8392736, 69152
malloc, 528, 24666.000000, 6748336, 8392736, 69216
malloc, 4112, 26434.000000, 6756496, 8392736, 69248
malloc, 80, 25008.000000, 6756976, 8392736, 69248
malloc, 528, 24663.000000, 6757968, 8392736, 69280
malloc, 4112, 29404.000000, 6766128, 8392736, 69408
malloc, 80, 25137.000000, 6766608, 8392736, 69408
malloc, 528, 24708.000000, 6767600, 8392736, 69472
malloc, 4112, 26340.000000, 6775760, 8392736, 69504
malloc, 80, 25039.000000, 6776240, 8392736, 69504
malloc, 528, 24697.000000, 6777232, 8392736, 69536
malloc, 4112, 27450.000000, 6785392, 8392736, 69600
malloc, 80, 25160.000000, 6785872, 8392736, 69600
malloc, 528, 24784.000000, 6786864, 8392736, 69664
malloc, 4112, 26133.000000, 6795024, 8392736, 69696
malloc, 80, 25063.000000, 6795504, 8392736, 69696
malloc, 528, 24765.000000, 6796496, 8392736, 69728
malloc, 4112, 27805.000000, 6804656, 8392736, 69824
malloc, 80, 25197.000000, 6805136, 8392736, 69824
malloc, 528, 24891.000000, 6806128, 8392736, 69888
malloc, 4112, 26429.000000, 6814288, 8392736, 69920
malloc, 80, 28218.000000, 6814768, 8392736, 69920
malloc, 528, 27421.000000, 6815760, 8392736, 69952
malloc, 4112, 29266.000000, 6823920, 8392736, 70016
malloc, 80, 25576.000000, 6824400, 8392736, 70016
malloc, 528, 24960.000000, 6825392, 8392736, 70080
malloc, 4112, 26578.000000, 6833552, 8392736, 70112
malloc, 80, 25261.000000, 6834032, 8392736, 70112
malloc, 528, 24915.000000, 6835024, 8392736, 70144
malloc, 4112, 40323.000000, 6843184, 9441312, 70400
malloc, 80, 26573.000000, 6843664, 9441312, 70400
malloc, 528, 25213.000000, 6844656, 9441312, 70464
malloc, 4112, 26686.000000, 6852816, 9441312, 70496
malloc, 80, 25462.000000, 6853296, 9441312, 70496
malloc, 528, 25115.000000, 6854288, 9441312, 70528
malloc, 4112, 27504.000000, 6862448, 9441312, 70592
malloc, 80, 25316.000000, 6862928, 9441312, 70592
malloc, 528, 25289.000000, 6863920, 9441312, 70656
malloc, 4112, 26788.000000, 6872080, 9441312, 70688
malloc, 80, 25531.000000, 6872560, 9441312, 70688
malloc, 528, 25321.000000, 6873552, 9441312, 70720
malloc, 4112, 28468.000000, 6881712, 9441312, 70816
malloc, 80, 25680.000000, 6882192, 9441312, 70816
malloc, 528, 25249.000000, 6883184, 9441312, 70880
malloc, 4112, 26486.000000, 6891344, 9441312, 70912
malloc, 80, 25680.000000, 6891824, 9441312, 70912
malloc, 528, 25388.000000, 6892816, 9441312, 70944
malloc, 4112, 28619.000000, 6900976, 9441312, 71008
malloc, 80, 25645.000000, 6901456, 9441312, 71008
malloc, 528, 25468.000000, 6902448, 9441312, 71072
malloc, 4112, 26842.000000, 6910608, 9441312, 71104
malloc, 80, 25647.000000, 6911088, 9441312, 71104
malloc, 528, 25411.000000, 6912080, 9441312, 71136
malloc, 4112, 31834.000000, 6920240, 9441312, 71264
malloc, 80, 27636.000000, 6920720, 9441312, 71264
malloc, 528, 25693.000000, 6921712, 9441312, 71328
malloc, 4112, 27453.000000, 6929872, 9441312, 71360
malloc, 80, 25904.000000, 6930352, 9441312, 71360
malloc, 528, 25544.000000, 6931344, 9441312, 71392
malloc, 4112, 28107.000000, 6939504, 9441312, 71456
malloc, 80, 25921.000000, 6939984, 9441312, 71456
malloc, 528, 25620.000000, 6940976, 9441312, 71520
malloc, 4112, 27054.000000, 6949136, 9441312, 71552
malloc, 80, 25829.000000, 6949616, 9441312, 71552
malloc, 528, 25627.000000, 6950608, 9441312, 71584
malloc, 4112, 28940.000000, 6958768, 9441312, 71680
malloc, 80, 29643.000000, 6959248, 9441312, 71680
malloc, 528, 26181.000000, 6960240, 9441312, 71744
malloc, 4112, 27256.000000, 6968400, 9441312, 71776
malloc, 80, 25986.000000, 6968880, 9441312, 71776
malloc, 528, 25778.000000, 6969872, 9441312, 71808
malloc, 4112, 28755.000000, 6978032, 9441312, 71872
malloc, 80, 26025.000000, 6978512, 9441312, 71872
malloc, 528, 27899.000000, 6979504, 9441312, 71936
malloc, 4112, 29099.000000, 6987664, 9441312, 71968
malloc, 80, 26236.000000, 6988144, 9441312, 71968
malloc, 528, 25789.000000, 6989136, 9441312, 72000
malloc, 4112, 30521.000000, 6997296, 9441312, 72160
malloc, 80, 26261.000000, 6997776, 9441312, 72160
malloc, 528, 25888.000000, 6998768, 9441312, 72224
malloc, 4112, 27709.000000, 7006928, 9441312, 72256
malloc, 80, 26309.000000, 7007408, 9441312, 72256
malloc, 528, 25803.000000, 7008400, 9441312, 72288
malloc, 4112, 28274.000000, 7016560, 9441312, 72352
malloc, 80, 26250.000000, 7017040, 9441312, 72352
malloc, 528, 25822.000000, 7018032, 9441312, 72416
malloc, 4112, 27337.000000, 7026192, 9441312, 72448
malloc, 80, 26235.000000, 7026672, 9441312, 72448
malloc, 528, 25890.000000, 7027664, 9441312, 72480
malloc, 4112, 29060.000000, 7035824, 9441312, 72576
malloc, 80, 26238.000000, 7036304, 9441312, 72576
malloc, 528, 25963.000000, 7037296, 9441312, 72640
malloc, 4112, 28172.000000, 7045456, 9441312, 72672
malloc, 80, 26305.000000, 7045936, 9441312, 72672
malloc, 528, 26076.000000, 7046928, 9441312, 72704
malloc, 4112, 28154.000000, 7055088, 9441312, 72768
malloc, 80, 26351.000000, 7055568, 9441312, 72768
malloc, 528, 26123.000000, 7056560, 9441312, 72832
malloc, 4112, 27276.000000, 7064720, 9441312, 72864
malloc, 80, 26349.000000, 7065200, 9441312, 72864
malloc, 528, 26202.000000, 7066192, 9441312, 72896
malloc, 4112, 29631.000000, 7074352, 9441312, 73024
malloc, 80, 29786.000000, 7074832, 9441312, 73024
malloc, 528, 26735.000000, 7075824, 9441312, 73088
malloc, 4112, 27817.000000, 7083984, 9441312, 73120
malloc, 80, 26463.000000, 7084464, 9441312, 73120
malloc, 528, 26220.000000, 7085456, 9441312, 73152
malloc, 4112, 28314.000000, 7093616, 9441312, 73216
malloc, 80, 26375.000000, 7094096, 9441312, 73216
malloc, 528, 26332.000000, 7095088, 9441312, 73280
malloc, 4112, 28033.000000, 7103248, 9441312, 73312
malloc, 80, 26612.000000, 7103728, 9441312, 73312
malloc, 528, 26419.000000, 7104720, 9441312, 73344
malloc, 4112, 29233.000000, 7112880, 9441312, 73440
malloc, 80, 26618.000000, 7113360, 9441312, 73440
malloc, 528, 26521.000000, 7114352, 9441312, 73504
malloc, 4112, 29060.000000, 7122512, 9441312, 73536
malloc, 80, 26579.000000, 7122992, 9441312, 73536
malloc, 528, 26454.000000, 7123984, 9441312, 73568
malloc, 4112, 28585.000000, 7132144, 9441312, 73632
malloc, 80, 26628.000000, 7132624, 9441312, 73632
malloc, 528, 26468.000000, 7133616, 9441312, 73696
malloc, 4112, 27949.000000, 7141776, 9441312, 73728
malloc, 80, 26629.000000, 7142256, 9441312, 73728
malloc, 528, 26583.000000, 7143248, 9441312, 73760
malloc, 4112, 31836.000000, 7151408, 9441312, 73952
malloc, 80, 26888.000000, 7151888, 9441312, 73952
malloc, 528, 26698.000000, 7152880, 9441312, 74016
malloc, 4112, 28090.000000, 7161040, 9441312, 74048
malloc, 80, 26790.000000, 7161520, 9441312, 74048
malloc, 528, 26597.000000, 7162512, 9441312, 74080
malloc, 4112, 28997.000000, 7170672, 9441312, 74144
malloc, 80, 26883.000000, 7171152, 9441312, 74144
malloc, 528, 26629.000000, 7172144, 9441312, 74208
malloc, 4112, 28360.000000, 7180304, 9441312, 74240
malloc, 80, 26813.000000, 7180784, 9441312, 74240
malloc, 528, 26754.000000, 7181776, 9441312, 74272
malloc, 4112, 30529.000000, 7189936, 9441312, 74368
malloc, 80, 29892.000000, 7190416, 9441312, 74368
malloc, 528, 27168.000000, 7191408, 9441312, 74432
malloc, 4112, 28794.000000, 7199568, 9441312, 74464
malloc, 80, 26977.000000, 7200048, 9441312, 74464
malloc, 528, 26790.000000, 7201040, 9441312, 74496
malloc, 4112, 28998.000000, 7209200, 9441312, 74560
malloc, 80, 27012.000000, 7209680, 9441312, 74560
malloc, 528, 26813.000000, 7210672, 9441312, 74624
malloc, 4112, 28289.000000, 7218832, 9441312, 74656
malloc, 80, 26942.000000, 7219312, 9441312, 74656
malloc, 528, 26845.000000, 7220304, 9441312, 74688
malloc, 4112, 30580.000000, 7228464, 9441312, 74816
malloc, 80, 27089.000000, 7228944, 9441312, 74816
malloc, 528, 26910.000000, 7229936, 9441312, 74880
malloc, 4112, 28436.000000, 7238096, 9441312, 74912
malloc, 80, 27057.000000, 7238576, 9441312, 74912
malloc, 528, 27011.000000, 7239568, 9441312, 74944
malloc, 4112, 29072.000000, 7247728, 9441312, 75008
malloc, 80, 27046.000000, 7248208, 9441312, 75008
malloc, 528, 26984.000000, 7249200, 9441312, 75072
malloc, 4112, 28521.000000, 7257360, 9441312, 75104
malloc, 80, 27226.000000, 7257840, 9441312, 75104
malloc, 528, 27003.000000, 7258832, 9441312, 75136
malloc, 4112, 31128.000000, 7266992, 9441312, 75232
malloc, 80, 27386.000000, 7267472, 9441312, 75232
malloc, 528, 27074.000000, 7268464, 9441312, 75296
malloc, 4112, 28702.000000, 7276624, 9441312, 75328
malloc, 80, 27273.000000, 7277104, 9441312, 75328
malloc, 528, 27136.000000, 7278096, 9441312, 75360
malloc, 4112, 29533.000000, 7286256, 9441312, 75424
malloc, 80, 27461.000000, 7286736, 9441312, 75424
malloc, 528, 27222.000000, 7287728, 9441312, 75488
malloc, 4112, 28882.000000, 7295888, 9441312, 75520
malloc, 80, 27402.000000, 7296368, 9441312, 75520
malloc, 528, 27210.000000, 7297360, 9441312, 75552
malloc, 4112, 34557.000000, 7305520, 9441312, 75712
malloc, 80, 28226.000000, 7306000, 9441312, 75712
malloc, 528, 27243.000000, 7306992, 9441312, 75776
malloc, 4112, 28822.000000, 7315152, 9441312, 75808
malloc, 80, 27438.000000, 7315632, 9441312, 75808
malloc, 528, 27245.000000, 7316624, 9441312, 75840
malloc, 4112, 29495.000000, 7324784, 9441312, 75904
malloc, 80, 27413.000000, 7325264, 9441312, 75904
malloc, 528, 27206.000000, 7326256, 9441312, 75968
malloc, 4112, 33364.000000, 7334416, 9441312, 76000
malloc, 80, 30574.000000, 7334896, 9441312, 76000
malloc, 528, 28341.000000, 7335888, 9441312, 76032
malloc, 4112, 31243.000000, 7344048, 9441312, 76128
malloc, 80, 28007.000000, 7344528, 9441312, 76128
malloc, 528, 27455.000000, 7345520, 9441312, 76192
malloc, 4112, 29043.000000, 7353680, 9441312, 76224
malloc, 80, 27637.000000, 7354160, 9441312, 76224
malloc, 528, 27387.000000, 7355152, 9441312, 76256
malloc, 4112, 29688.000000, 7363312, 9441312, 76320
malloc, 80, 27691.000000, 7363792, 9441312, 76320
malloc, 528, 27575.000000, 7364784, 9441312, 76384
malloc, 4112, 28930.000000, 7372944, 9441312, 76416
malloc, 80, 27671.000000, 7373424, 9441312, 76416
malloc, 528, 27640.000000, 7374416, 9441312, 76448
malloc, 4112, 31077.000000, 7382576, 9441312, 76576
malloc, 80, 27777.000000, 7383056, 9441312, 76576
malloc, 528, 27726.000000, 7384048, 9441312, 76640
malloc, 4112, 28828.000000, 7392208, 9441312, 76672
malloc, 80, 27891.000000, 7392688, 9441312, 76672
malloc, 528, 27761.000000, 7393680, 9441312, 76704
malloc, 4112, 30990.000000, 7401840, 9441312, 76768
malloc, 80, 28050.000000, 7402320, 9441312, 76768
malloc, 528, 27842.000000, 7403312, 9441312, 76832
malloc, 4112, 29050.000000, 7411472, 9441312, 76864
malloc, 80, 31747.000000, 7411952, 9441312, 76864
malloc, 528, 28247.000000, 7412944, 9441312, 76896
malloc, 4112, 31198.000000, 7421104, 9441312, 76992
malloc, 80, 28180.000000, 7421584, 9441312, 76992
malloc, 528, 28037.000000, 7422576, 9441312, 77056
malloc, 4112, 29684.000000, 7430736, 9441312, 77088
malloc, 80, 27985.000000, 7431216, 9441312, 77088
malloc, 528, 27993.000000, 7432208, 9441312, 77120
malloc, 4112, 29960.000000, 7440368, 9441312, 77184
malloc, 80, 27992.000000, 7440848, 9441312, 77184
malloc, 528, 28043.000000, 7441840, 9441312, 77248
malloc, 4112, 29406.000000, 7450000, 9441312, 77280
malloc, 80, 30667.000000, 7450480, 9441312, 77280
malloc, 528, 29416.000000, 7451472, 9441312, 77312
malloc, 4112, 39936.000000, 7459632, 10489888, 77568
malloc, 80, 29427.000000, 7460112, 10489888, 77568
malloc, 528, 28340.000000, 7461104, 10489888, 77632
malloc, 4112, 29571.000000, 7469264, 10489888, 77664
malloc, 80, 28353.000000, 7469744, 10489888, 77664
malloc, 528, 28120.000000, 7470736, 10489888, 77696
malloc, 4112, 30378.000000, 7478896, 10489888, 77760
malloc, 80, 28335.000000, 7479376, 10489888, 77760
malloc, 528, 28233.000000, 7480368, 10489888, 77824
malloc, 4112, 30482.000000, 7488528, 10489888, 77856
malloc, 80, 31133.000000, 7489008, 10489888, 77856
malloc, 528, 29099.000000, 7490000, 10489888, 77888
malloc, 4112, 31605.000000, 7498160, 10489888, 77984
malloc, 80, 28889.000000, 7498640, 10489888, 77984
malloc, 528, 28431.000000, 7499632, 10489888, 78048
malloc, 4112, 29770.000000, 7507792, 10489888, 78080
malloc, 80, 28614.000000, 7508272, 10489888, 78080
malloc, 528, 28347.000000, 7509264, 10489888, 78112
malloc, 4112, 30450.000000, 7517424, 10489888, 78176
malloc, 80, 32001.000000, 7517904, 10489888, 78176
malloc, 528, 29543.000000, 7518896, 10489888, 78240
malloc, 4112, 30038.000000, 7527056, 10489888, 78272
malloc, 80, 28806.000000, 7527536, 10489888, 78272
malloc, 528, 28354.000000, 7528528, 10489888, 78304
malloc, 4112, 33099.000000, 7536688, 10489888, 78432
malloc, 80, 28789.000000, 7537168, 10489888, 78432
malloc, 528, 28409.000000, 7538160, 10489888, 78496
malloc, 4112, 29806.000000, 7546320, 10489888, 78528
malloc, 80, 28565.000000, 7546800, 10489888, 78528
malloc, 528, 28503.000000, 7547792, 10489888, 78560
malloc, 4112, 30462.000000, 7555952, 10489888, 78624
malloc, 80, 28636.000000, 7556432, 10489888, 78624
malloc, 528, 28616.000000, 7557424, 10489888, 78688
malloc, 4112, 30019.000000, 7565584, 10489888, 78720
malloc, 80, 28729.000000, 7566064, 10489888, 78720
malloc, 528, 28820.000000, 7567056, 10489888, 78752
malloc, 4112, 31684.000000, 7575216, 10489888, 78848
malloc, 80, 28817.000000, 7575696, 10489888, 78848
malloc, 528, 28825.000000, 7576688, 10489888, 78912
malloc, 4112, 29901.000000, 7584848, 10489888, 78944
malloc, 80, 28886.000000, 7585328, 10489888, 78944
malloc, 528, 28718.000000, 7586320, 10489888, 78976
malloc, 4112, 30649.000000, 7594480, 10489888, 79040
malloc, 80, 28848.000000, 7594960, 10489888, 79040
malloc, 528, 28910.000000, 7595952, 10489888, 79104
malloc, 4112, 30121.000000, 7604112, 10489888, 79136
malloc, 80, 28821.000000, 7604592, 10489888, 79136
malloc, 528, 28723.000000, 7605584, 10489888, 79168
malloc, 4112, 34379.000000, 7613744, 10489888, 79328
malloc, 80, 29349.000000, 7614224, 10489888, 79328
malloc, 528, 28906.000000, 7615216, 10489888, 79392
malloc, 4112, 30068.000000, 7623376, 10489888, 79424
malloc, 80, 32072.000000, 7623856, 10489888, 79424
malloc, 528, 29735.000000, 7624848, 10489888, 79456
malloc, 4112, 31510.000000, 7633008, 10489888, 79520
malloc, 80, 29247.000000, 7633488, 10489888, 79520
malloc, 528, 28892.000000, 7634480, 10489888, 79584
malloc, 4112, 30380.000000, 7642640, 10489888, 79616
malloc, 80, 29125.000000, 7643120, 10489888, 79616
malloc, 528, 28829.000000, 7644112, 10489888, 79648
malloc, 4112, 31848.000000, 7652272, 10489888, 79744
malloc, 80, 29266.000000, 7652752, 10489888, 79744
malloc, 528, 28812.000000, 7653744, 10489888, 79808
malloc, 4112, 30485.000000, 7661904, 10489888, 79840
malloc, 80, 29160.000000, 7662384, 10489888, 79840
malloc, 528, 28916.000000, 7663376, 10489888, 79872
malloc, 4112, 31268.000000, 7671536, 10489888, 79936
malloc, 80, 29256.000000, 7672016, 10489888, 79936
malloc, 528, 29027.000000, 7673008, 10489888, 80000
malloc, 4112, 30197.000000, 7681168, 10489888, 80032
malloc, 80, 29377.000000, 7681648, 10489888, 80032
malloc, 528, 28947.000000, 7682640, 10489888, 80064
malloc, 4112, 33680.000000, 7690800, 10489888, 80192
malloc, 80, 29604.000000, 7691280, 10489888, 80192
malloc, 528, 28973.000000, 7692272, 10489888, 80256
malloc, 4112, 30588.000000, 7700432, 10489888, 80288
malloc, 80, 29469.000000, 7700912, 10489888, 80288
malloc, 528, 29036.000000, 7701904, 10489888, 80320
malloc, 4112, 31347.000000, 7710064, 10489888, 80384
malloc, 80, 29420.000000, 7710544, 10489888, 80384
malloc, 528, 29113.000000, 7711536, 10489888, 80448
malloc, 4112, 30684.000000, 7719696, 10489888, 80480
malloc, 80, 29495.000000, 7720176, 10489888, 80480
malloc, 528, 29444.000000, 7721168, 10489888, 80512
malloc, 4112, 32075.000000, 7729328, 10489888, 80608
malloc, 80, 32779.000000, 7729808, 10489888, 80608
malloc, 528, 29949.000000, 7730800, 10489888, 80672
malloc, 4112, 31121.000000, 7738960, 10489888, 80704
malloc, 80, 29755.000000, 7739440, 10489888, 80704
malloc, 528, 29425.000000, 7740432, 10489888, 80736
malloc, 4112, 31757.000000, 7748592, 10489888, 80800
malloc, 80, 29709.000000, 7749072, 10489888, 80800
malloc, 528, 29712.000000, 7750064, 10489888, 80864
malloc, 4112, 30697.000000, 7758224, 10489888, 80896
malloc, 80, 29597.000000, 7758704, 10489888, 80896
malloc, 528, 29648.000000, 7759696, 10489888, 80928
malloc, 4112, 35770.000000, 7767856, 10489888, 81120
malloc, 80, 30160.000000, 7768336, 10489888, 81120
malloc, 528, 29874.000000, 7769328, 10489888, 81184
malloc, 4112, 30981.000000, 7777488, 10489888, 81216
malloc, 80, 29819.000000, 7777968, 10489888, 81216
malloc, 528, 29800.000000, 7778960, 10489888, 81248
malloc, 4112, 31447.000000, 7787120, 10489888, 81312
malloc, 80, 30050.000000, 7787600, 10489888, 81312
malloc, 528, 29926.000000, 7788592, 10489888, 81376
malloc, 4112, 30768.000000, 7796752, 10489888, 81408
malloc, 80, 29858.000000, 7797232, 10489888, 81408
malloc, 528, 29678.000000, 7798224, 10489888, 81440
malloc, 4112, 32192.000000, 7806384, 10489888, 81536
malloc, 80, 29948.000000, 7806864, 10489888, 81536
malloc, 528, 29656.000000, 7807856, 10489888, 81600
malloc, 4112, 30872.000000, 7816016, 10489888, 81632
malloc, 80, 29914.000000, 7816496, 10489888, 81632
malloc, 528, 29902.000000, 7817488, 10489888, 81664
malloc, 4112, 31832.000000, 7825648, 10489888, 81728
malloc, 80, 29991.000000, 7826128, 10489888, 81728
malloc, 528, 29654.000000, 7827120, 10489888, 81792
malloc, 4112, 35355.000000, 7835280, 10489888, 81824
malloc, 80, 31058.000000, 7835760, 10489888, 81824
malloc, 528, 34087.000000, 7836752, 10489888, 81856
malloc, 4112, 37687.000000, 7844912, 10489888, 81984
malloc, 80, 31463.000000, 7845392, 10489888, 81984
malloc, 528, 30056.000000, 7846384, 10489888, 82048
malloc, 4112, 31183.000000, 7854544, 10489888, 82080
malloc, 80, 30334.000000, 7855024, 10489888, 82080
malloc, 528, 29907.000000, 7856016, 10489888, 82112
malloc, 4112, 31872.000000, 7864176, 10489888, 82176
malloc, 80, 30259.000000, 7864656, 10489888, 82176
malloc, 528, 33367.000000, 7865648, 10489888, 82240
malloc, 4112, 35900.000000, 7873808, 10489888, 82272
malloc, 80, 31614.000000, 7874288, 10489888, 82272
malloc, 528, 30806.000000, 7875280, 10489888, 82304
malloc, 4112, 33817.000000, 7883440, 10489888, 82400
malloc, 80, 30571.000000, 7883920, 10489888, 82400
malloc, 528, 30197.000000, 7884912, 10489888, 82464
malloc, 4112, 31140.000000, 7893072, 10489888, 82496
malloc, 80, 30438.000000, 7893552, 10489888, 82496
malloc, 528, 30118.000000, 7894544, 10489888, 82528
malloc, 4112, 33346.000000, 7902704, 10489888, 82592
malloc, 80, 30583.000000, 7903184, 10489888, 82592
malloc, 528, 30249.000000, 7904176, 10489888, 82656
malloc, 4112, 31832.000000, 7912336, 10489888, 82688
malloc, 80, 30595.000000, 7912816, 10489888, 82688
malloc, 528, 30298.000000, 7913808, 10489888, 82720
malloc, 4112, 34998.000000, 7921968, 10489888, 82880
malloc, 80, 30778.000000, 7922448, 10489888, 82880
malloc, 528, 30274.000000, 7923440, 10489888, 82944
malloc, 4112, 31788.000000, 7931600, 10489888, 82976
malloc, 80, 34616.000000, 7932080, 10489888, 82976
malloc, 528, 31086.000000, 7933072, 10489888, 83008
malloc, 4112, 35928.000000, 7941232, 10489888, 83072
malloc, 80, 32194.000000, 7941712, 10489888, 83072
malloc, 528, 30496.000000, 7942704, 10489888, 83136
malloc, 4112, 31809.000000, 7950864, 10489888, 83168
malloc, 80, 30848.000000, 7951344, 10489888, 83168
malloc, 528, 30478.000000, 7952336, 10489888, 83200
malloc, 4112, 33429.000000, 7960496, 10489888, 83296
malloc, 80, 30929.000000, 7960976, 10489888, 83296
malloc, 528, 30580.000000, 7961968, 10489888, 83360
malloc, 4112, 32952.000000, 7970128, 10489888, 83392
malloc, 80, 30936.000000, 7970608, 10489888, 83392
malloc, 528, 30650.000000, 7971600, 10489888, 83424
malloc, 4112, 32642.000000, 7979760, 10489888, 83488
malloc, 80, 30883.000000, 7980240, 10489888, 83488
malloc, 528, 30700.000000, 7981232, 10489888, 83552
malloc, 4112, 31841.000000, 7989392, 10489888, 83584
malloc, 80, 31364.000000, 7989872, 10489888, 83584
malloc, 528, 31353.000000, 7990864, 10489888, 83616
malloc, 4112, 35061.000000, 7999024, 10489888, 83744
malloc, 80, 36397.000000, 7999504, 10489888, 83744
malloc, 528, 32929.000000, 8000496, 10489888, 83808
malloc, 4112, 33089.000000, 8008656, 10489888, 83840
malloc, 80, 31562.000000, 8009136, 10489888, 83840
malloc, 528, 30977.000000, 8010128, 10489888, 83872
malloc, 4112, 32932.000000, 8018288, 10489888, 83936
malloc, 80, 31159.000000, 8018768, 10489888, 83936
malloc, 528, 30869.000000, 8019760, 10489888, 84000
malloc, 4112, 32092.000000, 8027920, 10489888, 84032
malloc, 80, 35555.000000, 8028400, 10489888, 84032
malloc, 528, 31905.000000, 8029392, 10489888, 84064
malloc, 4112, 34089.000000, 8037552, 10489888, 84160
malloc, 80, 31309.000000, 8038032, 10489888, 84160
malloc, 528, 31064.000000, 8039024, 10489888, 84224
malloc, 4112, 33315.000000, 8047184, 10489888, 84256
malloc, 80, 31485.000000, 8047664, 10489888, 84256
malloc, 528, 31082.000000, 8048656, 10489888, 84288
malloc, 4112, 33462.000000, 8056816, 10489888, 84352
malloc, 80, 31350.000000, 8057296, 10489888, 84352
malloc, 528, 30928.000000, 8058288, 10489888, 84416
malloc, 4112, 32188.000000, 8066448, 10489888, 84448
malloc, 80, 31276.000000, 8066928, 10489888, 84448
malloc, 528, 31302.000000, 8067920, 10489888, 84480
malloc, 4112, 41208.000000, 8076080, 11538464, 84736
malloc, 80, 32477.000000, 8076560, 11538464, 84736
malloc, 528, 31433.000000, 8077552, 11538464, 84800
malloc, 4112, 32556.000000, 8085712, 11538464, 84832
malloc, 80, 31626.000000, 8086192, 11538464, 84832
malloc, 528, 31252.000000, 8087184, 11538464, 84864
malloc, 4112, 33289.000000, 8095344, 11538464, 84928
malloc, 80, 31663.000000, 8095824, 11538464, 84928
malloc, 528, 31232.000000, 8096816, 11538464, 84992
malloc, 4112, 33433.000000, 8104976, 11538464, 85024
malloc, 80, 31598.000000, 8105456, 11538464, 85024
malloc, 528, 31391.000000, 8106448, 11538464, 85056
malloc, 4112, 34213.000000, 8114608, 11538464, 85152
malloc, 80, 31867.000000, 8115088, 11538464, 85152
malloc, 528, 31244.000000, 8116080, 11538464, 85216
malloc, 4112, 32562.000000, 8124240, 11538464, 85248
malloc, 80, 31590.000000, 8124720, 11538464, 85248
malloc, 528, 35239.000000, 8125712, 11538464, 85280
malloc, 4112, 34355.000000, 8133872, 11538464, 85344
malloc, 80, 32057.000000, 8134352, 11538464, 85344
malloc, 528, 31479.000000, 8135344, 11538464, 85408
malloc, 4112, 32671.000000, 8143504, 11538464, 85440
malloc, 80, 31762.000000, 8143984, 11538464, 85440
malloc, 528, 31399.000000, 8144976, 11538464, 85472
malloc, 4112, 35158.000000, 8153136, 11538464, 85600
malloc, 80, 32206.000000, 8153616, 11538464, 85600
malloc, 528, 31542.000000, 8154608, 11538464, 85664
malloc, 4112, 32816.000000, 8162768, 11538464, 85696
malloc, 80, 31976.000000, 8163248, 11538464, 85696
malloc, 528, 32119.000000, 8164240, 11538464, 85728
malloc, 4112, 33470.000000, 8172400, 11538464, 85792
malloc, 80, 32020.000000, 8172880, 11538464, 85792
malloc, 528, 31671.000000, 8173872, 11538464, 85856
malloc, 4112, 33634.000000, 8182032, 11538464, 85888
malloc, 80, 32224.000000, 8182512, 11538464, 85888
malloc, 528, 31959.000000, 8183504, 11538464, 85920
malloc, 4112, 34785.000000, 8191664, 11538464, 86016
malloc, 80, 32204.000000, 8192144, 11538464, 86016
malloc, 528, 31835.000000, 8193136, 11538464, 86080
malloc, 4112, 33106.000000, 8201296, 11538464, 86112
malloc, 80, 32271.000000, 8201776, 11538464, 86112
malloc, 528, 32013.000000, 8202768, 11538464, 86144
malloc, 4112, 33797.000000, 8210928, 11538464, 86208
malloc, 80, 32279.000000, 8211408, 11538464, 86208
malloc, 528, 31802.000000, 8212400, 11538464, 86272
malloc, 4112, 33072.000000, 8220560, 11538464, 86304
malloc, 80, 32113.000000, 8221040, 11538464, 86304
malloc, 528, 35637.000000, 8222032, 11538464, 86336
malloc, 4112, 37590.000000, 8230192, 11538464, 86496
malloc, 80, 32842.000000, 8230672, 11538464, 86496
malloc, 528, 32098.000000, 8231664, 11538464, 86560
malloc, 4112, 33321.000000, 8239824, 11538464, 86592
malloc, 80, 32465.000000, 8240304, 11538464, 86592
malloc, 528, 32040.000000, 8241296, 11538464, 86624
malloc, 4112, 35115.000000, 8249456, 11538464, 86688
malloc, 80, 32597.000000, 8249936, 11538464, 86688
malloc, 528, 32233.000000, 8250928, 11538464, 86752
malloc, 4112, 33337.000000, 8259088, 11538464, 86784
malloc, 80, 32442.000000, 8259568, 11538464, 86784
malloc, 528, 32213.000000, 8260560, 11538464, 86816
malloc, 4112, 34812.000000, 8268720, 11538464, 86912
malloc, 80, 32669.000000, 8269200, 11538464, 86912
malloc, 528, 32269.000000, 8270192, 11538464, 86976
malloc, 4112, 33474.000000, 8278352, 11538464, 87008
malloc, 80, 32606.000000, 8278832, 11538464, 87008
malloc, 528, 32265.000000, 8279824, 11538464, 87040
malloc, 4112, 34175.000000, 8287984, 11538464, 87104
malloc, 80, 32674.000000, 8288464, 11538464, 87104
malloc, 528, 32380.000000, 8289456, 11538464, 87168
malloc, 4112, 33758.000000, 8297616, 11538464, 87200
malloc, 80, 32662.000000, 8298096, 11538464, 87200
malloc, 528, 32314.000000, 8299088, 11538464, 87232
malloc, 4112, 36177.000000, 8307248, 11538464, 87360
malloc, 80, 32928.000000, 8307728, 11538464, 87360
malloc, 528, 32637.000000, 8308720, 11538464, 87424
malloc, 4112, 33925.000000, 8316880, 11538464, 87456
malloc, 80, 36052.000000, 8317360, 11538464, 87456
malloc, 528, 33673.000000, 8318352, 11538464, 87488
malloc, 4112, 35883.000000, 8326512, 11538464, 87552
malloc, 80, 33213.000000, 8326992, 11538464, 87552
malloc, 528, 32793.000000, 8327984, 11538464, 87616
malloc, 4112, 33937.000000, 8336144, 11538464, 87648
malloc, 80, 33017.000000, 8336624, 11538464, 87648
malloc, 528, 32912.000000, 8337616, 11538464, 87680
malloc, 4112, 35253.000000, 8345776, 11538464, 87776
malloc, 80, 34543.000000, 8346256, 11538464, 87776
malloc, 528, 33091.000000, 8347248, 11538464, 87840
malloc, 4112, 34296.000000, 8355408, 11538464, 87872
malloc, 80, 33184.000000, 8355888, 11538464, 87872
malloc, 528, 32719.000000, 8356880, 11538464, 87904
malloc, 4112, 34953.000000, 8365040, 11538464, 87968
malloc, 80, 33173.000000, 8365520, 11538464, 87968
malloc, 528, 32726.000000, 8366512, 11538464, 88032
malloc, 4112, 33982.000000, 8374672, 11538464, 88064
malloc, 80, 33058.000000, 8375152, 11538464, 88064
malloc, 528, 32777.000000, 8376144, 11538464, 88096
malloc, 4112, 39363.000000, 8384304, 11538464, 88288
malloc, 80, 33651.000000, 8384784, 11538464, 88288
malloc, 528, 32853.000000, 8385776, 11538464, 88352
malloc, 4112, 34105.000000, 8393936, 11538464, 88384
malloc, 80, 33367.000000, 8394416, 11538464, 88384
malloc, 528, 32984.000000, 8395408, 11538464, 88416
malloc, 4112, 35162.000000, 8403568, 11538464, 88480
malloc, 80, 33345.000000, 8404048, 11538464, 88480
malloc, 528, 33048.000000, 8405040, 11538464, 88544
malloc, 4112, 38180.000000, 8413200, 11538464, 88576
malloc, 80, 34456.000000, 8413680, 11538464, 88576
malloc, 528, 33264.000000, 8414672, 11538464, 88608
malloc, 4112, 35884.000000, 8422832, 11538464, 88704
malloc, 80, 33457.000000, 8423312, 11538464, 88704
malloc, 528, 33236.000000, 8424304, 11538464, 88768
malloc, 4112, 34356.000000, 8432464, 11538464, 88800
malloc, 80, 33507.000000, 8432944, 11538464, 88800
malloc, 528, 33318.000000, 8433936, 11538464, 88832
malloc, 4112, 35154.000000, 8442096, 11538464, 88896
malloc, 80, 33735.000000, 8442576, 11538464, 88896
malloc, 528, 33411.000000, 8443568, 11538464, 88960
malloc, 4112, 34481.000000, 8451728, 11538464, 88992
malloc, 80, 33581.000000, 8452208, 11538464, 88992
malloc, 528, 33301.000000, 8453200, 11538464, 89024
malloc, 4112, 37690.000000, 8461360, 11538464, 89152
malloc, 80, 34101.000000, 8461840, 11538464, 89152
free, 32, 56.000000, 8461360, 11538464, 89152
free, 64, 57.000000, 8460876, 11538464, 89152
free, 128, 89.000000, 8460392, 11538464, 89120
free, 256, 45.000000, 8459400, 11538464, 89120
free, 512, 42.000000, 8458408, 11538464, 89120
free, 1024, 27.000000, 8456392, 11538464, 89120
free, 2048, 51.000000, 8448232, 11538464, 89120
free, 4096, 47.000000, 8440072, 11538464, 89120
free, 8192, 40.000000, 8423720, 11538464, 89120
free, 32, 42.000000, 8423240, 11538464, 89120
free, 64, 71.000000, 8422756, 11538464, 89088
free, 128, 33.000000, 8422276, 11538464, 89088
free, 256, 35.000000, 8421284, 11538464, 89088
free, 512, 43.000000, 8420292, 11538464, 89088
free, 1024, 35.000000, 8418276, 11538464, 89088
free, 2048, 55.000000, 8410116, 11538464, 89088
free, 4096, 38.000000, 8401956, 11538464, 89088
free, 8192, 56.000000, 8385604, 11538464, 89088
free, 32, 17.000000, 8385124, 11538464, 89088
free, 64, 38.000000, 8384640, 11538464, 89088
free, 128, 32.000000, 8384160, 11538464, 89088
free, 256, 42.000000, 8383168, 11538464, 89088
free, 512, 33.000000, 8382176, 11538464, 89088
free, 1024, 41.000000, 8380160, 11538464, 89088
free, 2048, 80.000000, 8372000, 11538464, 89056
free, 4096, 39.000000, 8363840, 11538464, 89056
free, 8192, 45.000000, 8347488, 11538464, 89056
free, 32, 35.000000, 8347008, 11538464, 89056
free, 64, 33.000000, 8346528, 11538464, 89056
free, 128, 56.000000, 8346048, 11538464, 89024
free, 256, 47.000000, 8345056, 11538464, 88992
free, 512, 37.000000, 8344064, 11538464, 88992
free, 1024, 35.000000, 8342048, 11538464, 88992
free, 2048, 62.000000, 8333888, 11538464, 88992
free, 4096, 29.000000, 8325728, 11538464, 88992
free, 8192, 43.000000, 8309376, 11538464, 88992
free, 32, 17.000000, 8308896, 11538464, 88992
free, 64, 59.000000, 8308416, 11538464, 88992
free, 128, 19.000000, 8307936, 11538464, 88992
free, 256, 39.000000, 8306944, 11538464, 88992
free, 512, 55.000000, 8305952, 11538464, 88992
free, 1024, 22.000000, 8303936, 11538464, 88992
free, 2048, 66.000000, 8295776, 11538464, 88960
free, 4096, 42.000000, 8287616, 11538464, 88960
free, 8192, 48.000000, 8271264, 11538464, 88960
free, 32, 52.000000, 8270784, 11538464, 88960
free, 64, 36.000000, 8270304, 11538464, 88960
free, 128, 54.000000, 8269824, 11538464, 88928
free, 256, 40.000000, 8268832, 11538464, 88896
free, 512, 47.000000, 8267840, 11538464, 88896
free, 1024, 37.000000, 8265824, 11538464, 88896
free, 2048, 59.000000, 8257664, 11538464, 88896
free, 4096, 50.000000, 8249504, 11538464, 88896
free, 8192, 48.000000, 8233152, 11538464, 88896
free, 32, 42.000000, 8232672, 11538464, 88896
free, 64, 40.000000, 8232192, 11538464, 88896
free, 128, 26.000000, 8231712, 11538464, 88896
free, 256, 38.000000, 8230720, 11538464, 88896
free, 512, 27.000000, 8229728, 11538464, 88896
free, 1024, 34.000000, 8227712, 11538464, 88896
free, 2048, 61.000000, 8219552, 11538464, 88864
free, 4096, 43.000000, 8211392, 11538464, 88864
free, 8192, 51.000000, 8195040, 11538464, 88864
free, 32, 51.000000, 8194560, 11538464, 88864
free, 64, 31.000000, 8194080, 11538464, 88864
free, 128, 35.000000, 8193600, 11538464, 88832
free, 256, 52.000000, 8192608, 11538464, 88800
free, 512, 23.000000, 8191616, 11538464, 88800
free, 1024, 41.000000, 8189600, 11538464, 88800
free, 2048, 56.000000, 8181440, 11538464, 88800
free, 4096, 27.000000, 8173280, 11538464, 88800
free, 8192, 48.000000, 8156928, 11538464, 88800
free, 32, 27.000000, 8156448, 11538464, 88800
free, 64, 41.000000, 8155968, 11538464, 88800
free, 128, 18.000000, 8155488, 11538464, 88800
free, 256, 36.000000, 8154496, 11538464, 88800
free, 512, 43.000000, 8153504, 11538464, 88800
free, 1024, 42.000000, 8151488, 11538464, 88800
free, 2048, 65.000000, 8143328, 11538464, 88768
free, 4096, 27.000000, 8135168, 11538464, 88768
free, 8192, 49.000000, 8118816, 11538464, 88768
free, 32, 51.000000, 8118336, 11538464, 88768
free, 64, 35.000000, 8117856, 11538464, 88768
free, 128, 30.000000, 8117376, 11538464, 88736
free, 256, 52.000000, 8116384, 11538464, 88704
free, 512, 47.000000, 8115392, 11538464, 88704
free, 1024, 39.000000, 8113376, 11538464, 88704
free, 2048, 64.000000, 8105216, 11538464, 88704
free, 4096, 33.000000, 8097056, 11538464, 88704
free, 8192, 46.000000, 8080704, 11538464, 88704
free, 32, 43.000000, 8080224, 11538464, 88704
free, 64, 37.000000, 8079744, 11538464, 88704
free, 128, 19.000000, 8079264, 11538464, 88704
free, 256, 30.000000, 8078272, 11538464, 88704
free, 512, 24.000000, 8077280, 11538464, 88704
free, 1024, 37.000000, 8075264, 11538464, 88704
free, 2048, 71.000000, 8067104, 11538464, 88672
free, 4096, 31.000000, 8058944, 11538464, 88672
free, 8192, 50.000000, 8042592, 11538464, 88672
free, 32, 42.000000, 8042112, 11538464, 88672
free, 64, 35.000000, 8041632, 11538464, 88672
free, 128, 32.000000, 8041152, 11538464, 88640
free, 256, 47.000000, 8040160, 11538464, 88608
free, 512, 27.000000, 8039168, 11538464, 88608
free, 1024, 39.000000, 8037152, 11538464, 88608
free, 2048, 61.000000, 8028992, 11538464, 88608
free, 4096, 29.000000, 8020832, 11538464, 88608
free, 8192, 46.000000, 8004480, 11538464, 88608
free, 32, 31.000000, 8004000, 11538464, 88608
free, 64, 43.000000, 8003520, 11538464, 88608
free, 128, 20.000000, 8003040, 11538464, 88608
free, 256, 53.000000, 8002048, 11538464, 88608
free, 512, 50.000000, 8001056, 11538464, 88608
free, 1024, 30.000000, 7999040, 11538464, 88608
free, 2048, 66.000000, 7990880, 11538464, 88576
free, 4096, 30.000000, 7982720, 11538464, 88576
free, 8192, 50.000000, 7966368, 11538464, 88576
free, 32, 51.000000, 7965888, 11538464, 88576
free, 64, 36.000000, 7965408, 11538464, 88576
free, 128, 33.000000, 7964928, 11538464, 88544
free, 256, 50.000000, 7963936, 11538464, 88512
free, 512, 40.000000, 7962944, 11538464, 88512
free, 1024, 44.000000, 7960928, 11538464, 88512
free, 2048, 51.000000, 7952768, 11538464, 88512
free, 4096, 31.000000, 7944608, 11538464, 88512
free, 8192, 44.000000, 7928256, 11538464, 88512
free, 32, 36.000000, 7927776, 11538464, 88512
free, 64, 37.000000, 7927296, 11538464, 88512
free, 128, 18.000000, 7926816, 11538464, 88512
free, 256, 35.000000, 7925824, 11538464, 88512
free, 512, 26.000000, 7924832, 11538464, 88512
free, 1024, 38.000000, 7922816, 11538464, 88512
free, 2048, 86.000000, 7914656, 11538464, 88480
free, 4096, 31.000000, 7906496, 11538464, 88480
free, 8192, 60.000000, 7890144, 11538464, 88480
free, 32, 39.000000, 7889664, 11538464, 88480
free, 64, 45.000000, 7889184, 11538464, 88480
free, 128, 32.000000, 7888704, 11538464, 88448
free, 256, 56.000000, 7887712, 11538464, 88416
free, 512, 31.000000, 7886720, 11538464, 88416
free, 1024, 39.000000, 7884704, 11538464, 88416
free, 2048, 60.000000, 7876544, 11538464, 88416
free, 4096, 36.000000, 7868384, 11538464, 88416
free, 8192, 44.000000, 7852032, 11538464, 88416
free, 32, 32.000000, 7851552, 11538464, 88416
free, 64, 45.000000, 7851072, 11538464, 88416
free, 128, 28.000000, 7850592, 11538464, 88416
free, 256, 47.000000, 7849600, 11538464, 88416
free, 512, 55.000000, 7848608, 11538464, 88416
free, 1024, 43.000000, 7846592, 11538464, 88416
free, 2048, 67.000000, 7838432, 11538464, 88384
free, 4096, 29.000000, 7830272, 11538464, 88384
free, 8192, 60.000000, 7813920, 11538464, 88384
free, 32, 44.000000, 7813440, 11538464, 88384
free, 64, 35.000000, 7812960, 11538464, 88384
free, 128, 33.000000, 7812480, 11538464, 88352
free, 256, 51.000000, 7811488, 11538464, 88320
free, 512, 35.000000, 7810496, 11538464, 88320
free, 1024, 37.000000, 7808480, 11538464, 88320
free, 2048, 64.000000, 7800320, 11538464, 88320
free, 4096, 30.000000, 7792160, 11538464, 88320
free, 8192, 49.000000, 7775808, 11538464, 88320
free, 32, 38.000000, 7775328, 11538464, 88320
free, 64, 41.000000, 7774848, 11538464, 88320
free, 128, 19.000000, 7774368, 11538464, 88320
free, 256, 45.000000, 7773376, 11538464, 88320
free, 512, 25.000000, 7772384, 11538464, 88320
free, 1024, 38.000000, 7770368, 11538464, 88320
free, 2048, 66.000000, 7762208, 11538464, 88288
free, 4096, 31.000000, 7754048, 11538464, 88288
free, 8192, 49.000000, 7737696, 11538464, 88288
free, 32, 46.000000, 7737216, 11538464, 88288
free, 64, 36.000000, 7736736, 11538464, 88288
free, 128, 33.000000, 7736256, 11538464, 88256
free, 256, 51.000000, 7735264, 11538464, 88224
free, 512, 25.000000, 7734272, 11538464, 88224
free, 1024, 36.000000, 7732256, 11538464, 88224
free, 2048, 60.000000, 7724096, 11538464, 88224
free, 4096, 33.000000, 7715936, 11538464, 88224
free, 8192, 62.000000, 7699584, 11538464, 88224
free, 32, 33.000000, 7699104, 11538464, 88224
free, 64, 40.000000, 7698624, 11538464, 88224
free, 128, 20.000000, 7698144, 11538464, 88224
free, 256, 47.000000, 7697152, 11538464, 88224
free, 512, 53.000000, 7696160, 11538464, 88224
free, 1024, 27.000000, 7694144, 11538464, 88224
free, 2048, 61.000000, 7685984, 11538464, 88192
free, 4096, 34.000000, 7677824, 11538464, 88192
free, 8192, 51.000000, 7661472, 11538464, 88192
free, 32, 56.000000, 7660992, 11538464, 88192
free, 64, 40.000000, 7660512, 11538464, 88192
free, 128, 32.000000, 7660032, 11538464, 88160
free, 256, 48.000000, 7659040, 11538464, 88128
free, 512, 35.000000, 7658048, 11538464, 88128
free, 1024, 52.000000, 7656032, 11538464, 88128
free, 2048, 57.000000, 7647872, 11538464, 88128
free, 4096, 31.000000, 7639712, 11538464, 88128
free, 8192, 64.000000, 7623360, 11538464, 88128
free, 32, 38.000000, 7622880, 11538464, 88128
free, 64, 40.000000, 7622400, 11538464, 88128
free, 128, 17.000000, 7621920, 11538464, 88128
free, 256, 42.000000, 7620928, 11538464, 88128
free, 512, 26.000000, 7619936, 11538464, 88128
free, 1024, 38.000000, 7617920, 11538464, 88128
free, 2048, 61.000000, 7609760, 11538464, 88096
free, 4096, 29.000000, 7601600, 11538464, 88096
free, 8192, 50.000000, 7585248, 11538464, 88096
free, 32, 48.000000, 7584768, 11538464, 88096
free, 64, 41.000000, 7584288, 11538464, 88096
free, 128, 32.000000, 7583808, 11538464, 88064
free, 256, 60.000000, 7582816, 11538464, 88032
free, 512, 25.000000, 7581824, 11538464, 88032
free, 1024, 40.000000, 7579808, 11538464, 88032
free, 2048, 64.000000, 7571648, 11538464, 88032
free, 4096, 27.000000, 7563488, 11538464, 88032
free, 8192, 50.000000, 7547136, 11538464, 88032
free, 32, 40.000000, 7546656, 11538464, 88032
free, 64, 45.000000, 7546176, 11538464, 88032
free, 128, 28.000000, 7545696, 11538464, 88032
free, 256, 46.000000, 7544704, 11538464, 88032
free, 512, 53.000000, 7543712, 11538464, 88032
free, 1024, 41.000000, 7541696, 11538464, 88032
free, 2048, 78.000000, 7533536, 11538464, 88000
free, 4096, 30.000000, 7525376, 11538464, 88000
free, 8192, 58.000000, 7509024, 11538464, 88000
free, 32, 55.000000, 7508544, 11538464, 88000
free, 64, 30.000000, 7508064, 11538464, 88000
free, 128, 31.000000, 7507584, 11538464, 87968
free, 256, 60.000000, 7506592, 11538464, 87936
free, 512, 47.000000, 7505600, 11538464, 87936
free, 1024, 41.000000, 7503584, 11538464, 87936
free, 2048, 62.000000, 7495424, 11538464, 87936
free, 4096, 28.000000, 7487264, 11538464, 87936
free, 8192, 54.000000, 7470912, 11538464, 87936
free, 32, 38.000000, 7470432, 11538464, 87936
free, 64, 39.000000, 7469952, 11538464, 87936
free, 128, 20.000000, 7469472, 11538464, 87936
free, 256, 43.000000, 7468480, 11538464, 87936
free, 512, 26.000000, 7467488, 11538464, 87936
free, 1024, 40.000000, 7465472, 11538464, 87936
free, 2048, 65.000000, 7457312, 11538464, 87904
free, 4096, 31.000000, 7449152, 11538464, 87904
free, 8192, 47.000000, 7432800, 11538464, 87904
free, 32, 44.000000, 7432320, 11538464, 87904
free, 64, 37.000000, 7431840, 11538464, 87904
free, 128, 31.000000, 7431360, 11538464, 87872
free, 256, 54.000000, 7430368, 11538464, 87840
free, 512, 30.000000, 7429376, 11538464, 87840
free, 1024, 40.000000, 7427360, 11538464, 87840
free, 2048, 62.000000, 7419200, 11538464, 87840
free, 4096, 27.000000, 7411040, 11538464, 87840
free, 8192, 44.000000, 7394688, 11538464, 87840
free, 32, 33.000000, 7394208, 11538464, 87840
free, 64, 42.000000, 7393728, 11538464, 87840
free, 128, 22.000000, 7393248, 11538464, 87840
free, 256, 48.000000, 7392256, 11538464, 87840
free, 512, 57.000000, 7391264, 11538464, 87840
free, 1024, 28.000000, 7389248, 11538464, 87840
free, 2048, 67.000000, 7381088, 11538464, 87808
free, 4096, 28.000000, 7372928, 11538464, 87808
free, 8192, 53.000000, 7356576, 11538464, 87808
free, 32, 53.000000, 7356096, 11538464, 87808
free, 64, 34.000000, 7355616, 11538464, 87808
free, 128, 31.000000, 7355136, 11538464, 87776
free, 256, 57.000000, 7354144, 11538464, 87744
free, 512, 42.000000, 7353152, 11538464, 87744
free, 1024, 46.000000, 7351136, 11538464, 87744
free, 2048, 53.000000, 7342976, 11538464, 87744
free, 4096, 28.000000, 7334816, 11538464, 87744
free, 8192, 46.000000, 7318464, 11538464, 87744
free, 32, 43.000000, 7317984, 11538464, 87744
free, 64, 38.000000, 7317504, 11538464, 87744
free, 128, 18.000000, 7317024, 11538464, 87744
free, 256, 45.000000, 7316032, 11538464, 87744
free, 512, 25.000000, 7315040, 11538464, 87744
free, 1024, 38.000000, 7313024, 11538464, 87744
free, 2048, 63.000000, 7304864, 11538464, 87712
free, 4096, 32.000000, 7296704, 11538464, 87712
free, 8192, 48.000000, 7280352, 11538464, 87712
free, 32, 52.000000, 7279872, 11538464, 87712
free, 64, 37.000000, 7279392, 11538464, 87712
free, 128, 31.000000, 7278912, 11538464, 87680
free, 256, 56.000000, 7277920, 11538464, 87648
free, 512, 25.000000, 7276928, 11538464, 87648
free, 1024, 42.000000, 7274912, 11538464, 87648
free, 2048, 58.000000, 7266752, 11538464, 87648
free, 4096, 30.000000, 7258592, 11538464, 87648
free, 8192, 47.000000, 7242240, 11538464, 87648
free, 32, 30.000000, 7241760, 11538464, 87648
free, 64, 44.000000, 7241280, 11538464, 87648
free, 128, 21.000000, 7240800, 11538464, 87648
free, 256, 44.000000, 7239808, 11538464, 87648
free, 512, 47.000000, 7238816, 11538464, 87648
free, 1024, 39.000000, 7236800, 11538464, 87648
free, 2048, 66.000000, 7228640, 11538464, 87616
free, 4096, 27.000000, 7220480, 11538464, 87616
free, 8192, 58.000000, 7204128, 11538464, 87616
free, 32, 46.000000, 7203648, 11538464, 87616
free, 64, 37.000000, 7203168, 11538464, 87616
free, 128, 32.000000, 7202688, 11538464, 87584
free, 256, 54.000000, 7201696, 11538464, 87552
free, 512, 34.000000, 7200704, 11538464, 87552
free, 1024, 39.000000, 7198688, 11538464, 87552
free, 2048, 64.000000, 7190528, 11538464, 87552
free, 4096, 31.000000, 7182368, 11538464, 87552
free, 8192, 51.000000, 7166016, 11538464, 87552
free, 32, 47.000000, 7165536, 11538464, 87552
free, 64, 42.000000, 7165056, 11538464, 87552
free, 128, 23.000000, 7164576, 11538464, 87552
free, 256, 47.000000, 7163584, 11538464, 87552
free, 512, 30.000000, 7162592, 11538464, 87552
free, 1024, 37.000000, 7160576, 11538464, 87552
free, 2048, 64.000000, 7152416, 11538464, 87520
free, 4096, 40.000000, 7144256, 11538464, 87520
free, 8192, 46.000000, 7127904, 11538464, 87520
free, 32, 56.000000, 7127424, 11538464, 87520
free, 64, 38.000000, 7126944, 11538464, 87520
free, 128, 30.000000, 7126464, 11538464, 87488
free, 256, 60.000000, 7125472, 11538464, 87456
free, 512, 27.000000, 7124480, 11538464, 87456
free, 1024, 35.000000, 7122464, 11538464, 87456
free, 2048, 65.000000, 7114304, 11538464, 87456
free, 4096, 35.000000, 7106144, 11538464, 87456
free, 8192, 45.000000, 7089792, 11538464, 87456
free, 32, 32.000000, 7089312, 11538464, 87456
free, 64, 44.000000, 7088832, 11538464, 87456
free, 128, 21.000000, 7088352, 11538464, 87456
free, 256, 43.000000, 7087360, 11538464, 87456
free, 512, 57.000000, 7086368, 11538464, 87456
free, 1024, 29.000000, 7084352, 11538464, 87456
free, 2048, 65.000000, 7076192, 11538464, 87424
free, 4096, 52.000000, 7068032, 11538464, 87424
free, 8192, 58.000000, 7051680, 11538464, 87424
free, 32, 57.000000, 7051200, 11538464, 87424
free, 64, 36.000000, 7050720, 11538464, 87424
free, 128, 32.000000, 7050240, 11538464, 87392
free, 256, 63.000000, 7049248, 11538464, 87360
free, 512, 36.000000, 7048256, 11538464, 87360
free, 1024, 46.000000, 7046240, 11538464, 87360
free, 2048, 49.000000, 7038080, 11538464, 87360
free, 4096, 42.000000, 7029920, 11538464, 87360
free, 8192, 59.000000, 7013568, 11538464, 87360
free, 32, 44.000000, 7013088, 11538464, 87360
free, 64, 42.000000, 7012608, 11538464, 87360
free, 128, 26.000000, 7012128, 11538464, 87360
free, 256, 44.000000, 7011136, 11538464, 87360
free, 512, 29.000000, 7010144, 11538464, 87360
free, 1024, 41.000000, 7008128, 11538464, 87360
free, 2048, 71.000000, 6999968, 11538464, 87328
free, 4096, 28.000000, 6991808, 11538464, 87328
free, 8192, 46.000000, 6975456, 11538464, 87328
free, 32, 54.000000, 6974976, 11538464, 87328
free, 64, 37.000000, 6974496, 11538464, 87328
free, 128, 30.000000, 6974016, 11538464, 87296
free, 256, 59.000000, 6973024, 11538464, 87264
free, 512, 30.000000, 6972032, 11538464, 87264
free, 1024, 40.000000, 6970016, 11538464, 87264
free, 2048, 62.000000, 6961856, 11538464, 87264
free, 4096, 30.000000, 6953696, 11538464, 87264
free, 8192, 49.000000, 6937344, 11538464, 87264
free, 32, 30.000000, 6936864, 11538464, 87264
free, 64, 45.000000, 6936384, 11538464, 87264
free, 128, 17.000000, 6935904, 11538464, 87264
free, 256, 45.000000, 6934912, 11538464, 87264
free, 512, 53.000000, 6933920, 11538464, 87264
free, 1024, 39.000000, 6931904, 11538464, 87264
free, 2048, 69.000000, 6923744, 11538464, 87232
free, 4096, 29.000000, 6915584, 11538464, 87232
free, 8192, 44.000000, 6899232, 11538464, 87232
free, 32, 65.000000, 6898752, 11538464, 87232
free, 64, 34.000000, 6898272, 11538464, 87232
free, 128, 32.000000, 6897792, 11538464, 87200
free, 256, 60.000000, 6896800, 11538464, 87168
free, 512, 37.000000, 6895808, 11538464, 87168
free, 1024, 41.000000, 6893792, 11538464, 87168
free, 2048, 62.000000, 6885632, 11538464, 87168
free, 4096, 33.000000, 6877472, 11538464, 87168
free, 8192, 49.000000, 6861120, 11538464, 87168
free, 32, 39.000000, 6860640, 11538464, 87168
free, 64, 36.000000, 6860160, 11538464, 87168
free, 128, 17.000000, 6859680, 11538464, 87168
free, 256, 45.000000, 6858688, 11538464, 87168
free, 512, 25.000000, 6857696, 11538464, 87168
free, 1024, 40.000000, 6855680, 11538464, 87168
free, 2048, 61.000000, 6847520, 11538464, 87136
free, 4096, 34.000000, 6839360, 11538464, 87136
free, 8192, 61.000000, 6823008, 11538464, 87136
free, 32, 57.000000, 6822528, 11538464, 87136
free, 64, 39.000000, 6822048, 11538464, 87136
free, 128, 31.000000, 6821568, 11538464, 87104
free, 256, 48.000000, 6820576, 11538464, 87072
free, 512, 25.000000, 6819584, 11538464, 87072
free, 1024, 38.000000, 6817568, 11538464, 87072
free, 2048, 61.000000, 6809408, 11538464, 87072
free, 4096, 31.000000, 6801248, 11538464, 87072
free, 8192, 47.000000, 6784896, 11538464, 87072
free, 32, 40.000000, 6784416, 11538464, 87072
free, 64, 44.000000, 6783936, 11538464, 87072
free, 128, 18.000000, 6783456, 11538464, 87072
free, 256, 54.000000, 6782464, 11538464, 87072
free, 512, 48.000000, 6781472, 11538464, 87072
free, 1024, 29.000000, 6779456, 11538464, 87072
free, 2048, 71.000000, 6771296, 11538464, 87040
free, 4096, 32.000000, 6763136, 11538464, 87040
free, 8192, 42.000000, 6746784, 11538464, 87040
free, 32, 41.000000, 6746304, 11538464, 87040
free, 64, 35.000000, 6745824, 11538464, 87040
free, 128, 30.000000, 6745344, 11538464, 87008
free, 256, 59.000000, 6744352, 11538464, 86976
free, 512, 48.000000, 6743360, 11538464, 86976
free, 1024, 46.000000, 6741344, 11538464, 86976
free, 2048, 59.000000, 6733184, 11538464, 86976
free, 4096, 40.000000, 6725024, 11538464, 86976
free, 8192, 50.000000, 6708672, 11538464, 86976
free, 32, 36.000000, 6708192, 11538464, 86976
free, 64, 40.000000, 6707712, 11538464, 86976
free, 128, 18.000000, 6707232, 11538464, 86976
free, 256, 46.000000, 6706240, 11538464, 86976
free, 512, 25.000000, 6705248, 11538464, 86976
free, 1024, 40.000000, 6703232, 11538464, 86976
free, 2048, 60.000000, 6695072, 11538464, 86944
free, 4096, 31.000000, 6686912, 11538464, 86944
free, 8192, 45.000000, 6670560, 11538464, 86944
free, 32, 53.000000, 6670080, 11538464, 86944
free, 64, 35.000000, 6669600, 11538464, 86944
free, 128, 38.000000, 6669120, 11538464, 86912
free, 256, 54.000000, 6668128, 11538464, 86880
free, 512, 28.000000, 6667136, 11538464, 86880
free, 1024, 42.000000, 6665120, 11538464, 86880
free, 2048, 72.000000, 6656960, 11538464, 86880
free, 4096, 32.000000, 6648800, 11538464, 86880
free, 8192, 48.000000, 6632448, 11538464, 86880
free, 32, 31.000000, 6631968, 11538464, 86880
free, 64, 44.000000, 6631488, 11538464, 86880
free, 128, 20.000000, 6631008, 11538464, 86880
free, 256, 47.000000, 6630016, 11538464, 86880
free, 512, 56.000000, 6629024, 11538464, 86880
free, 1024, 36.000000, 6627008, 11538464, 86880
free, 2048, 61.000000, 6618848, 11538464, 86848
free, 4096, 40.000000, 6610688, 11538464, 86848
free, 8192, 49.000000, 6594336, 11538464, 86848
free, 32, 63.000000, 6593856, 11538464, 86848
free, 64, 36.000000, 6593376, 11538464, 86848
free, 128, 37.000000, 6592896, 11538464, 86816
free, 256, 63.000000, 6591904, 11538464, 86784
free, 512, 47.000000, 6590912, 11538464, 86784
free, 1024, 38.000000, 6588896, 11538464, 86784
free, 2048, 61.000000, 6580736, 11538464, 86784
free, 4096, 32.000000, 6572576, 11538464, 86784
free, 8192, 52.000000, 6556224, 11538464, 86784
free, 32, 47.000000, 6555744, 11538464, 86784
free, 64, 40.000000, 6555264, 11538464, 86784
free, 128, 20.000000, 6554784, 11538464, 86784
free, 256, 45.000000, 6553792, 11538464, 86784
free, 512, 25.000000, 6552800, 11538464, 86784
free, 1024, 43.000000, 6550784, 11538464, 86784
free, 2048, 66.000000, 6542624, 11538464, 86752
free, 4096, 28.000000, 6534464, 11538464, 86752
free, 8192, 51.000000, 6518112, 11538464, 86752
free, 32, 56.000000, 6517632, 11538464, 86752
free, 64, 36.000000, 6517152, 11538464, 86752
free, 128, 37.000000, 6516672, 11538464, 86720
free, 256, 62.000000, 6515680, 11538464, 86688
free, 512, 32.000000, 6514688, 11538464, 86688
free, 1024, 35.000000, 6512672, 11538464, 86688
free, 2048, 64.000000, 6504512, 11538464, 86688
free, 4096, 26.000000, 6496352, 11538464, 86688
free, 8192, 45.000000, 6480000, 11538464, 86688
free, 32, 46.000000, 6479520, 11538464, 86688
free, 64, 44.000000, 6479040, 11538464, 86688
free, 128, 21.000000, 6478560, 11538464, 86688
free, 256, 44.000000, 6477568, 11538464, 86688
free, 512, 49.000000, 6476576, 11538464, 86688
free, 1024, 32.000000, 6474560, 11538464, 86688
free, 2048, 62.000000, 6466400, 11538464, 86656
free, 4096, 33.000000, 6458240, 11538464, 86656
free, 8192, 45.000000, 6441888, 11538464, 86656
free, 32, 68.000000, 6441408, 11538464, 86656
free, 64, 36.000000, 6440928, 11538464, 86656
free, 128, 40.000000, 6440448, 11538464, 86624
free, 256, 57.000000, 6439456, 11538464, 86592
free, 512, 48.000000, 6438464, 11538464, 86592
free, 1024, 41.000000, 6436448, 11538464, 86592
free, 2048, 64.000000, 6428288, 11538464, 86592
free, 4096, 38.000000, 6420128, 11538464, 86592
free, 8192, 47.000000, 6403776, 11538464, 86592
free, 32, 45.000000, 6403296, 11538464, 86592
free, 64, 40.000000, 6402816, 11538464, 86592
free, 128, 18.000000, 6402336, 11538464, 86592
free, 256, 45.000000, 6401344, 11538464, 86592
free, 512, 30.000000, 6400352, 11538464, 86592
free, 1024, 44.000000, 6398336, 11538464, 86592
free, 2048, 82.000000, 6390176, 11538464, 86560
free, 4096, 26.000000, 6382016, 11538464, 86560
free, 8192, 46.000000, 6365664, 11538464, 86560
free, 32, 54.000000, 6365184, 11538464, 86560
free, 64, 37.000000, 6364704, 11538464, 86560
free, 128, 40.000000, 6364224, 11538464, 86528
free, 256, 56.000000, 6363232, 11538464, 86496
free, 512, 28.000000, 6362240, 11538464, 86496
free, 1024, 40.000000, 6360224, 11538464, 86496
free, 2048, 63.000000, 6352064, 11538464, 86496
free, 4096, 32.000000, 6343904, 11538464, 86496
free, 8192, 49.000000, 6327552, 11538464, 86496
free, 32, 30.000000, 6327072, 11538464, 86496
free, 64, 52.000000, 6326592, 11538464, 86496
free, 128, 25.000000, 6326112, 11538464, 86496
free, 256, 46.000000, 6325120, 11538464, 86496
free, 512, 56.000000, 6324128, 11538464, 86496
free, 1024, 41.000000, 6322112, 11538464, 86496
free, 2048, 66.000000, 6313952, 11538464, 86464
free, 4096, 34.000000, 6305792, 11538464, 86464
free, 8192, 46.000000, 6289440, 11538464, 86464
free, 32, 71.000000, 6288960, 11538464, 86464
free, 64, 40.000000, 6288480, 11538464, 86464
free, 128, 32.000000, 6288000, 11538464, 86432
free, 256, 55.000000, 6287008, 11538464, 86400
free, 512, 45.000000, 6286016, 11538464, 86400
free, 1024, 48.000000, 6284000, 11538464, 86400
free, 2048, 53.000000, 6275840, 11538464, 86400
free, 4096, 41.000000, 6267680, 11538464, 86400
free, 8192, 48.000000, 6251328, 11538464, 86400
free, 32, 50.000000, 6250848, 11538464, 86400
free, 64, 42.000000, 6250368, 11538464, 86400
free, 128, 25.000000, 6249888, 11538464, 86400
free, 256, 52.000000, 6248896, 11538464, 86400
free, 512, 30.000000, 6247904, 11538464, 86400
free, 1024, 37.000000, 6245888, 11538464, 86400
free, 2048, 65.000000, 6237728, 11538464, 86368
free, 4096, 29.000000, 6229568, 11538464, 86368
free, 8192, 58.000000, 6213216, 11538464, 86368
free, 32, 43.000000, 6212736, 11538464, 86368
free, 64, 37.000000, 6212256, 11538464, 86368
free, 128, 40.000000, 6211776, 11538464, 86336
free, 256, 60.000000, 6210784, 11538464, 86304
free, 512, 27.000000, 6209792, 11538464, 86304
free, 1024, 34.000000, 6207776, 11538464, 86304
free, 2048, 63.000000, 6199616, 11538464, 86304
free, 4096, 27.000000, 6191456, 11538464, 86304
free, 8192, 46.000000, 6175104, 11538464, 86304
free, 32, 44.000000, 6174624, 11538464, 86304
free, 64, 46.000000, 6174144, 11538464, 86304
free, 128, 22.000000, 6173664, 11538464, 86304
free, 256, 47.000000, 6172672, 11538464, 86304
free, 512, 55.000000, 6171680, 11538464, 86304
free, 1024, 27.000000, 6169664, 11538464, 86304
free, 2048, 71.000000, 6161504, 11538464, 86272
free, 4096, 27.000000, 6153344, 11538464, 86272
free, 8192, 48.000000, 6136992, 11538464, 86272
free, 32, 57.000000, 6136512, 11538464, 86272
free, 64, 37.000000, 6136032, 11538464, 86272
free, 128, 38.000000, 6135552, 11538464, 86240
free, 256, 62.000000, 6134560, 11538464, 86208
free, 512, 44.000000, 6133568, 11538464, 86208
free, 1024, 47.000000, 6131552, 11538464, 86208
free, 2048, 59.000000, 6123392, 11538464, 86208
free, 4096, 38.000000, 6115232, 11538464, 86208
free, 8192, 48.000000, 6098880, 11538464, 86208
free, 32, 50.000000, 6098400, 11538464, 86208
free, 64, 43.000000, 6097920, 11538464, 86208
free, 128, 26.000000, 6097440, 11538464, 86208
free, 256, 48.000000, 6096448, 11538464, 86208
free, 512, 26.000000, 6095456, 11538464, 86208
free, 1024, 38.000000, 6093440, 11538464, 86208
free, 2048, 64.000000, 6085280, 11538464, 86176
free, 4096, 29.000000, 6077120, 11538464, 86176
free, 8192, 47.000000, 6060768, 11538464, 86176
free, 32, 63.000000, 6060288, 11538464, 86176
free, 64, 37.000000, 6059808, 11538464, 86176
free, 128, 31.000000, 6059328, 11538464, 86144
free, 256, 62.000000, 6058336, 11538464, 86112
free, 512, 30.000000, 6057344, 11538464, 86112
free, 1024, 38.000000, 6055328, 11538464, 86112
free, 2048, 63.000000, 6047168, 11538464, 86112
free, 4096, 29.000000, 6039008, 11538464, 86112
free, 8192, 58.000000, 6022656, 11538464, 86112
free, 32, 32.000000, 6022176, 11538464, 86112
free, 64, 42.000000, 6021696, 11538464, 86112
free, 128, 20.000000, 6021216, 11538464, 86112
free, 256, 48.000000, 6020224, 11538464, 86112
free, 512, 43.000000, 6019232, 11538464, 86112
free, 1024, 36.000000, 6017216, 11538464, 86112
free, 2048, 67.000000, 6009056, 11538464, 86080
free, 4096, 30.000000, 6000896, 11538464, 86080
free, 8192, 52.000000, 5984544, 11538464, 86080
free, 32, 62.000000, 5984064, 11538464, 86080
free, 64, 37.000000, 5983584, 11538464, 86080
free, 128, 32.000000, 5983104, 11538464, 86048
free, 256, 61.000000, 5982112, 11538464, 86016
free, 512, 36.000000, 5981120, 11538464, 86016
free, 1024, 38.000000, 5979104, 11538464, 86016
free, 2048, 66.000000, 5970944, 11538464, 86016
free, 4096, 30.000000, 5962784, 11538464, 86016
free, 8192, 50.000000, 5946432, 11538464, 86016
free, 32, 46.000000, 5945952, 11538464, 86016
free, 64, 41.000000, 5945472, 11538464, 86016
free, 128, 19.000000, 5944992, 11538464, 86016
free, 256, 46.000000, 5944000, 11538464, 86016
free, 512, 24.000000, 5943008, 11538464, 86016
free, 1024, 40.000000, 5940992, 11538464, 86016
free, 2048, 64.000000, 5932832, 11538464, 85984
free, 4096, 33.000000, 5924672, 11538464, 85984
free, 8192, 44.000000, 5908320, 11538464, 85984
free, 32, 63.000000, 5907840, 11538464, 85984
free, 64, 38.000000, 5907360, 11538464, 85984
free, 128, 37.000000, 5906880, 11538464, 85952
free, 256, 53.000000, 5905888, 11538464, 85920
free, 512, 26.000000, 5904896, 11538464, 85920
free, 1024, 37.000000, 5902880, 11538464, 85920
free, 2048, 66.000000, 5894720, 11538464, 85920
free, 4096, 27.000000, 5886560, 11538464, 85920
free, 8192, 49.000000, 5870208, 11538464, 85920
free, 32, 45.000000, 5869728, 11538464, 85920
free, 64, 43.000000, 5869248, 11538464, 85920
free, 128, 29.000000, 5868768, 11538464, 85920
free, 256, 45.000000, 5867776, 11538464, 85920
free, 512, 54.000000, 5866784, 11538464, 85920
free, 1024, 25.000000, 5864768, 11538464, 85920
free, 2048, 67.000000, 5856608, 11538464, 85888
free, 4096, 45.000000, 5848448, 11538464, 85888
free, 8192, 38.000000, 5832096, 11538464, 85888
free, 32, 60.000000, 5831616, 11538464, 85888
free, 64, 36.000000, 5831136, 11538464, 85888
free, 128, 37.000000, 5830656, 11538464, 85856
free, 256, 55.000000, 5829664, 11538464, 85824
free, 512, 48.000000, 5828672, 11538464, 85824
free, 1024, 49.000000, 5826656, 11538464, 85824
free, 2048, 57.000000, 5818496, 11538464, 85824
free, 4096, 51.000000, 5810336, 11538464, 85824
free, 8192, 47.000000, 5793984, 11538464, 85824
free, 32, 44.000000, 5793504, 11538464, 85824
free, 64, 40.000000, 5793024, 11538464, 85824
free, 128, 24.000000, 5792544, 11538464, 85824
free, 256, 44.000000, 5791552, 11538464, 85824
free, 512, 28.000000, 5790560, 11538464, 85824
free, 1024, 39.000000, 5788544, 11538464, 85824
free, 2048, 59.000000, 5780384, 11538464, 85792
free, 4096, 32.000000, 5772224, 11538464, 85792
free, 8192, 54.000000, 5755872, 11538464, 85792
free, 32, 63.000000, 5755392, 11538464, 85792
free, 64, 35.000000, 5754912, 11538464, 85792
free, 128, 32.000000, 5754432, 11538464, 85760
free, 256, 63.000000, 5753440, 11538464, 85728
free, 512, 25.000000, 5752448, 11538464, 85728
free, 1024, 41.000000, 5750432, 11538464, 85728
free, 2048, 62.000000, 5742272, 11538464, 85728
free, 4096, 32.000000, 5734112, 11538464, 85728
free, 8192, 55.000000, 5717760, 11538464, 85728
free, 32, 42.000000, 5717280, 11538464, 85728
free, 64, 43.000000, 5716800, 11538464, 85728
free, 128, 23.000000, 5716320, 11538464, 85728
free, 256, 46.000000, 5715328, 11538464, 85728
free, 512, 42.000000, 5714336, 11538464, 85728
free, 1024, 41.000000, 5712320, 11538464, 85728
free, 2048, 84.000000, 5704160, 11538464, 85696
free, 4096, 33.000000, 5696000, 11538464, 85696
free, 8192, 47.000000, 5679648, 11538464, 85696
free, 32, 62.000000, 5679168, 11538464, 85696
free, 64, 27.000000, 5678688, 11538464, 85696
free, 128, 47.000000, 5678208, 11538464, 85664
free, 256, 63.000000, 5677216, 11538464, 85632
free, 512, 39.000000, 5676224, 11538464, 85632
free, 1024, 47.000000, 5674208, 11538464, 85632
free, 2048, 65.000000, 5666048, 11538464, 85632
free, 4096, 37.000000, 5657888, 11538464, 85632
free, 8192, 57.000000, 5641536, 11538464, 85632
free, 32, 49.000000, 5641056, 11538464, 85632
free, 64, 39.000000, 5640576, 11538464, 85632
free, 128, 20.000000, 5640096, 11538464, 85632
free, 256, 44.000000, 5639104, 11538464, 85632
free, 512, 29.000000, 5638112, 11538464, 85632
free, 1024, 39.000000, 5636096, 11538464, 85632
free, 2048, 72.000000, 5627936, 11538464, 85600
free, 4096, 29.000000, 5619776, 11538464, 85600
free, 8192, 46.000000, 5603424, 11538464, 85600
free, 32, 61.000000, 5602944, 11538464, 85600
free, 64, 34.000000, 5602464, 11538464, 85600
free, 128, 32.000000, 5601984, 11538464, 85568
free, 256, 61.000000, 5600992, 11538464, 85536
free, 512, 27.000000, 5600000, 11538464, 85536
free, 1024, 41.000000, 5597984, 11538464, 85536
free, 2048, 67.000000, 5589824, 11538464, 85536
free, 4096, 27.000000, 5581664, 11538464, 85536
free, 8192, 46.000000, 5565312, 11538464, 85536
free, 32, 46.000000, 5564832, 11538464, 85536
free, 64, 49.000000, 5564352, 11538464, 85536
free, 128, 19.000000, 5563872, 11538464, 85536
free, 256, 56.000000, 5562880, 11538464, 85536
free, 512, 50.000000, 5561888, 11538464, 85536
free, 1024, 30.000000, 5559872, 11538464, 85536
free, 2048, 68.000000, 5551712, 11538464, 85504
free, 4096, 32.000000, 5543552, 11538464, 85504
free, 8192, 46.000000, 5527200, 11538464, 85504
free, 32, 42.000000, 5526720, 11538464, 85504
free, 64, 34.000000, 5526240, 11538464, 85504
free, 128, 29.000000, 5525760, 11538464, 85472
free, 256, 60.000000, 5524768, 11538464, 85440
free, 512, 38.000000, 5523776, 11538464, 85440
free, 1024, 42.000000, 5521760, 11538464, 85440
free, 2048, 55.000000, 5513600, 11538464, 85440
free, 4096, 32.000000, 5505440, 11538464, 85440
free, 8192, 48.000000, 5489088, 11538464, 85440
free, 32, 45.000000, 5488608, 11538464, 85440
free, 64, 43.000000, 5488128, 11538464, 85440
free, 128, 27.000000, 5487648, 11538464, 85440
free, 256, 42.000000, 5486656, 11538464, 85440
free, 512, 27.000000, 5485664, 11538464, 85440
free, 1024, 34.000000, 5483648, 11538464, 85440
free, 2048, 65.000000, 5475488, 11538464, 85408
free, 4096, 29.000000, 5467328, 11538464, 85408
free, 8192, 48.000000, 5450976, 11538464, 85408
free, 32, 44.000000, 5450496, 11538464, 85408
free, 64, 35.000000, 5450016, 11538464, 85408
free, 128, 36.000000, 5449536, 11538464, 85376
free, 256, 60.000000, 5448544, 11538464, 85344
free, 512, 24.000000, 5447552, 11538464, 85344
free, 1024, 35.000000, 5445536, 11538464, 85344
free, 2048, 68.000000, 5437376, 11538464, 85344
free, 4096, 33.000000, 5429216, 11538464, 85344
free, 8192, 52.000000, 5412864, 11538464, 85344
free, 32, 39.000000, 5412384, 11538464, 85344
free, 64, 48.000000, 5411904, 11538464, 85344
free, 128, 17.000000, 5411424, 11538464, 85344
free, 256, 43.000000, 5410432, 11538464, 85344
free, 512, 54.000000, 5409440, 11538464, 85344
free, 1024, 37.000000, 5407424, 11538464, 85344
free, 2048, 67.000000, 5399264, 11538464, 85312
free, 4096, 34.000000, 5391104, 11538464, 85312
free, 8192, 49.000000, 5374752, 11538464, 85312
free, 32, 52.000000, 5374272, 11538464, 85312
free, 64, 38.000000, 5373792, 11538464, 85312
free, 128, 37.000000, 5373312, 11538464, 85280
free, 256, 58.000000, 5372320, 11538464, 85248
free, 512, 35.000000, 5371328, 11538464, 85248
free, 1024, 40.000000, 5369312, 11538464, 85248
free, 2048, 61.000000, 5361152, 11538464, 85248
free, 4096, 32.000000, 5352992, 11538464, 85248
free, 8192, 46.000000, 5336640, 11538464, 85248
free, 32, 38.000000, 5336160, 11538464, 85248
free, 64, 40.000000, 5335680, 11538464, 85248
free, 128, 19.000000, 5335200, 11538464, 85248
free, 256, 43.000000, 5334208, 11538464, 85248
free, 512, 27.000000, 5333216, 11538464, 85248
free, 1024, 38.000000, 5331200, 11538464, 85248
free, 2048, 62.000000, 5323040, 11538464, 85216
free, 4096, 34.000000, 5314880, 11538464, 85216
free, 8192, 54.000000, 5298528, 11538464, 85216
free, 32, 52.000000, 5298048, 11538464, 85216
free, 64, 35.000000, 5297568, 11538464, 85216
free, 128, 36.000000, 5297088, 11538464, 85184
free, 256, 61.000000, 5296096, 11538464, 85152
free, 512, 24.000000, 5295104, 11538464, 85152
free, 1024, 38.000000, 5293088, 11538464, 85152
free, 2048, 63.000000, 5284928, 11538464, 85152
free, 4096, 33.000000, 5276768, 11538464, 85152
free, 8192, 47.000000, 5260416, 11538464, 85152
free, 32, 48.000000, 5259936, 11538464, 85152
free, 64, 43.000000, 5259456, 11538464, 85152
free, 128, 20.000000, 5258976, 11538464, 85152
free, 256, 49.000000, 5257984, 11538464, 85152
free, 512, 54.000000, 5256992, 11538464, 85152
free, 1024, 26.000000, 5254976, 11538464, 85152
free, 2048, 64.000000, 5246816, 11538464, 85120
free, 4096, 26.000000, 5238656, 11538464, 85120
free, 8192, 46.000000, 5222304, 11538464, 85120
free, 32, 59.000000, 5221824, 11538464, 85120
free, 64, 36.000000, 5221344, 11538464, 85120
free, 128, 38.000000, 5220864, 11538464, 85088
free, 256, 51.000000, 5219872, 11538464, 85056
free, 512, 47.000000, 5218880, 11538464, 85056
free, 1024, 46.000000, 5216864, 11538464, 85056
free, 2048, 54.000000, 5208704, 11538464, 85056
free, 4096, 32.000000, 5200544, 11538464, 85056
free, 8192, 48.000000, 5184192, 11538464, 85056
free, 32, 54.000000, 5183712, 11538464, 85056
free, 64, 39.000000, 5183232, 11538464, 85056
free, 128, 21.000000, 5182752, 11538464, 85056
free, 256, 45.000000, 5181760, 11538464, 85056
free, 512, 30.000000, 5180768, 11538464, 85056
free, 1024, 42.000000, 5178752, 11538464, 85056
free, 2048, 66.000000, 5170592, 11538464, 85024
free, 4096, 24.000000, 5162432, 11538464, 85024
free, 8192, 63.000000, 5146080, 11538464, 85024
free, 32, 52.000000, 5145600, 11538464, 85024
free, 64, 37.000000, 5145120, 11538464, 85024
free, 128, 32.000000, 5144640, 11538464, 84992
free, 256, 62.000000, 5143648, 11538464, 84960
free, 512, 29.000000, 5142656, 11538464, 84960
free, 1024, 43.000000, 5140640, 11538464, 84960
free, 2048, 60.000000, 5132480, 11538464, 84960
free, 4096, 26.000000, 5124320, 11538464, 84960
free, 8192, 61.000000, 5107968, 11538464, 84960
free, 32, 39.000000, 5107488, 11538464, 84960
free, 64, 46.000000, 5107008, 11538464, 84960
free, 128, 25.000000, 5106528, 11538464, 84960
free, 256, 43.000000, 5105536, 11538464, 84960
free, 512, 56.000000, 5104544, 11538464, 84960
free, 1024, 39.000000, 5102528, 11538464, 84960
free, 2048, 61.000000, 5094368, 11538464, 84928
free, 4096, 29.000000, 5086208, 11538464, 84928
free, 8192, 52.000000, 5069856, 11538464, 84928
free, 32, 59.000000, 5069376, 11538464, 84928
free, 64, 38.000000, 5068896, 11538464, 84928
free, 128, 32.000000, 5068416, 11538464, 84896
free, 256, 60.000000, 5067424, 11538464, 84864
free, 512, 41.000000, 5066432, 11538464, 84864
free, 1024, 38.000000, 5064416, 11538464, 84864
free, 2048, 61.000000, 5056256, 11538464, 84864
free, 4096, 36.000000, 5048096, 11538464, 84864
free, 8192, 44.000000, 5031744, 11538464, 84864
free, 32, 50.000000, 5031264, 11538464, 84864
free, 64, 38.000000, 5030784, 11538464, 84864
free, 128, 17.000000, 5030304, 11538464, 84864
free, 256, 48.000000, 5029312, 11538464, 84864
free, 512, 28.000000, 5028320, 11538464, 84864
free, 1024, 41.000000, 5026304, 11538464, 84864
free, 2048, 64.000000, 5018144, 11538464, 84832
free, 4096, 30.000000, 5009984, 11538464, 84832
free, 8192, 47.000000, 4993632, 11538464, 84832
free, 32, 57.000000, 4993152, 11538464, 84832
free, 64, 38.000000, 4992672, 11538464, 84832
free, 128, 31.000000, 4992192, 11538464, 84800
free, 256, 65.000000, 4991200, 11538464, 84768
free, 512, 29.000000, 4990208, 11538464, 84768
free, 1024, 38.000000, 4988192, 11538464, 84768
free, 2048, 63.000000, 4980032, 11538464, 84768
free, 4096, 30.000000, 4971872, 11538464, 84768
free, 8192, 62.000000, 4955520, 11538464, 84768
free, 32, 46.000000, 4955040, 11538464, 84768
free, 64, 46.000000, 4954560, 11538464, 84768
free, 128, 37.000000, 4954080, 11538464, 84768
free, 256, 47.000000, 4953088, 11538464, 84768
free, 512, 57.000000, 4952096, 11538464, 84768
free, 1024, 38.000000, 4950080, 11538464, 84768
free, 2048, 78.000000, 4941920, 11538464, 84736
free, 4096, 32.000000, 4933760, 11538464, 84736
free, 8192, 54.000000, 4917408, 11538464, 84736
free, 32, 63.000000, 4916928, 11538464, 84736
free, 64, 41.000000, 4916448, 11538464, 84736
free, 128, 31.000000, 4915968, 11538464, 84704
free, 256, 61.000000, 4914976, 11538464, 84672
free, 512, 43.000000, 4913984, 11538464, 84672
free, 1024, 48.000000, 4911968, 11538464, 84672
free, 2048, 58.000000, 4903808, 11538464, 84672
free, 4096, 29.000000, 4895648, 11538464, 84672
free, 8192, 51.000000, 4879296, 11538464, 84672
free, 32, 53.000000, 4878816, 11538464, 84672
free, 64, 38.000000, 4878336, 11538464, 84672
free, 128, 20.000000, 4877856, 11538464, 84672
free, 256, 47.000000, 4876864, 11538464, 84672
free, 512, 30.000000, 4875872, 11538464, 84672
free, 1024, 40.000000, 4873856, 11538464, 84672
free, 2048, 64.000000, 4865696, 11538464, 84640
free, 4096, 27.000000, 4857536, 11538464, 84640
free, 8192, 45.000000, 4841184, 11538464, 84640
free, 32, 57.000000, 4840704, 11538464, 84640
free, 64, 36.000000, 4840224, 11538464, 84640
free, 128, 31.000000, 4839744, 11538464, 84608
free, 256, 62.000000, 4838752, 11538464, 84576
free, 512, 29.000000, 4837760, 11538464, 84576
free, 1024, 38.000000, 4835744, 11538464, 84576
free, 2048, 59.000000, 4827584, 11538464, 84576
free, 4096, 26.000000, 4819424, 11538464, 84576
free, 8192, 47.000000, 4803072, 11538464, 84576
free, 32, 41.000000, 4802592, 11538464, 84576
free, 64, 44.000000, 4802112, 11538464, 84576
free, 128, 20.000000, 4801632, 11538464, 84576
free, 256, 46.000000, 4800640, 11538464, 84576
free, 512, 57.000000, 4799648, 11538464, 84576
free, 1024, 38.000000, 4797632, 11538464, 84576
free, 2048, 65.000000, 4789472, 11538464, 84544
free, 4096, 29.000000, 4781312, 11538464, 84544
free, 8192, 56.000000, 4764960, 11538464, 84544
free, 32, 51.000000, 4764480, 11538464, 84544
free, 64, 37.000000, 4764000, 11538464, 84544
free, 128, 30.000000, 4763520, 11538464, 84512
free, 256, 62.000000, 4762528, 11538464, 84480
free, 512, 42.000000, 4761536, 11538464, 84480
free, 1024, 36.000000, 4759520, 11538464, 84480
free, 2048, 60.000000, 4751360, 11538464, 84480
free, 4096, 29.000000, 4743200, 11538464, 84480
free, 8192, 50.000000, 4726848, 11538464, 84480
free, 32, 48.000000, 4726368, 11538464, 84480
free, 64, 41.000000, 4725888, 11538464, 84480
free, 128, 17.000000, 4725408, 11538464, 84480
free, 256, 48.000000, 4724416, 11538464, 84480
free, 512, 28.000000, 4723424, 11538464, 84480
free, 1024, 43.000000, 4721408, 11538464, 84480
free, 2048, 64.000000, 4713248, 11538464, 84448
free, 4096, 32.000000, 4705088, 11538464, 84448
free, 8192, 45.000000, 4688736, 11538464, 84448
free, 32, 60.000000, 4688256, 11538464, 84448
free, 64, 34.000000, 4687776, 11538464, 84448
free, 128, 32.000000, 4687296, 11538464, 84416
free, 256, 64.000000, 4686304, 11538464, 84384
free, 512, 30.000000, 4685312, 11538464, 84384
free, 1024, 40.000000, 4683296, 11538464, 84384
free, 2048, 61.000000, 4675136, 11538464, 84384
free, 4096, 28.000000, 4666976, 11538464, 84384
free, 8192, 50.000000, 4650624, 11538464, 84384
free, 32, 44.000000, 4650144, 11538464, 84384
free, 64, 44.000000, 4649664, 11538464, 84384
free, 128, 17.000000, 4649184, 11538464, 84384
free, 256, 47.000000, 4648192, 11538464, 84384
free, 512, 48.000000, 4647200, 11538464, 84384
free, 1024, 26.000000, 4645184, 11538464, 84384
free, 2048, 71.000000, 4637024, 11538464, 84352
free, 4096, 53.000000, 4628864, 11538464, 84352
free, 8192, 50.000000, 4612512, 11538464, 84352
free, 32, 69.000000, 4612032, 11538464, 84352
free, 64, 35.000000, 4611552, 11538464, 84352
free, 128, 30.000000, 4611072, 11538464, 84320
free, 256, 54.000000, 4610080, 11538464, 84288
free, 512, 40.000000, 4609088, 11538464, 84288
free, 1024, 43.000000, 4607072, 11538464, 84288
free, 2048, 50.000000, 4598912, 11538464, 84288
free, 4096, 45.000000, 4590752, 11538464, 84288
free, 8192, 50.000000, 4574400, 11538464, 84288
free, 32, 46.000000, 4573920, 11538464, 84288
free, 64, 37.000000, 4573440, 11538464, 84288
free, 128, 18.000000, 4572960, 11538464, 84288
free, 256, 44.000000, 4571968, 11538464, 84288
free, 512, 23.000000, 4570976, 11538464, 84288
free, 1024, 38.000000, 4568960, 11538464, 84288
free, 2048, 71.000000, 4560800, 11538464, 84256
free, 4096, 33.000000, 4552640, 11538464, 84256
free, 8192, 47.000000, 4536288, 11538464, 84256
free, 32, 56.000000, 4535808, 11538464, 84256
free, 64, 33.000000, 4535328, 11538464, 84256
free, 128, 32.000000, 4534848, 11538464, 84224
free, 256, 54.000000, 4533856, 11538464, 84192
free, 512, 27.000000, 4532864, 11538464, 84192
free, 1024, 39.000000, 4530848, 11538464, 84192
free, 2048, 63.000000, 4522688, 11538464, 84192
free, 4096, 37.000000, 4514528, 11538464, 84192
free, 8192, 47.000000, 4498176, 11538464, 84192
free, 32, 32.000000, 4497696, 11538464, 84192
free, 64, 45.000000, 4497216, 11538464, 84192
free, 128, 28.000000, 4496736, 11538464, 84192
free, 256, 43.000000, 4495744, 11538464, 84192
free, 512, 45.000000, 4494752, 11538464, 84192
free, 1024, 41.000000, 4492736, 11538464, 84192
free, 2048, 71.000000, 4484576, 11538464, 84160
free, 4096, 27.000000, 4476416, 11538464, 84160
free, 8192, 52.000000, 4460064, 11538464, 84160
free, 32, 60.000000, 4459584, 11538464, 84160
free, 64, 37.000000, 4459104, 11538464, 84160
free, 128, 32.000000, 4458624, 11538464, 84128
free, 256, 54.000000, 4457632, 11538464, 84096
free, 512, 39.000000, 4456640, 11538464, 84096
free, 1024, 49.000000, 4454624, 11538464, 84096
free, 2048, 53.000000, 4446464, 11538464, 84096
free, 4096, 31.000000, 4438304, 11538464, 84096
free, 8192, 55.000000, 4421952, 11538464, 84096
free, 32, 54.000000, 4421472, 11538464, 84096
free, 64, 39.000000, 4420992, 11538464, 84096
free, 128, 17.000000, 4420512, 11538464, 84096
free, 256, 45.000000, 4419520, 11538464, 84096
free, 512, 25.000000, 4418528, 11538464, 84096
free, 1024, 38.000000, 4416512, 11538464, 84096
free, 2048, 63.000000, 4408352, 11538464, 84064
free, 4096, 34.000000, 4400192, 11538464, 84064
free, 8192, 49.000000, 4383840, 11538464, 84064
free, 32, 48.000000, 4383360, 11538464, 84064
free, 64, 37.000000, 4382880, 11538464, 84064
free, 128, 30.000000, 4382400, 11538464, 84032
free, 256, 60.000000, 4381408, 11538464, 84000
free, 512, 28.000000, 4380416, 11538464, 84000
free, 1024, 40.000000, 4378400, 11538464, 84000
free, 2048, 60.000000, 4370240, 11538464, 84000
free, 4096, 32.000000, 4362080, 11538464, 84000
free, 8192, 42.000000, 4345728, 11538464, 84000
free, 32, 47.000000, 4345248, 11538464, 84000
free, 64, 46.000000, 4344768, 11538464, 84000
free, 128, 20.000000, 4344288, 11538464, 84000
free, 256, 53.000000, 4343296, 11538464, 84000
free, 512, 56.000000, 4342304, 11538464, 84000
free, 1024, 27.000000, 4340288, 11538464, 84000
free, 2048, 64.000000, 4332128, 11538464, 83968
free, 4096, 31.000000, 4323968, 11538464, 83968
free, 8192, 48.000000, 4307616, 11538464, 83968
free, 32, 51.000000, 4307136, 11538464, 83968
free, 64, 35.000000, 4306656, 11538464, 83968
free, 128, 30.000000, 4306176, 11538464, 83936
free, 256, 56.000000, 4305184, 11538464, 83904
free, 512, 38.000000, 4304192, 11538464, 83904
free, 1024, 48.000000, 4302176, 11538464, 83904
free, 2048, 55.000000, 4294016, 11538464, 83904
free, 4096, 48.000000, 4285856, 11538464, 83904
free, 8192, 51.000000, 4269504, 11538464, 83904
free, 32, 56.000000, 4269024, 11538464, 83904
free, 64, 38.000000, 4268544, 11538464, 83904
free, 128, 20.000000, 4268064, 11538464, 83904
free, 256, 46.000000, 4267072, 11538464, 83904
free, 512, 30.000000, 4266080, 11538464, 83904
free, 1024, 38.000000, 4264064, 11538464, 83904
free, 2048, 72.000000, 4255904, 11538464, 83872
free, 4096, 44.000000, 4247744, 11538464, 83872
free, 8192, 45.000000, 4231392, 11538464, 83872
free, 32, 51.000000, 4230912, 11538464, 83872
free, 64, 37.000000, 4230432, 11538464, 83872
free, 128, 41.000000, 4229952, 11538464, 83840
free, 256, 76.000000, 4228960, 11538464, 83808
free, 512, 30.000000, 4227968, 11538464, 83808
free, 1024, 42.000000, 4225952, 11538464, 83808
free, 2048, 63.000000, 4217792, 11538464, 83808
free, 4096, 48.000000, 4209632, 11538464, 83808
free, 8192, 39.000000, 4193280, 11538464, 83808
free, 32, 41.000000, 4192800, 11538464, 83808
free, 64, 50.000000, 4192320, 11538464, 83808
free, 128, 22.000000, 4191840, 11538464, 83808
free, 256, 45.000000, 4190848, 11538464, 83808
free, 512, 58.000000, 4189856, 11538464, 83808
free, 1024, 46.000000, 4187840, 11538464, 83808
free, 2048, 44.000000, 4179680, 11538464, 83776
free, 4096, 42.000000, 4171520, 11538464, 83776
free, 8192, 61.000000, 4155168, 11538464, 83776
free, 32, 53.000000, 4154688, 11538464, 83776
free, 64, 49.000000, 4154208, 11538464, 83776
free, 128, 50.000000, 4153728, 11538464, 83744
free, 256, 53.000000, 4152736, 11538464, 83712
free, 512, 51.000000, 4151744, 11538464, 83712
free, 1024, 47.000000, 4149728, 11538464, 83712
free, 2048, 49.000000, 4141568, 11538464, 83712
free, 4096, 46.000000, 4133408, 11538464, 83712
free, 8192, 49.000000, 4117056, 11538464, 83712
free, 32, 40.000000, 4116576, 11538464, 83712
free, 64, 34.000000, 4116096, 11538464, 83712
free, 128, 29.000000, 4115616, 11538464, 83712
free, 256, 37.000000, 4114624, 11538464, 83712
free, 512, 37.000000, 4113632, 11538464, 83712
free, 1024, 44.000000, 4111616, 11538464, 83712
free, 2048, 59.000000, 4103456, 11538464, 83680
free, 4096, 39.000000, 4095296, 11538464, 83680
free, 8192, 49.000000, 4078944, 11538464, 83680
free, 32, 39.000000, 4078464, 11538464, 83680
free, 64, 58.000000, 4077984, 11538464, 83680
free, 128, 47.000000, 4077504, 11538464, 83648
free, 256, 61.000000, 4076512, 11538464, 83616
free, 512, 36.000000, 4075520, 11538464, 83616
free, 1024, 45.000000, 4073504, 11538464, 83616
free, 2048, 63.000000, 4065344, 11538464, 83616
free, 4096, 39.000000, 4057184, 11538464, 83616
free, 8192, 45.000000, 4040832, 11538464, 83616
free, 32, 40.000000, 4040352, 11538464, 83616
free, 64, 37.000000, 4039872, 11538464, 83616
free, 128, 23.000000, 4039392, 11538464, 83616
free, 256, 42.000000, 4038400, 11538464, 83616
free, 512, 49.000000, 4037408, 11538464, 83616
free, 1024, 37.000000, 4035392, 11538464, 83616
free, 2048, 48.000000, 4027232, 11538464, 83584
free, 4096, 36.000000, 4019072, 11538464, 83584
free, 8192, 44.000000, 4002720, 11538464, 83584
free, 32, 54.000000, 4002240, 11538464, 83584
free, 64, 58.000000, 4001760, 11538464, 83584
free, 128, 41.000000, 4001280, 11538464, 83552
free, 256, 43.000000, 4000288, 11538464, 83520
free, 512, 49.000000, 3999296, 11538464, 83520
free, 1024, 44.000000, 3997280, 11538464, 83520
free, 2048, 43.000000, 3989120, 11538464, 83520
free, 4096, 42.000000, 3980960, 11538464, 83520
free, 8192, 54.000000, 3964608, 11538464, 83520
free, 32, 41.000000, 3964128, 11538464, 83520
free, 64, 32.000000, 3963648, 11538464, 83520
free, 128, 30.000000, 3963168, 11538464, 83520
free, 256, 39.000000, 3962176, 11538464, 83520
free, 512, 38.000000, 3961184, 11538464, 83520
free, 1024, 45.000000, 3959168, 11538464, 83520
free, 2048, 47.000000, 3951008, 11538464, 83488
free, 4096, 36.000000, 3942848, 11538464, 83488
free, 8192, 53.000000, 3926496, 11538464, 83488
free, 32, 49.000000, 3926016, 11538464, 83488
free, 64, 60.000000, 3925536, 11538464, 83488
free, 128, 33.000000, 3925056, 11538464, 83456
free, 256, 46.000000, 3924064, 11538464, 83424
free, 512, 35.000000, 3923072, 11538464, 83424
free, 1024, 45.000000, 3921056, 11538464, 83424
free, 2048, 48.000000, 3912896, 11538464, 83424
free, 4096, 38.000000, 3904736, 11538464, 83424
free, 8192, 81.000000, 3888384, 11538464, 83424
free, 32, 45.000000, 3887904, 11538464, 83424
free, 64, 49.000000, 3887424, 11538464, 83424
free, 128, 30.000000, 3886944, 11538464, 83424
free, 256, 40.000000, 3885952, 11538464, 83424
free, 512, 45.000000, 3884960, 11538464, 83424
free, 1024, 49.000000, 3882944, 11538464, 83424
free, 2048, 59.000000, 3874784, 11538464, 83392
free, 4096, 38.000000, 3866624, 11538464, 83392
free, 8192, 54.000000, 3850272, 11538464, 83392
free, 32, 56.000000, 3849792, 11538464, 83392
free, 64, 56.000000, 3849312, 11538464, 83392
free, 128, 31.000000, 3848832, 11538464, 83360
free, 256, 43.000000, 3847840, 11538464, 83328
free, 512, 53.000000, 3846848, 11538464, 83328
free, 1024, 44.000000, 3844832, 11538464, 83328
free, 2048, 57.000000, 3836672, 11538464, 83328
free, 4096, 37.000000, 3828512, 11538464, 83328
free, 8192, 58.000000, 3812160, 11538464, 83328
free, 32, 48.000000, 3811680, 11538464, 83328
free, 64, 35.000000, 3811200, 11538464, 83328
free, 128, 20.000000, 3810720, 11538464, 83328
free, 256, 40.000000, 3809728, 11538464, 83328
free, 512, 36.000000, 3808736, 11538464, 83328
free, 1024, 44.000000, 3806720, 11538464, 83328
free, 2048, 49.000000, 3798560, 11538464, 83296
free, 4096, 37.000000, 3790400, 11538464, 83296
free, 8192, 56.000000, 3774048, 11538464, 83296
free, 32, 47.000000, 3773568, 11538464, 83296
free, 64, 58.000000, 3773088, 11538464, 83296
free, 128, 51.000000, 3772608, 11538464, 83264
free, 256, 41.000000, 3771616, 11538464, 83232
free, 512, 39.000000, 3770624, 11538464, 83232
free, 1024, 44.000000, 3768608, 11538464, 83232
free, 2048, 66.000000, 3760448, 11538464, 83232
free, 4096, 37.000000, 3752288, 11538464, 83232
free, 8192, 72.000000, 3735936, 11538464, 83232
free, 32, 49.000000, 3735456, 11538464, 83232
free, 64, 40.000000, 3734976, 11538464, 83232
free, 128, 29.000000, 3734496, 11538464, 83232
free, 256, 42.000000, 3733504, 11538464, 83232
free, 512, 47.000000, 3732512, 11538464, 83232
free, 1024, 37.000000, 3730496, 11538464, 83232
free, 2048, 74.000000, 3722336, 11538464, 83200
free, 4096, 40.000000, 3714176, 11538464, 83200
free, 8192, 46.000000, 3697824, 11538464, 83200
free, 32, 39.000000, 3697344, 11538464, 83200
free, 64, 60.000000, 3696864, 11538464, 83200
free, 128, 46.000000, 3696384, 11538464, 83168
free, 256, 46.000000, 3695392, 11538464, 83136
free, 512, 51.000000, 3694400, 11538464, 83136
free, 1024, 45.000000, 3692384, 11538464, 83136
free, 2048, 50.000000, 3684224, 11538464, 83136
free, 4096, 37.000000, 3676064, 11538464, 83136
free, 8192, 48.000000, 3659712, 11538464, 83136
free, 32, 44.000000, 3659232, 11538464, 83136
free, 64, 36.000000, 3658752, 11538464, 83136
free, 128, 28.000000, 3658272, 11538464, 83136
free, 256, 39.000000, 3657280, 11538464, 83136
free, 512, 39.000000, 3656288, 11538464, 83136
free, 1024, 47.000000, 3654272, 11538464, 83136
free, 2048, 67.000000, 3646112, 11538464, 83104
free, 4096, 37.000000, 3637952, 11538464, 83104
free, 8192, 46.000000, 3621600, 11538464, 83104
free, 32, 43.000000, 3621120, 11538464, 83104
free, 64, 58.000000, 3620640, 11538464, 83104
free, 128, 42.000000, 3620160, 11538464, 83072
free, 256, 60.000000, 3619168, 11538464, 83040
free, 512, 37.000000, 3618176, 11538464, 83040
free, 1024, 48.000000, 3616160, 11538464, 83040
free, 2048, 63.000000, 3608000, 11538464, 83040
free, 4096, 38.000000, 3599840, 11538464, 83040
free, 8192, 58.000000, 3583488, 11538464, 83040
free, 32, 47.000000, 3583008, 11538464, 83040
free, 64, 37.000000, 3582528, 11538464, 83040
free, 128, 24.000000, 3582048, 11538464, 83040
free, 256, 41.000000, 3581056, 11538464, 83040
free, 512, 43.000000, 3580064, 11538464, 83040
free, 1024, 47.000000, 3578048, 11538464, 83040
free, 2048, 50.000000, 3569888, 11538464, 83008
free, 4096, 43.000000, 3561728, 11538464, 83008
free, 8192, 47.000000, 3545376, 11538464, 83008
free, 32, 56.000000, 3544896, 11538464, 83008
free, 64, 59.000000, 3544416, 11538464, 83008
free, 128, 42.000000, 3543936, 11538464, 82976
free, 256, 45.000000, 3542944, 11538464, 82944
free, 512, 48.000000, 3541952, 11538464, 82944
free, 1024, 43.000000, 3539936, 11538464, 82944
free, 2048, 45.000000, 3531776, 11538464, 82944
free, 4096, 49.000000, 3523616, 11538464, 82944
free, 8192, 44.000000, 3507264, 11538464, 82944
free, 32, 47.000000, 3506784, 11538464, 82944
free, 64, 34.000000, 3506304, 11538464, 82944
free, 128, 25.000000, 3505824, 11538464, 82944
free, 256, 39.000000, 3504832, 11538464, 82944
free, 512, 36.000000, 3503840, 11538464, 82944
free, 1024, 46.000000, 3501824, 11538464, 82944
free, 2048, 57.000000, 3493664, 11538464, 82912
free, 4096, 55.000000, 3485504, 11538464, 82912
free, 8192, 51.000000, 3469152, 11538464, 82912
free, 32, 47.000000, 3468672, 11538464, 82912
free, 64, 53.000000, 3468192, 11538464, 82912
free, 128, 50.000000, 3467712, 11538464, 82880
free, 256, 40.000000, 3466720, 11538464, 82848
free, 512, 36.000000, 3465728, 11538464, 82848
free, 1024, 46.000000, 3463712, 11538464, 82848
free, 2048, 64.000000, 3455552, 11538464, 82848
free, 4096, 42.000000, 3447392, 11538464, 82848
free, 8192, 47.000000, 3431040, 11538464, 82848
free, 32, 38.000000, 3430560, 11538464, 82848
free, 64, 40.000000, 3430080, 11538464, 82848
free, 128, 35.000000, 3429600, 11538464, 82848
free, 256, 47.000000, 3428608, 11538464, 82848
free, 512, 48.000000, 3427616, 11538464, 82848
free, 1024, 29.000000, 3425600, 11538464, 82848
free, 2048, 61.000000, 3417440, 11538464, 82816
free, 4096, 41.000000, 3409280, 11538464, 82816
free, 8192, 48.000000, 3392928, 11538464, 82816
free, 32, 47.000000, 3392448, 11538464, 82816
free, 64, 60.000000, 3391968, 11538464, 82816
free, 128, 41.000000, 3391488, 11538464, 82784
free, 256, 63.000000, 3390496, 11538464, 82752
free, 512, 53.000000, 3389504, 11538464, 82752
free, 1024, 45.000000, 3387488, 11538464, 82752
free, 2048, 61.000000, 3379328, 11538464, 82752
free, 4096, 54.000000, 3371168, 11538464, 82752
free, 8192, 58.000000, 3354816, 11538464, 82752
free, 32, 51.000000, 3354336, 11538464, 82752
free, 64, 29.000000, 3353856, 11538464, 82752
free, 128, 30.000000, 3353376, 11538464, 82752
free, 256, 44.000000, 3352384, 11538464, 82752
free, 512, 29.000000, 3351392, 11538464, 82752
free, 1024, 47.000000, 3349376, 11538464, 82752
free, 2048, 65.000000, 3341216, 11538464, 82720
free, 4096, 32.000000, 3333056, 11538464, 82720
free, 8192, 46.000000, 3316704, 11538464, 82720
free, 32, 40.000000, 3316224, 11538464, 82720
free, 64, 60.000000, 3315744, 11538464, 82720
free, 128, 41.000000, 3315264, 11538464, 82688
free, 256, 59.000000, 3314272, 11538464, 82656
free, 512, 40.000000, 3313280, 11538464, 82656
free, 1024, 39.000000, 3311264, 11538464, 82656
free, 2048, 66.000000, 3303104, 11538464, 82656
free, 4096, 33.000000, 3294944, 11538464, 82656
free, 8192, 61.000000, 3278592, 11538464, 82656
free, 32, 43.000000, 3278112, 11538464, 82656
free, 64, 36.000000, 3277632, 11538464, 82656
free, 128, 33.000000, 3277152, 11538464, 82656
free, 256, 44.000000, 3276160, 11538464, 82656
free, 512, 46.000000, 3275168, 11538464, 82656
free, 1024, 38.000000, 3273152, 11538464, 82656
free, 2048, 65.000000, 3264992, 11538464, 82624
free, 4096, 34.000000, 3256832, 11538464, 82624
free, 8192, 50.000000, 3240480, 11538464, 82624
free, 32, 50.000000, 3240000, 11538464, 82624
free, 64, 59.000000, 3239520, 11538464, 82624
free, 128, 40.000000, 3239040, 11538464, 82592
free, 256, 60.000000, 3238048, 11538464, 82560
free, 512, 50.000000, 3237056, 11538464, 82560
free, 1024, 43.000000, 3235040, 11538464, 82560
free, 2048, 62.000000, 3226880, 11538464, 82560
free, 4096, 38.000000, 3218720, 11538464, 82560
free, 8192, 72.000000, 3202368, 11538464, 82560
free, 32, 38.000000, 3201888, 11538464, 82560
free, 64, 26.000000, 3201408, 11538464, 82560
free, 128, 27.000000, 3200928, 11538464, 82560
free, 256, 43.000000, 3199936, 11538464, 82560
free, 512, 29.000000, 3198944, 11538464, 82560
free, 1024, 43.000000, 3196928, 11538464, 82560
free, 2048, 70.000000, 3188768, 11538464, 82528
free, 4096, 41.000000, 3180608, 11538464, 82528
free, 8192, 49.000000, 3164256, 11538464, 82528
free, 32, 32.000000, 3163776, 11538464, 82528
free, 64, 60.000000, 3163296, 11538464, 82528
free, 128, 43.000000, 3162816, 11538464, 82496
free, 256, 61.000000, 3161824, 11538464, 82464
free, 512, 35.000000, 3160832, 11538464, 82464
free, 1024, 39.000000, 3158816, 11538464, 82464
free, 2048, 64.000000, 3150656, 11538464, 82464
free, 4096, 32.000000, 3142496, 11538464, 82464
free, 8192, 55.000000, 3126144, 11538464, 82464
free, 32, 49.000000, 3125664, 11538464, 82464
free, 64, 28.000000, 3125184, 11538464, 82464
free, 128, 29.000000, 3124704, 11538464, 82464
free, 256, 54.000000, 3123712, 11538464, 82464
free, 512, 48.000000, 3122720, 11538464, 82464
free, 1024, 27.000000, 3120704, 11538464, 82464
free, 2048, 75.000000, 3112544, 11538464, 82432
free, 4096, 29.000000, 3104384, 11538464, 82432
free, 8192, 47.000000, 3088032, 11538464, 82432
free, 32, 42.000000, 3087552, 11538464, 82432
free, 64, 59.000000, 3087072, 11538464, 82432
free, 128, 42.000000, 3086592, 11538464, 82400
free, 256, 58.000000, 3085600, 11538464, 82368
free, 512, 52.000000, 3084608, 11538464, 82368
free, 1024, 44.000000, 3082592, 11538464, 82368
free, 2048, 77.000000, 3074432, 11538464, 82368
free, 4096, 38.000000, 3066272, 11538464, 82368
free, 8192, 53.000000, 3049920, 11538464, 82368
free, 32, 35.000000, 3049440, 11538464, 82368
free, 64, 24.000000, 3048960, 11538464, 82368
free, 128, 27.000000, 3048480, 11538464, 82368
free, 256, 42.000000, 3047488, 11538464, 82368
free, 512, 29.000000, 3046496, 11538464, 82368
free, 1024, 42.000000, 3044480, 11538464, 82368
free, 2048, 69.000000, 3036320, 11538464, 82336
free, 4096, 38.000000, 3028160, 11538464, 82336
free, 8192, 65.000000, 3011808, 11538464, 82336
free, 32, 31.000000, 3011328, 11538464, 82336
free, 64, 59.000000, 3010848, 11538464, 82336
free, 128, 40.000000, 3010368, 11538464, 82304
free, 256, 60.000000, 3009376, 11538464, 82272
free, 512, 33.000000, 3008384, 11538464, 82272
free, 1024, 47.000000, 3006368, 11538464, 82272
free, 2048, 66.000000, 2998208, 11538464, 82272
free, 4096, 40.000000, 2990048, 11538464, 82272
free, 8192, 52.000000, 2973696, 11538464, 82272
free, 32, 41.000000, 2973216, 11538464, 82272
free, 64, 46.000000, 2972736, 11538464, 82272
free, 128, 27.000000, 2972256, 11538464, 82272
free, 256, 38.000000, 2971264, 11538464, 82272
free, 512, 47.000000, 2970272, 11538464, 82272
free, 1024, 45.000000, 2968256, 11538464, 82272
free, 2048, 66.000000, 2960096, 11538464, 82240
free, 4096, 41.000000, 2951936, 11538464, 82240
free, 8192, 49.000000, 2935584, 11538464, 82240
free, 32, 42.000000, 2935104, 11538464, 82240
free, 64, 52.000000, 2934624, 11538464, 82240
free, 128, 39.000000, 2934144, 11538464, 82208
free, 256, 61.000000, 2933152, 11538464, 82176
free, 512, 51.000000, 2932160, 11538464, 82176
free, 1024, 44.000000, 2930144, 11538464, 82176
free, 2048, 45.000000, 2921984, 11538464, 82176
free, 4096, 39.000000, 2913824, 11538464, 82176
free, 8192, 58.000000, 2897472, 11538464, 82176
free, 32, 43.000000, 2896992, 11538464, 82176
free, 64, 27.000000, 2896512, 11538464, 82176
free, 128, 27.000000, 2896032, 11538464, 82176
free, 256, 44.000000, 2895040, 11538464, 82176
free, 512, 34.000000, 2894048, 11538464, 82176
free, 1024, 46.000000, 2892032, 11538464, 82176
free, 2048, 64.000000, 2883872, 11538464, 82144
free, 4096, 42.000000, 2875712, 11538464, 82144
free, 8192, 48.000000, 2859360, 11538464, 82144
free, 32, 38.000000, 2858880, 11538464, 82144
free, 64, 51.000000, 2858400, 11538464, 82144
free, 128, 45.000000, 2857920, 11538464, 82112
free, 256, 61.000000, 2856928, 11538464, 82080
free, 512, 39.000000, 2855936, 11538464, 82080
free, 1024, 40.000000, 2853920, 11538464, 82080
free, 2048, 69.000000, 2845760, 11538464, 82080
free, 4096, 36.000000, 2837600, 11538464, 82080
free, 8192, 55.000000, 2821248, 11538464, 82080
free, 32, 50.000000, 2820768, 11538464, 82080
free, 64, 39.000000, 2820288, 11538464, 82080
free, 128, 30.000000, 2819808, 11538464, 82080
free, 256, 39.000000, 2818816, 11538464, 82080
free, 512, 47.000000, 2817824, 11538464, 82080
free, 1024, 36.000000, 2815808, 11538464, 82080
free, 2048, 68.000000, 2807648, 11538464, 82048
free, 4096, 30.000000, 2799488, 11538464, 82048
free, 8192, 51.000000, 2783136, 11538464, 82048
free, 32, 53.000000, 2782656, 11538464, 82048
free, 64, 57.000000, 2782176, 11538464, 82048
free, 128, 50.000000, 2781696, 11538464, 82016
free, 256, 62.000000, 2780704, 11538464, 81984
free, 512, 48.000000, 2779712, 11538464, 81984
free, 1024, 42.000000, 2777696, 11538464, 81984
free, 2048, 79.000000, 2769536, 11538464, 81984
free, 4096, 43.000000, 2761376, 11538464, 81984
free, 8192, 47.000000, 2745024, 11538464, 81984
free, 32, 45.000000, 2744544, 11538464, 81984
free, 64, 29.000000, 2744064, 11538464, 81984
free, 128, 33.000000, 2743584, 11538464, 81984
free, 256, 45.000000, 2742592, 11538464, 81984
free, 512, 28.000000, 2741600, 11538464, 81984
free, 1024, 45.000000, 2739584, 11538464, 81984
free, 2048, 72.000000, 2731424, 11538464, 81952
free, 4096, 27.000000, 2723264, 11538464, 81952
free, 8192, 64.000000, 2706912, 11538464, 81952
free, 32, 48.000000, 2706432, 11538464, 81952
free, 64, 61.000000, 2705952, 11538464, 81952
free, 128, 41.000000, 2705472, 11538464, 81920
free, 256, 65.000000, 2704480, 11538464, 81888
free, 512, 39.000000, 2703488, 11538464, 81888
free, 1024, 41.000000, 2701472, 11538464, 81888
free, 2048, 62.000000, 2693312, 11538464, 81888
free, 4096, 27.000000, 2685152, 11538464, 81888
free, 8192, 61.000000, 2668800, 11538464, 81888
free, 32, 43.000000, 2668320, 11538464, 81888
free, 64, 42.000000, 2667840, 11538464, 81888
free, 128, 35.000000, 2667360, 11538464, 81888
free, 256, 43.000000, 2666368, 11538464, 81888
free, 512, 38.000000, 2665376, 11538464, 81888
free, 1024, 41.000000, 2663360, 11538464, 81888
free, 2048, 65.000000, 2655200, 11538464, 81856
free, 4096, 29.000000, 2647040, 11538464, 81856
free, 8192, 50.000000, 2630688, 11538464, 81856
free, 32, 51.000000, 2630208, 11538464, 81856
free, 64, 57.000000, 2629728, 11538464, 81856
free, 128, 53.000000, 2629248, 11538464, 81824
free, 256, 53.000000, 2628256, 11538464, 81792
free, 512, 51.000000, 2627264, 11538464, 81792
free, 1024, 52.000000, 2625248, 11538464, 81792
free, 2048, 62.000000, 2617088, 11538464, 81792
free, 4096, 41.000000, 2608928, 11538464, 81792
free, 8192, 46.000000, 2592576, 11538464, 81792
free, 32, 40.000000, 2592096, 11538464, 81792
free, 64, 29.000000, 2591616, 11538464, 81792
free, 128, 29.000000, 2591136, 11538464, 81792
free, 256, 47.000000, 2590144, 11538464, 81792
free, 512, 30.000000, 2589152, 11538464, 81792
free, 1024, 45.000000, 2587136, 11538464, 81792
free, 2048, 64.000000, 2578976, 11538464, 81760
free, 4096, 37.000000, 2570816, 11538464, 81760
free, 8192, 66.000000, 2554464, 11538464, 81760
free, 32, 38.000000, 2553984, 11538464, 81760
free, 64, 58.000000, 2553504, 11538464, 81760
free, 128, 41.000000, 2553024, 11538464, 81728
free, 256, 59.000000, 2552032, 11538464, 81696
free, 512, 38.000000, 2551040, 11538464, 81696
free, 1024, 37.000000, 2549024, 11538464, 81696
free, 2048, 64.000000, 2540864, 11538464, 81696
free, 4096, 28.000000, 2532704, 11538464, 81696
free, 8192, 57.000000, 2516352, 11538464, 81696
free, 32, 44.000000, 2515872, 11538464, 81696
free, 64, 30.000000, 2515392, 11538464, 81696
free, 128, 27.000000, 2514912, 11538464, 81696
free, 256, 47.000000, 2513920, 11538464, 81696
free, 512, 45.000000, 2512928, 11538464, 81696
free, 1024, 27.000000, 2510912, 11538464, 81696
free, 2048, 61.000000, 2502752, 11538464, 81664
free, 4096, 30.000000, 2494592, 11538464, 81664
free, 8192, 47.000000, 2478240, 11538464, 81664
free, 32, 42.000000, 2477760, 11538464, 81664
free, 64, 62.000000, 2477280, 11538464, 81664
free, 128, 45.000000, 2476800, 11538464, 81632
free, 256, 62.000000, 2475808, 11538464, 81600
free, 512, 48.000000, 2474816, 11538464, 81600
free, 1024, 43.000000, 2472800, 11538464, 81600
free, 2048, 53.000000, 2464640, 11538464, 81600
free, 4096, 46.000000, 2456480, 11538464, 81600
free, 8192, 52.000000, 2440128, 11538464, 81600
free, 32, 48.000000, 2439648, 11538464, 81600
free, 64, 27.000000, 2439168, 11538464, 81600
free, 128, 27.000000, 2438688, 11538464, 81600
free, 256, 54.000000, 2437696, 11538464, 81600
free, 512, 34.000000, 2436704, 11538464, 81600
free, 1024, 42.000000, 2434688, 11538464, 81600
free, 2048, 62.000000, 2426528, 11538464, 81568
free, 4096, 39.000000, 2418368, 11538464, 81568
free, 8192, 53.000000, 2402016, 11538464, 81568
free, 32, 37.000000, 2401536, 11538464, 81568
free, 64, 60.000000, 2401056, 11538464, 81568
free, 128, 44.000000, 2400576, 11538464, 81536
free, 256, 59.000000, 2399584, 11538464, 81504
free, 512, 37.000000, 2398592, 11538464, 81504
free, 1024, 36.000000, 2396576, 11538464, 81504
free, 2048, 64.000000, 2388416, 11538464, 81504
free, 4096, 27.000000, 2380256, 11538464, 81504
free, 8192, 62.000000, 2363904, 11538464, 81504
free, 32, 43.000000, 2363424, 11538464, 81504
free, 64, 28.000000, 2362944, 11538464, 81504
free, 128, 29.000000, 2362464, 11538464, 81504
free, 256, 47.000000, 2361472, 11538464, 81504
free, 512, 46.000000, 2360480, 11538464, 81504
free, 1024, 34.000000, 2358464, 11538464, 81504
free, 2048, 70.000000, 2350304, 11538464, 81472
free, 4096, 30.000000, 2342144, 11538464, 81472
free, 8192, 51.000000, 2325792, 11538464, 81472
free, 32, 57.000000, 2325312, 11538464, 81472
free, 64, 51.000000, 2324832, 11538464, 81472
free, 128, 40.000000, 2324352, 11538464, 81440
free, 256, 61.000000, 2323360, 11538464, 81408
free, 512, 47.000000, 2322368, 11538464, 81408
free, 1024, 43.000000, 2320352, 11538464, 81408
free, 2048, 77.000000, 2312192, 11538464, 81408
free, 4096, 50.000000, 2304032, 11538464, 81408
free, 8192, 43.000000, 2287680, 11538464, 81408
free, 32, 38.000000, 2287200, 11538464, 81408
free, 64, 28.000000, 2286720, 11538464, 81408
free, 128, 27.000000, 2286240, 11538464, 81408
free, 256, 47.000000, 2285248, 11538464, 81408
free, 512, 29.000000, 2284256, 11538464, 81408
free, 1024, 45.000000, 2282240, 11538464, 81408
free, 2048, 65.000000, 2274080, 11538464, 81376
free, 4096, 33.000000, 2265920, 11538464, 81376
free, 8192, 44.000000, 2249568, 11538464, 81376
free, 32, 38.000000, 2249088, 11538464, 81376
free, 64, 52.000000, 2248608, 11538464, 81376
free, 128, 42.000000, 2248128, 11538464, 81344
free, 256, 64.000000, 2247136, 11538464, 81312
free, 512, 35.000000, 2246144, 11538464, 81312
free, 1024, 44.000000, 2244128, 11538464, 81312
free, 2048, 62.000000, 2235968, 11538464, 81312
free, 4096, 47.000000, 2227808, 11538464, 81312
free, 8192, 62.000000, 2211456, 11538464, 81312
free, 32, 51.000000, 2210976, 11538464, 81312
free, 64, 48.000000, 2210496, 11538464, 81312
free, 128, 31.000000, 2210016, 11538464, 81312
free, 256, 42.000000, 2209024, 11538464, 81312
free, 512, 44.000000, 2208032, 11538464, 81312
free, 1024, 39.000000, 2206016, 11538464, 81312
free, 2048, 48.000000, 2197856, 11538464, 81280
free, 4096, 49.000000, 2189696, 11538464, 81280
free, 8192, 51.000000, 2173344, 11538464, 81280
free, 32, 54.000000, 2172864, 11538464, 81280
free, 64, 52.000000, 2172384, 11538464, 81280
free, 128, 41.000000, 2171904, 11538464, 81248
free, 256, 44.000000, 2170912, 11538464, 81216
free, 512, 50.000000, 2169920, 11538464, 81216
free, 1024, 48.000000, 2167904, 11538464, 81216
free, 2048, 46.000000, 2159744, 11538464, 81216
free, 4096, 55.000000, 2151584, 11538464, 81216
free, 8192, 57.000000, 2135232, 11538464, 81216
free, 32, 45.000000, 2134752, 11538464, 81216
free, 64, 27.000000, 2134272, 11538464, 81216
free, 128, 30.000000, 2133792, 11538464, 81216
free, 256, 48.000000, 2132800, 11538464, 81216
free, 512, 38.000000, 2131808, 11538464, 81216
free, 1024, 44.000000, 2129792, 11538464, 81216
free, 2048, 66.000000, 2121632, 11538464, 81184
free, 4096, 40.000000, 2113472, 11538464, 81184
free, 8192, 57.000000, 2097120, 11538464, 81184
free, 32, 37.000000, 2096640, 11538464, 81184
free, 64, 57.000000, 2096160, 11538464, 81184
free, 128, 39.000000, 2095680, 11538464, 81152
free, 256, 63.000000, 2094688, 11538464, 81120
free, 512, 34.000000, 2093696, 11538464, 81120
free, 1024, 48.000000, 2091680, 11538464, 81120
free, 2048, 58.000000, 2083520, 11538464, 81120
free, 4096, 42.000000, 2075360, 11538464, 81120
free, 8192, 48.000000, 2059008, 11538464, 81120
free, 32, 41.000000, 2058528, 11538464, 81120
free, 64, 34.000000, 2058048, 11538464, 81120
free, 128, 37.000000, 2057568, 11538464, 81120
free, 256, 42.000000, 2056576, 11538464, 81120
free, 512, 33.000000, 2055584, 11538464, 81120
free, 1024, 38.000000, 2053568, 11538464, 81120
free, 2048, 63.000000, 2045408, 11538464, 81088
free, 4096, 31.000000, 2037248, 11538464, 81088
free, 8192, 49.000000, 2020896, 11538464, 81088
free, 32, 48.000000, 2020416, 11538464, 81088
free, 64, 61.000000, 2019936, 11538464, 81088
free, 128, 46.000000, 2019456, 11538464, 81056
free, 256, 65.000000, 2018464, 11538464, 81024
free, 512, 50.000000, 2017472, 11538464, 81024
free, 1024, 42.000000, 2015456, 11538464, 81024
free, 2048, 63.000000, 2007296, 11538464, 81024
free, 4096, 51.000000, 1999136, 11538464, 81024
free, 8192, 53.000000, 1982784, 11538464, 81024
free, 32, 39.000000, 1982304, 11538464, 81024
free, 64, 27.000000, 1981824, 11538464, 81024
free, 128, 36.000000, 1981344, 11538464, 81024
free, 256, 45.000000, 1980352, 11538464, 81024
free, 512, 25.000000, 1979360, 11538464, 81024
free, 1024, 46.000000, 1977344, 11538464, 81024
free, 2048, 68.000000, 1969184, 11538464, 80992
free, 4096, 43.000000, 1961024, 11538464, 80992
free, 8192, 47.000000, 1944672, 11538464, 80992
free, 32, 38.000000, 1944192, 11538464, 80992
free, 64, 57.000000, 1943712, 11538464, 80992
free, 128, 50.000000, 1943232, 11538464, 80960
free, 256, 60.000000, 1942240, 11538464, 80928
free, 512, 35.000000, 1941248, 11538464, 80928
free, 1024, 41.000000, 1939232, 11538464, 80928
free, 2048, 61.000000, 1931072, 11538464, 80928
free, 4096, 34.000000, 1922912, 11538464, 80928
free, 8192, 53.000000, 1906560, 11538464, 80928
free, 32, 49.000000, 1906080, 11538464, 80928
free, 64, 44.000000, 1905600, 11538464, 80928
free, 128, 30.000000, 1905120, 11538464, 80928
free, 256, 51.000000, 1904128, 11538464, 80928
free, 512, 39.000000, 1903136, 11538464, 80928
free, 1024, 28.000000, 1901120, 11538464, 80928
free, 2048, 73.000000, 1892960, 11538464, 80896
free, 4096, 34.000000, 1884800, 11538464, 80896
free, 8192, 48.000000, 1868448, 11538464, 80896
free, 32, 36.000000, 1867968, 11538464, 80896
free, 64, 61.000000, 1867488, 11538464, 80896
free, 128, 50.000000, 1867008, 11538464, 80864
free, 256, 55.000000, 1866016, 11538464, 80832
free, 512, 55.000000, 1865024, 11538464, 80832
free, 1024, 43.000000, 1863008, 11538464, 80832
free, 2048, 74.000000, 1854848, 11538464, 80832
free, 4096, 32.000000, 1846688, 11538464, 80832
free, 8192, 48.000000, 1830336, 11538464, 80832
free, 32, 38.000000, 1829856, 11538464, 80832
free, 64, 28.000000, 1829376, 11538464, 80832
free, 128, 28.000000, 1828896, 11538464, 80832
free, 256, 44.000000, 1827904, 11538464, 80832
free, 512, 30.000000, 1826912, 11538464, 80832
free, 1024, 44.000000, 1824896, 11538464, 80832
free, 2048, 68.000000, 1816736, 11538464, 80800
free, 4096, 30.000000, 1808576, 11538464, 80800
free, 8192, 58.000000, 1792224, 11538464, 80800
free, 32, 42.000000, 1791744, 11538464, 80800
free, 64, 60.000000, 1791264, 11538464, 80800
free, 128, 48.000000, 1790784, 11538464, 80768
free, 256, 61.000000, 1789792, 11538464, 80736
free, 512, 40.000000, 1788800, 11538464, 80736
free, 1024, 40.000000, 1786784, 11538464, 80736
free, 2048, 60.000000, 1778624, 11538464, 80736
free, 4096, 31.000000, 1770464, 11538464, 80736
free, 8192, 48.000000, 1754112, 11538464, 80736
free, 32, 43.000000, 1753632, 11538464, 80736
free, 64, 28.000000, 1753152, 11538464, 80736
free, 128, 26.000000, 1752672, 11538464, 80736
free, 256, 48.000000, 1751680, 11538464, 80736
free, 512, 41.000000, 1750688, 11538464, 80736
free, 1024, 37.000000, 1748672, 11538464, 80736
free, 2048, 68.000000, 1740512, 11538464, 80704
free, 4096, 32.000000, 1732352, 11538464, 80704
free, 8192, 56.000000, 1716000, 11538464, 80704
free, 32, 56.000000, 1715520, 11538464, 80704
free, 64, 59.000000, 1715040, 11538464, 80704
free, 128, 48.000000, 1714560, 11538464, 80672
free, 256, 64.000000, 1713568, 11538464, 80640
free, 512, 46.000000, 1712576, 11538464, 80640
free, 1024, 46.000000, 1710560, 11538464, 80640
free, 2048, 64.000000, 1702400, 11538464, 80640
free, 4096, 42.000000, 1694240, 11538464, 80640
free, 8192, 54.000000, 1677888, 11538464, 80640
free, 32, 40.000000, 1677408, 11538464, 80640
free, 64, 28.000000, 1676928, 11538464, 80640
free, 128, 28.000000, 1676448, 11538464, 80640
free, 256, 43.000000, 1675456, 11538464, 80640
free, 512, 31.000000, 1674464, 11538464, 80640
free, 1024, 44.000000, 1672448, 11538464, 80640
free, 2048, 63.000000, 1664288, 11538464, 80608
free, 4096, 28.000000, 1656128, 11538464, 80608
free, 8192, 46.000000, 1639776, 11538464, 80608
free, 32, 38.000000, 1639296, 11538464, 80608
free, 64, 59.000000, 1638816, 11538464, 80608
free, 128, 45.000000, 1638336, 11538464, 80576
free, 256, 61.000000, 1637344, 11538464, 80544
free, 512, 31.000000, 1636352, 11538464, 80544
free, 1024, 37.000000, 1634336, 11538464, 80544
free, 2048, 63.000000, 1626176, 11538464, 80544
free, 4096, 34.000000, 1618016, 11538464, 80544
free, 8192, 50.000000, 1601664, 11538464, 80544
free, 32, 48.000000, 1601184, 11538464, 80544
free, 64, 30.000000, 1600704, 11538464, 80544
free, 128, 31.000000, 1600224, 11538464, 80544
free, 256, 46.000000, 1599232, 11538464, 80544
free, 512, 45.000000, 1598240, 11538464, 80544
free, 1024, 29.000000, 1596224, 11538464, 80544
free, 2048, 66.000000, 1588064, 11538464, 80512
free, 4096, 31.000000, 1579904, 11538464, 80512
free, 8192, 50.000000, 1563552, 11538464, 80512
free, 32, 49.000000, 1563072, 11538464, 80512
free, 64, 58.000000, 1562592, 11538464, 80512
free, 128, 43.000000, 1562112, 11538464, 80480
free, 256, 62.000000, 1561120, 11538464, 80448
free, 512, 50.000000, 1560128, 11538464, 80448
free, 1024, 49.000000, 1558112, 11538464, 80448
free, 2048, 63.000000, 1549952, 11538464, 80448
free, 4096, 47.000000, 1541792, 11538464, 80448
free, 8192, 51.000000, 1525440, 11538464, 80448
free, 32, 36.000000, 1524960, 11538464, 80448
free, 64, 30.000000, 1524480, 11538464, 80448
free, 128, 28.000000, 1524000, 11538464, 80448
free, 256, 43.000000, 1523008, 11538464, 80448
free, 512, 25.000000, 1522016, 11538464, 80448
free, 1024, 45.000000, 1520000, 11538464, 80448
free, 2048, 67.000000, 1511840, 11538464, 80416
free, 4096, 30.000000, 1503680, 11538464, 80416
free, 8192, 52.000000, 1487328, 11538464, 80416
free, 32, 43.000000, 1486848, 11538464, 80416
free, 64, 59.000000, 1486368, 11538464, 80416
free, 128, 41.000000, 1485888, 11538464, 80384
free, 256, 57.000000, 1484896, 11538464, 80352
free, 512, 32.000000, 1483904, 11538464, 80352
free, 1024, 36.000000, 1481888, 11538464, 80352
free, 2048, 82.000000, 1473728, 11538464, 80352
free, 4096, 31.000000, 1465568, 11538464, 80352
free, 8192, 53.000000, 1449216, 11538464, 80352
free, 32, 39.000000, 1448736, 11538464, 80352
free, 64, 28.000000, 1448256, 11538464, 80352
free, 128, 34.000000, 1447776, 11538464, 80352
free, 256, 44.000000, 1446784, 11538464, 80352
free, 512, 35.000000, 1445792, 11538464, 80352
free, 1024, 39.000000, 1443776, 11538464, 80352
free, 2048, 62.000000, 1435616, 11538464, 80320
free, 4096, 49.000000, 1427456, 11538464, 80320
free, 8192, 50.000000, 1411104, 11538464, 80320
free, 32, 49.000000, 1410624, 11538464, 80320
free, 64, 61.000000, 1410144, 11538464, 80320
free, 128, 42.000000, 1409664, 11538464, 80288
free, 256, 63.000000, 1408672, 11538464, 80256
free, 512, 51.000000, 1407680, 11538464, 80256
free, 1024, 44.000000, 1405664, 11538464, 80256
free, 2048, 60.000000, 1397504, 11538464, 80256
free, 4096, 51.000000, 1389344, 11538464, 80256
free, 8192, 62.000000, 1372992, 11538464, 80256
free, 32, 50.000000, 1372512, 11538464, 80256
free, 64, 28.000000, 1372032, 11538464, 80256
free, 128, 39.000000, 1371552, 11538464, 80256
free, 256, 45.000000, 1370560, 11538464, 80256
free, 512, 29.000000, 1369568, 11538464, 80256
free, 1024, 46.000000, 1367552, 11538464, 80256
free, 2048, 71.000000, 1359392, 11538464, 80224
free, 4096, 36.000000, 1351232, 11538464, 80224
free, 8192, 55.000000, 1334880, 11538464, 80224
free, 32, 41.000000, 1334400, 11538464, 80224
free, 64, 57.000000, 1333920, 11538464, 80224
free, 128, 44.000000, 1333440, 11538464, 80192
free, 256, 65.000000, 1332448, 11538464, 80160
free, 512, 35.000000, 1331456, 11538464, 80160
free, 1024, 43.000000, 1329440, 11538464, 80160
free, 2048, 61.000000, 1321280, 11538464, 80160
free, 4096, 28.000000, 1313120, 11538464, 80160
free, 8192, 46.000000, 1296768, 11538464, 80160
free, 32, 49.000000, 1296288, 11538464, 80160
free, 64, 48.000000, 1295808, 11538464, 80160
free, 128, 34.000000, 1295328, 11538464, 80160
free, 256, 47.000000, 1294336, 11538464, 80160
free, 512, 37.000000, 1293344, 11538464, 80160
free, 1024, 24.000000, 1291328, 11538464, 80160
free, 2048, 69.000000, 1283168, 11538464, 80128
free, 4096, 34.000000, 1275008, 11538464, 80128
free, 8192, 63.000000, 1258656, 11538464, 80128
free, 32, 71.000000, 1258176, 11538464, 80128
free, 64, 52.000000, 1257696, 11538464, 80128
free, 128, 44.000000, 1257216, 11538464, 80096
free, 256, 66.000000, 1256224, 11538464, 80064
free, 512, 50.000000, 1255232, 11538464, 80064
free, 1024, 43.000000, 1253216, 11538464, 80064
free, 2048, 59.000000, 1245056, 11538464, 80064
free, 4096, 44.000000, 1236896, 11538464, 80064
free, 8192, 47.000000, 1220544, 11538464, 80064
free, 32, 39.000000, 1220064, 11538464, 80064
free, 64, 30.000000, 1219584, 11538464, 80064
free, 128, 29.000000, 1219104, 11538464, 80064
free, 256, 56.000000, 1218112, 11538464, 80064
free, 512, 30.000000, 1217120, 11538464, 80064
free, 1024, 45.000000, 1215104, 11538464, 80064
free, 2048, 59.000000, 1206944, 11538464, 80032
free, 4096, 35.000000, 1198784, 11538464, 80032
free, 8192, 44.000000, 1182432, 11538464, 80032
free, 32, 41.000000, 1181952, 11538464, 80032
free, 64, 51.000000, 1181472, 11538464, 80032
free, 128, 39.000000, 1180992, 11538464, 80000
free, 256, 62.000000, 1180000, 11538464, 79968
free, 512, 36.000000, 1179008, 11538464, 79968
free, 1024, 35.000000, 1176992, 11538464, 79968
free, 2048, 62.000000, 1168832, 11538464, 79968
free, 4096, 38.000000, 1160672, 11538464, 79968
free, 8192, 56.000000, 1144320, 11538464, 79968
free, 32, 42.000000, 1143840, 11538464, 79968
free, 64, 39.000000, 1143360, 11538464, 79968
free, 128, 30.000000, 1142880, 11538464, 79968
free, 256, 39.000000, 1141888, 11538464, 79968
free, 512, 46.000000, 1140896, 11538464, 79968
free, 1024, 48.000000, 1138880, 11538464, 79968
free, 2048, 69.000000, 1130720, 11538464, 79936
free, 4096, 40.000000, 1122560, 11538464, 79936
free, 8192, 58.000000, 1106208, 11538464, 79936
free, 32, 39.000000, 1105728, 11538464, 79936
free, 64, 58.000000, 1105248, 11538464, 79936
free, 128, 40.000000, 1104768, 11538464, 79904
free, 256, 48.000000, 1103776, 11538464, 79872
free, 512, 51.000000, 1102784, 11538464, 79872
free, 1024, 44.000000, 1100768, 11538464, 79872
free, 2048, 48.000000, 1092608, 11538464, 79872
free, 4096, 40.000000, 1084448, 11538464, 79872
free, 8192, 48.000000, 1068096, 11538464, 79872
free, 32, 41.000000, 1067616, 11538464, 79872
free, 64, 31.000000, 1067136, 11538464, 79872
free, 128, 25.000000, 1066656, 11538464, 79872
free, 256, 40.000000, 1065664, 11538464, 79872
free, 512, 34.000000, 1064672, 11538464, 79872
free, 1024, 46.000000, 1062656, 11538464, 79872
free, 2048, 58.000000, 1054496, 11538464, 79840
free, 4096, 39.000000, 1046336, 11538464, 79840
free, 8192, 47.000000, 1029984, 11538464, 79840
free, 32, 38.000000, 1029504, 11538464, 79840
free, 64, 48.000000, 1029024, 11538464, 79840
free, 128, 42.000000, 1028544, 11538464, 79808
free, 256, 45.000000, 1027552, 11538464, 79776
free, 512, 38.000000, 1026560, 11538464, 79776
free, 1024, 46.000000, 1024544, 11538464, 79776
free, 2048, 61.000000, 1016384, 11538464, 79776
free, 4096, 33.000000, 1008224, 11538464, 79776
free, 8192, 63.000000, 991872, 11538464, 79776
free, 32, 43.000000, 991392, 11538464, 79776
free, 64, 40.000000, 990912, 11538464, 79776
free, 128, 29.000000, 990432, 11538464, 79776
free, 256, 43.000000, 989440, 11538464, 79776
free, 512, 44.000000, 988448, 11538464, 79776
free, 1024, 38.000000, 986432, 11538464, 79776
free, 2048, 65.000000, 978272, 11538464, 79744
free, 4096, 50.000000, 970112, 11538464, 79744
free, 8192, 57.000000, 953760, 11538464, 79744
free, 32, 55.000000, 953280, 11538464, 79744
free, 64, 58.000000, 952800, 11538464, 79744
free, 128, 41.000000, 952320, 11538464, 79712
free, 256, 63.000000, 951328, 11538464, 79680
free, 512, 50.000000, 950336, 11538464, 79680
free, 1024, 46.000000, 948320, 11538464, 79680
free, 2048, 67.000000, 940160, 11538464, 79680
free, 4096, 56.000000, 932000, 11538464, 79680
free, 8192, 52.000000, 915648, 11538464, 79680
free, 32, 37.000000, 915168, 11538464, 79680
free, 64, 28.000000, 914688, 11538464, 79680
free, 128, 35.000000, 914208, 11538464, 79680
free, 256, 46.000000, 913216, 11538464, 79680
free, 512, 28.000000, 912224, 11538464, 79680
free, 1024, 46.000000, 910208, 11538464, 79680
free, 2048, 64.000000, 902048, 11538464, 79648
free, 4096, 31.000000, 893888, 11538464, 79648
free, 8192, 60.000000, 877536, 11538464, 79648
free, 32, 51.000000, 877056, 11538464, 79648
free, 64, 59.000000, 876576, 11538464, 79648
free, 128, 41.000000, 876096, 11538464, 79616
free, 256, 63.000000, 875104, 11538464, 79584
free, 512, 31.000000, 874112, 11538464, 79584
free, 1024, 42.000000, 872096, 11538464, 79584
free, 2048, 64.000000, 863936, 11538464, 79584
free, 4096, 31.000000, 855776, 11538464, 79584
free, 8192, 47.000000, 839424, 11538464, 79584
free, 32, 42.000000, 838944, 11538464, 79584
free, 64, 31.000000, 838464, 11538464, 79584
free, 128, 34.000000, 837984, 11538464, 79584
free, 256, 46.000000, 836992, 11538464, 79584
free, 512, 46.000000, 836000, 11538464, 79584
free, 1024, 37.000000, 833984, 11538464, 79584
free, 2048, 63.000000, 825824, 11538464, 79552
free, 4096, 33.000000, 817664, 11538464, 79552
free, 8192, 51.000000, 801312, 11538464, 79552
free, 32, 47.000000, 800832, 11538464, 79552
free, 64, 56.000000, 800352, 11538464, 79552
free, 128, 42.000000, 799872, 11538464, 79520
free, 256, 61.000000, 798880, 11538464, 79488
free, 512, 44.000000, 797888, 11538464, 79488
free, 1024, 53.000000, 795872, 11538464, 79488
free, 2048, 72.000000, 787712, 11538464, 79488
free, 4096, 31.000000, 779552, 11538464, 79488
free, 8192, 53.000000, 763200, 11538464, 79488
free, 32, 39.000000, 762720, 11538464, 79488
free, 64, 26.000000, 762240, 11538464, 79488
free, 128, 34.000000, 761760, 11538464, 79488
free, 256, 45.000000, 760768, 11538464, 79488
free, 512, 27.000000, 759776, 11538464, 79488
free, 1024, 45.000000, 757760, 11538464, 79488
free, 2048, 64.000000, 749600, 11538464, 79456
free, 4096, 39.000000, 741440, 11538464, 79456
free, 8192, 54.000000, 725088, 11538464, 79456
free, 32, 41.000000, 724608, 11538464, 79456
free, 64, 61.000000, 724128, 11538464, 79456
free, 128, 42.000000, 723648, 11538464, 79424
free, 256, 63.000000, 722656, 11538464, 79392
free, 512, 38.000000, 721664, 11538464, 79392
free, 1024, 38.000000, 719648, 11538464, 79392
free, 2048, 65.000000, 711488, 11538464, 79392
free, 4096, 29.000000, 703328, 11538464, 79392
free, 8192, 54.000000, 686976, 11538464, 79392
free, 32, 41.000000, 686496, 11538464, 79392
free, 64, 31.000000, 686016, 11538464, 79392
free, 128, 29.000000, 685536, 11538464, 79392
free, 256, 52.000000, 684544, 11538464, 79392
free, 512, 34.000000, 683552, 11538464, 79392
free, 1024, 33.000000, 681536, 11538464, 79392
free, 2048, 62.000000, 673376, 11538464, 79360
free, 4096, 35.000000, 665216, 11538464, 79360
free, 8192, 53.000000, 648864, 11538464, 79360
free, 32, 34.000000, 648384, 11538464, 79360
free, 64, 57.000000, 647904, 11538464, 79360
free, 128, 45.000000, 647424, 11538464, 79328
free, 256, 61.000000, 646432, 11538464, 79296
free, 512, 50.000000, 645440, 11538464, 79296
free, 1024, 45.000000, 643424, 11538464, 79296
free, 2048, 65.000000, 635264, 11538464, 79296
free, 4096, 32.000000, 627104, 11538464, 79296
free, 8192, 49.000000, 610752, 11538464, 79296
free, 32, 37.000000, 610272, 11538464, 79296
free, 64, 29.000000, 609792, 11538464, 79296
free, 128, 31.000000, 609312, 11538464, 79296
free, 256, 46.000000, 608320, 11538464, 79296
free, 512, 27.000000, 607328, 11538464, 79296
free, 1024, 42.000000, 605312, 11538464, 79296
free, 2048, 66.000000, 597152, 11538464, 79264
free, 4096, 33.000000, 588992, 11538464, 79264
free, 8192, 53.000000, 572640, 11538464, 79264
free, 32, 34.000000, 572160, 11538464, 79264
free, 64, 60.000000, 571680, 11538464, 79264
free, 128, 41.000000, 571200, 11538464, 79232
free, 256, 61.000000, 570208, 11538464, 79200
free, 512, 41.000000, 569216, 11538464, 79200
free, 1024, 39.000000, 567200, 11538464, 79200
free, 2048, 43.000000, 559040, 11538464, 79200
free, 4096, 33.000000, 550880, 11538464, 79200
free, 8192, 57.000000, 534528, 11538464, 79200
free, 32, 49.000000, 534048, 11538464, 79200
free, 64, 30.000000, 533568, 11538464, 79200
free, 128, 32.000000, 533088, 11538464, 79200
free, 256, 46.000000, 532096, 11538464, 79200
free, 512, 41.000000, 531104, 11538464, 79200
free, 1024, 43.000000, 529088, 11538464, 79200
free, 2048, 69.000000, 520928, 11538464, 79168
free, 4096, 32.000000, 512768, 11538464, 79168
free, 8192, 59.000000, 496416, 11538464, 79168
free, 32, 41.000000, 495936, 11538464, 79168
free, 64, 57.000000, 495456, 11538464, 79168
free, 128, 44.000000, 494976, 11538464, 79136
free, 256, 60.000000, 493984, 11538464, 79104
free, 512, 50.000000, 492992, 11538464, 79104
free, 1024, 51.000000, 490976, 11538464, 79104
free, 2048, 78.000000, 482816, 11538464, 79104
free, 4096, 52.000000, 474656, 11538464, 79104
free, 8192, 55.000000, 458304, 11538464, 79104
free, 32, 37.000000, 457824, 11538464, 79104
free, 64, 29.000000, 457344, 11538464, 79104
free, 128, 30.000000, 456864, 11538464, 79104
free, 256, 51.000000, 455872, 11538464, 79104
free, 512, 28.000000, 454880, 11538464, 79104
free, 1024, 45.000000, 452864, 11538464, 79104
free, 2048, 80.000000, 444704, 11538464, 79072
free, 4096, 34.000000, 436544, 11538464, 79072
free, 8192, 58.000000, 420192, 11538464, 79072
free, 32, 41.000000, 419712, 11538464, 79072
free, 64, 60.000000, 419232, 11538464, 79072
free, 128, 47.000000, 418752, 11538464, 79040
free, 256, 60.000000, 417760, 11538464, 79008
free, 512, 44.000000, 416768, 11538464, 79008
free, 1024, 36.000000, 414752, 11538464, 79008
free, 2048, 65.000000, 406592, 11538464, 79008
free, 4096, 45.000000, 398432, 11538464, 79008
free, 8192, 48.000000, 382080, 11538464, 79008
free, 32, 42.000000, 381600, 11538464, 79008
free, 64, 34.000000, 381120, 11538464, 79008
free, 128, 29.000000, 380640, 11538464, 79008
free, 256, 50.000000, 379648, 11538464, 79008
free, 512, 35.000000, 378656, 11538464, 79008
free, 1024, 31.000000, 376640, 11538464, 79008
free, 2048, 71.000000, 368480, 11538464, 78976
free, 4096, 29.000000, 360320, 11538464, 78976
free, 8192, 48.000000, 343968, 11538464, 78976
free, 32, 47.000000, 343488, 11538464, 78976
free, 64, 59.000000, 343008, 11538464, 78976
free, 128, 42.000000, 342528, 11538464, 78944
free, 256, 61.000000, 341536, 11538464, 78912
free, 512, 50.000000, 340544, 11538464, 78912
free, 1024, 52.000000, 338528, 11538464, 78912
free, 2048, 64.000000, 330368, 11538464, 78912
free, 4096, 34.000000, 322208, 11538464, 78912
free, 8192, 55.000000, 305856, 11538464, 78912
free, 32, 36.000000, 305376, 11538464, 78912
free, 64, 27.000000, 304896, 11538464, 78912
free, 128, 29.000000, 304416, 11538464, 78912
free, 256, 50.000000, 303424, 11538464, 78912
free, 512, 29.000000, 302432, 11538464, 78912
free, 1024, 42.000000, 300416, 11538464, 78912
free, 2048, 65.000000, 292256, 11538464, 78880
free, 4096, 34.000000, 284096, 11538464, 78880
free, 8192, 53.000000, 267744, 11538464, 78880
free, 32, 38.000000, 267264, 11538464, 78880
free, 64, 65.000000, 266784, 11538464, 78880
free, 128, 40.000000, 266304, 11538464, 78848
free, 256, 66.000000, 265312, 11538464, 78816
free, 512, 38.000000, 264320, 11538464, 78816
free, 1024, 39.000000, 262304, 11538464, 78816
free, 2048, 67.000000, 254144, 11538464, 78816
free, 4096, 28.000000, 245984, 11538464, 78816
free, 8192, 67.000000, 229632, 11538464, 78816
free, 32, 39.000000, 229152, 11538464, 78816
free, 64, 30.000000, 228672, 11538464, 78816
free, 128, 32.000000, 228192, 11538464, 78816
free, 256, 46.000000, 227200, 11538464, 78816
free, 512, 39.000000, 226208, 11538464, 78816
free, 1024, 36.000000, 224192, 11538464, 78816
free, 2048, 69.000000, 216032, 11538464, 78784
free, 4096, 37.000000, 207872, 11538464, 78784
free, 8192, 59.000000, 191520, 11538464, 78784
free, 32, 52.000000, 191040, 11538464, 78784
free, 64, 59.000000, 190560, 11538464, 78784
free, 128, 44.000000, 190080, 11538464, 78752
free, 256, 65.000000, 189088, 11538464, 78720
free, 512, 50.000000, 188096, 11538464, 78720
free, 1024, 57.000000, 186080, 11538464, 78720
free, 2048, 65.000000, 177920, 11538464, 78720
free, 4096, 31.000000, 169760, 11538464, 78720
free, 8192, 57.000000, 153408, 11538464, 78720
free, 32, 36.000000, 152928, 11538464, 78720
free, 64, 29.000000, 152448, 11538464, 78720
free, 128, 28.000000, 151968, 11538464, 78720
free, 256, 47.000000, 150976, 11538464, 78720
free, 512, 30.000000, 149984, 11538464, 78720
free, 1024, 42.000000, 147968, 11538464, 78720
free, 2048, 73.000000, 139808, 11538464, 78688
free, 4096, 36.000000, 131648, 11538464, 78688
free, 8192, 45.000000, 115296, 11538464, 78688
free, 32, 39.000000, 114816, 11538464, 78688
free, 64, 58.000000, 114336, 11538464, 78688
free, 128, 44.000000, 113856, 11538464, 78656
free, 256, 56.000000, 112864, 11538464, 78624
free, 512, 36.000000, 111872, 11538464, 78624
free, 1024, 37.000000, 109856, 11538464, 78624
free, 2048, 71.000000, 101696, 11538464, 78624
free, 4096, 31.000000, 93536, 11538464, 78624
free, 8192, 53.000000, 77184, 11538464, 78624
free, 32, 48.000000, 76704, 11538464, 78624
free, 64, 37.000000, 76224, 11538464, 78624
free, 128, 31.000000, 75744, 11538464, 78624
free, 256, 46.000000, 74752, 11538464, 78624
free, 512, 37.000000, 73760, 11538464, 78624
free, 1024, 32.000000, 71744, 11538464, 78624
free, 2048, 69.000000, 63584, 11538464, 78592
free, 4096, 31.000000, 55424, 11538464, 78592
free, 8192, 50.000000, 39072, 11538464, 78592
free, 32, 55.000000, 38592, 11538464, 78592
free, 64, 57.000000, 38112, 11538464, 78592
free, 128, 43.000000, 37632, 11538464, 78560
free, 256, 61.000000, 36640, 11538464, 78528
free, 512, 48.000000, 35648, 11538464, 78528
free, 1024, 46.000000, 33632, 11538464, 78528
free, 2048, 80.000000, 25472, 11538464, 78528
free, 4096, 42.000000, 17312, 11538464, 78528
free, 8192, 55.000000, 960, 11538464, 78528
free, 32, 37.000000, 480, 11538464, 78528
free, 64, 25.000000, 0, 11538464, 78528
