malloc, 64, 412.000000, 484, 4128, 128
malloc, 64, 148.000000, 968, 4128, 128
malloc, 64, 114.000000, 1452, 4128, 160
malloc, 64, 74.000000, 1936, 4128, 160
malloc, 64, 131.000000, 2420, 4128, 224
malloc, 64, 85.000000, 2904, 4128, 224
malloc, 64, 109.000000, 3388, 4128, 256
malloc, 64, 71.000000, 3872, 4128, 256
malloc, 64, 11462.000000, 4352, 1052704, 640
malloc, 64, 199.000000, 4832, 1052704, 640
malloc, 64, 164.000000, 5312, 1052704, 672
malloc, 64, 138.000000, 5792, 1052704, 672
malloc, 64, 160.000000, 6272, 1052704, 736
malloc, 64, 138.000000, 6752, 1052704, 736
malloc, 64, 143.000000, 7232, 1052704, 768
malloc, 64, 143.000000, 7712, 1052704, 768
malloc, 64, 179.000000, 8192, 1052704, 864
malloc, 64, 142.000000, 8672, 1052704, 864
malloc, 64, 149.000000, 9152, 1052704, 896
malloc, 64, 134.000000, 9632, 1052704, 896
malloc, 64, 164.000000, 10112, 1052704, 960
malloc, 64, 141.000000, 10592, 1052704, 960
malloc, 64, 165.000000, 11072, 1052704, 992
malloc, 64, 151.000000, 11552, 1052704, 992
malloc, 64, 960.000000, 12032, 1052704, 1120
malloc, 64, 208.000000, 12512, 1052704, 1120
malloc, 64, 163.000000, 12992, 1052704, 1152
malloc, 64, 159.000000, 13472, 1052704, 1152
malloc, 64, 188.000000, 13952, 1052704, 1216
malloc, 64, 162.000000, 14432, 1052704, 1216
malloc, 64, 182.000000, 14912, 1052704, 1248
malloc, 64, 181.000000, 15392, 1052704, 1248
malloc, 64, 206.000000, 15872, 1052704, 1344
malloc, 64, 182.000000, 16352, 1052704, 1344
malloc, 64, 196.000000, 16832, 1052704, 1376
malloc, 64, 177.000000, 17312, 1052704, 1376
malloc, 64, 210.000000, 17792, 1052704, 1440
malloc, 64, 176.000000, 18272, 1052704, 1440
malloc, 64, 197.000000, 18752, 1052704, 1472
malloc, 64, 186.000000, 19232, 1052704, 1472
malloc, 64, 1734.000000, 19712, 1052704, 1632
malloc, 64, 248.000000, 20192, 1052704, 1632
malloc, 64, 198.000000, 20672, 1052704, 1664
malloc, 64, 189.000000, 21152, 1052704, 1664
malloc, 64, 223.000000, 21632, 1052704, 1728
malloc, 64, 193.000000, 22112, 1052704, 1728
malloc, 64, 213.000000, 22592, 1052704, 1760
malloc, 64, 212.000000, 23072, 1052704, 1760
malloc, 64, 225.000000, 23552, 1052704, 1856
malloc, 64, 216.000000, 24032, 1052704, 1856
malloc, 64, 223.000000, 24512, 1052704, 1888
malloc, 64, 204.000000, 24992, 1052704, 1888
malloc, 64, 235.000000, 25472, 1052704, 1952
malloc, 64, 211.000000, 25952, 1052704, 1952
malloc, 64, 232.000000, 26432, 1052704, 1984
malloc, 64, 228.000000, 26912, 1052704, 1984
malloc, 64, 1017.000000, 27392, 1052704, 2112
malloc, 64, 309.000000, 27872, 1052704, 2112
malloc, 64, 242.000000, 28352, 1052704, 2144
malloc, 64, 237.000000, 28832, 1052704, 2144
malloc, 64, 240.000000, 29312, 1052704, 2208
malloc, 64, 226.000000, 29792, 1052704, 2208
malloc, 64, 248.000000, 30272, 1052704, 2240
malloc, 64, 247.000000, 30752, 1052704, 2240
malloc, 64, 268.000000, 31232, 1052704, 2336
malloc, 64, 260.000000, 31712, 1052704, 2336
malloc, 64, 266.000000, 32192, 1052704, 2368
malloc, 64, 257.000000, 32672, 1052704, 2368
malloc, 64, 268.000000, 33152, 1052704, 2432
malloc, 64, 262.000000, 33632, 1052704, 2432
malloc, 64, 273.000000, 34112, 1052704, 2464
malloc, 64, 262.000000, 34592, 1052704, 2464
malloc, 64, 3902.000000, 35072, 1052704, 2656
malloc, 64, 549.000000, 35552, 1052704, 2656
malloc, 64, 269.000000, 36032, 1052704, 2688
malloc, 64, 267.000000, 36512, 1052704, 2688
malloc, 64, 284.000000, 36992, 1052704, 2752
malloc, 64, 268.000000, 37472, 1052704, 2752
malloc, 64, 292.000000, 37952, 1052704, 2784
malloc, 64, 293.000000, 38432, 1052704, 2784
malloc, 64, 311.000000, 38912, 1052704, 2880
malloc, 64, 322.000000, 39392, 1052704, 2880
malloc, 64, 334.000000, 39872, 1052704, 2912
malloc, 64, 318.000000, 40352, 1052704, 2912
malloc, 64, 337.000000, 40832, 1052704, 2976
malloc, 64, 324.000000, 41312, 1052704, 2976
malloc, 64, 345.000000, 41792, 1052704, 3008
malloc, 64, 338.000000, 42272, 1052704, 3008
malloc, 64, 1173.000000, 42752, 1052704, 3136
malloc, 64, 414.000000, 43232, 1052704, 3136
malloc, 64, 372.000000, 43712, 1052704, 3168
malloc, 64, 370.000000, 44192, 1052704, 3168
malloc, 64, 386.000000, 44672, 1052704, 3232
malloc, 64, 376.000000, 45152, 1052704, 3232
malloc, 64, 401.000000, 45632, 1052704, 3264
malloc, 64, 395.000000, 46112, 1052704, 3264
malloc, 64, 400.000000, 46592, 1052704, 3360
malloc, 64, 380.000000, 47072, 1052704, 3360
malloc, 64, 406.000000, 47552, 1052704, 3392
malloc, 64, 400.000000, 48032, 1052704, 3392
malloc, 64, 412.000000, 48512, 1052704, 3456
malloc, 64, 410.000000, 48992, 1052704, 3456
malloc, 64, 409.000000, 49472, 1052704, 3488
malloc, 64, 410.000000, 49952, 1052704, 3488
malloc, 64, 2065.000000, 50432, 1052704, 3648
malloc, 64, 494.000000, 50912, 1052704, 3648
malloc, 64, 419.000000, 51392, 1052704, 3680
malloc, 64, 436.000000, 51872, 1052704, 3680
malloc, 64, 452.000000, 52352, 1052704, 3744
malloc, 64, 461.000000, 52832, 1052704, 3744
malloc, 64, 483.000000, 53312, 1052704, 3776
malloc, 64, 485.000000, 53792, 1052704, 3776
malloc, 64, 491.000000, 54272, 1052704, 3872
malloc, 64, 471.000000, 54752, 1052704, 3872
malloc, 64, 497.000000, 55232, 1052704, 3904
malloc, 64, 496.000000, 55712, 1052704, 3904
malloc, 64, 496.000000, 56192, 1052704, 3968
malloc, 64, 498.000000, 56672, 1052704, 3968
malloc, 64, 505.000000, 57152, 1052704, 4000
malloc, 64, 493.000000, 57632, 1052704, 4000
malloc, 64, 1333.000000, 58112, 1052704, 4128
malloc, 64, 540.000000, 58592, 1052704, 4128
malloc, 64, 519.000000, 59072, 1052704, 4160
malloc, 64, 498.000000, 59552, 1052704, 4160
malloc, 64, 526.000000, 60032, 1052704, 4224
malloc, 64, 506.000000, 60512, 1052704, 4224
malloc, 64, 525.000000, 60992, 1052704, 4256
malloc, 64, 520.000000, 61472, 1052704, 4256
malloc, 64, 525.000000, 61952, 1052704, 4352
malloc, 64, 509.000000, 62432, 1052704, 4352
malloc, 64, 535.000000, 62912, 1052704, 4384
malloc, 64, 529.000000, 63392, 1052704, 4384
malloc, 64, 538.000000, 63872, 1052704, 4448
malloc, 64, 534.000000, 64352, 1052704, 4448
malloc, 64, 540.000000, 64832, 1052704, 4480
malloc, 64, 537.000000, 65312, 1052704, 4480
malloc, 64, 3658.000000, 65792, 1052704, 4704
malloc, 64, 722.000000, 66272, 1052704, 4704
malloc, 64, 572.000000, 66752, 1052704, 4736
malloc, 64, 562.000000, 67232, 1052704, 4736
malloc, 64, 579.000000, 67712, 1052704, 4800
malloc, 64, 567.000000, 68192, 1052704, 4800
malloc, 64, 585.000000, 68672, 1052704, 4832
malloc, 64, 561.000000, 69152, 1052704, 4832
malloc, 64, 602.000000, 69632, 1052704, 4928
malloc, 64, 584.000000, 70112, 1052704, 4928
malloc, 64, 584.000000, 70592, 1052704, 4960
malloc, 64, 585.000000, 71072, 1052704, 4960
malloc, 64, 599.000000, 71552, 1052704, 5024
malloc, 64, 592.000000, 72032, 1052704, 5024
malloc, 64, 617.000000, 72512, 1052704, 5056
malloc, 64, 613.000000, 72992, 1052704, 5056
malloc, 64, 1564.000000, 73472, 1052704, 5184
malloc, 64, 689.000000, 73952, 1052704, 5184
malloc, 64, 621.000000, 74432, 1052704, 5216
malloc, 64, 617.000000, 74912, 1052704, 5216
malloc, 64, 633.000000, 75392, 1052704, 5280
malloc, 64, 626.000000, 75872, 1052704, 5280
malloc, 64, 651.000000, 76352, 1052704, 5312
malloc, 64, 649.000000, 76832, 1052704, 5312
malloc, 64, 659.000000, 77312, 1052704, 5408
malloc, 64, 637.000000, 77792, 1052704, 5408
malloc, 64, 658.000000, 78272, 1052704, 5440
malloc, 64, 657.000000, 78752, 1052704, 5440
malloc, 64, 671.000000, 79232, 1052704, 5504
malloc, 64, 671.000000, 79712, 1052704, 5504
malloc, 64, 672.000000, 80192, 1052704, 5536
malloc, 64, 669.000000, 80672, 1052704, 5536
malloc, 64, 2319.000000, 81152, 1052704, 5696
malloc, 64, 774.000000, 81632, 1052704, 5696
malloc, 64, 679.000000, 82112, 1052704, 5728
malloc, 64, 690.000000, 82592, 1052704, 5728
malloc, 64, 709.000000, 83072, 1052704, 5792
malloc, 64, 677.000000, 83552, 1052704, 5792
malloc, 64, 706.000000, 84032, 1052704, 5824
malloc, 64, 699.000000, 84512, 1052704, 5824
malloc, 64, 714.000000, 84992, 1052704, 5920
malloc, 64, 712.000000, 85472, 1052704, 5920
malloc, 64, 726.000000, 85952, 1052704, 5952
malloc, 64, 720.000000, 86432, 1052704, 5952
malloc, 64, 740.000000, 86912, 1052704, 6016
malloc, 64, 733.000000, 87392, 1052704, 6016
malloc, 64, 739.000000, 87872, 1052704, 6048
malloc, 64, 734.000000, 88352, 1052704, 6048
malloc, 64, 2540.000000, 88832, 1052704, 6176
malloc, 64, 847.000000, 89312, 1052704, 6176
malloc, 64, 748.000000, 89792, 1052704, 6208
malloc, 64, 753.000000, 90272, 1052704, 6208
malloc, 64, 773.000000, 90752, 1052704, 6272
malloc, 64, 760.000000, 91232, 1052704, 6272
malloc, 64, 781.000000, 91712, 1052704, 6304
malloc, 64, 791.000000, 92192, 1052704, 6304
malloc, 64, 796.000000, 92672, 1052704, 6400
malloc, 64, 797.000000, 93152, 1052704, 6400
malloc, 64, 820.000000, 93632, 1052704, 6432
malloc, 64, 815.000000, 94112, 1052704, 6432
malloc, 64, 825.000000, 94592, 1052704, 6496
malloc, 64, 817.000000, 95072, 1052704, 6496
malloc, 64, 824.000000, 95552, 1052704, 6528
malloc, 64, 820.000000, 96032, 1052704, 6528
malloc, 64, 3157.000000, 96512, 1052704, 6720
malloc, 64, 946.000000, 96992, 1052704, 6720
malloc, 64, 845.000000, 97472, 1052704, 6752
malloc, 64, 841.000000, 97952, 1052704, 6752
malloc, 64, 849.000000, 98432, 1052704, 6816
malloc, 64, 857.000000, 98912, 1052704, 6816
malloc, 64, 859.000000, 99392, 1052704, 6848
malloc, 64, 852.000000, 99872, 1052704, 6848
malloc, 64, 882.000000, 100352, 1052704, 6944
malloc, 64, 872.000000, 100832, 1052704, 6944
malloc, 64, 876.000000, 101312, 1052704, 6976
malloc, 64, 875.000000, 101792, 1052704, 6976
malloc, 64, 889.000000, 102272, 1052704, 7040
malloc, 64, 884.000000, 102752, 1052704, 7040
malloc, 64, 901.000000, 103232, 1052704, 7072
malloc, 64, 891.000000, 103712, 1052704, 7072
malloc, 64, 1742.000000, 104192, 1052704, 7200
malloc, 64, 951.000000, 104672, 1052704, 7200
malloc, 64, 898.000000, 105152, 1052704, 7232
malloc, 64, 899.000000, 105632, 1052704, 7232
malloc, 64, 916.000000, 106112, 1052704, 7296
malloc, 64, 912.000000, 106592, 1052704, 7296
malloc, 64, 927.000000, 107072, 1052704, 7328
malloc, 64, 908.000000, 107552, 1052704, 7328
malloc, 64, 934.000000, 108032, 1052704, 7424
malloc, 64, 933.000000, 108512, 1052704, 7424
malloc, 64, 944.000000, 108992, 1052704, 7456
malloc, 64, 923.000000, 109472, 1052704, 7456
malloc, 64, 946.000000, 109952, 1052704, 7520
malloc, 64, 929.000000, 110432, 1052704, 7520
malloc, 64, 950.000000, 110912, 1052704, 7552
malloc, 64, 949.000000, 111392, 1052704, 7552
malloc, 64, 2495.000000, 111872, 1052704, 7712
malloc, 64, 1056.000000, 112352, 1052704, 7712
malloc, 64, 972.000000, 112832, 1052704, 7744
malloc, 64, 963.000000, 113312, 1052704, 7744
malloc, 64, 963.000000, 113792, 1052704, 7808
malloc, 64, 969.000000, 114272, 1052704, 7808
malloc, 64, 966.000000, 114752, 1052704, 7840
malloc, 64, 970.000000, 115232, 1052704, 7840
malloc, 64, 986.000000, 115712, 1052704, 7936
malloc, 64, 980.000000, 116192, 1052704, 7936
malloc, 64, 977.000000, 116672, 1052704, 7968
malloc, 64, 981.000000, 117152, 1052704, 7968
malloc, 64, 1004.000000, 117632, 1052704, 8032
malloc, 64, 985.000000, 118112, 1052704, 8032
malloc, 64, 1004.000000, 118592, 1052704, 8064
malloc, 64, 1004.000000, 119072, 1052704, 8064
malloc, 64, 1811.000000, 119552, 1052704, 8192
malloc, 64, 1083.000000, 120032, 1052704, 8192
malloc, 64, 1008.000000, 120512, 1052704, 8224
malloc, 64, 1003.000000, 120992, 1052704, 8224
malloc, 64, 1028.000000, 121472, 1052704, 8288
malloc, 64, 1011.000000, 121952, 1052704, 8288
malloc, 64, 1025.000000, 122432, 1052704, 8320
malloc, 64, 1027.000000, 122912, 1052704, 8320
malloc, 64, 1046.000000, 123392, 1052704, 8416
malloc, 64, 1026.000000, 123872, 1052704, 8416
malloc, 64, 1043.000000, 124352, 1052704, 8448
malloc, 64, 1040.000000, 124832, 1052704, 8448
malloc, 64, 1061.000000, 125312, 1052704, 8512
malloc, 64, 1052.000000, 125792, 1052704, 8512
malloc, 64, 1056.000000, 126272, 1052704, 8544
malloc, 64, 1041.000000, 126752, 1052704, 8544
malloc, 64, 4919.000000, 127232, 1052704, 8800
malloc, 64, 1307.000000, 127712, 1052704, 8800
malloc, 64, 1100.000000, 128192, 1052704, 8832
malloc, 64, 1107.000000, 128672, 1052704, 8832
malloc, 64, 1119.000000, 129152, 1052704, 8896
malloc, 64, 1111.000000, 129632, 1052704, 8896
malloc, 64, 1107.000000, 130112, 1052704, 8928
malloc, 64, 1114.000000, 130592, 1052704, 8928
malloc, 64, 1145.000000, 131072, 1052704, 9024
malloc, 64, 1122.000000, 131552, 1052704, 9024
malloc, 64, 1124.000000, 132032, 1052704, 9056
malloc, 64, 1133.000000, 132512, 1052704, 9056
malloc, 64, 1152.000000, 132992, 1052704, 9120
malloc, 64, 1130.000000, 133472, 1052704, 9120
malloc, 64, 1151.000000, 133952, 1052704, 9152
malloc, 64, 1155.000000, 134432, 1052704, 9152
malloc, 64, 1950.000000, 134912, 1052704, 9280
malloc, 64, 1287.000000, 135392, 1052704, 9280
malloc, 64, 1199.000000, 135872, 1052704, 9312
malloc, 64, 1170.000000, 136352, 1052704, 9312
malloc, 64, 1208.000000, 136832, 1052704, 9376
malloc, 64, 1168.000000, 137312, 1052704, 9376
malloc, 64, 1185.000000, 137792, 1052704, 9408
malloc, 64, 1181.000000, 138272, 1052704, 9408
malloc, 64, 1226.000000, 138752, 1052704, 9504
malloc, 64, 1180.000000, 139232, 1052704, 9504
malloc, 64, 1210.000000, 139712, 1052704, 9536
malloc, 64, 1198.000000, 140192, 1052704, 9536
malloc, 64, 1227.000000, 140672, 1052704, 9600
malloc, 64, 1210.000000, 141152, 1052704, 9600
malloc, 64, 1239.000000, 141632, 1052704, 9632
malloc, 64, 1207.000000, 142112, 1052704, 9632
malloc, 64, 3815.000000, 142592, 1052704, 9792
malloc, 64, 1418.000000, 143072, 1052704, 9792
malloc, 64, 1313.000000, 143552, 1052704, 9824
malloc, 64, 1245.000000, 144032, 1052704, 9824
malloc, 64, 1319.000000, 144512, 1052704, 9888
malloc, 64, 1257.000000, 144992, 1052704, 9888
malloc, 64, 1279.000000, 145472, 1052704, 9920
malloc, 64, 1247.000000, 145952, 1052704, 9920
malloc, 64, 1317.000000, 146432, 1052704, 10016
malloc, 64, 1265.000000, 146912, 1052704, 10016
malloc, 64, 1260.000000, 147392, 1052704, 10048
malloc, 64, 1266.000000, 147872, 1052704, 10048
malloc, 64, 1268.000000, 148352, 1052704, 10112
malloc, 64, 1257.000000, 148832, 1052704, 10112
malloc, 64, 1281.000000, 149312, 1052704, 10144
malloc, 64, 1284.000000, 149792, 1052704, 10144
malloc, 64, 2103.000000, 150272, 1052704, 10272
malloc, 64, 1452.000000, 150752, 1052704, 10272
malloc, 64, 1321.000000, 151232, 1052704, 10304
malloc, 64, 1314.000000, 151712, 1052704, 10304
malloc, 64, 1337.000000, 152192, 1052704, 10368
malloc, 64, 1292.000000, 152672, 1052704, 10368
malloc, 64, 1321.000000, 153152, 1052704, 10400
malloc, 64, 1309.000000, 153632, 1052704, 10400
malloc, 64, 1315.000000, 154112, 1052704, 10496
malloc, 64, 1302.000000, 154592, 1052704, 10496
malloc, 64, 1335.000000, 155072, 1052704, 10528
malloc, 64, 1327.000000, 155552, 1052704, 10528
malloc, 64, 1327.000000, 156032, 1052704, 10592
malloc, 64, 1338.000000, 156512, 1052704, 10592
malloc, 64, 1349.000000, 156992, 1052704, 10624
malloc, 64, 1341.000000, 157472, 1052704, 10624
malloc, 64, 3782.000000, 157952, 1052704, 10816
malloc, 64, 1588.000000, 158432, 1052704, 10816
malloc, 64, 1512.000000, 158912, 1052704, 10848
malloc, 64, 1383.000000, 159392, 1052704, 10848
malloc, 64, 1398.000000, 159872, 1052704, 10912
malloc, 64, 1416.000000, 160352, 1052704, 10912
malloc, 64, 1445.000000, 160832, 1052704, 10944
malloc, 64, 1460.000000, 161312, 1052704, 10944
malloc, 64, 1459.000000, 161792, 1052704, 11040
malloc, 64, 1463.000000, 162272, 1052704, 11040
malloc, 64, 1445.000000, 162752, 1052704, 11072
malloc, 64, 1453.000000, 163232, 1052704, 11072
malloc, 64, 1500.000000, 163712, 1052704, 11136
malloc, 64, 1454.000000, 164192, 1052704, 11136
malloc, 64, 1462.000000, 164672, 1052704, 11168
malloc, 64, 1490.000000, 165152, 1052704, 11168
malloc, 64, 2790.000000, 165632, 1052704, 11296
malloc, 64, 1780.000000, 166112, 1052704, 11296
malloc, 64, 1557.000000, 166592, 1052704, 11328
malloc, 64, 1513.000000, 167072, 1052704, 11328
malloc, 64, 1514.000000, 167552, 1052704, 11392
malloc, 64, 1563.000000, 168032, 1052704, 11392
malloc, 64, 1529.000000, 168512, 1052704, 11424
malloc, 64, 1522.000000, 168992, 1052704, 11424
malloc, 64, 1524.000000, 169472, 1052704, 11520
malloc, 64, 1513.000000, 169952, 1052704, 11520
malloc, 64, 1522.000000, 170432, 1052704, 11552
malloc, 64, 1581.000000, 170912, 1052704, 11552
malloc, 64, 1562.000000, 171392, 1052704, 11616
malloc, 64, 1622.000000, 171872, 1052704, 11616
malloc, 64, 1601.000000, 172352, 1052704, 11648
malloc, 64, 2352.000000, 172832, 1052704, 11648
malloc, 64, 3361.000000, 173312, 1052704, 11808
malloc, 64, 1858.000000, 173792, 1052704, 11808
malloc, 64, 1694.000000, 174272, 1052704, 11840
malloc, 64, 1615.000000, 174752, 1052704, 11840
malloc, 64, 1613.000000, 175232, 1052704, 11904
malloc, 64, 1659.000000, 175712, 1052704, 11904
malloc, 64, 1648.000000, 176192, 1052704, 11936
malloc, 64, 1685.000000, 176672, 1052704, 11936
malloc, 64, 1655.000000, 177152, 1052704, 12032
malloc, 64, 1642.000000, 177632, 1052704, 12032
malloc, 64, 1655.000000, 178112, 1052704, 12064
malloc, 64, 1654.000000, 178592, 1052704, 12064
malloc, 64, 1656.000000, 179072, 1052704, 12128
malloc, 64, 1683.000000, 179552, 1052704, 12128
malloc, 64, 1659.000000, 180032, 1052704, 12160
malloc, 64, 1679.000000, 180512, 1052704, 12160
malloc, 64, 2502.000000, 180992, 1052704, 12288
malloc, 64, 1854.000000, 181472, 1052704, 12288
malloc, 64, 1791.000000, 181952, 1052704, 12320
malloc, 64, 1715.000000, 182432, 1052704, 12320
malloc, 64, 1682.000000, 182912, 1052704, 12384
malloc, 64, 1703.000000, 183392, 1052704, 12384
malloc, 64, 1730.000000, 183872, 1052704, 12416
malloc, 64, 1711.000000, 184352, 1052704, 12416
malloc, 64, 1691.000000, 184832, 1052704, 12512
malloc, 64, 1730.000000, 185312, 1052704, 12512
malloc, 64, 1700.000000, 185792, 1052704, 12544
malloc, 64, 1719.000000, 186272, 1052704, 12544
malloc, 64, 1731.000000, 186752, 1052704, 12608
malloc, 64, 1726.000000, 187232, 1052704, 12608
malloc, 64, 1712.000000, 187712, 1052704, 12640
malloc, 64, 1744.000000, 188192, 1052704, 12640
malloc, 64, 5958.000000, 188672, 1052704, 12864
malloc, 64, 2060.000000, 189152, 1052704, 12864
malloc, 64, 1791.000000, 189632, 1052704, 12896
malloc, 64, 1777.000000, 190112, 1052704, 12896
malloc, 64, 1768.000000, 190592, 1052704, 12960
malloc, 64, 1766.000000, 191072, 1052704, 12960
malloc, 64, 1784.000000, 191552, 1052704, 12992
malloc, 64, 1790.000000, 192032, 1052704, 12992
malloc, 64, 1790.000000, 192512, 1052704, 13088
malloc, 64, 1819.000000, 192992, 1052704, 13088
malloc, 64, 1763.000000, 193472, 1052704, 13120
malloc, 64, 1777.000000, 193952, 1052704, 13120
malloc, 64, 1820.000000, 194432, 1052704, 13184
malloc, 64, 1806.000000, 194912, 1052704, 13184
malloc, 64, 1764.000000, 195392, 1052704, 13216
malloc, 64, 1829.000000, 195872, 1052704, 13216
malloc, 64, 2667.000000, 196352, 1052704, 13344
malloc, 64, 2062.000000, 196832, 1052704, 13344
malloc, 64, 1840.000000, 197312, 1052704, 13376
malloc, 64, 1805.000000, 197792, 1052704, 13376
malloc, 64, 1869.000000, 198272, 1052704, 13440
malloc, 64, 1831.000000, 198752, 1052704, 13440
malloc, 64, 1831.000000, 199232, 1052704, 13472
malloc, 64, 1864.000000, 199712, 1052704, 13472
malloc, 64, 1839.000000, 200192, 1052704, 13568
malloc, 64, 1826.000000, 200672, 1052704, 13568
malloc, 64, 1851.000000, 201152, 1052704, 13600
malloc, 64, 1869.000000, 201632, 1052704, 13600
malloc, 64, 1849.000000, 202112, 1052704, 13664
malloc, 64, 1887.000000, 202592, 1052704, 13664
malloc, 64, 1843.000000, 203072, 1052704, 13696
malloc, 64, 1864.000000, 203552, 1052704, 13696
malloc, 64, 3460.000000, 204032, 1052704, 13856
malloc, 64, 2185.000000, 204512, 1052704, 13856
malloc, 64, 1956.000000, 204992, 1052704, 13888
malloc, 64, 1858.000000, 205472, 1052704, 13888
malloc, 64, 1931.000000, 205952, 1052704, 13952
malloc, 64, 1913.000000, 206432, 1052704, 13952
malloc, 64, 1901.000000, 206912, 1052704, 13984
malloc, 64, 1944.000000, 207392, 1052704, 13984
malloc, 64, 1927.000000, 207872, 1052704, 14080
malloc, 64, 1934.000000, 208352, 1052704, 14080
malloc, 64, 1937.000000, 208832, 1052704, 14112
malloc, 64, 2035.000000, 209312, 1052704, 14112
malloc, 64, 1937.000000, 209792, 1052704, 14176
malloc, 64, 2084.000000, 210272, 1052704, 14176
malloc, 64, 2015.000000, 210752, 1052704, 14208
malloc, 64, 2075.000000, 211232, 1052704, 14208
malloc, 64, 2859.000000, 211712, 1052704, 14336
malloc, 64, 2302.000000, 212192, 1052704, 14336
malloc, 64, 1969.000000, 212672, 1052704, 14368
malloc, 64, 1989.000000, 213152, 1052704, 14368
malloc, 64, 1979.000000, 213632, 1052704, 14432
malloc, 64, 2050.000000, 214112, 1052704, 14432
malloc, 64, 2025.000000, 214592, 1052704, 14464
malloc, 64, 2053.000000, 215072, 1052704, 14464
malloc, 64, 1961.000000, 215552, 1052704, 14560
malloc, 64, 2022.000000, 216032, 1052704, 14560
malloc, 64, 1995.000000, 216512, 1052704, 14592
malloc, 64, 2060.000000, 216992, 1052704, 14592
malloc, 64, 1978.000000, 217472, 1052704, 14656
malloc, 64, 2107.000000, 217952, 1052704, 14656
malloc, 64, 1984.000000, 218432, 1052704, 14688
malloc, 64, 2061.000000, 218912, 1052704, 14688
malloc, 64, 4411.000000, 219392, 1052704, 14880
malloc, 64, 2572.000000, 219872, 1052704, 14880
malloc, 64, 2116.000000, 220352, 1052704, 14912
malloc, 64, 2115.000000, 220832, 1052704, 14912
malloc, 64, 2110.000000, 221312, 1052704, 14976
malloc, 64, 2084.000000, 221792, 1052704, 14976
malloc, 64, 2134.000000, 222272, 1052704, 15008
malloc, 64, 2056.000000, 222752, 1052704, 15008
malloc, 64, 2114.000000, 223232, 1052704, 15104
malloc, 64, 2104.000000, 223712, 1052704, 15104
malloc, 64, 2088.000000, 224192, 1052704, 15136
malloc, 64, 2071.000000, 224672, 1052704, 15136
malloc, 64, 2162.000000, 225152, 1052704, 15200
malloc, 64, 2069.000000, 225632, 1052704, 15200
malloc, 64, 2076.000000, 226112, 1052704, 15232
malloc, 64, 2097.000000, 226592, 1052704, 15232
malloc, 64, 2996.000000, 227072, 1052704, 15360
malloc, 64, 2388.000000, 227552, 1052704, 15360
malloc, 64, 2180.000000, 228032, 1052704, 15392
malloc, 64, 3737.000000, 228512, 1052704, 15392
malloc, 64, 2357.000000, 228992, 1052704, 15456
malloc, 64, 2145.000000, 229472, 1052704, 15456
malloc, 64, 2277.000000, 229952, 1052704, 15488
malloc, 64, 2130.000000, 230432, 1052704, 15488
malloc, 64, 2245.000000, 230912, 1052704, 15584
malloc, 64, 2095.000000, 231392, 1052704, 15584
malloc, 64, 2259.000000, 231872, 1052704, 15616
malloc, 64, 2168.000000, 232352, 1052704, 15616
malloc, 64, 2219.000000, 232832, 1052704, 15680
malloc, 64, 2186.000000, 233312, 1052704, 15680
malloc, 64, 2280.000000, 233792, 1052704, 15712
malloc, 64, 2126.000000, 234272, 1052704, 15712
malloc, 64, 4274.000000, 234752, 1052704, 15872
malloc, 64, 2861.000000, 235232, 1052704, 15872
malloc, 64, 2303.000000, 235712, 1052704, 15904
malloc, 64, 2248.000000, 236192, 1052704, 15904
malloc, 64, 2184.000000, 236672, 1052704, 15968
malloc, 64, 2339.000000, 237152, 1052704, 15968
malloc, 64, 2244.000000, 237632, 1052704, 16000
malloc, 64, 2293.000000, 238112, 1052704, 16000
malloc, 64, 2227.000000, 238592, 1052704, 16096
malloc, 64, 2310.000000, 239072, 1052704, 16096
malloc, 64, 2233.000000, 239552, 1052704, 16128
malloc, 64, 2355.000000, 240032, 1052704, 16128
malloc, 64, 2196.000000, 240512, 1052704, 16192
malloc, 64, 2340.000000, 240992, 1052704, 16192
malloc, 64, 2284.000000, 241472, 1052704, 16224
malloc, 64, 2263.000000, 241952, 1052704, 16224
malloc, 64, 3146.000000, 242432, 1052704, 16352
malloc, 64, 2683.000000, 242912, 1052704, 16352
malloc, 64, 2312.000000, 243392, 1052704, 16384
malloc, 64, 2310.000000, 243872, 1052704, 16384
malloc, 64, 2238.000000, 244352, 1052704, 16448
malloc, 64, 2327.000000, 244832, 1052704, 16448
malloc, 64, 2262.000000, 245312, 1052704, 16480
malloc, 64, 2309.000000, 245792, 1052704, 16480
malloc, 64, 2400.000000, 246272, 1052704, 16576
malloc, 64, 2353.000000, 246752, 1052704, 16576
malloc, 64, 2313.000000, 247232, 1052704, 16608
malloc, 64, 2375.000000, 247712, 1052704, 16608
malloc, 64, 2318.000000, 248192, 1052704, 16672
malloc, 64, 2438.000000, 248672, 1052704, 16672
malloc, 64, 2316.000000, 249152, 1052704, 16704
malloc, 64, 2449.000000, 249632, 1052704, 16704
malloc, 64, 8058.000000, 250112, 1052704, 16992
malloc, 64, 3219.000000, 250592, 1052704, 16992
malloc, 64, 2624.000000, 251072, 1052704, 17024
malloc, 64, 2415.000000, 251552, 1052704, 17024
malloc, 64, 2543.000000, 252032, 1052704, 17088
malloc, 64, 2411.000000, 252512, 1052704, 17088
malloc, 64, 2566.000000, 252992, 1052704, 17120
malloc, 64, 2443.000000, 253472, 1052704, 17120
malloc, 64, 2586.000000, 253952, 1052704, 17216
malloc, 64, 4089.000000, 254432, 1052704, 17216
malloc, 64, 2978.000000, 254912, 1052704, 17248
malloc, 64, 2530.000000, 255392, 1052704, 17248
malloc, 64, 2710.000000, 255872, 1052704, 17312
malloc, 64, 2478.000000, 256352, 1052704, 17312
malloc, 64, 2559.000000, 256832, 1052704, 17344
malloc, 64, 2507.000000, 257312, 1052704, 17344
malloc, 64, 3637.000000, 257792, 1052704, 17472
malloc, 64, 3232.000000, 258272, 1052704, 17472
malloc, 64, 2648.000000, 258752, 1052704, 17504
malloc, 64, 2509.000000, 259232, 1052704, 17504
malloc, 64, 2674.000000, 259712, 1052704, 17568
malloc, 64, 2527.000000, 260192, 1052704, 17568
malloc, 64, 2646.000000, 260672, 1052704, 17600
malloc, 64, 2556.000000, 261152, 1052704, 17600
malloc, 64, 2764.000000, 261632, 1052704, 17696
malloc, 64, 2631.000000, 262112, 1052704, 17696
malloc, 64, 2675.000000, 262592, 1052704, 17728
malloc, 64, 2540.000000, 263072, 1052704, 17728
malloc, 64, 2702.000000, 263552, 1052704, 17792
malloc, 64, 2600.000000, 264032, 1052704, 17792
malloc, 64, 2709.000000, 264512, 1052704, 17824
malloc, 64, 2577.000000, 264992, 1052704, 17824
malloc, 64, 4395.000000, 265472, 1052704, 17984
malloc, 64, 3151.000000, 265952, 1052704, 17984
malloc, 64, 2712.000000, 266432, 1052704, 18016
malloc, 64, 2629.000000, 266912, 1052704, 18016
malloc, 64, 2747.000000, 267392, 1052704, 18080
malloc, 64, 2564.000000, 267872, 1052704, 18080
malloc, 64, 2763.000000, 268352, 1052704, 18112
malloc, 64, 2674.000000, 268832, 1052704, 18112
malloc, 64, 2831.000000, 269312, 1052704, 18208
malloc, 64, 2814.000000, 269792, 1052704, 18208
malloc, 64, 2778.000000, 270272, 1052704, 18240
malloc, 64, 2913.000000, 270752, 1052704, 18240
malloc, 64, 2813.000000, 271232, 1052704, 18304
malloc, 64, 2817.000000, 271712, 1052704, 18304
malloc, 64, 2712.000000, 272192, 1052704, 18336
malloc, 64, 2821.000000, 272672, 1052704, 18336
malloc, 64, 3635.000000, 273152, 1052704, 18464
malloc, 64, 3269.000000, 273632, 1052704, 18464
malloc, 64, 2910.000000, 274112, 1052704, 18496
malloc, 64, 2948.000000, 274592, 1052704, 18496
malloc, 64, 3192.000000, 275072, 1052704, 18560
malloc, 64, 3052.000000, 275552, 1052704, 18560
malloc, 64, 3071.000000, 276032, 1052704, 18592
malloc, 64, 2924.000000, 276512, 1052704, 18592
malloc, 64, 3032.000000, 276992, 1052704, 18688
malloc, 64, 2938.000000, 277472, 1052704, 18688
malloc, 64, 3088.000000, 277952, 1052704, 18720
malloc, 64, 2923.000000, 278432, 1052704, 18720
malloc, 64, 3079.000000, 278912, 1052704, 18784
malloc, 64, 2995.000000, 279392, 1052704, 18784
malloc, 64, 3093.000000, 279872, 1052704, 18816
malloc, 64, 3206.000000, 280352, 1052704, 18816
malloc, 64, 5371.000000, 280832, 1052704, 19008
malloc, 64, 3433.000000, 281312, 1052704, 19008
malloc, 64, 3017.000000, 281792, 1052704, 19040
malloc, 64, 2954.000000, 282272, 1052704, 19040
malloc, 64, 3152.000000, 282752, 1052704, 19104
malloc, 64, 3001.000000, 283232, 1052704, 19104
malloc, 64, 3037.000000, 283712, 1052704, 19136
malloc, 64, 3036.000000, 284192, 1052704, 19136
malloc, 64, 3092.000000, 284672, 1052704, 19232
malloc, 64, 2945.000000, 285152, 1052704, 19232
malloc, 64, 3087.000000, 285632, 1052704, 19264
malloc, 64, 3047.000000, 286112, 1052704, 19264
malloc, 64, 3201.000000, 286592, 1052704, 19328
malloc, 64, 3162.000000, 287072, 1052704, 19328
malloc, 64, 3221.000000, 287552, 1052704, 19360
malloc, 64, 3161.000000, 288032, 1052704, 19360
malloc, 64, 4022.000000, 288512, 1052704, 19488
malloc, 64, 3576.000000, 288992, 1052704, 19488
malloc, 64, 3288.000000, 289472, 1052704, 19520
malloc, 64, 3144.000000, 289952, 1052704, 19520
malloc, 64, 3183.000000, 290432, 1052704, 19584
malloc, 64, 3167.000000, 290912, 1052704, 19584
malloc, 64, 3200.000000, 291392, 1052704, 19616
malloc, 64, 3228.000000, 291872, 1052704, 19616
malloc, 64, 3207.000000, 292352, 1052704, 19712
malloc, 64, 3189.000000, 292832, 1052704, 19712
malloc, 64, 3203.000000, 293312, 1052704, 19744
malloc, 64, 3162.000000, 293792, 1052704, 19744
malloc, 64, 3172.000000, 294272, 1052704, 19808
malloc, 64, 3207.000000, 294752, 1052704, 19808
malloc, 64, 3203.000000, 295232, 1052704, 19840
malloc, 64, 3204.000000, 295712, 1052704, 19840
malloc, 64, 4785.000000, 296192, 1052704, 20000
malloc, 64, 3895.000000, 296672, 1052704, 20000
malloc, 64, 3522.000000, 297152, 1052704, 20032
malloc, 64, 3383.000000, 297632, 1052704, 20032
malloc, 64, 3337.000000, 298112, 1052704, 20096
malloc, 64, 3311.000000, 298592, 1052704, 20096
malloc, 64, 3305.000000, 299072, 1052704, 20128
malloc, 64, 3291.000000, 299552, 1052704, 20128
malloc, 64, 3277.000000, 300032, 1052704, 20224
malloc, 64, 3344.000000, 300512, 1052704, 20224
malloc, 64, 3384.000000, 300992, 1052704, 20256
malloc, 64, 3443.000000, 301472, 1052704, 20256
malloc, 64, 3440.000000, 301952, 1052704, 20320
malloc, 64, 3435.000000, 302432, 1052704, 20320
malloc, 64, 3452.000000, 302912, 1052704, 20352
malloc, 64, 3442.000000, 303392, 1052704, 20352
malloc, 64, 5307.000000, 303872, 1052704, 20480
malloc, 64, 4110.000000, 304352, 1052704, 20480
malloc, 64, 3716.000000, 304832, 1052704, 20512
malloc, 64, 3582.000000, 305312, 1052704, 20512
malloc, 64, 3640.000000, 305792, 1052704, 20576
malloc, 64, 3606.000000, 306272, 1052704, 20576
malloc, 64, 3612.000000, 306752, 1052704, 20608
malloc, 64, 3632.000000, 307232, 1052704, 20608
malloc, 64, 3619.000000, 307712, 1052704, 20704
malloc, 64, 3734.000000, 308192, 1052704, 20704
malloc, 64, 3703.000000, 308672, 1052704, 20736
malloc, 64, 3735.000000, 309152, 1052704, 20736
malloc, 64, 3687.000000, 309632, 1052704, 20800
malloc, 64, 3699.000000, 310112, 1052704, 20800
malloc, 64, 3677.000000, 310592, 1052704, 20832
malloc, 64, 3760.000000, 311072, 1052704, 20832
malloc, 64, 7068.000000, 311552, 1052704, 21056
malloc, 64, 4517.000000, 312032, 1052704, 21056
malloc, 64, 4228.000000, 312512, 1052704, 21088
malloc, 64, 3951.000000, 312992, 1052704, 21088
malloc, 64, 3944.000000, 313472, 1052704, 21152
malloc, 64, 3933.000000, 313952, 1052704, 21152
malloc, 64, 3993.000000, 314432, 1052704, 21184
malloc, 64, 4064.000000, 314912, 1052704, 21184
malloc, 64, 4132.000000, 315392, 1052704, 21280
malloc, 64, 4057.000000, 315872, 1052704, 21280
malloc, 64, 4006.000000, 316352, 1052704, 21312
malloc, 64, 3950.000000, 316832, 1052704, 21312
malloc, 64, 3943.000000, 317312, 1052704, 21376
malloc, 64, 3930.000000, 317792, 1052704, 21376
malloc, 64, 3917.000000, 318272, 1052704, 21408
malloc, 64, 3944.000000, 318752, 1052704, 21408
malloc, 64, 4862.000000, 319232, 1052704, 21536
malloc, 64, 4591.000000, 319712, 1052704, 21536
malloc, 64, 4301.000000, 320192, 1052704, 21568
malloc, 64, 4193.000000, 320672, 1052704, 21568
malloc, 64, 4201.000000, 321152, 1052704, 21632
malloc, 64, 4255.000000, 321632, 1052704, 21632
malloc, 64, 4244.000000, 322112, 1052704, 21664
malloc, 64, 4247.000000, 322592, 1052704, 21664
malloc, 64, 4241.000000, 323072, 1052704, 21760
malloc, 64, 4203.000000, 323552, 1052704, 21760
malloc, 64, 4233.000000, 324032, 1052704, 21792
malloc, 64, 4274.000000, 324512, 1052704, 21792
malloc, 64, 4310.000000, 324992, 1052704, 21856
malloc, 64, 4240.000000, 325472, 1052704, 21856
malloc, 64, 4264.000000, 325952, 1052704, 21888
malloc, 64, 4235.000000, 326432, 1052704, 21888
malloc, 64, 5888.000000, 326912, 1052704, 22048
malloc, 64, 4798.000000, 327392, 1052704, 22048
malloc, 64, 4481.000000, 327872, 1052704, 22080
malloc, 64, 4326.000000, 328352, 1052704, 22080
malloc, 64, 4349.000000, 328832, 1052704, 22144
malloc, 64, 4306.000000, 329312, 1052704, 22144
malloc, 64, 4270.000000, 329792, 1052704, 22176
malloc, 64, 4323.000000, 330272, 1052704, 22176
malloc, 64, 4297.000000, 330752, 1052704, 22272
malloc, 64, 4311.000000, 331232, 1052704, 22272
malloc, 64, 4333.000000, 331712, 1052704, 22304
malloc, 64, 4345.000000, 332192, 1052704, 22304
malloc, 64, 4369.000000, 332672, 1052704, 22368
malloc, 64, 4288.000000, 333152, 1052704, 22368
malloc, 64, 4288.000000, 333632, 1052704, 22400
malloc, 64, 4296.000000, 334112, 1052704, 22400
malloc, 64, 5121.000000, 334592, 1052704, 22528
malloc, 64, 4856.000000, 335072, 1052704, 22528
malloc, 64, 4652.000000, 335552, 1052704, 22560
malloc, 64, 4516.000000, 336032, 1052704, 22560
malloc, 64, 6067.000000, 336512, 1052704, 22624
malloc, 64, 5165.000000, 336992, 1052704, 22624
malloc, 64, 4914.000000, 337472, 1052704, 22656
malloc, 64, 4822.000000, 337952, 1052704, 22656
malloc, 64, 4728.000000, 338432, 1052704, 22752
malloc, 64, 4815.000000, 338912, 1052704, 22752
malloc, 64, 4807.000000, 339392, 1052704, 22784
malloc, 64, 4626.000000, 339872, 1052704, 22784
malloc, 64, 4651.000000, 340352, 1052704, 22848
malloc, 64, 4650.000000, 340832, 1052704, 22848
malloc, 64, 4655.000000, 341312, 1052704, 22880
malloc, 64, 4648.000000, 341792, 1052704, 22880
malloc, 64, 7158.000000, 342272, 1052704, 23072
malloc, 64, 5384.000000, 342752, 1052704, 23072
malloc, 64, 4998.000000, 343232, 1052704, 23104
malloc, 64, 4863.000000, 343712, 1052704, 23104
malloc, 64, 4813.000000, 344192, 1052704, 23168
malloc, 64, 4804.000000, 344672, 1052704, 23168
malloc, 64, 4858.000000, 345152, 1052704, 23200
malloc, 64, 4849.000000, 345632, 1052704, 23200
malloc, 64, 4836.000000, 346112, 1052704, 23296
malloc, 64, 4825.000000, 346592, 1052704, 23296
malloc, 64, 4778.000000, 347072, 1052704, 23328
malloc, 64, 4850.000000, 347552, 1052704, 23328
malloc, 64, 4827.000000, 348032, 1052704, 23392
malloc, 64, 4868.000000, 348512, 1052704, 23392
malloc, 64, 4794.000000, 348992, 1052704, 23424
malloc, 64, 7607.000000, 349472, 1052704, 23424
malloc, 64, 6271.000000, 349952, 1052704, 23552
malloc, 64, 5516.000000, 350432, 1052704, 23552
malloc, 64, 5022.000000, 350912, 1052704, 23584
malloc, 64, 4887.000000, 351392, 1052704, 23584
malloc, 64, 4926.000000, 351872, 1052704, 23648
malloc, 64, 4820.000000, 352352, 1052704, 23648
malloc, 64, 4910.000000, 352832, 1052704, 23680
malloc, 64, 4856.000000, 353312, 1052704, 23680
malloc, 64, 4840.000000, 353792, 1052704, 23776
malloc, 64, 4798.000000, 354272, 1052704, 23776
malloc, 64, 4878.000000, 354752, 1052704, 23808
malloc, 64, 4807.000000, 355232, 1052704, 23808
malloc, 64, 4939.000000, 355712, 1052704, 23872
malloc, 64, 4981.000000, 356192, 1052704, 23872
malloc, 64, 4979.000000, 356672, 1052704, 23904
malloc, 64, 4998.000000, 357152, 1052704, 23904
malloc, 64, 7560.000000, 357632, 1052704, 24064
malloc, 64, 5547.000000, 358112, 1052704, 24064
malloc, 64, 5203.000000, 358592, 1052704, 24096
malloc, 64, 5173.000000, 359072, 1052704, 24096
malloc, 64, 5074.000000, 359552, 1052704, 24160
malloc, 64, 5071.000000, 360032, 1052704, 24160
malloc, 64, 5012.000000, 360512, 1052704, 24192
malloc, 64, 4965.000000, 360992, 1052704, 24192
malloc, 64, 5026.000000, 361472, 1052704, 24288
malloc, 64, 5129.000000, 361952, 1052704, 24288
malloc, 64, 5075.000000, 362432, 1052704, 24320
malloc, 64, 5065.000000, 362912, 1052704, 24320
malloc, 64, 5003.000000, 363392, 1052704, 24384
malloc, 64, 4984.000000, 363872, 1052704, 24384
malloc, 64, 5064.000000, 364352, 1052704, 24416
malloc, 64, 5077.000000, 364832, 1052704, 24416
malloc, 64, 5979.000000, 365312, 1052704, 24544
malloc, 64, 5397.000000, 365792, 1052704, 24544
malloc, 64, 5253.000000, 366272, 1052704, 24576
malloc, 64, 5047.000000, 366752, 1052704, 24576
malloc, 64, 5030.000000, 367232, 1052704, 24640
malloc, 64, 5003.000000, 367712, 1052704, 24640
malloc, 64, 5048.000000, 368192, 1052704, 24672
malloc, 64, 5034.000000, 368672, 1052704, 24672
malloc, 64, 4992.000000, 369152, 1052704, 24768
malloc, 64, 5059.000000, 369632, 1052704, 24768
malloc, 64, 5002.000000, 370112, 1052704, 24800
malloc, 64, 5126.000000, 370592, 1052704, 24800
malloc, 64, 5052.000000, 371072, 1052704, 24864
malloc, 64, 5116.000000, 371552, 1052704, 24864
malloc, 64, 4981.000000, 372032, 1052704, 24896
malloc, 64, 5027.000000, 372512, 1052704, 24896
malloc, 64, 9065.000000, 372992, 1052704, 25152
malloc, 64, 5801.000000, 373472, 1052704, 25152
malloc, 64, 5597.000000, 373952, 1052704, 25184
malloc, 64, 5353.000000, 374432, 1052704, 25184
malloc, 64, 5477.000000, 374912, 1052704, 25248
malloc, 64, 5407.000000, 375392, 1052704, 25248
malloc, 64, 5489.000000, 375872, 1052704, 25280
malloc, 64, 5483.000000, 376352, 1052704, 25280
malloc, 64, 5467.000000, 376832, 1052704, 25376
malloc, 64, 5456.000000, 377312, 1052704, 25376
malloc, 64, 5480.000000, 377792, 1052704, 25408
malloc, 64, 5449.000000, 378272, 1052704, 25408
malloc, 64, 5497.000000, 378752, 1052704, 25472
malloc, 64, 5547.000000, 379232, 1052704, 25472
malloc, 64, 5515.000000, 379712, 1052704, 25504
malloc, 64, 5601.000000, 380192, 1052704, 25504
malloc, 64, 6376.000000, 380672, 1052704, 25632
malloc, 64, 5868.000000, 381152, 1052704, 25632
malloc, 64, 5696.000000, 381632, 1052704, 25664
malloc, 64, 5640.000000, 382112, 1052704, 25664
malloc, 64, 5586.000000, 382592, 1052704, 25728
malloc, 64, 5608.000000, 383072, 1052704, 25728
malloc, 64, 5645.000000, 383552, 1052704, 25760
malloc, 64, 5629.000000, 384032, 1052704, 25760
malloc, 64, 5648.000000, 384512, 1052704, 25856
malloc, 64, 5639.000000, 384992, 1052704, 25856
malloc, 64, 5633.000000, 385472, 1052704, 25888
malloc, 64, 5720.000000, 385952, 1052704, 25888
malloc, 64, 5689.000000, 386432, 1052704, 25952
malloc, 64, 5749.000000, 386912, 1052704, 25952
malloc, 64, 5719.000000, 387392, 1052704, 25984
malloc, 64, 5764.000000, 387872, 1052704, 25984
malloc, 64, 7629.000000, 388352, 1052704, 26144
malloc, 64, 6139.000000, 388832, 1052704, 26144
malloc, 64, 6030.000000, 389312, 1052704, 26176
malloc, 64, 5985.000000, 389792, 1052704, 26176
malloc, 64, 5971.000000, 390272, 1052704, 26240
malloc, 64, 5942.000000, 390752, 1052704, 26240
malloc, 64, 5969.000000, 391232, 1052704, 26272
malloc, 64, 5948.000000, 391712, 1052704, 26272
malloc, 64, 6008.000000, 392192, 1052704, 26368
malloc, 64, 5969.000000, 392672, 1052704, 26368
malloc, 64, 5986.000000, 393152, 1052704, 26400
malloc, 64, 5996.000000, 393632, 1052704, 26400
malloc, 64, 5934.000000, 394112, 1052704, 26464
malloc, 64, 5987.000000, 394592, 1052704, 26464
malloc, 64, 6021.000000, 395072, 1052704, 26496
malloc, 64, 6028.000000, 395552, 1052704, 26496
malloc, 64, 6905.000000, 396032, 1052704, 26624
malloc, 64, 6247.000000, 396512, 1052704, 26624
malloc, 64, 6166.000000, 396992, 1052704, 26656
malloc, 64, 6145.000000, 397472, 1052704, 26656
malloc, 64, 6196.000000, 397952, 1052704, 26720
malloc, 64, 6208.000000, 398432, 1052704, 26720
malloc, 64, 6113.000000, 398912, 1052704, 26752
malloc, 64, 6115.000000, 399392, 1052704, 26752
malloc, 64, 6044.000000, 399872, 1052704, 26848
malloc, 64, 6121.000000, 400352, 1052704, 26848
malloc, 64, 6120.000000, 400832, 1052704, 26880
malloc, 64, 6047.000000, 401312, 1052704, 26880
malloc, 64, 6058.000000, 401792, 1052704, 26944
malloc, 64, 6093.000000, 402272, 1052704, 26944
malloc, 64, 6151.000000, 402752, 1052704, 26976
malloc, 64, 6145.000000, 403232, 1052704, 26976
malloc, 64, 8600.000000, 403712, 1052704, 27168
malloc, 64, 6684.000000, 404192, 1052704, 27168
malloc, 64, 6534.000000, 404672, 1052704, 27200
malloc, 64, 6558.000000, 405152, 1052704, 27200
malloc, 64, 6694.000000, 405632, 1052704, 27264
malloc, 64, 6523.000000, 406112, 1052704, 27264
malloc, 64, 6495.000000, 406592, 1052704, 27296
malloc, 64, 6382.000000, 407072, 1052704, 27296
malloc, 64, 6414.000000, 407552, 1052704, 27392
malloc, 64, 6536.000000, 408032, 1052704, 27392
malloc, 64, 6507.000000, 408512, 1052704, 27424
malloc, 64, 6429.000000, 408992, 1052704, 27424
malloc, 64, 6299.000000, 409472, 1052704, 27488
malloc, 64, 6309.000000, 409952, 1052704, 27488
malloc, 64, 6355.000000, 410432, 1052704, 27520
malloc, 64, 6371.000000, 410912, 1052704, 27520
malloc, 64, 8120.000000, 411392, 1052704, 27648
malloc, 64, 6980.000000, 411872, 1052704, 27648
malloc, 64, 6844.000000, 412352, 1052704, 27680
malloc, 64, 6806.000000, 412832, 1052704, 27680
malloc, 64, 6863.000000, 413312, 1052704, 27744
malloc, 64, 6794.000000, 413792, 1052704, 27744
malloc, 64, 6697.000000, 414272, 1052704, 27776
malloc, 64, 6737.000000, 414752, 1052704, 27776
malloc, 64, 6732.000000, 415232, 1052704, 27872
malloc, 64, 6777.000000, 415712, 1052704, 27872
malloc, 64, 6797.000000, 416192, 1052704, 27904
malloc, 64, 6823.000000, 416672, 1052704, 27904
malloc, 64, 6827.000000, 417152, 1052704, 27968
malloc, 64, 6856.000000, 417632, 1052704, 27968
malloc, 64, 6844.000000, 418112, 1052704, 28000
malloc, 64, 8194.000000, 418592, 1052704, 28000
malloc, 64, 9691.000000, 419072, 1052704, 28160
malloc, 64, 7597.000000, 419552, 1052704, 28160
malloc, 64, 7315.000000, 420032, 1052704, 28192
malloc, 64, 7043.000000, 420512, 1052704, 28192
malloc, 64, 7040.000000, 420992, 1052704, 28256
malloc, 64, 7037.000000, 421472, 1052704, 28256
malloc, 64, 7037.000000, 421952, 1052704, 28288
malloc, 64, 7044.000000, 422432, 1052704, 28288
malloc, 64, 7007.000000, 422912, 1052704, 28384
malloc, 64, 7028.000000, 423392, 1052704, 28384
malloc, 64, 8759.000000, 423872, 1052704, 28416
malloc, 64, 7630.000000, 424352, 1052704, 28416
malloc, 64, 7367.000000, 424832, 1052704, 28480
malloc, 64, 7900.000000, 425312, 1052704, 28480
malloc, 64, 9517.000000, 425792, 1052704, 28512
malloc, 64, 9594.000000, 426272, 1052704, 28512
malloc, 64, 11615.000000, 426752, 1052704, 28640
malloc, 64, 9206.000000, 427232, 1052704, 28640
malloc, 64, 8194.000000, 427712, 1052704, 28672
malloc, 64, 7974.000000, 428192, 1052704, 28672
malloc, 64, 8018.000000, 428672, 1052704, 28736
malloc, 64, 7983.000000, 429152, 1052704, 28736
malloc, 64, 8007.000000, 429632, 1052704, 28768
malloc, 64, 8047.000000, 430112, 1052704, 28768
malloc, 64, 8049.000000, 430592, 1052704, 28864
malloc, 64, 8045.000000, 431072, 1052704, 28864
malloc, 64, 8052.000000, 431552, 1052704, 28896
malloc, 64, 8111.000000, 432032, 1052704, 28896
malloc, 64, 8052.000000, 432512, 1052704, 28960
malloc, 64, 8080.000000, 432992, 1052704, 28960
malloc, 64, 8063.000000, 433472, 1052704, 28992
malloc, 64, 8090.000000, 433952, 1052704, 28992
malloc, 64, 11402.000000, 434432, 1052704, 29216
malloc, 64, 8504.000000, 434912, 1052704, 29216
malloc, 64, 8280.000000, 435392, 1052704, 29248
malloc, 64, 8191.000000, 435872, 1052704, 29248
malloc, 64, 8198.000000, 436352, 1052704, 29312
malloc, 64, 8205.000000, 436832, 1052704, 29312
malloc, 64, 8191.000000, 437312, 1052704, 29344
malloc, 64, 8204.000000, 437792, 1052704, 29344
malloc, 64, 8247.000000, 438272, 1052704, 29440
malloc, 64, 8279.000000, 438752, 1052704, 29440
malloc, 64, 8277.000000, 439232, 1052704, 29472
malloc, 64, 8242.000000, 439712, 1052704, 29472
malloc, 64, 8253.000000, 440192, 1052704, 29536
malloc, 64, 8264.000000, 440672, 1052704, 29536
malloc, 64, 8250.000000, 441152, 1052704, 29568
malloc, 64, 8300.000000, 441632, 1052704, 29568
malloc, 64, 9266.000000, 442112, 1052704, 29696
malloc, 64, 8531.000000, 442592, 1052704, 29696
malloc, 64, 8398.000000, 443072, 1052704, 29728
malloc, 64, 8416.000000, 443552, 1052704, 29728
malloc, 64, 8470.000000, 444032, 1052704, 29792
malloc, 64, 8368.000000, 444512, 1052704, 29792
malloc, 64, 8362.000000, 444992, 1052704, 29824
malloc, 64, 8352.000000, 445472, 1052704, 29824
malloc, 64, 8481.000000, 445952, 1052704, 29920
malloc, 64, 8412.000000, 446432, 1052704, 29920
malloc, 64, 8494.000000, 446912, 1052704, 29952
malloc, 64, 8412.000000, 447392, 1052704, 29952
malloc, 64, 8436.000000, 447872, 1052704, 30016
malloc, 64, 8452.000000, 448352, 1052704, 30016
malloc, 64, 8485.000000, 448832, 1052704, 30048
malloc, 64, 8505.000000, 449312, 1052704, 30048
malloc, 64, 10300.000000, 449792, 1052704, 30208
malloc, 64, 8783.000000, 450272, 1052704, 30208
malloc, 64, 8534.000000, 450752, 1052704, 30240
malloc, 64, 8489.000000, 451232, 1052704, 30240
malloc, 64, 8599.000000, 451712, 1052704, 30304
malloc, 64, 8850.000000, 452192, 1052704, 30304
malloc, 64, 8824.000000, 452672, 1052704, 30336
malloc, 64, 8720.000000, 453152, 1052704, 30336
malloc, 64, 8762.000000, 453632, 1052704, 30432
malloc, 64, 8807.000000, 454112, 1052704, 30432
malloc, 64, 8716.000000, 454592, 1052704, 30464
malloc, 64, 8582.000000, 455072, 1052704, 30464
malloc, 64, 8732.000000, 455552, 1052704, 30528
malloc, 64, 8679.000000, 456032, 1052704, 30528
malloc, 64, 8627.000000, 456512, 1052704, 30560
malloc, 64, 8690.000000, 456992, 1052704, 30560
malloc, 64, 9711.000000, 457472, 1052704, 30688
malloc, 64, 9057.000000, 457952, 1052704, 30688
malloc, 64, 9036.000000, 458432, 1052704, 30720
malloc, 64, 8841.000000, 458912, 1052704, 30720
malloc, 64, 9057.000000, 459392, 1052704, 30784
malloc, 64, 8786.000000, 459872, 1052704, 30784
malloc, 64, 8825.000000, 460352, 1052704, 30816
malloc, 64, 8809.000000, 460832, 1052704, 30816
malloc, 64, 8821.000000, 461312, 1052704, 30912
malloc, 64, 8788.000000, 461792, 1052704, 30912
malloc, 64, 8861.000000, 462272, 1052704, 30944
malloc, 64, 8775.000000, 462752, 1052704, 30944
malloc, 64, 8789.000000, 463232, 1052704, 31008
malloc, 64, 8769.000000, 463712, 1052704, 31008
malloc, 64, 8810.000000, 464192, 1052704, 31040
malloc, 64, 8831.000000, 464672, 1052704, 31040
malloc, 64, 12545.000000, 465152, 1052704, 31232
malloc, 64, 9172.000000, 465632, 1052704, 31232
malloc, 64, 8905.000000, 466112, 1052704, 31264
malloc, 64, 8858.000000, 466592, 1052704, 31264
malloc, 64, 8957.000000, 467072, 1052704, 31328
malloc, 64, 8941.000000, 467552, 1052704, 31328
malloc, 64, 8896.000000, 468032, 1052704, 31360
malloc, 64, 8949.000000, 468512, 1052704, 31360
malloc, 64, 8931.000000, 468992, 1052704, 31456
malloc, 64, 8858.000000, 469472, 1052704, 31456
malloc, 64, 8895.000000, 469952, 1052704, 31488
malloc, 64, 8996.000000, 470432, 1052704, 31488
malloc, 64, 8914.000000, 470912, 1052704, 31552
malloc, 64, 8926.000000, 471392, 1052704, 31552
malloc, 64, 8910.000000, 471872, 1052704, 31584
malloc, 64, 8971.000000, 472352, 1052704, 31584
malloc, 64, 9981.000000, 472832, 1052704, 31712
malloc, 64, 9212.000000, 473312, 1052704, 31712
malloc, 64, 9041.000000, 473792, 1052704, 31744
malloc, 64, 8930.000000, 474272, 1052704, 31744
malloc, 64, 9034.000000, 474752, 1052704, 31808
malloc, 64, 9012.000000, 475232, 1052704, 31808
malloc, 64, 9017.000000, 475712, 1052704, 31840
malloc, 64, 11652.000000, 476192, 1052704, 31840
malloc, 64, 9509.000000, 476672, 1052704, 31936
malloc, 64, 9131.000000, 477152, 1052704, 31936
malloc, 64, 9152.000000, 477632, 1052704, 31968
malloc, 64, 9137.000000, 478112, 1052704, 31968
malloc, 64, 9210.000000, 478592, 1052704, 32032
malloc, 64, 9221.000000, 479072, 1052704, 32032
malloc, 64, 9274.000000, 479552, 1052704, 32064
malloc, 64, 9210.000000, 480032, 1052704, 32064
malloc, 64, 10964.000000, 480512, 1052704, 32224
malloc, 64, 9464.000000, 480992, 1052704, 32224
malloc, 64, 9241.000000, 481472, 1052704, 32256
malloc, 64, 9186.000000, 481952, 1052704, 32256
malloc, 64, 9253.000000, 482432, 1052704, 32320
malloc, 64, 9200.000000, 482912, 1052704, 32320
malloc, 64, 9225.000000, 483392, 1052704, 32352
malloc, 64, 9179.000000, 483872, 1052704, 32352
malloc, 64, 9248.000000, 484352, 1052704, 32448
malloc, 64, 9211.000000, 484832, 1052704, 32448
malloc, 64, 9259.000000, 485312, 1052704, 32480
malloc, 64, 9259.000000, 485792, 1052704, 32480
malloc, 64, 9246.000000, 486272, 1052704, 32544
malloc, 64, 9291.000000, 486752, 1052704, 32544
malloc, 64, 9360.000000, 487232, 1052704, 32576
malloc, 64, 9314.000000, 487712, 1052704, 32576
malloc, 64, 10252.000000, 488192, 1052704, 32704
malloc, 64, 9529.000000, 488672, 1052704, 32704
malloc, 64, 9395.000000, 489152, 1052704, 32736
malloc, 64, 9298.000000, 489632, 1052704, 32736
malloc, 64, 9718.000000, 490112, 1052704, 32800
malloc, 64, 9653.000000, 490592, 1052704, 32800
malloc, 64, 9610.000000, 491072, 1052704, 32832
malloc, 64, 9578.000000, 491552, 1052704, 32832
malloc, 64, 9434.000000, 492032, 1052704, 32928
malloc, 64, 9422.000000, 492512, 1052704, 32928
malloc, 64, 9382.000000, 492992, 1052704, 32960
malloc, 64, 9455.000000, 493472, 1052704, 32960
malloc, 64, 9431.000000, 493952, 1052704, 33024
malloc, 64, 9409.000000, 494432, 1052704, 33024
malloc, 64, 9467.000000, 494912, 1052704, 33056
malloc, 64, 9485.000000, 495392, 1052704, 33056
malloc, 64, 14951.000000, 495872, 1052704, 33376
malloc, 64, 9898.000000, 496352, 1052704, 33376
malloc, 64, 9740.000000, 496832, 1052704, 33408
malloc, 64, 9663.000000, 497312, 1052704, 33408
malloc, 64, 9646.000000, 497792, 1052704, 33472
malloc, 64, 9613.000000, 498272, 1052704, 33472
malloc, 64, 9619.000000, 498752, 1052704, 33504
malloc, 64, 9608.000000, 499232, 1052704, 33504
malloc, 64, 9668.000000, 499712, 1052704, 33600
malloc, 64, 10637.000000, 500192, 1052704, 33600
malloc, 64, 9917.000000, 500672, 1052704, 33632
malloc, 64, 9622.000000, 501152, 1052704, 33632
malloc, 64, 9659.000000, 501632, 1052704, 33696
malloc, 64, 9648.000000, 502112, 1052704, 33696
malloc, 64, 9748.000000, 502592, 1052704, 33728
malloc, 64, 9712.000000, 503072, 1052704, 33728
malloc, 64, 11877.000000, 503552, 1052704, 33856
malloc, 64, 10001.000000, 504032, 1052704, 33856
malloc, 64, 9765.000000, 504512, 1052704, 33888
malloc, 64, 9784.000000, 504992, 1052704, 33888
malloc, 64, 9778.000000, 505472, 1052704, 33952
malloc, 64, 9725.000000, 505952, 1052704, 33952
malloc, 64, 9776.000000, 506432, 1052704, 33984
malloc, 64, 9754.000000, 506912, 1052704, 33984
malloc, 64, 9806.000000, 507392, 1052704, 34080
malloc, 64, 9810.000000, 507872, 1052704, 34080
malloc, 64, 9893.000000, 508352, 1052704, 34112
malloc, 64, 9860.000000, 508832, 1052704, 34112
malloc, 64, 9941.000000, 509312, 1052704, 34176
malloc, 64, 9932.000000, 509792, 1052704, 34176
malloc, 64, 9921.000000, 510272, 1052704, 34208
malloc, 64, 9894.000000, 510752, 1052704, 34208
malloc, 64, 11792.000000, 511232, 1052704, 34368
malloc, 64, 10014.000000, 511712, 1052704, 34368
malloc, 64, 9949.000000, 512192, 1052704, 34400
malloc, 64, 9935.000000, 512672, 1052704, 34400
malloc, 64, 10037.000000, 513152, 1052704, 34464
malloc, 64, 9989.000000, 513632, 1052704, 34464
malloc, 64, 9990.000000, 514112, 1052704, 34496
malloc, 64, 9990.000000, 514592, 1052704, 34496
malloc, 64, 10058.000000, 515072, 1052704, 34592
malloc, 64, 10068.000000, 515552, 1052704, 34592
malloc, 64, 10089.000000, 516032, 1052704, 34624
malloc, 64, 10070.000000, 516512, 1052704, 34624
malloc, 64, 10089.000000, 516992, 1052704, 34688
malloc, 64, 10044.000000, 517472, 1052704, 34688
malloc, 64, 10106.000000, 517952, 1052704, 34720
malloc, 64, 10165.000000, 518432, 1052704, 34720
malloc, 64, 11082.000000, 518912, 1052704, 34848
malloc, 64, 10279.000000, 519392, 1052704, 34848
malloc, 64, 10227.000000, 519872, 1052704, 34880
malloc, 64, 10177.000000, 520352, 1052704, 34880
malloc, 64, 10227.000000, 520832, 1052704, 34944
malloc, 64, 10275.000000, 521312, 1052704, 34944
malloc, 64, 10247.000000, 521792, 1052704, 34976
malloc, 64, 10263.000000, 522272, 1052704, 34976
malloc, 64, 13190.000000, 522752, 1052704, 35072
malloc, 64, 10519.000000, 523232, 1052704, 35072
malloc, 64, 10253.000000, 523712, 1052704, 35104
malloc, 64, 10301.000000, 524192, 1052704, 35104
malloc, 64, 10299.000000, 524672, 1052704, 35168
malloc, 64, 10331.000000, 525152, 1052704, 35168
malloc, 64, 10384.000000, 525632, 1052704, 35200
malloc, 64, 10325.000000, 526112, 1052704, 35200
malloc, 64, 13033.000000, 526592, 1052704, 35392
malloc, 64, 10886.000000, 527072, 1052704, 35392
malloc, 64, 10868.000000, 527552, 1052704, 35424
malloc, 64, 10660.000000, 528032, 1052704, 35424
malloc, 64, 10758.000000, 528512, 1052704, 35488
malloc, 64, 10811.000000, 528992, 1052704, 35488
malloc, 64, 10896.000000, 529472, 1052704, 35520
malloc, 64, 10619.000000, 529952, 1052704, 35520
malloc, 64, 10528.000000, 530432, 1052704, 35616
malloc, 64, 10566.000000, 530912, 1052704, 35616
malloc, 64, 10535.000000, 531392, 1052704, 35648
malloc, 64, 10576.000000, 531872, 1052704, 35648
malloc, 64, 10548.000000, 532352, 1052704, 35712
malloc, 64, 10544.000000, 532832, 1052704, 35712
malloc, 64, 10551.000000, 533312, 1052704, 35744
malloc, 64, 10568.000000, 533792, 1052704, 35744
malloc, 64, 11539.000000, 534272, 1052704, 35872
malloc, 64, 10749.000000, 534752, 1052704, 35872
malloc, 64, 10631.000000, 535232, 1052704, 35904
malloc, 64, 10602.000000, 535712, 1052704, 35904
malloc, 64, 10648.000000, 536192, 1052704, 35968
malloc, 64, 10617.000000, 536672, 1052704, 35968
malloc, 64, 10655.000000, 537152, 1052704, 36000
malloc, 64, 10740.000000, 537632, 1052704, 36000
malloc, 64, 10652.000000, 538112, 1052704, 36096
malloc, 64, 10667.000000, 538592, 1052704, 36096
malloc, 64, 10730.000000, 539072, 1052704, 36128
malloc, 64, 10687.000000, 539552, 1052704, 36128
malloc, 64, 10807.000000, 540032, 1052704, 36192
malloc, 64, 10747.000000, 540512, 1052704, 36192
malloc, 64, 10706.000000, 540992, 1052704, 36224
malloc, 64, 10713.000000, 541472, 1052704, 36224
malloc, 64, 12575.000000, 541952, 1052704, 36384
malloc, 64, 10925.000000, 542432, 1052704, 36384
malloc, 64, 10878.000000, 542912, 1052704, 36416
malloc, 64, 10791.000000, 543392, 1052704, 36416
malloc, 64, 10844.000000, 543872, 1052704, 36480
malloc, 64, 10766.000000, 544352, 1052704, 36480
malloc, 64, 10812.000000, 544832, 1052704, 36512
malloc, 64, 10853.000000, 545312, 1052704, 36512
malloc, 64, 10846.000000, 545792, 1052704, 36608
malloc, 64, 10812.000000, 546272, 1052704, 36608
malloc, 64, 10860.000000, 546752, 1052704, 36640
malloc, 64, 10942.000000, 547232, 1052704, 36640
malloc, 64, 10834.000000, 547712, 1052704, 36704
malloc, 64, 10861.000000, 548192, 1052704, 36704
malloc, 64, 10925.000000, 548672, 1052704, 36736
malloc, 64, 10934.000000, 549152, 1052704, 36736
malloc, 64, 11987.000000, 549632, 1052704, 36864
malloc, 64, 11125.000000, 550112, 1052704, 36864
malloc, 64, 11016.000000, 550592, 1052704, 36896
malloc, 64, 10984.000000, 551072, 1052704, 36896
malloc, 64, 11009.000000, 551552, 1052704, 36960
malloc, 64, 11023.000000, 552032, 1052704, 36960
malloc, 64, 11107.000000, 552512, 1052704, 36992
malloc, 64, 11059.000000, 552992, 1052704, 36992
malloc, 64, 11096.000000, 553472, 1052704, 37088
malloc, 64, 11110.000000, 553952, 1052704, 37088
malloc, 64, 11107.000000, 554432, 1052704, 37120
malloc, 64, 11117.000000, 554912, 1052704, 37120
malloc, 64, 11184.000000, 555392, 1052704, 37184
malloc, 64, 11083.000000, 555872, 1052704, 37184
malloc, 64, 11111.000000, 556352, 1052704, 37216
malloc, 64, 11130.000000, 556832, 1052704, 37216
malloc, 64, 14326.000000, 557312, 1052704, 37440
malloc, 64, 11411.000000, 557792, 1052704, 37440
malloc, 64, 11269.000000, 558272, 1052704, 37472
malloc, 64, 11259.000000, 558752, 1052704, 37472
malloc, 64, 11336.000000, 559232, 1052704, 37536
malloc, 64, 11257.000000, 559712, 1052704, 37536
malloc, 64, 11334.000000, 560192, 1052704, 37568
malloc, 64, 11271.000000, 560672, 1052704, 37568
malloc, 64, 11292.000000, 561152, 1052704, 37664
malloc, 64, 11368.000000, 561632, 1052704, 37664
malloc, 64, 11344.000000, 562112, 1052704, 37696
malloc, 64, 11354.000000, 562592, 1052704, 37696
malloc, 64, 11382.000000, 563072, 1052704, 37760
malloc, 64, 11421.000000, 563552, 1052704, 37760
malloc, 64, 11417.000000, 564032, 1052704, 37792
malloc, 64, 13388.000000, 564512, 1052704, 37792
malloc, 64, 13673.000000, 564992, 1052704, 37920
malloc, 64, 11717.000000, 565472, 1052704, 37920
malloc, 64, 11543.000000, 565952, 1052704, 37952
malloc, 64, 11562.000000, 566432, 1052704, 37952
malloc, 64, 11565.000000, 566912, 1052704, 38016
malloc, 64, 11538.000000, 567392, 1052704, 38016
malloc, 64, 11621.000000, 567872, 1052704, 38048
malloc, 64, 11601.000000, 568352, 1052704, 38048
malloc, 64, 11638.000000, 568832, 1052704, 38144
malloc, 64, 11661.000000, 569312, 1052704, 38144
malloc, 64, 11639.000000, 569792, 1052704, 38176
malloc, 64, 11655.000000, 570272, 1052704, 38176
malloc, 64, 11638.000000, 570752, 1052704, 38240
malloc, 64, 11654.000000, 571232, 1052704, 38240
malloc, 64, 11687.000000, 571712, 1052704, 38272
malloc, 64, 11663.000000, 572192, 1052704, 38272
malloc, 64, 13451.000000, 572672, 1052704, 38432
malloc, 64, 11852.000000, 573152, 1052704, 38432
malloc, 64, 11729.000000, 573632, 1052704, 38464
malloc, 64, 11742.000000, 574112, 1052704, 38464
malloc, 64, 11823.000000, 574592, 1052704, 38528
malloc, 64, 11736.000000, 575072, 1052704, 38528
malloc, 64, 11791.000000, 575552, 1052704, 38560
malloc, 64, 11723.000000, 576032, 1052704, 38560
malloc, 64, 11914.000000, 576512, 1052704, 38656
malloc, 64, 11804.000000, 576992, 1052704, 38656
malloc, 64, 11807.000000, 577472, 1052704, 38688
malloc, 64, 11831.000000, 577952, 1052704, 38688
malloc, 64, 11894.000000, 578432, 1052704, 38752
malloc, 64, 11819.000000, 578912, 1052704, 38752
malloc, 64, 11875.000000, 579392, 1052704, 38784
malloc, 64, 11841.000000, 579872, 1052704, 38784
malloc, 64, 12869.000000, 580352, 1052704, 38912
malloc, 64, 12671.000000, 580832, 1052704, 38912
malloc, 64, 12099.000000, 581312, 1052704, 38944
malloc, 64, 11938.000000, 581792, 1052704, 38944
malloc, 64, 11937.000000, 582272, 1052704, 39008
malloc, 64, 11948.000000, 582752, 1052704, 39008
malloc, 64, 11894.000000, 583232, 1052704, 39040
malloc, 64, 11989.000000, 583712, 1052704, 39040
malloc, 64, 12027.000000, 584192, 1052704, 39136
malloc, 64, 11944.000000, 584672, 1052704, 39136
malloc, 64, 11959.000000, 585152, 1052704, 39168
malloc, 64, 11978.000000, 585632, 1052704, 39168
malloc, 64, 12072.000000, 586112, 1052704, 39232
malloc, 64, 12023.000000, 586592, 1052704, 39232
malloc, 64, 12013.000000, 587072, 1052704, 39264
malloc, 64, 12024.000000, 587552, 1052704, 39264
malloc, 64, 14570.000000, 588032, 1052704, 39456
malloc, 64, 12308.000000, 588512, 1052704, 39456
malloc, 64, 12065.000000, 588992, 1052704, 39488
malloc, 64, 12087.000000, 589472, 1052704, 39488
malloc, 64, 12157.000000, 589952, 1052704, 39552
malloc, 64, 12108.000000, 590432, 1052704, 39552
malloc, 64, 12151.000000, 590912, 1052704, 39584
malloc, 64, 12175.000000, 591392, 1052704, 39584
malloc, 64, 12130.000000, 591872, 1052704, 39680
malloc, 64, 12201.000000, 592352, 1052704, 39680
malloc, 64, 12189.000000, 592832, 1052704, 39712
malloc, 64, 12177.000000, 593312, 1052704, 39712
malloc, 64, 12431.000000, 593792, 1052704, 39776
malloc, 64, 12665.000000, 594272, 1052704, 39776
malloc, 64, 12483.000000, 594752, 1052704, 39808
malloc, 64, 12210.000000, 595232, 1052704, 39808
malloc, 64, 13282.000000, 595712, 1052704, 39936
malloc, 64, 12429.000000, 596192, 1052704, 39936
malloc, 64, 12308.000000, 596672, 1052704, 39968
malloc, 64, 12290.000000, 597152, 1052704, 39968
malloc, 64, 12246.000000, 597632, 1052704, 40032
malloc, 64, 12291.000000, 598112, 1052704, 40032
malloc, 64, 12334.000000, 598592, 1052704, 40064
malloc, 64, 12317.000000, 599072, 1052704, 40064
malloc, 64, 12356.000000, 599552, 1052704, 40160
malloc, 64, 12304.000000, 600032, 1052704, 40160
malloc, 64, 12348.000000, 600512, 1052704, 40192
malloc, 64, 12376.000000, 600992, 1052704, 40192
malloc, 64, 12386.000000, 601472, 1052704, 40256
malloc, 64, 12395.000000, 601952, 1052704, 40256
malloc, 64, 14279.000000, 602432, 1052704, 40288
malloc, 64, 12574.000000, 602912, 1052704, 40288
malloc, 64, 14340.000000, 603392, 1052704, 40448
malloc, 64, 12606.000000, 603872, 1052704, 40448
malloc, 64, 12526.000000, 604352, 1052704, 40480
malloc, 64, 12451.000000, 604832, 1052704, 40480
malloc, 64, 12522.000000, 605312, 1052704, 40544
malloc, 64, 12417.000000, 605792, 1052704, 40544
malloc, 64, 12431.000000, 606272, 1052704, 40576
malloc, 64, 12438.000000, 606752, 1052704, 40576
malloc, 64, 12495.000000, 607232, 1052704, 40672
malloc, 64, 12522.000000, 607712, 1052704, 40672
malloc, 64, 12500.000000, 608192, 1052704, 40704
malloc, 64, 12482.000000, 608672, 1052704, 40704
malloc, 64, 12502.000000, 609152, 1052704, 40768
malloc, 64, 12500.000000, 609632, 1052704, 40768
malloc, 64, 12587.000000, 610112, 1052704, 40800
malloc, 64, 12522.000000, 610592, 1052704, 40800
malloc, 64, 13611.000000, 611072, 1052704, 40928
malloc, 64, 12722.000000, 611552, 1052704, 40928
malloc, 64, 12615.000000, 612032, 1052704, 40960
malloc, 64, 12589.000000, 612512, 1052704, 40960
malloc, 64, 12573.000000, 612992, 1052704, 41024
malloc, 64, 12600.000000, 613472, 1052704, 41024
malloc, 64, 12661.000000, 613952, 1052704, 41056
malloc, 64, 12658.000000, 614432, 1052704, 41056
malloc, 64, 12723.000000, 614912, 1052704, 41152
malloc, 64, 12679.000000, 615392, 1052704, 41152
malloc, 64, 12685.000000, 615872, 1052704, 41184
malloc, 64, 12641.000000, 616352, 1052704, 41184
malloc, 64, 12709.000000, 616832, 1052704, 41248
malloc, 64, 12750.000000, 617312, 1052704, 41248
malloc, 64, 12737.000000, 617792, 1052704, 41280
malloc, 64, 12771.000000, 618272, 1052704, 41280
malloc, 64, 17967.000000, 618752, 1052704, 41536
malloc, 64, 13185.000000, 619232, 1052704, 41536
malloc, 64, 12892.000000, 619712, 1052704, 41568
malloc, 64, 12965.000000, 620192, 1052704, 41568
malloc, 64, 12933.000000, 620672, 1052704, 41632
malloc, 64, 12971.000000, 621152, 1052704, 41632
malloc, 64, 12949.000000, 621632, 1052704, 41664
malloc, 64, 12880.000000, 622112, 1052704, 41664
malloc, 64, 12932.000000, 622592, 1052704, 41760
malloc, 64, 12861.000000, 623072, 1052704, 41760
malloc, 64, 12896.000000, 623552, 1052704, 41792
malloc, 64, 12876.000000, 624032, 1052704, 41792
malloc, 64, 12966.000000, 624512, 1052704, 41856
malloc, 64, 12940.000000, 624992, 1052704, 41856
malloc, 64, 12935.000000, 625472, 1052704, 41888
malloc, 64, 12968.000000, 625952, 1052704, 41888
malloc, 64, 13937.000000, 626432, 1052704, 42016
malloc, 64, 13110.000000, 626912, 1052704, 42016
malloc, 64, 13044.000000, 627392, 1052704, 42048
malloc, 64, 13008.000000, 627872, 1052704, 42048
malloc, 64, 13081.000000, 628352, 1052704, 42112
malloc, 64, 12982.000000, 628832, 1052704, 42112
malloc, 64, 13038.000000, 629312, 1052704, 42144
malloc, 64, 13036.000000, 629792, 1052704, 42144
malloc, 64, 13069.000000, 630272, 1052704, 42240
malloc, 64, 13072.000000, 630752, 1052704, 42240
malloc, 64, 13101.000000, 631232, 1052704, 42272
malloc, 64, 13110.000000, 631712, 1052704, 42272
malloc, 64, 13163.000000, 632192, 1052704, 42336
malloc, 64, 13132.000000, 632672, 1052704, 42336
malloc, 64, 13135.000000, 633152, 1052704, 42368
malloc, 64, 13110.000000, 633632, 1052704, 42368
malloc, 64, 14920.000000, 634112, 1052704, 42528
malloc, 64, 13289.000000, 634592, 1052704, 42528
malloc, 64, 13288.000000, 635072, 1052704, 42560
malloc, 64, 13238.000000, 635552, 1052704, 42560
malloc, 64, 13291.000000, 636032, 1052704, 42624
malloc, 64, 13183.000000, 636512, 1052704, 42624
malloc, 64, 13250.000000, 636992, 1052704, 42656
malloc, 64, 13194.000000, 637472, 1052704, 42656
malloc, 64, 14785.000000, 637952, 1052704, 42752
malloc, 64, 13520.000000, 638432, 1052704, 42752
malloc, 64, 13303.000000, 638912, 1052704, 42784
malloc, 64, 13404.000000, 639392, 1052704, 42784
malloc, 64, 13357.000000, 639872, 1052704, 42848
malloc, 64, 13402.000000, 640352, 1052704, 42848
malloc, 64, 13333.000000, 640832, 1052704, 42880
malloc, 64, 13366.000000, 641312, 1052704, 42880
malloc, 64, 14399.000000, 641792, 1052704, 43008
malloc, 64, 13478.000000, 642272, 1052704, 43008
malloc, 64, 13472.000000, 642752, 1052704, 43040
malloc, 64, 13399.000000, 643232, 1052704, 43040
malloc, 64, 13457.000000, 643712, 1052704, 43104
malloc, 64, 13439.000000, 644192, 1052704, 43104
malloc, 64, 13497.000000, 644672, 1052704, 43136
malloc, 64, 13442.000000, 645152, 1052704, 43136
malloc, 64, 13453.000000, 645632, 1052704, 43232
malloc, 64, 13475.000000, 646112, 1052704, 43232
malloc, 64, 13482.000000, 646592, 1052704, 43264
malloc, 64, 13488.000000, 647072, 1052704, 43264
malloc, 64, 13476.000000, 647552, 1052704, 43328
malloc, 64, 13486.000000, 648032, 1052704, 43328
malloc, 64, 13496.000000, 648512, 1052704, 43360
malloc, 64, 13552.000000, 648992, 1052704, 43360
malloc, 64, 16065.000000, 649472, 1052704, 43552
malloc, 64, 13681.000000, 649952, 1052704, 43552
malloc, 64, 13647.000000, 650432, 1052704, 43584
malloc, 64, 13611.000000, 650912, 1052704, 43584
malloc, 64, 13676.000000, 651392, 1052704, 43648
malloc, 64, 13581.000000, 651872, 1052704, 43648
malloc, 64, 13678.000000, 652352, 1052704, 43680
malloc, 64, 13601.000000, 652832, 1052704, 43680
malloc, 64, 13708.000000, 653312, 1052704, 43776
malloc, 64, 13674.000000, 653792, 1052704, 43776
malloc, 64, 13656.000000, 654272, 1052704, 43808
malloc, 64, 13691.000000, 654752, 1052704, 43808
malloc, 64, 13682.000000, 655232, 1052704, 43872
malloc, 64, 13689.000000, 655712, 1052704, 43872
malloc, 64, 13686.000000, 656192, 1052704, 43904
malloc, 64, 13712.000000, 656672, 1052704, 43904
malloc, 64, 14695.000000, 657152, 1052704, 44032
malloc, 64, 13823.000000, 657632, 1052704, 44032
malloc, 64, 13770.000000, 658112, 1052704, 44064
malloc, 64, 13753.000000, 658592, 1052704, 44064
malloc, 64, 13781.000000, 659072, 1052704, 44128
malloc, 64, 13799.000000, 659552, 1052704, 44128
malloc, 64, 13840.000000, 660032, 1052704, 44160
malloc, 64, 13822.000000, 660512, 1052704, 44160
malloc, 64, 14491.000000, 660992, 1052704, 44256
malloc, 64, 14018.000000, 661472, 1052704, 44256
malloc, 64, 14051.000000, 661952, 1052704, 44288
malloc, 64, 13943.000000, 662432, 1052704, 44288
malloc, 64, 13974.000000, 662912, 1052704, 44352
malloc, 64, 13936.000000, 663392, 1052704, 44352
malloc, 64, 13988.000000, 663872, 1052704, 44384
malloc, 64, 13992.000000, 664352, 1052704, 44384
malloc, 64, 15846.000000, 664832, 1052704, 44544
malloc, 64, 14124.000000, 665312, 1052704, 44544
malloc, 64, 14003.000000, 665792, 1052704, 44576
malloc, 64, 14023.000000, 666272, 1052704, 44576
malloc, 64, 13967.000000, 666752, 1052704, 44640
malloc, 64, 14001.000000, 667232, 1052704, 44640
malloc, 64, 14017.000000, 667712, 1052704, 44672
malloc, 64, 14034.000000, 668192, 1052704, 44672
malloc, 64, 14035.000000, 668672, 1052704, 44768
malloc, 64, 14056.000000, 669152, 1052704, 44768
malloc, 64, 14106.000000, 669632, 1052704, 44800
malloc, 64, 14072.000000, 670112, 1052704, 44800
malloc, 64, 14098.000000, 670592, 1052704, 44864
malloc, 64, 14005.000000, 671072, 1052704, 44864
malloc, 64, 16190.000000, 671552, 1052704, 44896
malloc, 64, 14240.000000, 672032, 1052704, 44896
malloc, 64, 16202.000000, 672512, 1052704, 45024
malloc, 64, 14293.000000, 672992, 1052704, 45024
malloc, 64, 14219.000000, 673472, 1052704, 45056
malloc, 64, 14146.000000, 673952, 1052704, 45056
malloc, 64, 14266.000000, 674432, 1052704, 45120
malloc, 64, 14124.000000, 674912, 1052704, 45120
malloc, 64, 14203.000000, 675392, 1052704, 45152
malloc, 64, 14216.000000, 675872, 1052704, 45152
malloc, 64, 14248.000000, 676352, 1052704, 45248
malloc, 64, 14231.000000, 676832, 1052704, 45248
malloc, 64, 14234.000000, 677312, 1052704, 45280
malloc, 64, 14267.000000, 677792, 1052704, 45280
malloc, 64, 14301.000000, 678272, 1052704, 45344
malloc, 64, 14287.000000, 678752, 1052704, 45344
malloc, 64, 14313.000000, 679232, 1052704, 45376
malloc, 64, 14326.000000, 679712, 1052704, 45376
malloc, 64, 17558.000000, 680192, 1052704, 45600
malloc, 64, 14524.000000, 680672, 1052704, 45600
malloc, 64, 14346.000000, 681152, 1052704, 45632
malloc, 64, 14353.000000, 681632, 1052704, 45632
malloc, 64, 14360.000000, 682112, 1052704, 45696
malloc, 64, 14391.000000, 682592, 1052704, 45696
malloc, 64, 14338.000000, 683072, 1052704, 45728
malloc, 64, 14355.000000, 683552, 1052704, 45728
malloc, 64, 14396.000000, 684032, 1052704, 45824
malloc, 64, 14426.000000, 684512, 1052704, 45824
malloc, 64, 14409.000000, 684992, 1052704, 45856
malloc, 64, 14396.000000, 685472, 1052704, 45856
malloc, 64, 14469.000000, 685952, 1052704, 45920
malloc, 64, 14424.000000, 686432, 1052704, 45920
malloc, 64, 14487.000000, 686912, 1052704, 45952
malloc, 64, 14429.000000, 687392, 1052704, 45952
malloc, 64, 15464.000000, 687872, 1052704, 46080
malloc, 64, 14556.000000, 688352, 1052704, 46080
malloc, 64, 14497.000000, 688832, 1052704, 46112
malloc, 64, 14518.000000, 689312, 1052704, 46112
malloc, 64, 14528.000000, 689792, 1052704, 46176
malloc, 64, 14533.000000, 690272, 1052704, 46176
malloc, 64, 14523.000000, 690752, 1052704, 46208
malloc, 64, 14566.000000, 691232, 1052704, 46208
malloc, 64, 14595.000000, 691712, 1052704, 46304
malloc, 64, 14538.000000, 692192, 1052704, 46304
malloc, 64, 14622.000000, 692672, 1052704, 46336
malloc, 64, 14603.000000, 693152, 1052704, 46336
malloc, 64, 14597.000000, 693632, 1052704, 46400
malloc, 64, 14576.000000, 694112, 1052704, 46400
malloc, 64, 14629.000000, 694592, 1052704, 46432
malloc, 64, 14625.000000, 695072, 1052704, 46432
malloc, 64, 16363.000000, 695552, 1052704, 46592
malloc, 64, 14798.000000, 696032, 1052704, 46592
malloc, 64, 14703.000000, 696512, 1052704, 46624
malloc, 64, 14720.000000, 696992, 1052704, 46624
malloc, 64, 14770.000000, 697472, 1052704, 46688
malloc, 64, 14731.000000, 697952, 1052704, 46688
malloc, 64, 14714.000000, 698432, 1052704, 46720
malloc, 64, 14744.000000, 698912, 1052704, 46720
malloc, 64, 14736.000000, 699392, 1052704, 46816
malloc, 64, 14808.000000, 699872, 1052704, 46816
malloc, 64, 14750.000000, 700352, 1052704, 46848
malloc, 64, 14798.000000, 700832, 1052704, 46848
malloc, 64, 14739.000000, 701312, 1052704, 46912
malloc, 64, 14807.000000, 701792, 1052704, 46912
malloc, 64, 14779.000000, 702272, 1052704, 46944
malloc, 64, 14801.000000, 702752, 1052704, 46944
malloc, 64, 17608.000000, 703232, 1052704, 47072
malloc, 64, 15108.000000, 703712, 1052704, 47072
malloc, 64, 14902.000000, 704192, 1052704, 47104
malloc, 64, 14856.000000, 704672, 1052704, 47104
malloc, 64, 14859.000000, 705152, 1052704, 47168
malloc, 64, 14901.000000, 705632, 1052704, 47168
malloc, 64, 14957.000000, 706112, 1052704, 47200
malloc, 64, 14910.000000, 706592, 1052704, 47200
malloc, 64, 14895.000000, 707072, 1052704, 47296
malloc, 64, 14931.000000, 707552, 1052704, 47296
malloc, 64, 14988.000000, 708032, 1052704, 47328
malloc, 64, 14905.000000, 708512, 1052704, 47328
malloc, 64, 14981.000000, 708992, 1052704, 47392
malloc, 64, 14938.000000, 709472, 1052704, 47392
malloc, 64, 14942.000000, 709952, 1052704, 47424
malloc, 64, 14905.000000, 710432, 1052704, 47424
malloc, 64, 17505.000000, 710912, 1052704, 47616
malloc, 64, 15133.000000, 711392, 1052704, 47616
malloc, 64, 15081.000000, 711872, 1052704, 47648
malloc, 64, 15003.000000, 712352, 1052704, 47648
malloc, 64, 15095.000000, 712832, 1052704, 47712
malloc, 64, 15034.000000, 713312, 1052704, 47712
malloc, 64, 15225.000000, 713792, 1052704, 47744
malloc, 64, 15087.000000, 714272, 1052704, 47744
malloc, 64, 15164.000000, 714752, 1052704, 47840
malloc, 64, 15093.000000, 715232, 1052704, 47840
malloc, 64, 15212.000000, 715712, 1052704, 47872
malloc, 64, 15183.000000, 716192, 1052704, 47872
malloc, 64, 15183.000000, 716672, 1052704, 47936
malloc, 64, 15125.000000, 717152, 1052704, 47936
malloc, 64, 15154.000000, 717632, 1052704, 47968
malloc, 64, 15185.000000, 718112, 1052704, 47968
malloc, 64, 16390.000000, 718592, 1052704, 48096
malloc, 64, 15379.000000, 719072, 1052704, 48096
malloc, 64, 15250.000000, 719552, 1052704, 48128
malloc, 64, 15213.000000, 720032, 1052704, 48128
malloc, 64, 15271.000000, 720512, 1052704, 48192
malloc, 64, 15215.000000, 720992, 1052704, 48192
malloc, 64, 15268.000000, 721472, 1052704, 48224
malloc, 64, 15292.000000, 721952, 1052704, 48224
malloc, 64, 15300.000000, 722432, 1052704, 48320
malloc, 64, 15253.000000, 722912, 1052704, 48320
malloc, 64, 15332.000000, 723392, 1052704, 48352
malloc, 64, 15331.000000, 723872, 1052704, 48352
malloc, 64, 15382.000000, 724352, 1052704, 48416
malloc, 64, 15286.000000, 724832, 1052704, 48416
malloc, 64, 15344.000000, 725312, 1052704, 48448
malloc, 64, 15362.000000, 725792, 1052704, 48448
malloc, 64, 17123.000000, 726272, 1052704, 48608
malloc, 64, 15469.000000, 726752, 1052704, 48608
malloc, 64, 15462.000000, 727232, 1052704, 48640
malloc, 64, 15392.000000, 727712, 1052704, 48640
malloc, 64, 15406.000000, 728192, 1052704, 48704
malloc, 64, 15422.000000, 728672, 1052704, 48704
malloc, 64, 15469.000000, 729152, 1052704, 48736
malloc, 64, 15445.000000, 729632, 1052704, 48736
malloc, 64, 15476.000000, 730112, 1052704, 48832
malloc, 64, 15430.000000, 730592, 1052704, 48832
malloc, 64, 15509.000000, 731072, 1052704, 48864
malloc, 64, 15439.000000, 731552, 1052704, 48864
malloc, 64, 15545.000000, 732032, 1052704, 48928
malloc, 64, 15457.000000, 732512, 1052704, 48928
malloc, 64, 15576.000000, 732992, 1052704, 48960
malloc, 64, 17310.000000, 733472, 1052704, 48960
malloc, 64, 17815.000000, 733952, 1052704, 49088
malloc, 64, 15779.000000, 734432, 1052704, 49088
malloc, 64, 15643.000000, 734912, 1052704, 49120
malloc, 64, 15599.000000, 735392, 1052704, 49120
malloc, 64, 15657.000000, 735872, 1052704, 49184
malloc, 64, 15570.000000, 736352, 1052704, 49184
malloc, 64, 15579.000000, 736832, 1052704, 49216
malloc, 64, 15569.000000, 737312, 1052704, 49216
malloc, 64, 15652.000000, 737792, 1052704, 49312
malloc, 64, 15609.000000, 738272, 1052704, 49312
malloc, 64, 15694.000000, 738752, 1052704, 49344
malloc, 64, 15630.000000, 739232, 1052704, 49344
malloc, 64, 15734.000000, 739712, 1052704, 49408
malloc, 64, 15630.000000, 740192, 1052704, 49408
malloc, 64, 15673.000000, 740672, 1052704, 49440
malloc, 64, 16253.000000, 741152, 1052704, 49440
malloc, 64, 20683.000000, 741632, 1052704, 49728
malloc, 64, 16042.000000, 742112, 1052704, 49728
malloc, 64, 15835.000000, 742592, 1052704, 49760
malloc, 64, 15914.000000, 743072, 1052704, 49760
malloc, 64, 15974.000000, 743552, 1052704, 49824
malloc, 64, 15880.000000, 744032, 1052704, 49824
malloc, 64, 15806.000000, 744512, 1052704, 49856
malloc, 64, 15807.000000, 744992, 1052704, 49856
malloc, 64, 15867.000000, 745472, 1052704, 49952
malloc, 64, 15868.000000, 745952, 1052704, 49952
malloc, 64, 15872.000000, 746432, 1052704, 49984
malloc, 64, 15885.000000, 746912, 1052704, 49984
malloc, 64, 15873.000000, 747392, 1052704, 50048
malloc, 64, 15888.000000, 747872, 1052704, 50048
malloc, 64, 15921.000000, 748352, 1052704, 50080
malloc, 64, 15959.000000, 748832, 1052704, 50080
malloc, 64, 17057.000000, 749312, 1052704, 50208
malloc, 64, 16097.000000, 749792, 1052704, 50208
malloc, 64, 15990.000000, 750272, 1052704, 50240
malloc, 64, 15941.000000, 750752, 1052704, 50240
malloc, 64, 15983.000000, 751232, 1052704, 50304
malloc, 64, 16015.000000, 751712, 1052704, 50304
malloc, 64, 15973.000000, 752192, 1052704, 50336
malloc, 64, 16015.000000, 752672, 1052704, 50336
malloc, 64, 16005.000000, 753152, 1052704, 50432
malloc, 64, 16019.000000, 753632, 1052704, 50432
malloc, 64, 16033.000000, 754112, 1052704, 50464
malloc, 64, 16046.000000, 754592, 1052704, 50464
malloc, 64, 16091.000000, 755072, 1052704, 50528
malloc, 64, 16107.000000, 755552, 1052704, 50528
malloc, 64, 16108.000000, 756032, 1052704, 50560
malloc, 64, 16059.000000, 756512, 1052704, 50560
malloc, 64, 17943.000000, 756992, 1052704, 50720
malloc, 64, 16268.000000, 757472, 1052704, 50720
malloc, 64, 16197.000000, 757952, 1052704, 50752
malloc, 64, 16112.000000, 758432, 1052704, 50752
malloc, 64, 16229.000000, 758912, 1052704, 50816
malloc, 64, 16142.000000, 759392, 1052704, 50816
malloc, 64, 16214.000000, 759872, 1052704, 50848
malloc, 64, 16166.000000, 760352, 1052704, 50848
malloc, 64, 16197.000000, 760832, 1052704, 50944
malloc, 64, 16198.000000, 761312, 1052704, 50944
malloc, 64, 16196.000000, 761792, 1052704, 50976
malloc, 64, 18050.000000, 762272, 1052704, 50976
malloc, 64, 16469.000000, 762752, 1052704, 51040
malloc, 64, 16355.000000, 763232, 1052704, 51040
malloc, 64, 16282.000000, 763712, 1052704, 51072
malloc, 64, 16345.000000, 764192, 1052704, 51072
malloc, 64, 17457.000000, 764672, 1052704, 51200
malloc, 64, 16439.000000, 765152, 1052704, 51200
malloc, 64, 16392.000000, 765632, 1052704, 51232
malloc, 64, 16323.000000, 766112, 1052704, 51232
malloc, 64, 16253.000000, 766592, 1052704, 51296
malloc, 64, 16324.000000, 767072, 1052704, 51296
malloc, 64, 16369.000000, 767552, 1052704, 51328
malloc, 64, 16367.000000, 768032, 1052704, 51328
malloc, 64, 16370.000000, 768512, 1052704, 51424
malloc, 64, 16347.000000, 768992, 1052704, 51424
malloc, 64, 16355.000000, 769472, 1052704, 51456
malloc, 64, 16415.000000, 769952, 1052704, 51456
malloc, 64, 16418.000000, 770432, 1052704, 51520
malloc, 64, 16414.000000, 770912, 1052704, 51520
malloc, 64, 16450.000000, 771392, 1052704, 51552
malloc, 64, 16395.000000, 771872, 1052704, 51552
malloc, 64, 19950.000000, 772352, 1052704, 51744
malloc, 64, 16696.000000, 772832, 1052704, 51744
malloc, 64, 16596.000000, 773312, 1052704, 51776
malloc, 64, 16502.000000, 773792, 1052704, 51776
malloc, 64, 16601.000000, 774272, 1052704, 51840
malloc, 64, 16505.000000, 774752, 1052704, 51840
malloc, 64, 16547.000000, 775232, 1052704, 51872
malloc, 64, 16501.000000, 775712, 1052704, 51872
malloc, 64, 16554.000000, 776192, 1052704, 51968
malloc, 64, 16602.000000, 776672, 1052704, 51968
malloc, 64, 16537.000000, 777152, 1052704, 52000
malloc, 64, 16571.000000, 777632, 1052704, 52000
malloc, 64, 16570.000000, 778112, 1052704, 52064
malloc, 64, 16562.000000, 778592, 1052704, 52064
malloc, 64, 16622.000000, 779072, 1052704, 52096
malloc, 64, 16653.000000, 779552, 1052704, 52096
malloc, 64, 17573.000000, 780032, 1052704, 52224
malloc, 64, 16827.000000, 780512, 1052704, 52224
malloc, 64, 16686.000000, 780992, 1052704, 52256
malloc, 64, 16650.000000, 781472, 1052704, 52256
malloc, 64, 16687.000000, 781952, 1052704, 52320
malloc, 64, 16672.000000, 782432, 1052704, 52320
malloc, 64, 16712.000000, 782912, 1052704, 52352
malloc, 64, 16707.000000, 783392, 1052704, 52352
malloc, 64, 16731.000000, 783872, 1052704, 52448
malloc, 64, 16713.000000, 784352, 1052704, 52448
malloc, 64, 16730.000000, 784832, 1052704, 52480
malloc, 64, 16740.000000, 785312, 1052704, 52480
malloc, 64, 16743.000000, 785792, 1052704, 52544
malloc, 64, 16748.000000, 786272, 1052704, 52544
malloc, 64, 16855.000000, 786752, 1052704, 52576
malloc, 64, 16788.000000, 787232, 1052704, 52576
malloc, 64, 18694.000000, 787712, 1052704, 52736
malloc, 64, 17009.000000, 788192, 1052704, 52736
malloc, 64, 16895.000000, 788672, 1052704, 52768
malloc, 64, 16864.000000, 789152, 1052704, 52768
malloc, 64, 16945.000000, 789632, 1052704, 52832
malloc, 64, 18698.000000, 790112, 1052704, 52832
malloc, 64, 17074.000000, 790592, 1052704, 52864
malloc, 64, 16928.000000, 791072, 1052704, 52864
malloc, 64, 16919.000000, 791552, 1052704, 52960
malloc, 64, 16913.000000, 792032, 1052704, 52960
malloc, 64, 16907.000000, 792512, 1052704, 52992
malloc, 64, 16943.000000, 792992, 1052704, 52992
malloc, 64, 16958.000000, 793472, 1052704, 53056
malloc, 64, 16943.000000, 793952, 1052704, 53056
malloc, 64, 16919.000000, 794432, 1052704, 53088
malloc, 64, 16956.000000, 794912, 1052704, 53088
malloc, 64, 18097.000000, 795392, 1052704, 53216
malloc, 64, 17135.000000, 795872, 1052704, 53216
malloc, 64, 17115.000000, 796352, 1052704, 53248
malloc, 64, 17017.000000, 796832, 1052704, 53248
malloc, 64, 17087.000000, 797312, 1052704, 53312
malloc, 64, 17008.000000, 797792, 1052704, 53312
malloc, 64, 17023.000000, 798272, 1052704, 53344
malloc, 64, 17027.000000, 798752, 1052704, 53344
malloc, 64, 17062.000000, 799232, 1052704, 53440
malloc, 64, 17123.000000, 799712, 1052704, 53440
malloc, 64, 17048.000000, 800192, 1052704, 53472
malloc, 64, 17140.000000, 800672, 1052704, 53472
malloc, 64, 17100.000000, 801152, 1052704, 53536
malloc, 64, 17139.000000, 801632, 1052704, 53536
malloc, 64, 17153.000000, 802112, 1052704, 53568
malloc, 64, 17145.000000, 802592, 1052704, 53568
malloc, 64, 20374.000000, 803072, 1052704, 53792
malloc, 64, 17366.000000, 803552, 1052704, 53792
malloc, 64, 17281.000000, 804032, 1052704, 53824
malloc, 64, 17220.000000, 804512, 1052704, 53824
malloc, 64, 17283.000000, 804992, 1052704, 53888
malloc, 64, 17200.000000, 805472, 1052704, 53888
malloc, 64, 17176.000000, 805952, 1052704, 53920
malloc, 64, 17253.000000, 806432, 1052704, 53920
malloc, 64, 17250.000000, 806912, 1052704, 54016
malloc, 64, 17310.000000, 807392, 1052704, 54016
malloc, 64, 17187.000000, 807872, 1052704, 54048
malloc, 64, 17273.000000, 808352, 1052704, 54048
malloc, 64, 17252.000000, 808832, 1052704, 54112
malloc, 64, 17310.000000, 809312, 1052704, 54112
malloc, 64, 17291.000000, 809792, 1052704, 54144
malloc, 64, 17321.000000, 810272, 1052704, 54144
malloc, 64, 18371.000000, 810752, 1052704, 54272
malloc, 64, 17455.000000, 811232, 1052704, 54272
malloc, 64, 17429.000000, 811712, 1052704, 54304
malloc, 64, 17387.000000, 812192, 1052704, 54304
malloc, 64, 17489.000000, 812672, 1052704, 54368
malloc, 64, 17370.000000, 813152, 1052704, 54368
malloc, 64, 17429.000000, 813632, 1052704, 54400
malloc, 64, 17390.000000, 814112, 1052704, 54400
malloc, 64, 17425.000000, 814592, 1052704, 54496
malloc, 64, 17425.000000, 815072, 1052704, 54496
malloc, 64, 17421.000000, 815552, 1052704, 54528
malloc, 64, 17463.000000, 816032, 1052704, 54528
malloc, 64, 17473.000000, 816512, 1052704, 54592
malloc, 64, 19034.000000, 816992, 1052704, 54592
malloc, 64, 17680.000000, 817472, 1052704, 54624
malloc, 64, 17534.000000, 817952, 1052704, 54624
malloc, 64, 19459.000000, 818432, 1052704, 54784
malloc, 64, 17725.000000, 818912, 1052704, 54784
malloc, 64, 17587.000000, 819392, 1052704, 54816
malloc, 64, 17579.000000, 819872, 1052704, 54816
malloc, 64, 17675.000000, 820352, 1052704, 54880
malloc, 64, 17623.000000, 820832, 1052704, 54880
malloc, 64, 17632.000000, 821312, 1052704, 54912
malloc, 64, 18286.000000, 821792, 1052704, 54912
malloc, 64, 17789.000000, 822272, 1052704, 55008
malloc, 64, 17650.000000, 822752, 1052704, 55008
malloc, 64, 17684.000000, 823232, 1052704, 55040
malloc, 64, 17676.000000, 823712, 1052704, 55040
malloc, 64, 17826.000000, 824192, 1052704, 55104
malloc, 64, 17649.000000, 824672, 1052704, 55104
malloc, 64, 17714.000000, 825152, 1052704, 55136
malloc, 64, 17645.000000, 825632, 1052704, 55136
malloc, 64, 19085.000000, 826112, 1052704, 55264
malloc, 64, 17891.000000, 826592, 1052704, 55264
malloc, 64, 17772.000000, 827072, 1052704, 55296
malloc, 64, 17762.000000, 827552, 1052704, 55296
malloc, 64, 17804.000000, 828032, 1052704, 55360
malloc, 64, 17764.000000, 828512, 1052704, 55360
malloc, 64, 17771.000000, 828992, 1052704, 55392
malloc, 64, 17784.000000, 829472, 1052704, 55392
malloc, 64, 17745.000000, 829952, 1052704, 55488
malloc, 64, 17740.000000, 830432, 1052704, 55488
malloc, 64, 17888.000000, 830912, 1052704, 55520
malloc, 64, 17786.000000, 831392, 1052704, 55520
malloc, 64, 17855.000000, 831872, 1052704, 55584
malloc, 64, 17791.000000, 832352, 1052704, 55584
malloc, 64, 17827.000000, 832832, 1052704, 55616
malloc, 64, 17822.000000, 833312, 1052704, 55616
malloc, 64, 21506.000000, 833792, 1052704, 55808
malloc, 64, 18164.000000, 834272, 1052704, 55808
malloc, 64, 17933.000000, 834752, 1052704, 55840
malloc, 64, 17901.000000, 835232, 1052704, 55840
malloc, 64, 17959.000000, 835712, 1052704, 55904
malloc, 64, 17918.000000, 836192, 1052704, 55904
malloc, 64, 17974.000000, 836672, 1052704, 55936
malloc, 64, 17930.000000, 837152, 1052704, 55936
malloc, 64, 17992.000000, 837632, 1052704, 56032
malloc, 64, 17947.000000, 838112, 1052704, 56032
malloc, 64, 17974.000000, 838592, 1052704, 56064
malloc, 64, 17977.000000, 839072, 1052704, 56064
malloc, 64, 17985.000000, 839552, 1052704, 56128
malloc, 64, 18032.000000, 840032, 1052704, 56128
malloc, 64, 17998.000000, 840512, 1052704, 56160
malloc, 64, 18021.000000, 840992, 1052704, 56160
malloc, 64, 18987.000000, 841472, 1052704, 56288
malloc, 64, 18166.000000, 841952, 1052704, 56288
malloc, 64, 18106.000000, 842432, 1052704, 56320
malloc, 64, 19999.000000, 842912, 1052704, 56320
malloc, 64, 18322.000000, 843392, 1052704, 56384
malloc, 64, 18140.000000, 843872, 1052704, 56384
malloc, 64, 18136.000000, 844352, 1052704, 56416
malloc, 64, 18162.000000, 844832, 1052704, 56416
malloc, 64, 18123.000000, 845312, 1052704, 56512
malloc, 64, 18149.000000, 845792, 1052704, 56512
malloc, 64, 18147.000000, 846272, 1052704, 56544
malloc, 64, 18167.000000, 846752, 1052704, 56544
malloc, 64, 18255.000000, 847232, 1052704, 56608
malloc, 64, 18230.000000, 847712, 1052704, 56608
malloc, 64, 18214.000000, 848192, 1052704, 56640
malloc, 64, 18112.000000, 848672, 1052704, 56640
malloc, 64, 20119.000000, 849152, 1052704, 56800
malloc, 64, 18366.000000, 849632, 1052704, 56800
malloc, 64, 18272.000000, 850112, 1052704, 56832
malloc, 64, 18270.000000, 850592, 1052704, 56832
malloc, 64, 18263.000000, 851072, 1052704, 56896
malloc, 64, 18240.000000, 851552, 1052704, 56896
malloc, 64, 18268.000000, 852032, 1052704, 56928
malloc, 64, 18249.000000, 852512, 1052704, 56928
malloc, 64, 18318.000000, 852992, 1052704, 57024
malloc, 64, 18309.000000, 853472, 1052704, 57024
malloc, 64, 18335.000000, 853952, 1052704, 57056
malloc, 64, 18284.000000, 854432, 1052704, 57056
malloc, 64, 18324.000000, 854912, 1052704, 57120
malloc, 64, 18354.000000, 855392, 1052704, 57120
malloc, 64, 18288.000000, 855872, 1052704, 57152
malloc, 64, 18427.000000, 856352, 1052704, 57152
malloc, 64, 19350.000000, 856832, 1052704, 57280
malloc, 64, 18531.000000, 857312, 1052704, 57280
malloc, 64, 18460.000000, 857792, 1052704, 57312
malloc, 64, 18401.000000, 858272, 1052704, 57312
malloc, 64, 18508.000000, 858752, 1052704, 57376
malloc, 64, 18406.000000, 859232, 1052704, 57376
malloc, 64, 18450.000000, 859712, 1052704, 57408
malloc, 64, 18430.000000, 860192, 1052704, 57408
malloc, 64, 18497.000000, 860672, 1052704, 57504
malloc, 64, 18528.000000, 861152, 1052704, 57504
malloc, 64, 18566.000000, 861632, 1052704, 57536
malloc, 64, 18477.000000, 862112, 1052704, 57536
malloc, 64, 18613.000000, 862592, 1052704, 57600
malloc, 64, 18460.000000, 863072, 1052704, 57600
malloc, 64, 18554.000000, 863552, 1052704, 57632
malloc, 64, 18527.000000, 864032, 1052704, 57632
malloc, 64, 22562.000000, 864512, 1052704, 57888
malloc, 64, 18846.000000, 864992, 1052704, 57888
malloc, 64, 18642.000000, 865472, 1052704, 57920
malloc, 64, 18720.000000, 865952, 1052704, 57920
malloc, 64, 18705.000000, 866432, 1052704, 57984
malloc, 64, 18683.000000, 866912, 1052704, 57984
malloc, 64, 18683.000000, 867392, 1052704, 58016
malloc, 64, 20205.000000, 867872, 1052704, 58016
malloc, 64, 19024.000000, 868352, 1052704, 58112
malloc, 64, 18756.000000, 868832, 1052704, 58112
malloc, 64, 18692.000000, 869312, 1052704, 58144
malloc, 64, 18733.000000, 869792, 1052704, 58144
malloc, 64, 18741.000000, 870272, 1052704, 58208
malloc, 64, 18737.000000, 870752, 1052704, 58208
malloc, 64, 18725.000000, 871232, 1052704, 58240
malloc, 64, 18715.000000, 871712, 1052704, 58240
malloc, 64, 19784.000000, 872192, 1052704, 58368
malloc, 64, 18926.000000, 872672, 1052704, 58368
malloc, 64, 18801.000000, 873152, 1052704, 58400
malloc, 64, 18793.000000, 873632, 1052704, 58400
malloc, 64, 18836.000000, 874112, 1052704, 58464
malloc, 64, 18824.000000, 874592, 1052704, 58464
malloc, 64, 18812.000000, 875072, 1052704, 58496
malloc, 64, 18878.000000, 875552, 1052704, 58496
malloc, 64, 18904.000000, 876032, 1052704, 58592
malloc, 64, 18851.000000, 876512, 1052704, 58592
malloc, 64, 18902.000000, 876992, 1052704, 58624
malloc, 64, 18867.000000, 877472, 1052704, 58624
malloc, 64, 18921.000000, 877952, 1052704, 58688
malloc, 64, 18899.000000, 878432, 1052704, 58688
malloc, 64, 18891.000000, 878912, 1052704, 58720
malloc, 64, 18903.000000, 879392, 1052704, 58720
malloc, 64, 20782.000000, 879872, 1052704, 58880
malloc, 64, 19062.000000, 880352, 1052704, 58880
malloc, 64, 19016.000000, 880832, 1052704, 58912
malloc, 64, 18967.000000, 881312, 1052704, 58912
malloc, 64, 19024.000000, 881792, 1052704, 58976
malloc, 64, 18987.000000, 882272, 1052704, 58976
malloc, 64, 19009.000000, 882752, 1052704, 59008
malloc, 64, 19038.000000, 883232, 1052704, 59008
malloc, 64, 19064.000000, 883712, 1052704, 59104
malloc, 64, 19041.000000, 884192, 1052704, 59104
malloc, 64, 19088.000000, 884672, 1052704, 59136
malloc, 64, 19040.000000, 885152, 1052704, 59136
malloc, 64, 19118.000000, 885632, 1052704, 59200
malloc, 64, 19088.000000, 886112, 1052704, 59200
malloc, 64, 19140.000000, 886592, 1052704, 59232
malloc, 64, 19092.000000, 887072, 1052704, 59232
malloc, 64, 21128.000000, 887552, 1052704, 59360
malloc, 64, 19286.000000, 888032, 1052704, 59360
malloc, 64, 19173.000000, 888512, 1052704, 59392
malloc, 64, 19158.000000, 888992, 1052704, 59392
malloc, 64, 19206.000000, 889472, 1052704, 59456
malloc, 64, 19138.000000, 889952, 1052704, 59456
malloc, 64, 19165.000000, 890432, 1052704, 59488
malloc, 64, 19201.000000, 890912, 1052704, 59488
malloc, 64, 19240.000000, 891392, 1052704, 59584
malloc, 64, 19268.000000, 891872, 1052704, 59584
malloc, 64, 20651.000000, 892352, 1052704, 59616
malloc, 64, 19501.000000, 892832, 1052704, 59616
malloc, 64, 19414.000000, 893312, 1052704, 59680
malloc, 64, 19261.000000, 893792, 1052704, 59680
malloc, 64, 19281.000000, 894272, 1052704, 59712
malloc, 64, 19285.000000, 894752, 1052704, 59712
malloc, 64, 22102.000000, 895232, 1052704, 59904
malloc, 64, 19523.000000, 895712, 1052704, 59904
malloc, 64, 19296.000000, 896192, 1052704, 59936
malloc, 64, 19311.000000, 896672, 1052704, 59936
malloc, 64, 19412.000000, 897152, 1052704, 60000
malloc, 64, 19309.000000, 897632, 1052704, 60000
malloc, 64, 19396.000000, 898112, 1052704, 60032
malloc, 64, 19314.000000, 898592, 1052704, 60032
malloc, 64, 19387.000000, 899072, 1052704, 60128
malloc, 64, 19418.000000, 899552, 1052704, 60128
malloc, 64, 19427.000000, 900032, 1052704, 60160
malloc, 64, 19381.000000, 900512, 1052704, 60160
malloc, 64, 19515.000000, 900992, 1052704, 60224
malloc, 64, 19417.000000, 901472, 1052704, 60224
malloc, 64, 19977.000000, 901952, 1052704, 60256
malloc, 64, 19558.000000, 902432, 1052704, 60256
malloc, 64, 20645.000000, 902912, 1052704, 60384
malloc, 64, 19686.000000, 903392, 1052704, 60384
malloc, 64, 19694.000000, 903872, 1052704, 60416
malloc, 64, 19536.000000, 904352, 1052704, 60416
malloc, 64, 19593.000000, 904832, 1052704, 60480
malloc, 64, 19530.000000, 905312, 1052704, 60480
malloc, 64, 19565.000000, 905792, 1052704, 60512
malloc, 64, 19582.000000, 906272, 1052704, 60512
malloc, 64, 19567.000000, 906752, 1052704, 60608
malloc, 64, 19520.000000, 907232, 1052704, 60608
malloc, 64, 19650.000000, 907712, 1052704, 60640
malloc, 64, 19581.000000, 908192, 1052704, 60640
malloc, 64, 19596.000000, 908672, 1052704, 60704
malloc, 64, 19612.000000, 909152, 1052704, 60704
malloc, 64, 19607.000000, 909632, 1052704, 60736
malloc, 64, 19612.000000, 910112, 1052704, 60736
malloc, 64, 21397.000000, 910592, 1052704, 60896
malloc, 64, 19808.000000, 911072, 1052704, 60896
malloc, 64, 19753.000000, 911552, 1052704, 60928
malloc, 64, 19633.000000, 912032, 1052704, 60928
malloc, 64, 19695.000000, 912512, 1052704, 60992
malloc, 64, 19677.000000, 912992, 1052704, 60992
malloc, 64, 19723.000000, 913472, 1052704, 61024
malloc, 64, 19753.000000, 913952, 1052704, 61024
malloc, 64, 19722.000000, 914432, 1052704, 61120
malloc, 64, 19715.000000, 914912, 1052704, 61120
malloc, 64, 19832.000000, 915392, 1052704, 61152
malloc, 64, 19808.000000, 915872, 1052704, 61152
malloc, 64, 21734.000000, 916352, 1052704, 61216
malloc, 64, 19979.000000, 916832, 1052704, 61216
malloc, 64, 19839.000000, 917312, 1052704, 61248
malloc, 64, 19787.000000, 917792, 1052704, 61248
malloc, 64, 20915.000000, 918272, 1052704, 61376
malloc, 64, 19936.000000, 918752, 1052704, 61376
malloc, 64, 19911.000000, 919232, 1052704, 61408
malloc, 64, 19913.000000, 919712, 1052704, 61408
malloc, 64, 19854.000000, 920192, 1052704, 61472
malloc, 64, 19863.000000, 920672, 1052704, 61472
malloc, 64, 19887.000000, 921152, 1052704, 61504
malloc, 64, 19890.000000, 921632, 1052704, 61504
malloc, 64, 19930.000000, 922112, 1052704, 61600
malloc, 64, 19882.000000, 922592, 1052704, 61600
malloc, 64, 19929.000000, 923072, 1052704, 61632
malloc, 64, 20038.000000, 923552, 1052704, 61632
malloc, 64, 19959.000000, 924032, 1052704, 61696
malloc, 64, 19995.000000, 924512, 1052704, 61696
malloc, 64, 19965.000000, 924992, 1052704, 61728
malloc, 64, 19951.000000, 925472, 1052704, 61728
malloc, 64, 23328.000000, 925952, 1052704, 61952
malloc, 64, 20244.000000, 926432, 1052704, 61952
malloc, 64, 20198.000000, 926912, 1052704, 61984
malloc, 64, 20140.000000, 927392, 1052704, 61984
malloc, 64, 20199.000000, 927872, 1052704, 62048
malloc, 64, 20097.000000, 928352, 1052704, 62048
malloc, 64, 20148.000000, 928832, 1052704, 62080
malloc, 64, 20093.000000, 929312, 1052704, 62080
malloc, 64, 20103.000000, 929792, 1052704, 62176
malloc, 64, 20132.000000, 930272, 1052704, 62176
malloc, 64, 20110.000000, 930752, 1052704, 62208
malloc, 64, 20120.000000, 931232, 1052704, 62208
malloc, 64, 20168.000000, 931712, 1052704, 62272
malloc, 64, 20130.000000, 932192, 1052704, 62272
malloc, 64, 20127.000000, 932672, 1052704, 62304
malloc, 64, 20194.000000, 933152, 1052704, 62304
malloc, 64, 21176.000000, 933632, 1052704, 62432
malloc, 64, 20365.000000, 934112, 1052704, 62432
malloc, 64, 20294.000000, 934592, 1052704, 62464
malloc, 64, 20262.000000, 935072, 1052704, 62464
malloc, 64, 20351.000000, 935552, 1052704, 62528
malloc, 64, 20330.000000, 936032, 1052704, 62528
malloc, 64, 20263.000000, 936512, 1052704, 62560
malloc, 64, 20325.000000, 936992, 1052704, 62560
malloc, 64, 20276.000000, 937472, 1052704, 62656
malloc, 64, 20222.000000, 937952, 1052704, 62656
malloc, 64, 20340.000000, 938432, 1052704, 62688
malloc, 64, 20339.000000, 938912, 1052704, 62688
malloc, 64, 22147.000000, 939392, 1052704, 62752
malloc, 64, 20542.000000, 939872, 1052704, 62752
malloc, 64, 20408.000000, 940352, 1052704, 62784
malloc, 64, 20352.000000, 940832, 1052704, 62784
malloc, 64, 23198.000000, 941312, 1052704, 62944
malloc, 64, 20625.000000, 941792, 1052704, 62944
malloc, 64, 20515.000000, 942272, 1052704, 62976
malloc, 64, 20436.000000, 942752, 1052704, 62976
malloc, 64, 20487.000000, 943232, 1052704, 63040
malloc, 64, 20423.000000, 943712, 1052704, 63040
malloc, 64, 20463.000000, 944192, 1052704, 63072
malloc, 64, 20437.000000, 944672, 1052704, 63072
malloc, 64, 20437.000000, 945152, 1052704, 63168
malloc, 64, 20476.000000, 945632, 1052704, 63168
malloc, 64, 20475.000000, 946112, 1052704, 63200
malloc, 64, 20459.000000, 946592, 1052704, 63200
malloc, 64, 20505.000000, 947072, 1052704, 63264
malloc, 64, 20550.000000, 947552, 1052704, 63264
malloc, 64, 20516.000000, 948032, 1052704, 63296
malloc, 64, 20557.000000, 948512, 1052704, 63296
malloc, 64, 21562.000000, 948992, 1052704, 63424
malloc, 64, 20687.000000, 949472, 1052704, 63424
malloc, 64, 20618.000000, 949952, 1052704, 63456
malloc, 64, 20571.000000, 950432, 1052704, 63456
malloc, 64, 20583.000000, 950912, 1052704, 63520
malloc, 64, 20583.000000, 951392, 1052704, 63520
malloc, 64, 20595.000000, 951872, 1052704, 63552
malloc, 64, 20628.000000, 952352, 1052704, 63552
malloc, 64, 20627.000000, 952832, 1052704, 63648
malloc, 64, 20624.000000, 953312, 1052704, 63648
malloc, 64, 20673.000000, 953792, 1052704, 63680
malloc, 64, 20703.000000, 954272, 1052704, 63680
malloc, 64, 20670.000000, 954752, 1052704, 63744
malloc, 64, 20689.000000, 955232, 1052704, 63744
malloc, 64, 20780.000000, 955712, 1052704, 63776
malloc, 64, 20735.000000, 956192, 1052704, 63776
malloc, 64, 23202.000000, 956672, 1052704, 63968
malloc, 64, 20968.000000, 957152, 1052704, 63968
malloc, 64, 20808.000000, 957632, 1052704, 64000
malloc, 64, 20806.000000, 958112, 1052704, 64000
malloc, 64, 20852.000000, 958592, 1052704, 64064
malloc, 64, 20839.000000, 959072, 1052704, 64064
malloc, 64, 20779.000000, 959552, 1052704, 64096
malloc, 64, 20785.000000, 960032, 1052704, 64096
malloc, 64, 20809.000000, 960512, 1052704, 64192
malloc, 64, 20838.000000, 960992, 1052704, 64192
malloc, 64, 20826.000000, 961472, 1052704, 64224
malloc, 64, 22515.000000, 961952, 1052704, 64224
malloc, 64, 21138.000000, 962432, 1052704, 64288
malloc, 64, 21023.000000, 962912, 1052704, 64288
malloc, 64, 20879.000000, 963392, 1052704, 64320
malloc, 64, 20908.000000, 963872, 1052704, 64320
malloc, 64, 21935.000000, 964352, 1052704, 64448
malloc, 64, 21068.000000, 964832, 1052704, 64448
malloc, 64, 20985.000000, 965312, 1052704, 64480
malloc, 64, 20946.000000, 965792, 1052704, 64480
malloc, 64, 21050.000000, 966272, 1052704, 64544
malloc, 64, 20918.000000, 966752, 1052704, 64544
malloc, 64, 21009.000000, 967232, 1052704, 64576
malloc, 64, 20947.000000, 967712, 1052704, 64576
malloc, 64, 20965.000000, 968192, 1052704, 64672
malloc, 64, 20983.000000, 968672, 1052704, 64672
malloc, 64, 21001.000000, 969152, 1052704, 64704
malloc, 64, 20945.000000, 969632, 1052704, 64704
malloc, 64, 21086.000000, 970112, 1052704, 64768
malloc, 64, 20989.000000, 970592, 1052704, 64768
malloc, 64, 20976.000000, 971072, 1052704, 64800
malloc, 64, 21068.000000, 971552, 1052704, 64800
malloc, 64, 22802.000000, 972032, 1052704, 64960
malloc, 64, 21218.000000, 972512, 1052704, 64960
malloc, 64, 21148.000000, 972992, 1052704, 64992
malloc, 64, 21133.000000, 973472, 1052704, 64992
malloc, 64, 21084.000000, 973952, 1052704, 65056
malloc, 64, 21108.000000, 974432, 1052704, 65056
malloc, 64, 21185.000000, 974912, 1052704, 65088
malloc, 64, 21189.000000, 975392, 1052704, 65088
malloc, 64, 21183.000000, 975872, 1052704, 65184
malloc, 64, 21163.000000, 976352, 1052704, 65184
malloc, 64, 21178.000000, 976832, 1052704, 65216
malloc, 64, 21137.000000, 977312, 1052704, 65216
malloc, 64, 21312.000000, 977792, 1052704, 65280
malloc, 64, 21169.000000, 978272, 1052704, 65280
malloc, 64, 21229.000000, 978752, 1052704, 65312
malloc, 64, 21271.000000, 979232, 1052704, 65312
malloc, 64, 22279.000000, 979712, 1052704, 65440
malloc, 64, 21329.000000, 980192, 1052704, 65440
malloc, 64, 21358.000000, 980672, 1052704, 65472
malloc, 64, 21333.000000, 981152, 1052704, 65472
malloc, 64, 21360.000000, 981632, 1052704, 65536
malloc, 64, 21875.000000, 982112, 1052704, 65536
malloc, 64, 21513.000000, 982592, 1052704, 65568
malloc, 64, 21374.000000, 983072, 1052704, 65568
malloc, 64, 21347.000000, 983552, 1052704, 65664
malloc, 64, 23211.000000, 984032, 1052704, 65664
malloc, 64, 21675.000000, 984512, 1052704, 65696
malloc, 64, 21437.000000, 984992, 1052704, 65696
malloc, 64, 21428.000000, 985472, 1052704, 65760
malloc, 64, 23412.000000, 985952, 1052704, 65760
malloc, 64, 22937.000000, 986432, 1052704, 65792
malloc, 64, 21651.000000, 986912, 1052704, 65792
malloc, 64, 34208.000000, 987392, 2101280, 66176
malloc, 64, 22380.000000, 987872, 2101280, 66176
malloc, 64, 21772.000000, 988352, 2101280, 66208
malloc, 64, 21650.000000, 988832, 2101280, 66208
malloc, 64, 21698.000000, 989312, 2101280, 66272
malloc, 64, 21551.000000, 989792, 2101280, 66272
malloc, 64, 21684.000000, 990272, 2101280, 66304
malloc, 64, 21611.000000, 990752, 2101280, 66304
malloc, 64, 21708.000000, 991232, 2101280, 66400
malloc, 64, 21612.000000, 991712, 2101280, 66400
malloc, 64, 21631.000000, 992192, 2101280, 66432
malloc, 64, 21604.000000, 992672, 2101280, 66432
malloc, 64, 21621.000000, 993152, 2101280, 66496
malloc, 64, 21589.000000, 993632, 2101280, 66496
malloc, 64, 21634.000000, 994112, 2101280, 66528
malloc, 64, 21658.000000, 994592, 2101280, 66528
malloc, 64, 22655.000000, 995072, 2101280, 66656
malloc, 64, 21771.000000, 995552, 2101280, 66656
malloc, 64, 21741.000000, 996032, 2101280, 66688
malloc, 64, 21648.000000, 996512, 2101280, 66688
malloc, 64, 21707.000000, 996992, 2101280, 66752
malloc, 64, 21670.000000, 997472, 2101280, 66752
malloc, 64, 21705.000000, 997952, 2101280, 66784
malloc, 64, 21639.000000, 998432, 2101280, 66784
malloc, 64, 21685.000000, 998912, 2101280, 66880
malloc, 64, 21731.000000, 999392, 2101280, 66880
malloc, 64, 21774.000000, 999872, 2101280, 66912
malloc, 64, 21741.000000, 1000352, 2101280, 66912
malloc, 64, 21741.000000, 1000832, 2101280, 66976
malloc, 64, 21687.000000, 1001312, 2101280, 66976
malloc, 64, 21709.000000, 1001792, 2101280, 67008
malloc, 64, 21755.000000, 1002272, 2101280, 67008
malloc, 64, 23605.000000, 1002752, 2101280, 67168
malloc, 64, 21864.000000, 1003232, 2101280, 67168
malloc, 64, 21804.000000, 1003712, 2101280, 67200
malloc, 64, 21754.000000, 1004192, 2101280, 67200
malloc, 64, 21918.000000, 1004672, 2101280, 67264
malloc, 64, 24677.000000, 1005152, 2101280, 67264
malloc, 64, 22178.000000, 1005632, 2101280, 67296
malloc, 64, 21960.000000, 1006112, 2101280, 67296
malloc, 64, 21911.000000, 1006592, 2101280, 67392
malloc, 64, 21868.000000, 1007072, 2101280, 67392
malloc, 64, 21896.000000, 1007552, 2101280, 67424
malloc, 64, 21797.000000, 1008032, 2101280, 67424
malloc, 64, 21852.000000, 1008512, 2101280, 67488
malloc, 64, 21843.000000, 1008992, 2101280, 67488
malloc, 64, 21908.000000, 1009472, 2101280, 67520
malloc, 64, 21839.000000, 1009952, 2101280, 67520
malloc, 64, 23009.000000, 1010432, 2101280, 67648
malloc, 64, 22130.000000, 1010912, 2101280, 67648
malloc, 64, 21977.000000, 1011392, 2101280, 67680
malloc, 64, 21972.000000, 1011872, 2101280, 67680
malloc, 64, 21998.000000, 1012352, 2101280, 67744
malloc, 64, 21951.000000, 1012832, 2101280, 67744
malloc, 64, 22019.000000, 1013312, 2101280, 67776
malloc, 64, 21992.000000, 1013792, 2101280, 67776
malloc, 64, 22022.000000, 1014272, 2101280, 67872
malloc, 64, 22050.000000, 1014752, 2101280, 67872
malloc, 64, 22033.000000, 1015232, 2101280, 67904
malloc, 64, 22136.000000, 1015712, 2101280, 67904
malloc, 64, 22055.000000, 1016192, 2101280, 67968
malloc, 64, 22058.000000, 1016672, 2101280, 67968
malloc, 64, 22044.000000, 1017152, 2101280, 68000
malloc, 64, 22072.000000, 1017632, 2101280, 68000
malloc, 64, 24567.000000, 1018112, 2101280, 68192
malloc, 64, 22326.000000, 1018592, 2101280, 68192
malloc, 64, 22142.000000, 1019072, 2101280, 68224
malloc, 64, 22093.000000, 1019552, 2101280, 68224
malloc, 64, 22145.000000, 1020032, 2101280, 68288
malloc, 64, 22146.000000, 1020512, 2101280, 68288
malloc, 64, 22139.000000, 1020992, 2101280, 68320
malloc, 64, 22126.000000, 1021472, 2101280, 68320
malloc, 64, 22257.000000, 1021952, 2101280, 68416
malloc, 64, 22223.000000, 1022432, 2101280, 68416
malloc, 64, 22205.000000, 1022912, 2101280, 68448
malloc, 64, 22187.000000, 1023392, 2101280, 68448
malloc, 64, 22282.000000, 1023872, 2101280, 68512
malloc, 64, 22222.000000, 1024352, 2101280, 68512
malloc, 64, 22266.000000, 1024832, 2101280, 68544
malloc, 64, 22312.000000, 1025312, 2101280, 68544
malloc, 64, 23242.000000, 1025792, 2101280, 68672
malloc, 64, 23981.000000, 1026272, 2101280, 68672
malloc, 64, 22520.000000, 1026752, 2101280, 68704
malloc, 64, 22374.000000, 1027232, 2101280, 68704
malloc, 64, 22323.000000, 1027712, 2101280, 68768
malloc, 64, 22291.000000, 1028192, 2101280, 68768
malloc, 64, 22386.000000, 1028672, 2101280, 68800
malloc, 64, 22382.000000, 1029152, 2101280, 68800
malloc, 64, 22343.000000, 1029632, 2101280, 68896
malloc, 64, 22300.000000, 1030112, 2101280, 68896
malloc, 64, 22439.000000, 1030592, 2101280, 68928
malloc, 64, 22366.000000, 1031072, 2101280, 68928
malloc, 64, 22327.000000, 1031552, 2101280, 68992
malloc, 64, 22343.000000, 1032032, 2101280, 68992
malloc, 64, 22410.000000, 1032512, 2101280, 69024
malloc, 64, 22335.000000, 1032992, 2101280, 69024
malloc, 64, 25222.000000, 1033472, 2101280, 69184
malloc, 64, 22656.000000, 1033952, 2101280, 69184
malloc, 64, 22453.000000, 1034432, 2101280, 69216
malloc, 64, 22433.000000, 1034912, 2101280, 69216
malloc, 64, 22467.000000, 1035392, 2101280, 69280
malloc, 64, 22482.000000, 1035872, 2101280, 69280
malloc, 64, 22556.000000, 1036352, 2101280, 69312
malloc, 64, 22480.000000, 1036832, 2101280, 69312
malloc, 64, 22522.000000, 1037312, 2101280, 69408
malloc, 64, 22512.000000, 1037792, 2101280, 69408
malloc, 64, 22518.000000, 1038272, 2101280, 69440
malloc, 64, 22488.000000, 1038752, 2101280, 69440
malloc, 64, 22552.000000, 1039232, 2101280, 69504
malloc, 64, 22507.000000, 1039712, 2101280, 69504
malloc, 64, 22564.000000, 1040192, 2101280, 69536
malloc, 64, 22513.000000, 1040672, 2101280, 69536
malloc, 64, 23686.000000, 1041152, 2101280, 69664
malloc, 64, 22688.000000, 1041632, 2101280, 69664
malloc, 64, 22607.000000, 1042112, 2101280, 69696
malloc, 64, 22554.000000, 1042592, 2101280, 69696
malloc, 64, 22686.000000, 1043072, 2101280, 69760
malloc, 64, 22576.000000, 1043552, 2101280, 69760
malloc, 64, 22647.000000, 1044032, 2101280, 69792
malloc, 64, 22619.000000, 1044512, 2101280, 69792
malloc, 64, 22624.000000, 1044992, 2101280, 69888
malloc, 64, 22658.000000, 1045472, 2101280, 69888
malloc, 64, 22712.000000, 1045952, 2101280, 69920
malloc, 64, 22706.000000, 1046432, 2101280, 69920
malloc, 64, 24187.000000, 1046912, 2101280, 69984
malloc, 64, 23011.000000, 1047392, 2101280, 69984
malloc, 64, 22773.000000, 1047872, 2101280, 70016
malloc, 64, 22750.000000, 1048352, 2101280, 70016
malloc, 64, 26284.000000, 1048832, 2101280, 70240
malloc, 64, 23194.000000, 1049312, 2101280, 70240
malloc, 64, 22884.000000, 1049792, 2101280, 70272
malloc, 64, 22814.000000, 1050272, 2101280, 70272
malloc, 64, 22814.000000, 1050752, 2101280, 70336
malloc, 64, 22803.000000, 1051232, 2101280, 70336
malloc, 64, 22854.000000, 1051712, 2101280, 70368
malloc, 64, 22789.000000, 1052192, 2101280, 70368
malloc, 64, 22829.000000, 1052672, 2101280, 70464
malloc, 64, 22783.000000, 1053152, 2101280, 70464
malloc, 64, 22854.000000, 1053632, 2101280, 70496
malloc, 64, 22812.000000, 1054112, 2101280, 70496
malloc, 64, 22850.000000, 1054592, 2101280, 70560
malloc, 64, 22857.000000, 1055072, 2101280, 70560
malloc, 64, 22927.000000, 1055552, 2101280, 70592
malloc, 64, 22850.000000, 1056032, 2101280, 70592
malloc, 64, 23894.000000, 1056512, 2101280, 70720
malloc, 64, 23126.000000, 1056992, 2101280, 70720
malloc, 64, 22984.000000, 1057472, 2101280, 70752
malloc, 64, 22967.000000, 1057952, 2101280, 70752
malloc, 64, 22972.000000, 1058432, 2101280, 70816
malloc, 64, 23009.000000, 1058912, 2101280, 70816
malloc, 64, 23061.000000, 1059392, 2101280, 70848
malloc, 64, 22994.000000, 1059872, 2101280, 70848
malloc, 64, 23027.000000, 1060352, 2101280, 70944
malloc, 64, 23049.000000, 1060832, 2101280, 70944
malloc, 64, 23968.000000, 1061312, 2101280, 70976
malloc, 64, 23210.000000, 1061792, 2101280, 70976
malloc, 64, 23110.000000, 1062272, 2101280, 71040
malloc, 64, 23152.000000, 1062752, 2101280, 71040
malloc, 64, 23203.000000, 1063232, 2101280, 71072
malloc, 64, 23065.000000, 1063712, 2101280, 71072
malloc, 64, 24982.000000, 1064192, 2101280, 71232
malloc, 64, 23405.000000, 1064672, 2101280, 71232
malloc, 64, 23178.000000, 1065152, 2101280, 71264
malloc, 64, 23194.000000, 1065632, 2101280, 71264
malloc, 64, 23150.000000, 1066112, 2101280, 71328
malloc, 64, 23221.000000, 1066592, 2101280, 71328
malloc, 64, 25337.000000, 1067072, 2101280, 71360
malloc, 64, 23419.000000, 1067552, 2101280, 71360
malloc, 64, 23198.000000, 1068032, 2101280, 71456
malloc, 64, 23177.000000, 1068512, 2101280, 71456
malloc, 64, 23269.000000, 1068992, 2101280, 71488
malloc, 64, 23213.000000, 1069472, 2101280, 71488
malloc, 64, 23236.000000, 1069952, 2101280, 71552
malloc, 64, 23204.000000, 1070432, 2101280, 71552
malloc, 64, 23303.000000, 1070912, 2101280, 71584
malloc, 64, 23175.000000, 1071392, 2101280, 71584
malloc, 64, 24306.000000, 1071872, 2101280, 71712
malloc, 64, 23487.000000, 1072352, 2101280, 71712
malloc, 64, 23383.000000, 1072832, 2101280, 71744
malloc, 64, 23328.000000, 1073312, 2101280, 71744
malloc, 64, 23368.000000, 1073792, 2101280, 71808
malloc, 64, 23362.000000, 1074272, 2101280, 71808
malloc, 64, 23445.000000, 1074752, 2101280, 71840
malloc, 64, 23369.000000, 1075232, 2101280, 71840
malloc, 64, 23321.000000, 1075712, 2101280, 71936
malloc, 64, 23344.000000, 1076192, 2101280, 71936
malloc, 64, 23389.000000, 1076672, 2101280, 71968
malloc, 64, 23381.000000, 1077152, 2101280, 71968
malloc, 64, 23404.000000, 1077632, 2101280, 72032
malloc, 64, 23401.000000, 1078112, 2101280, 72032
malloc, 64, 23390.000000, 1078592, 2101280, 72064
malloc, 64, 23400.000000, 1079072, 2101280, 72064
malloc, 64, 25868.000000, 1079552, 2101280, 72256
malloc, 64, 23722.000000, 1080032, 2101280, 72256
malloc, 64, 23633.000000, 1080512, 2101280, 72288
malloc, 64, 23514.000000, 1080992, 2101280, 72288
malloc, 64, 23496.000000, 1081472, 2101280, 72352
malloc, 64, 23529.000000, 1081952, 2101280, 72352
malloc, 64, 23512.000000, 1082432, 2101280, 72384
malloc, 64, 23572.000000, 1082912, 2101280, 72384
malloc, 64, 23551.000000, 1083392, 2101280, 72480
malloc, 64, 23574.000000, 1083872, 2101280, 72480
malloc, 64, 23582.000000, 1084352, 2101280, 72512
malloc, 64, 23547.000000, 1084832, 2101280, 72512
malloc, 64, 23598.000000, 1085312, 2101280, 72576
malloc, 64, 23595.000000, 1085792, 2101280, 72576
malloc, 64, 23617.000000, 1086272, 2101280, 72608
malloc, 64, 23621.000000, 1086752, 2101280, 72608
malloc, 64, 27573.000000, 1087232, 2101280, 72736
malloc, 64, 24030.000000, 1087712, 2101280, 72736
malloc, 64, 23747.000000, 1088192, 2101280, 72768
malloc, 64, 23710.000000, 1088672, 2101280, 72768
malloc, 64, 23725.000000, 1089152, 2101280, 72832
malloc, 64, 23741.000000, 1089632, 2101280, 72832
malloc, 64, 23762.000000, 1090112, 2101280, 72864
malloc, 64, 23780.000000, 1090592, 2101280, 72864
malloc, 64, 23794.000000, 1091072, 2101280, 72960
malloc, 64, 23712.000000, 1091552, 2101280, 72960
malloc, 64, 23798.000000, 1092032, 2101280, 72992
malloc, 64, 23854.000000, 1092512, 2101280, 72992
malloc, 64, 23900.000000, 1092992, 2101280, 73056
malloc, 64, 23818.000000, 1093472, 2101280, 73056
malloc, 64, 23928.000000, 1093952, 2101280, 73088
malloc, 64, 23823.000000, 1094432, 2101280, 73088
malloc, 64, 25634.000000, 1094912, 2101280, 73248
malloc, 64, 24063.000000, 1095392, 2101280, 73248
malloc, 64, 23898.000000, 1095872, 2101280, 73280
malloc, 64, 23945.000000, 1096352, 2101280, 73280
malloc, 64, 23950.000000, 1096832, 2101280, 73344
malloc, 64, 23937.000000, 1097312, 2101280, 73344
malloc, 64, 23934.000000, 1097792, 2101280, 73376
malloc, 64, 23958.000000, 1098272, 2101280, 73376
malloc, 64, 24014.000000, 1098752, 2101280, 73472
malloc, 64, 23991.000000, 1099232, 2101280, 73472
malloc, 64, 23999.000000, 1099712, 2101280, 73504
malloc, 64, 24041.000000, 1100192, 2101280, 73504
malloc, 64, 24054.000000, 1100672, 2101280, 73568
malloc, 64, 24029.000000, 1101152, 2101280, 73568
malloc, 64, 24030.000000, 1101632, 2101280, 73600
malloc, 64, 24024.000000, 1102112, 2101280, 73600
malloc, 64, 25072.000000, 1102592, 2101280, 73728
malloc, 64, 24197.000000, 1103072, 2101280, 73728
malloc, 64, 24139.000000, 1103552, 2101280, 73760
malloc, 64, 24102.000000, 1104032, 2101280, 73760
malloc, 64, 24112.000000, 1104512, 2101280, 73824
malloc, 64, 24117.000000, 1104992, 2101280, 73824
malloc, 64, 24137.000000, 1105472, 2101280, 73856
malloc, 64, 24136.000000, 1105952, 2101280, 73856
malloc, 64, 25831.000000, 1106432, 2101280, 73952
malloc, 64, 24456.000000, 1106912, 2101280, 73952
malloc, 64, 24353.000000, 1107392, 2101280, 73984
malloc, 64, 24181.000000, 1107872, 2101280, 73984
malloc, 64, 24163.000000, 1108352, 2101280, 74048
malloc, 64, 24210.000000, 1108832, 2101280, 74048
malloc, 64, 24247.000000, 1109312, 2101280, 74080
malloc, 64, 24229.000000, 1109792, 2101280, 74080
malloc, 64, 28328.000000, 1110272, 2101280, 74336
malloc, 64, 24508.000000, 1110752, 2101280, 74336
malloc, 64, 24318.000000, 1111232, 2101280, 74368
malloc, 64, 24336.000000, 1111712, 2101280, 74368
malloc, 64, 24355.000000, 1112192, 2101280, 74432
malloc, 64, 24285.000000, 1112672, 2101280, 74432
malloc, 64, 24287.000000, 1113152, 2101280, 74464
malloc, 64, 24332.000000, 1113632, 2101280, 74464
malloc, 64, 24396.000000, 1114112, 2101280, 74560
malloc, 64, 24317.000000, 1114592, 2101280, 74560
malloc, 64, 24335.000000, 1115072, 2101280, 74592
malloc, 64, 24315.000000, 1115552, 2101280, 74592
malloc, 64, 24371.000000, 1116032, 2101280, 74656
malloc, 64, 24328.000000, 1116512, 2101280, 74656
malloc, 64, 24332.000000, 1116992, 2101280, 74688
malloc, 64, 24303.000000, 1117472, 2101280, 74688
malloc, 64, 25470.000000, 1117952, 2101280, 74816
malloc, 64, 24596.000000, 1118432, 2101280, 74816
malloc, 64, 24454.000000, 1118912, 2101280, 74848
malloc, 64, 24382.000000, 1119392, 2101280, 74848
malloc, 64, 24490.000000, 1119872, 2101280, 74912
malloc, 64, 24473.000000, 1120352, 2101280, 74912
malloc, 64, 24558.000000, 1120832, 2101280, 74944
malloc, 64, 24467.000000, 1121312, 2101280, 74944
malloc, 64, 24482.000000, 1121792, 2101280, 75040
malloc, 64, 24502.000000, 1122272, 2101280, 75040
malloc, 64, 24560.000000, 1122752, 2101280, 75072
malloc, 64, 24522.000000, 1123232, 2101280, 75072
malloc, 64, 24561.000000, 1123712, 2101280, 75136
malloc, 64, 24586.000000, 1124192, 2101280, 75136
malloc, 64, 24589.000000, 1124672, 2101280, 75168
malloc, 64, 24619.000000, 1125152, 2101280, 75168
malloc, 64, 27842.000000, 1125632, 2101280, 75328
malloc, 64, 25106.000000, 1126112, 2101280, 75328
malloc, 64, 24768.000000, 1126592, 2101280, 75360
malloc, 64, 24733.000000, 1127072, 2101280, 75360
malloc, 64, 24714.000000, 1127552, 2101280, 75424
malloc, 64, 24744.000000, 1128032, 2101280, 75424
malloc, 64, 24803.000000, 1128512, 2101280, 75456
malloc, 64, 24762.000000, 1128992, 2101280, 75456
malloc, 64, 24789.000000, 1129472, 2101280, 75552
malloc, 64, 24724.000000, 1129952, 2101280, 75552
malloc, 64, 24701.000000, 1130432, 2101280, 75584
malloc, 64, 24767.000000, 1130912, 2101280, 75584
malloc, 64, 24756.000000, 1131392, 2101280, 75648
malloc, 64, 24820.000000, 1131872, 2101280, 75648
malloc, 64, 24784.000000, 1132352, 2101280, 75680
malloc, 64, 24784.000000, 1132832, 2101280, 75680
malloc, 64, 25787.000000, 1133312, 2101280, 75808
malloc, 64, 24970.000000, 1133792, 2101280, 75808
malloc, 64, 24922.000000, 1134272, 2101280, 75840
malloc, 64, 24838.000000, 1134752, 2101280, 75840
malloc, 64, 24874.000000, 1135232, 2101280, 75904
malloc, 64, 24806.000000, 1135712, 2101280, 75904
malloc, 64, 24910.000000, 1136192, 2101280, 75936
malloc, 64, 24925.000000, 1136672, 2101280, 75936
malloc, 64, 24963.000000, 1137152, 2101280, 76032
malloc, 64, 24880.000000, 1137632, 2101280, 76032
malloc, 64, 24924.000000, 1138112, 2101280, 76064
malloc, 64, 24927.000000, 1138592, 2101280, 76064
malloc, 64, 24982.000000, 1139072, 2101280, 76128
malloc, 64, 25693.000000, 1139552, 2101280, 76128
malloc, 64, 25140.000000, 1140032, 2101280, 76160
malloc, 64, 24949.000000, 1140512, 2101280, 76160
malloc, 64, 28898.000000, 1140992, 2101280, 76352
malloc, 64, 25451.000000, 1141472, 2101280, 76352
malloc, 64, 25157.000000, 1141952, 2101280, 76384
malloc, 64, 25019.000000, 1142432, 2101280, 76384
malloc, 64, 25150.000000, 1142912, 2101280, 76448
malloc, 64, 25061.000000, 1143392, 2101280, 76448
malloc, 64, 25073.000000, 1143872, 2101280, 76480
malloc, 64, 26983.000000, 1144352, 2101280, 76480
malloc, 64, 25410.000000, 1144832, 2101280, 76576
malloc, 64, 25188.000000, 1145312, 2101280, 76576
malloc, 64, 25148.000000, 1145792, 2101280, 76608
malloc, 64, 25157.000000, 1146272, 2101280, 76608
malloc, 64, 25214.000000, 1146752, 2101280, 76672
malloc, 64, 25250.000000, 1147232, 2101280, 76672
malloc, 64, 25246.000000, 1147712, 2101280, 76704
malloc, 64, 25202.000000, 1148192, 2101280, 76704
malloc, 64, 26693.000000, 1148672, 2101280, 76832
malloc, 64, 25432.000000, 1149152, 2101280, 76832
malloc, 64, 25297.000000, 1149632, 2101280, 76864
malloc, 64, 25242.000000, 1150112, 2101280, 76864
malloc, 64, 25275.000000, 1150592, 2101280, 76928
malloc, 64, 25236.000000, 1151072, 2101280, 76928
malloc, 64, 25331.000000, 1151552, 2101280, 76960
malloc, 64, 25289.000000, 1152032, 2101280, 76960
malloc, 64, 25359.000000, 1152512, 2101280, 77056
malloc, 64, 25293.000000, 1152992, 2101280, 77056
malloc, 64, 25369.000000, 1153472, 2101280, 77088
malloc, 64, 25340.000000, 1153952, 2101280, 77088
malloc, 64, 25414.000000, 1154432, 2101280, 77152
malloc, 64, 25385.000000, 1154912, 2101280, 77152
malloc, 64, 25399.000000, 1155392, 2101280, 77184
malloc, 64, 25390.000000, 1155872, 2101280, 77184
malloc, 64, 27165.000000, 1156352, 2101280, 77344
malloc, 64, 25539.000000, 1156832, 2101280, 77344
malloc, 64, 25445.000000, 1157312, 2101280, 77376
malloc, 64, 25416.000000, 1157792, 2101280, 77376
malloc, 64, 25463.000000, 1158272, 2101280, 77440
malloc, 64, 25494.000000, 1158752, 2101280, 77440
malloc, 64, 25558.000000, 1159232, 2101280, 77472
malloc, 64, 25514.000000, 1159712, 2101280, 77472
malloc, 64, 25483.000000, 1160192, 2101280, 77568
malloc, 64, 25508.000000, 1160672, 2101280, 77568
malloc, 64, 25517.000000, 1161152, 2101280, 77600
malloc, 64, 25541.000000, 1161632, 2101280, 77600
malloc, 64, 25574.000000, 1162112, 2101280, 77664
malloc, 64, 28141.000000, 1162592, 2101280, 77664
malloc, 64, 26024.000000, 1163072, 2101280, 77696
malloc, 64, 25589.000000, 1163552, 2101280, 77696
malloc, 64, 26772.000000, 1164032, 2101280, 77824
malloc, 64, 25849.000000, 1164512, 2101280, 77824
malloc, 64, 25652.000000, 1164992, 2101280, 77856
malloc, 64, 25610.000000, 1165472, 2101280, 77856
malloc, 64, 25659.000000, 1165952, 2101280, 77920
malloc, 64, 25617.000000, 1166432, 2101280, 77920
malloc, 64, 25692.000000, 1166912, 2101280, 77952
malloc, 64, 25623.000000, 1167392, 2101280, 77952
malloc, 64, 25751.000000, 1167872, 2101280, 78048
malloc, 64, 25696.000000, 1168352, 2101280, 78048
malloc, 64, 25691.000000, 1168832, 2101280, 78080
malloc, 64, 25709.000000, 1169312, 2101280, 78080
malloc, 64, 25639.000000, 1169792, 2101280, 78144
malloc, 64, 25704.000000, 1170272, 2101280, 78144
malloc, 64, 25727.000000, 1170752, 2101280, 78176
malloc, 64, 25700.000000, 1171232, 2101280, 78176
malloc, 64, 29114.000000, 1171712, 2101280, 78400
malloc, 64, 25948.000000, 1172192, 2101280, 78400
malloc, 64, 25803.000000, 1172672, 2101280, 78432
malloc, 64, 25721.000000, 1173152, 2101280, 78432
malloc, 64, 25825.000000, 1173632, 2101280, 78496
malloc, 64, 25776.000000, 1174112, 2101280, 78496
malloc, 64, 25837.000000, 1174592, 2101280, 78528
malloc, 64, 25802.000000, 1175072, 2101280, 78528
malloc, 64, 25880.000000, 1175552, 2101280, 78624
malloc, 64, 25843.000000, 1176032, 2101280, 78624
malloc, 64, 25837.000000, 1176512, 2101280, 78656
malloc, 64, 25856.000000, 1176992, 2101280, 78656
malloc, 64, 25919.000000, 1177472, 2101280, 78720
malloc, 64, 25891.000000, 1177952, 2101280, 78720
malloc, 64, 25898.000000, 1178432, 2101280, 78752
malloc, 64, 25936.000000, 1178912, 2101280, 78752
malloc, 64, 26918.000000, 1179392, 2101280, 78880
malloc, 64, 26073.000000, 1179872, 2101280, 78880
malloc, 64, 25916.000000, 1180352, 2101280, 78912
malloc, 64, 27730.000000, 1180832, 2101280, 78912
malloc, 64, 26264.000000, 1181312, 2101280, 78976
malloc, 64, 26320.000000, 1181792, 2101280, 78976
malloc, 64, 26062.000000, 1182272, 2101280, 79008
malloc, 64, 26025.000000, 1182752, 2101280, 79008
malloc, 64, 26027.000000, 1183232, 2101280, 79104
malloc, 64, 26087.000000, 1183712, 2101280, 79104
malloc, 64, 26099.000000, 1184192, 2101280, 79136
malloc, 64, 26130.000000, 1184672, 2101280, 79136
malloc, 64, 26159.000000, 1185152, 2101280, 79200
malloc, 64, 26050.000000, 1185632, 2101280, 79200
malloc, 64, 26147.000000, 1186112, 2101280, 79232
malloc, 64, 26075.000000, 1186592, 2101280, 79232
malloc, 64, 27987.000000, 1187072, 2101280, 79392
malloc, 64, 26322.000000, 1187552, 2101280, 79392
malloc, 64, 26221.000000, 1188032, 2101280, 79424
malloc, 64, 26213.000000, 1188512, 2101280, 79424
malloc, 64, 26198.000000, 1188992, 2101280, 79488
malloc, 64, 26138.000000, 1189472, 2101280, 79488
malloc, 64, 26214.000000, 1189952, 2101280, 79520
malloc, 64, 26227.000000, 1190432, 2101280, 79520
malloc, 64, 26242.000000, 1190912, 2101280, 79616
malloc, 64, 26236.000000, 1191392, 2101280, 79616
malloc, 64, 26173.000000, 1191872, 2101280, 79648
malloc, 64, 26201.000000, 1192352, 2101280, 79648
malloc, 64, 26260.000000, 1192832, 2101280, 79712
malloc, 64, 26302.000000, 1193312, 2101280, 79712
malloc, 64, 26295.000000, 1193792, 2101280, 79744
malloc, 64, 26258.000000, 1194272, 2101280, 79744
malloc, 64, 27401.000000, 1194752, 2101280, 79872
malloc, 64, 26398.000000, 1195232, 2101280, 79872
malloc, 64, 26316.000000, 1195712, 2101280, 79904
malloc, 64, 26277.000000, 1196192, 2101280, 79904
malloc, 64, 26327.000000, 1196672, 2101280, 79968
malloc, 64, 26281.000000, 1197152, 2101280, 79968
malloc, 64, 26373.000000, 1197632, 2101280, 80000
malloc, 64, 26331.000000, 1198112, 2101280, 80000
malloc, 64, 27885.000000, 1198592, 2101280, 80096
malloc, 64, 26497.000000, 1199072, 2101280, 80096
malloc, 64, 26525.000000, 1199552, 2101280, 80128
malloc, 64, 26409.000000, 1200032, 2101280, 80128
malloc, 64, 26447.000000, 1200512, 2101280, 80192
malloc, 64, 26479.000000, 1200992, 2101280, 80192
malloc, 64, 26477.000000, 1201472, 2101280, 80224
malloc, 64, 27765.000000, 1201952, 2101280, 80224
malloc, 64, 30652.000000, 1202432, 2101280, 80416
malloc, 64, 26877.000000, 1202912, 2101280, 80416
malloc, 64, 26548.000000, 1203392, 2101280, 80448
malloc, 64, 26660.000000, 1203872, 2101280, 80448
malloc, 64, 26803.000000, 1204352, 2101280, 80512
malloc, 64, 26498.000000, 1204832, 2101280, 80512
malloc, 64, 26486.000000, 1205312, 2101280, 80544
malloc, 64, 26488.000000, 1205792, 2101280, 80544
malloc, 64, 26604.000000, 1206272, 2101280, 80640
malloc, 64, 26588.000000, 1206752, 2101280, 80640
malloc, 64, 26569.000000, 1207232, 2101280, 80672
malloc, 64, 26537.000000, 1207712, 2101280, 80672
malloc, 64, 26617.000000, 1208192, 2101280, 80736
malloc, 64, 26573.000000, 1208672, 2101280, 80736
malloc, 64, 26592.000000, 1209152, 2101280, 80768
malloc, 64, 26589.000000, 1209632, 2101280, 80768
malloc, 64, 27822.000000, 1210112, 2101280, 80896
malloc, 64, 27471.000000, 1210592, 2101280, 80896
malloc, 64, 26657.000000, 1211072, 2101280, 80928
malloc, 64, 26663.000000, 1211552, 2101280, 80928
malloc, 64, 26686.000000, 1212032, 2101280, 80992
malloc, 64, 26649.000000, 1212512, 2101280, 80992
malloc, 64, 26708.000000, 1212992, 2101280, 81024
malloc, 64, 26705.000000, 1213472, 2101280, 81024
malloc, 64, 26693.000000, 1213952, 2101280, 81120
malloc, 64, 26707.000000, 1214432, 2101280, 81120
malloc, 64, 26702.000000, 1214912, 2101280, 81152
malloc, 64, 26709.000000, 1215392, 2101280, 81152
malloc, 64, 26776.000000, 1215872, 2101280, 81216
malloc, 64, 28673.000000, 1216352, 2101280, 81216
malloc, 64, 27128.000000, 1216832, 2101280, 81248
malloc, 64, 27106.000000, 1217312, 2101280, 81248
malloc, 64, 28665.000000, 1217792, 2101280, 81408
malloc, 64, 27517.000000, 1218272, 2101280, 81408
malloc, 64, 27034.000000, 1218752, 2101280, 81440
malloc, 64, 26980.000000, 1219232, 2101280, 81440
malloc, 64, 26872.000000, 1219712, 2101280, 81504
malloc, 64, 26874.000000, 1220192, 2101280, 81504
malloc, 64, 26871.000000, 1220672, 2101280, 81536
malloc, 64, 26850.000000, 1221152, 2101280, 81536
malloc, 64, 27036.000000, 1221632, 2101280, 81632
malloc, 64, 26917.000000, 1222112, 2101280, 81632
malloc, 64, 26888.000000, 1222592, 2101280, 81664
malloc, 64, 26955.000000, 1223072, 2101280, 81664
malloc, 64, 26892.000000, 1223552, 2101280, 81728
malloc, 64, 26978.000000, 1224032, 2101280, 81728
malloc, 64, 26944.000000, 1224512, 2101280, 81760
malloc, 64, 26944.000000, 1224992, 2101280, 81760
malloc, 64, 28157.000000, 1225472, 2101280, 81888
malloc, 64, 27142.000000, 1225952, 2101280, 81888
malloc, 64, 27011.000000, 1226432, 2101280, 81920
malloc, 64, 27001.000000, 1226912, 2101280, 81920
malloc, 64, 27068.000000, 1227392, 2101280, 81984
malloc, 64, 27123.000000, 1227872, 2101280, 81984
malloc, 64, 27153.000000, 1228352, 2101280, 82016
malloc, 64, 27009.000000, 1228832, 2101280, 82016
malloc, 64, 27115.000000, 1229312, 2101280, 82112
malloc, 64, 27043.000000, 1229792, 2101280, 82112
malloc, 64, 27109.000000, 1230272, 2101280, 82144
malloc, 64, 27059.000000, 1230752, 2101280, 82144
malloc, 64, 27123.000000, 1231232, 2101280, 82208
malloc, 64, 27132.000000, 1231712, 2101280, 82208
malloc, 64, 27139.000000, 1232192, 2101280, 82240
malloc, 64, 27187.000000, 1232672, 2101280, 82240
malloc, 64, 32269.000000, 1233152, 2101280, 82528
malloc, 64, 29546.000000, 1233632, 2101280, 82528
malloc, 64, 27606.000000, 1234112, 2101280, 82560
malloc, 64, 27256.000000, 1234592, 2101280, 82560
malloc, 64, 27272.000000, 1235072, 2101280, 82624
malloc, 64, 27264.000000, 1235552, 2101280, 82624
malloc, 64, 27307.000000, 1236032, 2101280, 82656
malloc, 64, 27310.000000, 1236512, 2101280, 82656
malloc, 64, 27342.000000, 1236992, 2101280, 82752
malloc, 64, 27326.000000, 1237472, 2101280, 82752
malloc, 64, 27254.000000, 1237952, 2101280, 82784
malloc, 64, 27351.000000, 1238432, 2101280, 82784
malloc, 64, 27406.000000, 1238912, 2101280, 82848
malloc, 64, 27363.000000, 1239392, 2101280, 82848
malloc, 64, 27385.000000, 1239872, 2101280, 82880
malloc, 64, 27363.000000, 1240352, 2101280, 82880
malloc, 64, 29519.000000, 1240832, 2101280, 83008
malloc, 64, 27599.000000, 1241312, 2101280, 83008
malloc, 64, 27414.000000, 1241792, 2101280, 83040
malloc, 64, 27404.000000, 1242272, 2101280, 83040
malloc, 64, 27463.000000, 1242752, 2101280, 83104
malloc, 64, 27458.000000, 1243232, 2101280, 83104
malloc, 64, 27451.000000, 1243712, 2101280, 83136
malloc, 64, 27486.000000, 1244192, 2101280, 83136
malloc, 64, 27429.000000, 1244672, 2101280, 83232
malloc, 64, 27395.000000, 1245152, 2101280, 83232
malloc, 64, 27480.000000, 1245632, 2101280, 83264
malloc, 64, 27488.000000, 1246112, 2101280, 83264
malloc, 64, 27540.000000, 1246592, 2101280, 83328
malloc, 64, 27535.000000, 1247072, 2101280, 83328
malloc, 64, 27513.000000, 1247552, 2101280, 83360
malloc, 64, 27563.000000, 1248032, 2101280, 83360
malloc, 64, 29375.000000, 1248512, 2101280, 83520
malloc, 64, 27787.000000, 1248992, 2101280, 83520
malloc, 64, 27673.000000, 1249472, 2101280, 83552
malloc, 64, 27723.000000, 1249952, 2101280, 83552
malloc, 64, 29533.000000, 1250432, 2101280, 83616
malloc, 64, 27963.000000, 1250912, 2101280, 83616
malloc, 64, 27702.000000, 1251392, 2101280, 83648
malloc, 64, 27649.000000, 1251872, 2101280, 83648
malloc, 64, 27756.000000, 1252352, 2101280, 83744
malloc, 64, 27728.000000, 1252832, 2101280, 83744
malloc, 64, 27765.000000, 1253312, 2101280, 83776
malloc, 64, 27665.000000, 1253792, 2101280, 83776
malloc, 64, 27799.000000, 1254272, 2101280, 83840
malloc, 64, 27682.000000, 1254752, 2101280, 83840
malloc, 64, 27825.000000, 1255232, 2101280, 83872
malloc, 64, 27781.000000, 1255712, 2101280, 83872
malloc, 64, 28845.000000, 1256192, 2101280, 84000
malloc, 64, 27972.000000, 1256672, 2101280, 84000
malloc, 64, 27799.000000, 1257152, 2101280, 84032
malloc, 64, 27878.000000, 1257632, 2101280, 84032
malloc, 64, 27839.000000, 1258112, 2101280, 84096
malloc, 64, 27849.000000, 1258592, 2101280, 84096
malloc, 64, 27901.000000, 1259072, 2101280, 84128
malloc, 64, 27889.000000, 1259552, 2101280, 84128
malloc, 64, 27908.000000, 1260032, 2101280, 84224
malloc, 64, 27878.000000, 1260512, 2101280, 84224
malloc, 64, 27945.000000, 1260992, 2101280, 84256
malloc, 64, 27934.000000, 1261472, 2101280, 84256
malloc, 64, 27951.000000, 1261952, 2101280, 84320
malloc, 64, 27869.000000, 1262432, 2101280, 84320
malloc, 64, 28006.000000, 1262912, 2101280, 84352
malloc, 64, 27916.000000, 1263392, 2101280, 84352
malloc, 64, 30889.000000, 1263872, 2101280, 84544
malloc, 64, 28147.000000, 1264352, 2101280, 84544
malloc, 64, 28104.000000, 1264832, 2101280, 84576
malloc, 64, 28056.000000, 1265312, 2101280, 84576
malloc, 64, 28079.000000, 1265792, 2101280, 84640
malloc, 64, 28034.000000, 1266272, 2101280, 84640
malloc, 64, 28069.000000, 1266752, 2101280, 84672
malloc, 64, 29633.000000, 1267232, 2101280, 84672
malloc, 64, 28286.000000, 1267712, 2101280, 84768
malloc, 64, 28186.000000, 1268192, 2101280, 84768
malloc, 64, 28122.000000, 1268672, 2101280, 84800
malloc, 64, 28133.000000, 1269152, 2101280, 84800
malloc, 64, 28191.000000, 1269632, 2101280, 84864
malloc, 64, 28186.000000, 1270112, 2101280, 84864
malloc, 64, 28156.000000, 1270592, 2101280, 84896
malloc, 64, 28162.000000, 1271072, 2101280, 84896
malloc, 64, 29311.000000, 1271552, 2101280, 85024
malloc, 64, 28288.000000, 1272032, 2101280, 85024
malloc, 64, 28176.000000, 1272512, 2101280, 85056
malloc, 64, 28141.000000, 1272992, 2101280, 85056
malloc, 64, 28199.000000, 1273472, 2101280, 85120
malloc, 64, 28182.000000, 1273952, 2101280, 85120
malloc, 64, 28302.000000, 1274432, 2101280, 85152
malloc, 64, 28154.000000, 1274912, 2101280, 85152
malloc, 64, 28234.000000, 1275392, 2101280, 85248
malloc, 64, 28227.000000, 1275872, 2101280, 85248
malloc, 64, 28281.000000, 1276352, 2101280, 85280
malloc, 64, 28287.000000, 1276832, 2101280, 85280
malloc, 64, 28288.000000, 1277312, 2101280, 85344
malloc, 64, 28291.000000, 1277792, 2101280, 85344
malloc, 64, 28276.000000, 1278272, 2101280, 85376
malloc, 64, 28305.000000, 1278752, 2101280, 85376
malloc, 64, 30208.000000, 1279232, 2101280, 85536
malloc, 64, 28504.000000, 1279712, 2101280, 85536
malloc, 64, 28418.000000, 1280192, 2101280, 85568
malloc, 64, 28337.000000, 1280672, 2101280, 85568
malloc, 64, 28403.000000, 1281152, 2101280, 85632
malloc, 64, 28451.000000, 1281632, 2101280, 85632
malloc, 64, 28439.000000, 1282112, 2101280, 85664
malloc, 64, 28419.000000, 1282592, 2101280, 85664
malloc, 64, 28441.000000, 1283072, 2101280, 85760
malloc, 64, 28462.000000, 1283552, 2101280, 85760
malloc, 64, 30083.000000, 1284032, 2101280, 85792
malloc, 64, 28704.000000, 1284512, 2101280, 85792
malloc, 64, 28494.000000, 1284992, 2101280, 85856
malloc, 64, 28472.000000, 1285472, 2101280, 85856
malloc, 64, 28521.000000, 1285952, 2101280, 85888
malloc, 64, 28478.000000, 1286432, 2101280, 85888
malloc, 64, 29559.000000, 1286912, 2101280, 86016
malloc, 64, 28615.000000, 1287392, 2101280, 86016
malloc, 64, 28543.000000, 1287872, 2101280, 86048
malloc, 64, 28519.000000, 1288352, 2101280, 86048
malloc, 64, 28562.000000, 1288832, 2101280, 86112
malloc, 64, 28577.000000, 1289312, 2101280, 86112
malloc, 64, 28573.000000, 1289792, 2101280, 86144
malloc, 64, 28558.000000, 1290272, 2101280, 86144
malloc, 64, 28561.000000, 1290752, 2101280, 86240
malloc, 64, 28564.000000, 1291232, 2101280, 86240
malloc, 64, 28661.000000, 1291712, 2101280, 86272
malloc, 64, 28594.000000, 1292192, 2101280, 86272
malloc, 64, 28591.000000, 1292672, 2101280, 86336
malloc, 64, 28590.000000, 1293152, 2101280, 86336
malloc, 64, 28665.000000, 1293632, 2101280, 86368
malloc, 64, 28588.000000, 1294112, 2101280, 86368
malloc, 64, 31889.000000, 1294592, 2101280, 86592
malloc, 64, 28778.000000, 1295072, 2101280, 86592
malloc, 64, 28726.000000, 1295552, 2101280, 86624
malloc, 64, 28676.000000, 1296032, 2101280, 86624
malloc, 64, 28695.000000, 1296512, 2101280, 86688
malloc, 64, 29316.000000, 1296992, 2101280, 86688
malloc, 64, 28938.000000, 1297472, 2101280, 86720
malloc, 64, 28792.000000, 1297952, 2101280, 86720
malloc, 64, 28948.000000, 1298432, 2101280, 86816
malloc, 64, 28812.000000, 1298912, 2101280, 86816
malloc, 64, 28782.000000, 1299392, 2101280, 86848
malloc, 64, 28797.000000, 1299872, 2101280, 86848
malloc, 64, 30829.000000, 1300352, 2101280, 86912
malloc, 64, 28925.000000, 1300832, 2101280, 86912
malloc, 64, 28855.000000, 1301312, 2101280, 86944
malloc, 64, 28845.000000, 1301792, 2101280, 86944
malloc, 64, 30069.000000, 1302272, 2101280, 87072
malloc, 64, 29016.000000, 1302752, 2101280, 87072
malloc, 64, 28914.000000, 1303232, 2101280, 87104
malloc, 64, 28926.000000, 1303712, 2101280, 87104
malloc, 64, 28961.000000, 1304192, 2101280, 87168
malloc, 64, 28851.000000, 1304672, 2101280, 87168
malloc, 64, 28957.000000, 1305152, 2101280, 87200
malloc, 64, 28936.000000, 1305632, 2101280, 87200
malloc, 64, 28960.000000, 1306112, 2101280, 87296
malloc, 64, 28912.000000, 1306592, 2101280, 87296
malloc, 64, 28974.000000, 1307072, 2101280, 87328
malloc, 64, 28972.000000, 1307552, 2101280, 87328
malloc, 64, 28996.000000, 1308032, 2101280, 87392
malloc, 64, 28982.000000, 1308512, 2101280, 87392
malloc, 64, 29002.000000, 1308992, 2101280, 87424
malloc, 64, 28968.000000, 1309472, 2101280, 87424
malloc, 64, 30755.000000, 1309952, 2101280, 87584
malloc, 64, 29153.000000, 1310432, 2101280, 87584
malloc, 64, 29067.000000, 1310912, 2101280, 87616
malloc, 64, 29068.000000, 1311392, 2101280, 87616
malloc, 64, 29108.000000, 1311872, 2101280, 87680
malloc, 64, 29056.000000, 1312352, 2101280, 87680
malloc, 64, 29111.000000, 1312832, 2101280, 87712
malloc, 64, 29115.000000, 1313312, 2101280, 87712
malloc, 64, 29095.000000, 1313792, 2101280, 87808
malloc, 64, 29183.000000, 1314272, 2101280, 87808
malloc, 64, 29192.000000, 1314752, 2101280, 87840
malloc, 64, 29144.000000, 1315232, 2101280, 87840
malloc, 64, 29201.000000, 1315712, 2101280, 87904
malloc, 64, 30677.000000, 1316192, 2101280, 87904
malloc, 64, 29546.000000, 1316672, 2101280, 87936
malloc, 64, 29235.000000, 1317152, 2101280, 87936
malloc, 64, 30269.000000, 1317632, 2101280, 88064
malloc, 64, 29396.000000, 1318112, 2101280, 88064
malloc, 64, 29335.000000, 1318592, 2101280, 88096
malloc, 64, 29261.000000, 1319072, 2101280, 88096
malloc, 64, 29318.000000, 1319552, 2101280, 88160
malloc, 64, 29292.000000, 1320032, 2101280, 88160
malloc, 64, 29296.000000, 1320512, 2101280, 88192
malloc, 64, 29265.000000, 1320992, 2101280, 88192
malloc, 64, 29228.000000, 1321472, 2101280, 88288
malloc, 64, 29325.000000, 1321952, 2101280, 88288
malloc, 64, 29322.000000, 1322432, 2101280, 88320
malloc, 64, 29370.000000, 1322912, 2101280, 88320
malloc, 64, 29311.000000, 1323392, 2101280, 88384
malloc, 64, 29365.000000, 1323872, 2101280, 88384
malloc, 64, 29313.000000, 1324352, 2101280, 88416
malloc, 64, 29364.000000, 1324832, 2101280, 88416
malloc, 64, 31937.000000, 1325312, 2101280, 88608
malloc, 64, 29626.000000, 1325792, 2101280, 88608
malloc, 64, 29546.000000, 1326272, 2101280, 88640
malloc, 64, 29466.000000, 1326752, 2101280, 88640
malloc, 64, 29468.000000, 1327232, 2101280, 88704
malloc, 64, 29419.000000, 1327712, 2101280, 88704
malloc, 64, 29461.000000, 1328192, 2101280, 88736
malloc, 64, 29454.000000, 1328672, 2101280, 88736
malloc, 64, 29470.000000, 1329152, 2101280, 88832
malloc, 64, 29454.000000, 1329632, 2101280, 88832
malloc, 64, 29492.000000, 1330112, 2101280, 88864
malloc, 64, 29544.000000, 1330592, 2101280, 88864
malloc, 64, 29548.000000, 1331072, 2101280, 88928
malloc, 64, 29543.000000, 1331552, 2101280, 88928
malloc, 64, 29554.000000, 1332032, 2101280, 88960
malloc, 64, 31404.000000, 1332512, 2101280, 88960
malloc, 64, 30642.000000, 1332992, 2101280, 89088
malloc, 64, 29659.000000, 1333472, 2101280, 89088
malloc, 64, 29550.000000, 1333952, 2101280, 89120
malloc, 64, 29581.000000, 1334432, 2101280, 89120
malloc, 64, 29623.000000, 1334912, 2101280, 89184
malloc, 64, 29590.000000, 1335392, 2101280, 89184
malloc, 64, 29702.000000, 1335872, 2101280, 89216
malloc, 64, 29629.000000, 1336352, 2101280, 89216
malloc, 64, 29595.000000, 1336832, 2101280, 89312
malloc, 64, 29639.000000, 1337312, 2101280, 89312
malloc, 64, 29653.000000, 1337792, 2101280, 89344
malloc, 64, 29649.000000, 1338272, 2101280, 89344
malloc, 64, 29710.000000, 1338752, 2101280, 89408
malloc, 64, 29665.000000, 1339232, 2101280, 89408
malloc, 64, 29672.000000, 1339712, 2101280, 89440
malloc, 64, 29686.000000, 1340192, 2101280, 89440
malloc, 64, 31499.000000, 1340672, 2101280, 89600
malloc, 64, 29807.000000, 1341152, 2101280, 89600
malloc, 64, 29747.000000, 1341632, 2101280, 89632
malloc, 64, 29724.000000, 1342112, 2101280, 89632
malloc, 64, 29769.000000, 1342592, 2101280, 89696
malloc, 64, 29786.000000, 1343072, 2101280, 89696
malloc, 64, 29794.000000, 1343552, 2101280, 89728
malloc, 64, 29815.000000, 1344032, 2101280, 89728
malloc, 64, 29798.000000, 1344512, 2101280, 89824
malloc, 64, 29794.000000, 1344992, 2101280, 89824
malloc, 64, 29829.000000, 1345472, 2101280, 89856
malloc, 64, 29842.000000, 1345952, 2101280, 89856
malloc, 64, 29882.000000, 1346432, 2101280, 89920
malloc, 64, 29868.000000, 1346912, 2101280, 89920
malloc, 64, 29887.000000, 1347392, 2101280, 89952
malloc, 64, 29885.000000, 1347872, 2101280, 89952
malloc, 64, 31263.000000, 1348352, 2101280, 90080
malloc, 64, 30366.000000, 1348832, 2101280, 90080
malloc, 64, 29945.000000, 1349312, 2101280, 90112
malloc, 64, 29884.000000, 1349792, 2101280, 90112
malloc, 64, 29981.000000, 1350272, 2101280, 90176
malloc, 64, 29930.000000, 1350752, 2101280, 90176
malloc, 64, 29972.000000, 1351232, 2101280, 90208
malloc, 64, 29941.000000, 1351712, 2101280, 90208
malloc, 64, 29993.000000, 1352192, 2101280, 90304
malloc, 64, 29953.000000, 1352672, 2101280, 90304
malloc, 64, 29964.000000, 1353152, 2101280, 90336
malloc, 64, 30022.000000, 1353632, 2101280, 90336
malloc, 64, 30037.000000, 1354112, 2101280, 90400
malloc, 64, 29993.000000, 1354592, 2101280, 90400
malloc, 64, 30040.000000, 1355072, 2101280, 90432
malloc, 64, 30039.000000, 1355552, 2101280, 90432
malloc, 64, 35206.000000, 1356032, 2101280, 90688
malloc, 64, 30353.000000, 1356512, 2101280, 90688
malloc, 64, 30201.000000, 1356992, 2101280, 90720
malloc, 64, 30213.000000, 1357472, 2101280, 90720
malloc, 64, 30198.000000, 1357952, 2101280, 90784
malloc, 64, 30167.000000, 1358432, 2101280, 90784
malloc, 64, 30241.000000, 1358912, 2101280, 90816
malloc, 64, 30177.000000, 1359392, 2101280, 90816
malloc, 64, 30263.000000, 1359872, 2101280, 90912
malloc, 64, 30220.000000, 1360352, 2101280, 90912
malloc, 64, 30210.000000, 1360832, 2101280, 90944
malloc, 64, 30250.000000, 1361312, 2101280, 90944
malloc, 64, 30217.000000, 1361792, 2101280, 91008
malloc, 64, 30231.000000, 1362272, 2101280, 91008
malloc, 64, 30227.000000, 1362752, 2101280, 91040
malloc, 64, 30277.000000, 1363232, 2101280, 91040
malloc, 64, 32991.000000, 1363712, 2101280, 91168
malloc, 64, 30738.000000, 1364192, 2101280, 91168
malloc, 64, 30381.000000, 1364672, 2101280, 91200
malloc, 64, 31225.000000, 1365152, 2101280, 91200
malloc, 64, 30403.000000, 1365632, 2101280, 91264
malloc, 64, 30365.000000, 1366112, 2101280, 91264
malloc, 64, 30411.000000, 1366592, 2101280, 91296
malloc, 64, 30378.000000, 1367072, 2101280, 91296
malloc, 64, 30398.000000, 1367552, 2101280, 91392
malloc, 64, 30386.000000, 1368032, 2101280, 91392
malloc, 64, 30429.000000, 1368512, 2101280, 91424
malloc, 64, 30449.000000, 1368992, 2101280, 91424
malloc, 64, 30452.000000, 1369472, 2101280, 91488
malloc, 64, 30489.000000, 1369952, 2101280, 91488
malloc, 64, 30479.000000, 1370432, 2101280, 91520
malloc, 64, 30463.000000, 1370912, 2101280, 91520
malloc, 64, 32261.000000, 1371392, 2101280, 91680
malloc, 64, 30624.000000, 1371872, 2101280, 91680
malloc, 64, 30518.000000, 1372352, 2101280, 91712
malloc, 64, 30522.000000, 1372832, 2101280, 91712
malloc, 64, 30559.000000, 1373312, 2101280, 91776
malloc, 64, 30536.000000, 1373792, 2101280, 91776
malloc, 64, 30554.000000, 1374272, 2101280, 91808
malloc, 64, 30566.000000, 1374752, 2101280, 91808
malloc, 64, 30581.000000, 1375232, 2101280, 91904
malloc, 64, 31122.000000, 1375712, 2101280, 91904
malloc, 64, 30727.000000, 1376192, 2101280, 91936
malloc, 64, 30652.000000, 1376672, 2101280, 91936
malloc, 64, 30737.000000, 1377152, 2101280, 92000
malloc, 64, 30604.000000, 1377632, 2101280, 92000
malloc, 64, 30622.000000, 1378112, 2101280, 92032
malloc, 64, 30607.000000, 1378592, 2101280, 92032
malloc, 64, 33707.000000, 1379072, 2101280, 92160
malloc, 64, 31005.000000, 1379552, 2101280, 92160
malloc, 64, 30713.000000, 1380032, 2101280, 92192
malloc, 64, 30603.000000, 1380512, 2101280, 92192
malloc, 64, 30733.000000, 1380992, 2101280, 92256
malloc, 64, 30700.000000, 1381472, 2101280, 92256
malloc, 64, 30695.000000, 1381952, 2101280, 92288
malloc, 64, 30705.000000, 1382432, 2101280, 92288
malloc, 64, 30687.000000, 1382912, 2101280, 92384
malloc, 64, 30744.000000, 1383392, 2101280, 92384
malloc, 64, 30761.000000, 1383872, 2101280, 92416
malloc, 64, 30807.000000, 1384352, 2101280, 92416
malloc, 64, 30767.000000, 1384832, 2101280, 92480
malloc, 64, 30749.000000, 1385312, 2101280, 92480
malloc, 64, 30780.000000, 1385792, 2101280, 92512
malloc, 64, 30767.000000, 1386272, 2101280, 92512
malloc, 64, 33331.000000, 1386752, 2101280, 92704
malloc, 64, 30918.000000, 1387232, 2101280, 92704
malloc, 64, 30843.000000, 1387712, 2101280, 92736
malloc, 64, 30779.000000, 1388192, 2101280, 92736
malloc, 64, 30845.000000, 1388672, 2101280, 92800
malloc, 64, 30833.000000, 1389152, 2101280, 92800
malloc, 64, 30901.000000, 1389632, 2101280, 92832
malloc, 64, 30883.000000, 1390112, 2101280, 92832
malloc, 64, 30906.000000, 1390592, 2101280, 92928
malloc, 64, 30933.000000, 1391072, 2101280, 92928
malloc, 64, 30877.000000, 1391552, 2101280, 92960
malloc, 64, 30933.000000, 1392032, 2101280, 92960
malloc, 64, 30930.000000, 1392512, 2101280, 93024
malloc, 64, 30915.000000, 1392992, 2101280, 93024
malloc, 64, 30971.000000, 1393472, 2101280, 93056
malloc, 64, 30950.000000, 1393952, 2101280, 93056
malloc, 64, 33785.000000, 1394432, 2101280, 93184
malloc, 64, 31223.000000, 1394912, 2101280, 93184
malloc, 64, 31086.000000, 1395392, 2101280, 93216
malloc, 64, 31019.000000, 1395872, 2101280, 93216
malloc, 64, 31088.000000, 1396352, 2101280, 93280
malloc, 64, 31081.000000, 1396832, 2101280, 93280
malloc, 64, 31112.000000, 1397312, 2101280, 93312
malloc, 64, 31095.000000, 1397792, 2101280, 93312
malloc, 64, 31139.000000, 1398272, 2101280, 93408
malloc, 64, 31083.000000, 1398752, 2101280, 93408
malloc, 64, 31102.000000, 1399232, 2101280, 93440
malloc, 64, 31105.000000, 1399712, 2101280, 93440
malloc, 64, 31077.000000, 1400192, 2101280, 93504
malloc, 64, 31210.000000, 1400672, 2101280, 93504
malloc, 64, 31204.000000, 1401152, 2101280, 93536
malloc, 64, 31179.000000, 1401632, 2101280, 93536
malloc, 64, 33114.000000, 1402112, 2101280, 93696
malloc, 64, 31326.000000, 1402592, 2101280, 93696
malloc, 64, 31196.000000, 1403072, 2101280, 93728
malloc, 64, 31199.000000, 1403552, 2101280, 93728
malloc, 64, 31179.000000, 1404032, 2101280, 93792
malloc, 64, 31167.000000, 1404512, 2101280, 93792
malloc, 64, 31250.000000, 1404992, 2101280, 93824
malloc, 64, 31218.000000, 1405472, 2101280, 93824
malloc, 64, 31227.000000, 1405952, 2101280, 93920
malloc, 64, 31238.000000, 1406432, 2101280, 93920
malloc, 64, 31286.000000, 1406912, 2101280, 93952
malloc, 64, 31219.000000, 1407392, 2101280, 93952
malloc, 64, 31278.000000, 1407872, 2101280, 94016
malloc, 64, 31267.000000, 1408352, 2101280, 94016
malloc, 64, 31330.000000, 1408832, 2101280, 94048
malloc, 64, 33070.000000, 1409312, 2101280, 94048
malloc, 64, 33560.000000, 1409792, 2101280, 94176
malloc, 64, 31521.000000, 1410272, 2101280, 94176
malloc, 64, 31441.000000, 1410752, 2101280, 94208
malloc, 64, 31395.000000, 1411232, 2101280, 94208
malloc, 64, 31387.000000, 1411712, 2101280, 94272
malloc, 64, 31425.000000, 1412192, 2101280, 94272
malloc, 64, 31424.000000, 1412672, 2101280, 94304
malloc, 64, 31376.000000, 1413152, 2101280, 94304
malloc, 64, 31399.000000, 1413632, 2101280, 94400
malloc, 64, 31491.000000, 1414112, 2101280, 94400
malloc, 64, 31476.000000, 1414592, 2101280, 94432
malloc, 64, 31455.000000, 1415072, 2101280, 94432
malloc, 64, 31489.000000, 1415552, 2101280, 94496
malloc, 64, 31462.000000, 1416032, 2101280, 94496
malloc, 64, 31481.000000, 1416512, 2101280, 94528
malloc, 64, 31481.000000, 1416992, 2101280, 94528
malloc, 64, 34798.000000, 1417472, 2101280, 94752
malloc, 64, 31719.000000, 1417952, 2101280, 94752
malloc, 64, 31580.000000, 1418432, 2101280, 94784
malloc, 64, 31555.000000, 1418912, 2101280, 94784
malloc, 64, 31605.000000, 1419392, 2101280, 94848
malloc, 64, 31574.000000, 1419872, 2101280, 94848
malloc, 64, 31633.000000, 1420352, 2101280, 94880
malloc, 64, 31544.000000, 1420832, 2101280, 94880
malloc, 64, 31648.000000, 1421312, 2101280, 94976
malloc, 64, 31634.000000, 1421792, 2101280, 94976
malloc, 64, 31644.000000, 1422272, 2101280, 95008
malloc, 64, 31627.000000, 1422752, 2101280, 95008
malloc, 64, 31620.000000, 1423232, 2101280, 95072
malloc, 64, 31641.000000, 1423712, 2101280, 95072
malloc, 64, 33457.000000, 1424192, 2101280, 95104
malloc, 64, 31898.000000, 1424672, 2101280, 95104
malloc, 64, 32821.000000, 1425152, 2101280, 95232
malloc, 64, 31831.000000, 1425632, 2101280, 95232
malloc, 64, 31747.000000, 1426112, 2101280, 95264
malloc, 64, 31725.000000, 1426592, 2101280, 95264
malloc, 64, 31748.000000, 1427072, 2101280, 95328
malloc, 64, 31785.000000, 1427552, 2101280, 95328
malloc, 64, 31777.000000, 1428032, 2101280, 95360
malloc, 64, 31781.000000, 1428512, 2101280, 95360
malloc, 64, 31791.000000, 1428992, 2101280, 95456
malloc, 64, 31782.000000, 1429472, 2101280, 95456
malloc, 64, 31816.000000, 1429952, 2101280, 95488
malloc, 64, 31810.000000, 1430432, 2101280, 95488
malloc, 64, 31839.000000, 1430912, 2101280, 95552
malloc, 64, 31868.000000, 1431392, 2101280, 95552
malloc, 64, 31882.000000, 1431872, 2101280, 95584
malloc, 64, 31801.000000, 1432352, 2101280, 95584
malloc, 64, 33613.000000, 1432832, 2101280, 95744
malloc, 64, 32082.000000, 1433312, 2101280, 95744
malloc, 64, 31946.000000, 1433792, 2101280, 95776
malloc, 64, 31928.000000, 1434272, 2101280, 95776
malloc, 64, 31912.000000, 1434752, 2101280, 95840
malloc, 64, 31935.000000, 1435232, 2101280, 95840
malloc, 64, 31922.000000, 1435712, 2101280, 95872
malloc, 64, 31996.000000, 1436192, 2101280, 95872
malloc, 64, 31975.000000, 1436672, 2101280, 95968
malloc, 64, 32024.000000, 1437152, 2101280, 95968
malloc, 64, 32015.000000, 1437632, 2101280, 96000
malloc, 64, 31995.000000, 1438112, 2101280, 96000
malloc, 64, 32087.000000, 1438592, 2101280, 96064
malloc, 64, 33559.000000, 1439072, 2101280, 96064
malloc, 64, 32242.000000, 1439552, 2101280, 96096
malloc, 64, 32074.000000, 1440032, 2101280, 96096
malloc, 64, 33217.000000, 1440512, 2101280, 96224
malloc, 64, 32157.000000, 1440992, 2101280, 96224
malloc, 64, 32146.000000, 1441472, 2101280, 96256
malloc, 64, 32080.000000, 1441952, 2101280, 96256
malloc, 64, 32132.000000, 1442432, 2101280, 96320
malloc, 64, 32070.000000, 1442912, 2101280, 96320
malloc, 64, 32101.000000, 1443392, 2101280, 96352
malloc, 64, 32118.000000, 1443872, 2101280, 96352
malloc, 64, 32191.000000, 1444352, 2101280, 96448
malloc, 64, 32170.000000, 1444832, 2101280, 96448
malloc, 64, 32177.000000, 1445312, 2101280, 96480
malloc, 64, 32138.000000, 1445792, 2101280, 96480
malloc, 64, 32103.000000, 1446272, 2101280, 96544
malloc, 64, 32183.000000, 1446752, 2101280, 96544
malloc, 64, 32221.000000, 1447232, 2101280, 96576
malloc, 64, 32238.000000, 1447712, 2101280, 96576
malloc, 64, 34780.000000, 1448192, 2101280, 96768
malloc, 64, 32363.000000, 1448672, 2101280, 96768
malloc, 64, 32294.000000, 1449152, 2101280, 96800
malloc, 64, 32284.000000, 1449632, 2101280, 96800
malloc, 64, 32297.000000, 1450112, 2101280, 96864
malloc, 64, 32318.000000, 1450592, 2101280, 96864
malloc, 64, 32290.000000, 1451072, 2101280, 96896
malloc, 64, 32294.000000, 1451552, 2101280, 96896
malloc, 64, 32309.000000, 1452032, 2101280, 96992
malloc, 64, 32313.000000, 1452512, 2101280, 96992
malloc, 64, 32340.000000, 1452992, 2101280, 97024
malloc, 64, 33918.000000, 1453472, 2101280, 97024
malloc, 64, 32578.000000, 1453952, 2101280, 97088
malloc, 64, 32968.000000, 1454432, 2101280, 97088
malloc, 64, 32532.000000, 1454912, 2101280, 97120
malloc, 64, 32398.000000, 1455392, 2101280, 97120
malloc, 64, 33662.000000, 1455872, 2101280, 97248
malloc, 64, 32601.000000, 1456352, 2101280, 97248
malloc, 64, 32456.000000, 1456832, 2101280, 97280
malloc, 64, 32445.000000, 1457312, 2101280, 97280
malloc, 64, 32478.000000, 1457792, 2101280, 97344
malloc, 64, 32436.000000, 1458272, 2101280, 97344
malloc, 64, 32489.000000, 1458752, 2101280, 97376
malloc, 64, 32442.000000, 1459232, 2101280, 97376
malloc, 64, 32471.000000, 1459712, 2101280, 97472
malloc, 64, 32431.000000, 1460192, 2101280, 97472
malloc, 64, 32520.000000, 1460672, 2101280, 97504
malloc, 64, 32496.000000, 1461152, 2101280, 97504
malloc, 64, 32493.000000, 1461632, 2101280, 97568
malloc, 64, 32504.000000, 1462112, 2101280, 97568
malloc, 64, 32601.000000, 1462592, 2101280, 97600
malloc, 64, 32543.000000, 1463072, 2101280, 97600
malloc, 64, 35357.000000, 1463552, 2101280, 97760
malloc, 64, 32733.000000, 1464032, 2101280, 97760
malloc, 64, 32610.000000, 1464512, 2101280, 97792
malloc, 64, 32588.000000, 1464992, 2101280, 97792
malloc, 64, 32651.000000, 1465472, 2101280, 97856
malloc, 64, 32631.000000, 1465952, 2101280, 97856
malloc, 64, 32685.000000, 1466432, 2101280, 97888
malloc, 64, 32666.000000, 1466912, 2101280, 97888
malloc, 64, 32636.000000, 1467392, 2101280, 97984
malloc, 64, 34497.000000, 1467872, 2101280, 97984
malloc, 64, 32925.000000, 1468352, 2101280, 98016
malloc, 64, 32699.000000, 1468832, 2101280, 98016
malloc, 64, 32779.000000, 1469312, 2101280, 98080
malloc, 64, 32723.000000, 1469792, 2101280, 98080
malloc, 64, 32757.000000, 1470272, 2101280, 98112
malloc, 64, 32775.000000, 1470752, 2101280, 98112
malloc, 64, 33878.000000, 1471232, 2101280, 98240
malloc, 64, 32879.000000, 1471712, 2101280, 98240
malloc, 64, 32798.000000, 1472192, 2101280, 98272
malloc, 64, 32810.000000, 1472672, 2101280, 98272
malloc, 64, 32854.000000, 1473152, 2101280, 98336
malloc, 64, 32862.000000, 1473632, 2101280, 98336
malloc, 64, 32845.000000, 1474112, 2101280, 98368
malloc, 64, 32828.000000, 1474592, 2101280, 98368
malloc, 64, 32862.000000, 1475072, 2101280, 98464
malloc, 64, 32798.000000, 1475552, 2101280, 98464
malloc, 64, 32867.000000, 1476032, 2101280, 98496
malloc, 64, 32827.000000, 1476512, 2101280, 98496
malloc, 64, 32861.000000, 1476992, 2101280, 98560
malloc, 64, 32843.000000, 1477472, 2101280, 98560
malloc, 64, 32885.000000, 1477952, 2101280, 98592
malloc, 64, 32912.000000, 1478432, 2101280, 98592
malloc, 64, 38514.000000, 1478912, 2101280, 98912
malloc, 64, 33225.000000, 1479392, 2101280, 98912
malloc, 64, 33026.000000, 1479872, 2101280, 98944
malloc, 64, 33090.000000, 1480352, 2101280, 98944
malloc, 64, 33134.000000, 1480832, 2101280, 99008
malloc, 64, 33130.000000, 1481312, 2101280, 99008
malloc, 64, 33079.000000, 1481792, 2101280, 99040
malloc, 64, 34735.000000, 1482272, 2101280, 99040
malloc, 64, 33231.000000, 1482752, 2101280, 99136
malloc, 64, 33070.000000, 1483232, 2101280, 99136
malloc, 64, 33124.000000, 1483712, 2101280, 99168
malloc, 64, 33210.000000, 1484192, 2101280, 99168
malloc, 64, 33169.000000, 1484672, 2101280, 99232
malloc, 64, 33128.000000, 1485152, 2101280, 99232
malloc, 64, 33147.000000, 1485632, 2101280, 99264
malloc, 64, 33161.000000, 1486112, 2101280, 99264
malloc, 64, 34216.000000, 1486592, 2101280, 99392
malloc, 64, 33296.000000, 1487072, 2101280, 99392
malloc, 64, 33173.000000, 1487552, 2101280, 99424
malloc, 64, 33181.000000, 1488032, 2101280, 99424
malloc, 64, 33241.000000, 1488512, 2101280, 99488
malloc, 64, 33210.000000, 1488992, 2101280, 99488
malloc, 64, 33275.000000, 1489472, 2101280, 99520
malloc, 64, 33240.000000, 1489952, 2101280, 99520
malloc, 64, 33285.000000, 1490432, 2101280, 99616
malloc, 64, 33256.000000, 1490912, 2101280, 99616
malloc, 64, 33306.000000, 1491392, 2101280, 99648
malloc, 64, 33276.000000, 1491872, 2101280, 99648
malloc, 64, 33317.000000, 1492352, 2101280, 99712
malloc, 64, 33267.000000, 1492832, 2101280, 99712
malloc, 64, 33343.000000, 1493312, 2101280, 99744
malloc, 64, 33274.000000, 1493792, 2101280, 99744
malloc, 64, 35263.000000, 1494272, 2101280, 99904
malloc, 64, 33490.000000, 1494752, 2101280, 99904
malloc, 64, 33415.000000, 1495232, 2101280, 99936
malloc, 64, 33327.000000, 1495712, 2101280, 99936
malloc, 64, 35014.000000, 1496192, 2101280, 100000
malloc, 64, 33706.000000, 1496672, 2101280, 100000
malloc, 64, 33451.000000, 1497152, 2101280, 100032
malloc, 64, 33395.000000, 1497632, 2101280, 100032
malloc, 64, 33401.000000, 1498112, 2101280, 100128
malloc, 64, 33422.000000, 1498592, 2101280, 100128
malloc, 64, 33455.000000, 1499072, 2101280, 100160
malloc, 64, 33458.000000, 1499552, 2101280, 100160
malloc, 64, 33435.000000, 1500032, 2101280, 100224
malloc, 64, 33413.000000, 1500512, 2101280, 100224
malloc, 64, 33423.000000, 1500992, 2101280, 100256
malloc, 64, 33436.000000, 1501472, 2101280, 100256
malloc, 64, 34655.000000, 1501952, 2101280, 100384
malloc, 64, 33644.000000, 1502432, 2101280, 100384
malloc, 64, 33507.000000, 1502912, 2101280, 100416
malloc, 64, 33504.000000, 1503392, 2101280, 100416
malloc, 64, 33544.000000, 1503872, 2101280, 100480
malloc, 64, 33490.000000, 1504352, 2101280, 100480
malloc, 64, 33613.000000, 1504832, 2101280, 100512
malloc, 64, 33551.000000, 1505312, 2101280, 100512
malloc, 64, 33611.000000, 1505792, 2101280, 100608
malloc, 64, 33541.000000, 1506272, 2101280, 100608
malloc, 64, 33580.000000, 1506752, 2101280, 100640
malloc, 64, 33643.000000, 1507232, 2101280, 100640
malloc, 64, 33600.000000, 1507712, 2101280, 100704
malloc, 64, 33636.000000, 1508192, 2101280, 100704
malloc, 64, 33564.000000, 1508672, 2101280, 100736
malloc, 64, 33646.000000, 1509152, 2101280, 100736
malloc, 64, 37062.000000, 1509632, 2101280, 100928
malloc, 64, 36465.000000, 1510112, 2101280, 100928
malloc, 64, 34094.000000, 1510592, 2101280, 100960
malloc, 64, 33745.000000, 1511072, 2101280, 100960
malloc, 64, 33726.000000, 1511552, 2101280, 101024
malloc, 64, 33691.000000, 1512032, 2101280, 101024
malloc, 64, 33832.000000, 1512512, 2101280, 101056
malloc, 64, 33757.000000, 1512992, 2101280, 101056
malloc, 64, 33805.000000, 1513472, 2101280, 101152
malloc, 64, 33748.000000, 1513952, 2101280, 101152
malloc, 64, 33807.000000, 1514432, 2101280, 101184
malloc, 64, 33774.000000, 1514912, 2101280, 101184
malloc, 64, 33822.000000, 1515392, 2101280, 101248
malloc, 64, 33751.000000, 1515872, 2101280, 101248
malloc, 64, 33862.000000, 1516352, 2101280, 101280
malloc, 64, 33832.000000, 1516832, 2101280, 101280
malloc, 64, 35037.000000, 1517312, 2101280, 101408
malloc, 64, 34020.000000, 1517792, 2101280, 101408
malloc, 64, 33911.000000, 1518272, 2101280, 101440
malloc, 64, 33932.000000, 1518752, 2101280, 101440
malloc, 64, 33949.000000, 1519232, 2101280, 101504
malloc, 64, 33913.000000, 1519712, 2101280, 101504
malloc, 64, 33931.000000, 1520192, 2101280, 101536
malloc, 64, 33970.000000, 1520672, 2101280, 101536
malloc, 64, 33926.000000, 1521152, 2101280, 101632
malloc, 64, 33980.000000, 1521632, 2101280, 101632
malloc, 64, 33976.000000, 1522112, 2101280, 101664
malloc, 64, 33995.000000, 1522592, 2101280, 101664
malloc, 64, 34032.000000, 1523072, 2101280, 101728
malloc, 64, 33970.000000, 1523552, 2101280, 101728
malloc, 64, 35542.000000, 1524032, 2101280, 101760
malloc, 64, 34301.000000, 1524512, 2101280, 101760
malloc, 64, 35880.000000, 1524992, 2101280, 101920
malloc, 64, 34178.000000, 1525472, 2101280, 101920
malloc, 64, 34126.000000, 1525952, 2101280, 101952
malloc, 64, 34100.000000, 1526432, 2101280, 101952
malloc, 64, 34116.000000, 1526912, 2101280, 102016
malloc, 64, 34142.000000, 1527392, 2101280, 102016
malloc, 64, 34108.000000, 1527872, 2101280, 102048
malloc, 64, 34128.000000, 1528352, 2101280, 102048
malloc, 64, 34070.000000, 1528832, 2101280, 102144
malloc, 64, 34123.000000, 1529312, 2101280, 102144
malloc, 64, 34161.000000, 1529792, 2101280, 102176
malloc, 64, 34181.000000, 1530272, 2101280, 102176
malloc, 64, 34187.000000, 1530752, 2101280, 102240
malloc, 64, 34147.000000, 1531232, 2101280, 102240
malloc, 64, 34172.000000, 1531712, 2101280, 102272
malloc, 64, 34732.000000, 1532192, 2101280, 102272
malloc, 64, 35384.000000, 1532672, 2101280, 102400
malloc, 64, 34380.000000, 1533152, 2101280, 102400
malloc, 64, 34344.000000, 1533632, 2101280, 102432
malloc, 64, 34216.000000, 1534112, 2101280, 102432
malloc, 64, 34295.000000, 1534592, 2101280, 102496
malloc, 64, 34274.000000, 1535072, 2101280, 102496
malloc, 64, 34330.000000, 1535552, 2101280, 102528
malloc, 64, 34286.000000, 1536032, 2101280, 102528
malloc, 64, 34296.000000, 1536512, 2101280, 102624
malloc, 64, 34273.000000, 1536992, 2101280, 102624
malloc, 64, 34314.000000, 1537472, 2101280, 102656
malloc, 64, 36208.000000, 1537952, 2101280, 102656
malloc, 64, 34570.000000, 1538432, 2101280, 102720
malloc, 64, 34372.000000, 1538912, 2101280, 102720
malloc, 64, 34353.000000, 1539392, 2101280, 102752
malloc, 64, 34352.000000, 1539872, 2101280, 102752
malloc, 64, 37764.000000, 1540352, 2101280, 102976
malloc, 64, 34588.000000, 1540832, 2101280, 102976
malloc, 64, 34462.000000, 1541312, 2101280, 103008
malloc, 64, 34482.000000, 1541792, 2101280, 103008
malloc, 64, 34467.000000, 1542272, 2101280, 103072
malloc, 64, 34465.000000, 1542752, 2101280, 103072
malloc, 64, 34434.000000, 1543232, 2101280, 103104
malloc, 64, 34480.000000, 1543712, 2101280, 103104
malloc, 64, 34472.000000, 1544192, 2101280, 103200
malloc, 64, 34504.000000, 1544672, 2101280, 103200
malloc, 64, 34461.000000, 1545152, 2101280, 103232
malloc, 64, 34482.000000, 1545632, 2101280, 103232
malloc, 64, 34645.000000, 1546112, 2101280, 103296
malloc, 64, 34509.000000, 1546592, 2101280, 103296
malloc, 64, 34519.000000, 1547072, 2101280, 103328
malloc, 64, 34505.000000, 1547552, 2101280, 103328
malloc, 64, 35605.000000, 1548032, 2101280, 103456
malloc, 64, 34593.000000, 1548512, 2101280, 103456
malloc, 64, 34603.000000, 1548992, 2101280, 103488
malloc, 64, 34530.000000, 1549472, 2101280, 103488
malloc, 64, 34555.000000, 1549952, 2101280, 103552
malloc, 64, 34584.000000, 1550432, 2101280, 103552
malloc, 64, 34661.000000, 1550912, 2101280, 103584
malloc, 64, 36067.000000, 1551392, 2101280, 103584
malloc, 64, 34900.000000, 1551872, 2101280, 103680
malloc, 64, 34692.000000, 1552352, 2101280, 103680
malloc, 64, 34645.000000, 1552832, 2101280, 103712
malloc, 64, 34692.000000, 1553312, 2101280, 103712
malloc, 64, 34716.000000, 1553792, 2101280, 103776
malloc, 64, 34756.000000, 1554272, 2101280, 103776
malloc, 64, 34772.000000, 1554752, 2101280, 103808
malloc, 64, 34731.000000, 1555232, 2101280, 103808
malloc, 64, 36578.000000, 1555712, 2101280, 103968
malloc, 64, 34888.000000, 1556192, 2101280, 103968
malloc, 64, 34811.000000, 1556672, 2101280, 104000
malloc, 64, 34702.000000, 1557152, 2101280, 104000
malloc, 64, 34821.000000, 1557632, 2101280, 104064
malloc, 64, 34744.000000, 1558112, 2101280, 104064
malloc, 64, 34854.000000, 1558592, 2101280, 104096
malloc, 64, 34799.000000, 1559072, 2101280, 104096
malloc, 64, 34905.000000, 1559552, 2101280, 104192
malloc, 64, 34845.000000, 1560032, 2101280, 104192
malloc, 64, 34897.000000, 1560512, 2101280, 104224
malloc, 64, 34824.000000, 1560992, 2101280, 104224
malloc, 64, 34900.000000, 1561472, 2101280, 104288
malloc, 64, 34903.000000, 1561952, 2101280, 104288
malloc, 64, 34894.000000, 1562432, 2101280, 104320
malloc, 64, 34891.000000, 1562912, 2101280, 104320
malloc, 64, 36906.000000, 1563392, 2101280, 104448
malloc, 64, 35038.000000, 1563872, 2101280, 104448
malloc, 64, 34954.000000, 1564352, 2101280, 104480
malloc, 64, 34901.000000, 1564832, 2101280, 104480
malloc, 64, 35211.000000, 1565312, 2101280, 104544
malloc, 64, 35028.000000, 1565792, 2101280, 104544
malloc, 64, 34952.000000, 1566272, 2101280, 104576
malloc, 64, 35020.000000, 1566752, 2101280, 104576
malloc, 64, 34988.000000, 1567232, 2101280, 104672
malloc, 64, 35008.000000, 1567712, 2101280, 104672
malloc, 64, 35041.000000, 1568192, 2101280, 104704
malloc, 64, 34990.000000, 1568672, 2101280, 104704
malloc, 64, 35040.000000, 1569152, 2101280, 104768
malloc, 64, 35049.000000, 1569632, 2101280, 104768
malloc, 64, 35060.000000, 1570112, 2101280, 104800
malloc, 64, 35029.000000, 1570592, 2101280, 104800
malloc, 64, 37654.000000, 1571072, 2101280, 104992
malloc, 64, 35251.000000, 1571552, 2101280, 104992
malloc, 64, 35169.000000, 1572032, 2101280, 105024
malloc, 64, 35114.000000, 1572512, 2101280, 105024
malloc, 64, 35190.000000, 1572992, 2101280, 105088
malloc, 64, 35174.000000, 1573472, 2101280, 105088
malloc, 64, 35146.000000, 1573952, 2101280, 105120
malloc, 64, 35157.000000, 1574432, 2101280, 105120
malloc, 64, 35194.000000, 1574912, 2101280, 105216
malloc, 64, 35156.000000, 1575392, 2101280, 105216
malloc, 64, 35155.000000, 1575872, 2101280, 105248
malloc, 64, 35174.000000, 1576352, 2101280, 105248
malloc, 64, 35209.000000, 1576832, 2101280, 105312
malloc, 64, 35190.000000, 1577312, 2101280, 105312
malloc, 64, 35215.000000, 1577792, 2101280, 105344
malloc, 64, 36668.000000, 1578272, 2101280, 105344
malloc, 64, 36675.000000, 1578752, 2101280, 105472
malloc, 64, 35361.000000, 1579232, 2101280, 105472
malloc, 64, 35244.000000, 1579712, 2101280, 105504
malloc, 64, 35262.000000, 1580192, 2101280, 105504
malloc, 64, 35292.000000, 1580672, 2101280, 105568
malloc, 64, 35279.000000, 1581152, 2101280, 105568
malloc, 64, 35320.000000, 1581632, 2101280, 105600
malloc, 64, 35305.000000, 1582112, 2101280, 105600
malloc, 64, 35338.000000, 1582592, 2101280, 105696
malloc, 64, 35288.000000, 1583072, 2101280, 105696
malloc, 64, 35353.000000, 1583552, 2101280, 105728
malloc, 64, 35371.000000, 1584032, 2101280, 105728
malloc, 64, 35369.000000, 1584512, 2101280, 105792
malloc, 64, 35347.000000, 1584992, 2101280, 105792
malloc, 64, 35396.000000, 1585472, 2101280, 105824
malloc, 64, 35419.000000, 1585952, 2101280, 105824
malloc, 64, 37152.000000, 1586432, 2101280, 105984
malloc, 64, 35548.000000, 1586912, 2101280, 105984
malloc, 64, 35417.000000, 1587392, 2101280, 106016
malloc, 64, 35467.000000, 1587872, 2101280, 106016
malloc, 64, 35454.000000, 1588352, 2101280, 106080
malloc, 64, 35499.000000, 1588832, 2101280, 106080
malloc, 64, 35545.000000, 1589312, 2101280, 106112
malloc, 64, 35576.000000, 1589792, 2101280, 106112
malloc, 64, 35508.000000, 1590272, 2101280, 106208
malloc, 64, 35496.000000, 1590752, 2101280, 106208
malloc, 64, 35493.000000, 1591232, 2101280, 106240
malloc, 64, 37097.000000, 1591712, 2101280, 106240
malloc, 64, 35837.000000, 1592192, 2101280, 106304
malloc, 64, 35665.000000, 1592672, 2101280, 106304
malloc, 64, 35660.000000, 1593152, 2101280, 106336
malloc, 64, 35608.000000, 1593632, 2101280, 106336
malloc, 64, 36728.000000, 1594112, 2101280, 106464
malloc, 64, 35746.000000, 1594592, 2101280, 106464
malloc, 64, 35623.000000, 1595072, 2101280, 106496
malloc, 64, 35588.000000, 1595552, 2101280, 106496
malloc, 64, 35618.000000, 1596032, 2101280, 106560
malloc, 64, 35666.000000, 1596512, 2101280, 106560
malloc, 64, 35742.000000, 1596992, 2101280, 106592
malloc, 64, 35701.000000, 1597472, 2101280, 106592
malloc, 64, 35717.000000, 1597952, 2101280, 106688
malloc, 64, 35658.000000, 1598432, 2101280, 106688
malloc, 64, 35705.000000, 1598912, 2101280, 106720
malloc, 64, 35714.000000, 1599392, 2101280, 106720
malloc, 64, 35764.000000, 1599872, 2101280, 106784
malloc, 64, 35735.000000, 1600352, 2101280, 106784
malloc, 64, 35776.000000, 1600832, 2101280, 106816
malloc, 64, 35732.000000, 1601312, 2101280, 106816
malloc, 64, 39860.000000, 1601792, 2101280, 107072
malloc, 64, 35930.000000, 1602272, 2101280, 107072
malloc, 64, 35835.000000, 1602752, 2101280, 107104
malloc, 64, 35854.000000, 1603232, 2101280, 107104
malloc, 64, 35900.000000, 1603712, 2101280, 107168
malloc, 64, 35841.000000, 1604192, 2101280, 107168
malloc, 64, 35907.000000, 1604672, 2101280, 107200
malloc, 64, 37495.000000, 1605152, 2101280, 107200
malloc, 64, 35954.000000, 1605632, 2101280, 107296
malloc, 64, 35835.000000, 1606112, 2101280, 107296
malloc, 64, 35876.000000, 1606592, 2101280, 107328
malloc, 64, 35912.000000, 1607072, 2101280, 107328
malloc, 64, 35922.000000, 1607552, 2101280, 107392
malloc, 64, 35913.000000, 1608032, 2101280, 107392
malloc, 64, 35878.000000, 1608512, 2101280, 107424
malloc, 64, 35895.000000, 1608992, 2101280, 107424
malloc, 64, 38632.000000, 1609472, 2101280, 107552
malloc, 64, 36174.000000, 1609952, 2101280, 107552
malloc, 64, 36113.000000, 1610432, 2101280, 107584
malloc, 64, 35918.000000, 1610912, 2101280, 107584
malloc, 64, 36018.000000, 1611392, 2101280, 107648
malloc, 64, 35988.000000, 1611872, 2101280, 107648
malloc, 64, 36066.000000, 1612352, 2101280, 107680
malloc, 64, 35974.000000, 1612832, 2101280, 107680
malloc, 64, 36008.000000, 1613312, 2101280, 107776
malloc, 64, 35991.000000, 1613792, 2101280, 107776
malloc, 64, 36021.000000, 1614272, 2101280, 107808
malloc, 64, 36085.000000, 1614752, 2101280, 107808
malloc, 64, 36069.000000, 1615232, 2101280, 107872
malloc, 64, 36085.000000, 1615712, 2101280, 107872
malloc, 64, 36041.000000, 1616192, 2101280, 107904
malloc, 64, 36134.000000, 1616672, 2101280, 107904
malloc, 64, 37979.000000, 1617152, 2101280, 108064
malloc, 64, 36236.000000, 1617632, 2101280, 108064
malloc, 64, 39366.000000, 1618112, 2101280, 108096
malloc, 64, 36367.000000, 1618592, 2101280, 108096
malloc, 64, 36265.000000, 1619072, 2101280, 108160
malloc, 64, 36171.000000, 1619552, 2101280, 108160
malloc, 64, 36214.000000, 1620032, 2101280, 108192
malloc, 64, 36157.000000, 1620512, 2101280, 108192
malloc, 64, 36374.000000, 1620992, 2101280, 108288
malloc, 64, 36224.000000, 1621472, 2101280, 108288
malloc, 64, 36247.000000, 1621952, 2101280, 108320
malloc, 64, 36208.000000, 1622432, 2101280, 108320
malloc, 64, 36287.000000, 1622912, 2101280, 108384
malloc, 64, 36286.000000, 1623392, 2101280, 108384
malloc, 64, 36254.000000, 1623872, 2101280, 108416
malloc, 64, 36325.000000, 1624352, 2101280, 108416
malloc, 64, 37400.000000, 1624832, 2101280, 108544
malloc, 64, 36463.000000, 1625312, 2101280, 108544
malloc, 64, 36290.000000, 1625792, 2101280, 108576
malloc, 64, 36323.000000, 1626272, 2101280, 108576
malloc, 64, 36380.000000, 1626752, 2101280, 108640
malloc, 64, 36373.000000, 1627232, 2101280, 108640
malloc, 64, 36525.000000, 1627712, 2101280, 108672
malloc, 64, 36446.000000, 1628192, 2101280, 108672
malloc, 64, 36469.000000, 1628672, 2101280, 108768
malloc, 64, 36388.000000, 1629152, 2101280, 108768
malloc, 64, 36435.000000, 1629632, 2101280, 108800
malloc, 64, 36399.000000, 1630112, 2101280, 108800
malloc, 64, 36454.000000, 1630592, 2101280, 108864
malloc, 64, 38407.000000, 1631072, 2101280, 108864
malloc, 64, 36591.000000, 1631552, 2101280, 108896
malloc, 64, 36400.000000, 1632032, 2101280, 108896
malloc, 64, 39078.000000, 1632512, 2101280, 109088
malloc, 64, 36655.000000, 1632992, 2101280, 109088
malloc, 64, 36506.000000, 1633472, 2101280, 109120
malloc, 64, 36417.000000, 1633952, 2101280, 109120
malloc, 64, 36557.000000, 1634432, 2101280, 109184
malloc, 64, 36544.000000, 1634912, 2101280, 109184
malloc, 64, 36551.000000, 1635392, 2101280, 109216
malloc, 64, 36540.000000, 1635872, 2101280, 109216
malloc, 64, 36559.000000, 1636352, 2101280, 109312
malloc, 64, 36553.000000, 1636832, 2101280, 109312
malloc, 64, 36530.000000, 1637312, 2101280, 109344
malloc, 64, 36595.000000, 1637792, 2101280, 109344
malloc, 64, 36618.000000, 1638272, 2101280, 109408
malloc, 64, 36578.000000, 1638752, 2101280, 109408
malloc, 64, 36534.000000, 1639232, 2101280, 109440
malloc, 64, 36592.000000, 1639712, 2101280, 109440
malloc, 64, 37629.000000, 1640192, 2101280, 109568
malloc, 64, 36777.000000, 1640672, 2101280, 109568
malloc, 64, 36691.000000, 1641152, 2101280, 109600
malloc, 64, 36632.000000, 1641632, 2101280, 109600
malloc, 64, 36680.000000, 1642112, 2101280, 109664
malloc, 64, 36647.000000, 1642592, 2101280, 109664
malloc, 64, 36682.000000, 1643072, 2101280, 109696
malloc, 64, 36661.000000, 1643552, 2101280, 109696
malloc, 64, 37059.000000, 1644032, 2101280, 109792
malloc, 64, 36783.000000, 1644512, 2101280, 109792
malloc, 64, 36729.000000, 1644992, 2101280, 109824
malloc, 64, 36780.000000, 1645472, 2101280, 109824
malloc, 64, 36791.000000, 1645952, 2101280, 109888
malloc, 64, 36778.000000, 1646432, 2101280, 109888
malloc, 64, 36824.000000, 1646912, 2101280, 109920
malloc, 64, 36795.000000, 1647392, 2101280, 109920
malloc, 64, 38752.000000, 1647872, 2101280, 110080
malloc, 64, 37047.000000, 1648352, 2101280, 110080
malloc, 64, 36866.000000, 1648832, 2101280, 110112
malloc, 64, 36822.000000, 1649312, 2101280, 110112
malloc, 64, 36883.000000, 1649792, 2101280, 110176
malloc, 64, 36887.000000, 1650272, 2101280, 110176
malloc, 64, 36900.000000, 1650752, 2101280, 110208
malloc, 64, 36883.000000, 1651232, 2101280, 110208
malloc, 64, 36907.000000, 1651712, 2101280, 110304
malloc, 64, 36909.000000, 1652192, 2101280, 110304
malloc, 64, 36939.000000, 1652672, 2101280, 110336
malloc, 64, 36897.000000, 1653152, 2101280, 110336
malloc, 64, 37001.000000, 1653632, 2101280, 110400
malloc, 64, 36949.000000, 1654112, 2101280, 110400
malloc, 64, 36967.000000, 1654592, 2101280, 110432
malloc, 64, 36934.000000, 1655072, 2101280, 110432
malloc, 64, 38048.000000, 1655552, 2101280, 110560
malloc, 64, 37101.000000, 1656032, 2101280, 110560
malloc, 64, 38525.000000, 1656512, 2101280, 110592
malloc, 64, 37236.000000, 1656992, 2101280, 110592
malloc, 64, 37070.000000, 1657472, 2101280, 110656
malloc, 64, 37053.000000, 1657952, 2101280, 110656
malloc, 64, 37055.000000, 1658432, 2101280, 110688
malloc, 64, 37082.000000, 1658912, 2101280, 110688
malloc, 64, 37092.000000, 1659392, 2101280, 110784
malloc, 64, 37137.000000, 1659872, 2101280, 110784
malloc, 64, 37072.000000, 1660352, 2101280, 110816
malloc, 64, 37087.000000, 1660832, 2101280, 110816
malloc, 64, 37141.000000, 1661312, 2101280, 110880
malloc, 64, 37090.000000, 1661792, 2101280, 110880
malloc, 64, 37163.000000, 1662272, 2101280, 110912
malloc, 64, 37106.000000, 1662752, 2101280, 110912
malloc, 64, 40713.000000, 1663232, 2101280, 111136
malloc, 64, 37310.000000, 1663712, 2101280, 111136
malloc, 64, 37272.000000, 1664192, 2101280, 111168
malloc, 64, 37216.000000, 1664672, 2101280, 111168
malloc, 64, 37228.000000, 1665152, 2101280, 111232
malloc, 64, 37186.000000, 1665632, 2101280, 111232
malloc, 64, 37238.000000, 1666112, 2101280, 111264
malloc, 64, 37294.000000, 1666592, 2101280, 111264
malloc, 64, 37313.000000, 1667072, 2101280, 111360
malloc, 64, 37243.000000, 1667552, 2101280, 111360
malloc, 64, 37245.000000, 1668032, 2101280, 111392
malloc, 64, 37248.000000, 1668512, 2101280, 111392
malloc, 64, 37359.000000, 1668992, 2101280, 111456
malloc, 64, 39036.000000, 1669472, 2101280, 111456
malloc, 64, 37415.000000, 1669952, 2101280, 111488
malloc, 64, 37356.000000, 1670432, 2101280, 111488
malloc, 64, 39264.000000, 1670912, 2101280, 111616
malloc, 64, 37511.000000, 1671392, 2101280, 111616
malloc, 64, 37444.000000, 1671872, 2101280, 111648
malloc, 64, 37455.000000, 1672352, 2101280, 111648
malloc, 64, 37416.000000, 1672832, 2101280, 111712
malloc, 64, 37401.000000, 1673312, 2101280, 111712
malloc, 64, 37394.000000, 1673792, 2101280, 111744
malloc, 64, 37427.000000, 1674272, 2101280, 111744
malloc, 64, 37465.000000, 1674752, 2101280, 111840
malloc, 64, 37421.000000, 1675232, 2101280, 111840
malloc, 64, 37391.000000, 1675712, 2101280, 111872
malloc, 64, 37468.000000, 1676192, 2101280, 111872
malloc, 64, 37532.000000, 1676672, 2101280, 111936
malloc, 64, 37427.000000, 1677152, 2101280, 111936
malloc, 64, 37517.000000, 1677632, 2101280, 111968
malloc, 64, 37484.000000, 1678112, 2101280, 111968
malloc, 64, 39270.000000, 1678592, 2101280, 112128
malloc, 64, 37587.000000, 1679072, 2101280, 112128
malloc, 64, 37563.000000, 1679552, 2101280, 112160
malloc, 64, 37561.000000, 1680032, 2101280, 112160
malloc, 64, 37631.000000, 1680512, 2101280, 112224
malloc, 64, 37547.000000, 1680992, 2101280, 112224
malloc, 64, 37524.000000, 1681472, 2101280, 112256
malloc, 64, 39287.000000, 1681952, 2101280, 112256
malloc, 64, 37802.000000, 1682432, 2101280, 112352
malloc, 64, 37631.000000, 1682912, 2101280, 112352
malloc, 64, 37626.000000, 1683392, 2101280, 112384
malloc, 64, 37641.000000, 1683872, 2101280, 112384
malloc, 64, 37654.000000, 1684352, 2101280, 112448
malloc, 64, 37699.000000, 1684832, 2101280, 112448
malloc, 64, 37693.000000, 1685312, 2101280, 112480
malloc, 64, 37661.000000, 1685792, 2101280, 112480
malloc, 64, 39437.000000, 1686272, 2101280, 112608
malloc, 64, 37860.000000, 1686752, 2101280, 112608
malloc, 64, 37812.000000, 1687232, 2101280, 112640
malloc, 64, 37722.000000, 1687712, 2101280, 112640
malloc, 64, 37750.000000, 1688192, 2101280, 112704
malloc, 64, 37723.000000, 1688672, 2101280, 112704
malloc, 64, 37800.000000, 1689152, 2101280, 112736
malloc, 64, 37755.000000, 1689632, 2101280, 112736
malloc, 64, 37711.000000, 1690112, 2101280, 112832
malloc, 64, 37691.000000, 1690592, 2101280, 112832
malloc, 64, 37849.000000, 1691072, 2101280, 112864
malloc, 64, 37806.000000, 1691552, 2101280, 112864
malloc, 64, 37826.000000, 1692032, 2101280, 112928
malloc, 64, 37830.000000, 1692512, 2101280, 112928
malloc, 64, 37837.000000, 1692992, 2101280, 112960
malloc, 64, 37808.000000, 1693472, 2101280, 112960
malloc, 64, 40433.000000, 1693952, 2101280, 113152
malloc, 64, 40119.000000, 1694432, 2101280, 113152
malloc, 64, 37993.000000, 1694912, 2101280, 113184
malloc, 64, 37872.000000, 1695392, 2101280, 113184
malloc, 64, 37912.000000, 1695872, 2101280, 113248
malloc, 64, 37948.000000, 1696352, 2101280, 113248
malloc, 64, 38060.000000, 1696832, 2101280, 113280
malloc, 64, 37997.000000, 1697312, 2101280, 113280
malloc, 64, 37977.000000, 1697792, 2101280, 113376
malloc, 64, 37951.000000, 1698272, 2101280, 113376
malloc, 64, 37996.000000, 1698752, 2101280, 113408
malloc, 64, 37947.000000, 1699232, 2101280, 113408
malloc, 64, 37960.000000, 1699712, 2101280, 113472
malloc, 64, 37977.000000, 1700192, 2101280, 113472
malloc, 64, 37976.000000, 1700672, 2101280, 113504
malloc, 64, 38005.000000, 1701152, 2101280, 113504
malloc, 64, 38995.000000, 1701632, 2101280, 113632
malloc, 64, 38079.000000, 1702112, 2101280, 113632
malloc, 64, 38025.000000, 1702592, 2101280, 113664
malloc, 64, 38045.000000, 1703072, 2101280, 113664
malloc, 64, 38077.000000, 1703552, 2101280, 113728
malloc, 64, 38009.000000, 1704032, 2101280, 113728
malloc, 64, 38058.000000, 1704512, 2101280, 113760
malloc, 64, 38069.000000, 1704992, 2101280, 113760
malloc, 64, 38041.000000, 1705472, 2101280, 113856
malloc, 64, 38082.000000, 1705952, 2101280, 113856
malloc, 64, 39622.000000, 1706432, 2101280, 113888
malloc, 64, 38482.000000, 1706912, 2101280, 113888
malloc, 64, 38233.000000, 1707392, 2101280, 113952
malloc, 64, 38232.000000, 1707872, 2101280, 113952
malloc, 64, 38250.000000, 1708352, 2101280, 113984
malloc, 64, 38267.000000, 1708832, 2101280, 113984
malloc, 64, 40117.000000, 1709312, 2101280, 114144
malloc, 64, 38382.000000, 1709792, 2101280, 114144
malloc, 64, 38249.000000, 1710272, 2101280, 114176
malloc, 64, 38242.000000, 1710752, 2101280, 114176
malloc, 64, 38289.000000, 1711232, 2101280, 114240
malloc, 64, 38254.000000, 1711712, 2101280, 114240
malloc, 64, 38330.000000, 1712192, 2101280, 114272
malloc, 64, 38184.000000, 1712672, 2101280, 114272
malloc, 64, 38243.000000, 1713152, 2101280, 114368
malloc, 64, 38240.000000, 1713632, 2101280, 114368
malloc, 64, 38280.000000, 1714112, 2101280, 114400
malloc, 64, 38356.000000, 1714592, 2101280, 114400
malloc, 64, 38286.000000, 1715072, 2101280, 114464
malloc, 64, 38346.000000, 1715552, 2101280, 114464
malloc, 64, 38356.000000, 1716032, 2101280, 114496
malloc, 64, 38409.000000, 1716512, 2101280, 114496
malloc, 64, 39367.000000, 1716992, 2101280, 114624
malloc, 64, 38468.000000, 1717472, 2101280, 114624
malloc, 64, 38423.000000, 1717952, 2101280, 114656
malloc, 64, 38382.000000, 1718432, 2101280, 114656
malloc, 64, 39905.000000, 1718912, 2101280, 114720
malloc, 64, 38641.000000, 1719392, 2101280, 114720
malloc, 64, 38583.000000, 1719872, 2101280, 114752
malloc, 64, 38456.000000, 1720352, 2101280, 114752
malloc, 64, 38506.000000, 1720832, 2101280, 114848
malloc, 64, 38462.000000, 1721312, 2101280, 114848
malloc, 64, 38582.000000, 1721792, 2101280, 114880
malloc, 64, 38508.000000, 1722272, 2101280, 114880
malloc, 64, 38593.000000, 1722752, 2101280, 114944
malloc, 64, 38538.000000, 1723232, 2101280, 114944
malloc, 64, 38588.000000, 1723712, 2101280, 114976
malloc, 64, 38537.000000, 1724192, 2101280, 114976
malloc, 64, 44849.000000, 1724672, 2101280, 115264
malloc, 64, 39033.000000, 1725152, 2101280, 115264
malloc, 64, 38705.000000, 1725632, 2101280, 115296
malloc, 64, 38692.000000, 1726112, 2101280, 115296
malloc, 64, 38735.000000, 1726592, 2101280, 115360
malloc, 64, 38765.000000, 1727072, 2101280, 115360
malloc, 64, 38738.000000, 1727552, 2101280, 115392
malloc, 64, 38703.000000, 1728032, 2101280, 115392
malloc, 64, 38707.000000, 1728512, 2101280, 115488
malloc, 64, 38820.000000, 1728992, 2101280, 115488
malloc, 64, 38687.000000, 1729472, 2101280, 115520
malloc, 64, 38736.000000, 1729952, 2101280, 115520
malloc, 64, 38790.000000, 1730432, 2101280, 115584
malloc, 64, 40156.000000, 1730912, 2101280, 115584
malloc, 64, 39117.000000, 1731392, 2101280, 115616
malloc, 64, 38820.000000, 1731872, 2101280, 115616
malloc, 64, 39892.000000, 1732352, 2101280, 115744
malloc, 64, 38954.000000, 1732832, 2101280, 115744
malloc, 64, 38935.000000, 1733312, 2101280, 115776
malloc, 64, 38797.000000, 1733792, 2101280, 115776
malloc, 64, 38907.000000, 1734272, 2101280, 115840
malloc, 64, 38851.000000, 1734752, 2101280, 115840
malloc, 64, 38951.000000, 1735232, 2101280, 115872
malloc, 64, 38817.000000, 1735712, 2101280, 115872
malloc, 64, 38949.000000, 1736192, 2101280, 115968
malloc, 64, 38839.000000, 1736672, 2101280, 115968
malloc, 64, 38975.000000, 1737152, 2101280, 116000
malloc, 64, 38950.000000, 1737632, 2101280, 116000
malloc, 64, 38926.000000, 1738112, 2101280, 116064
malloc, 64, 38957.000000, 1738592, 2101280, 116064
malloc, 64, 38942.000000, 1739072, 2101280, 116096
malloc, 64, 39002.000000, 1739552, 2101280, 116096
malloc, 64, 40807.000000, 1740032, 2101280, 116256
malloc, 64, 39127.000000, 1740512, 2101280, 116256
malloc, 64, 38991.000000, 1740992, 2101280, 116288
malloc, 64, 39000.000000, 1741472, 2101280, 116288
malloc, 64, 39035.000000, 1741952, 2101280, 116352
malloc, 64, 39008.000000, 1742432, 2101280, 116352
malloc, 64, 39139.000000, 1742912, 2101280, 116384
malloc, 64, 41046.000000, 1743392, 2101280, 116384
malloc, 64, 39197.000000, 1743872, 2101280, 116480
malloc, 64, 39098.000000, 1744352, 2101280, 116480
malloc, 64, 39158.000000, 1744832, 2101280, 116512
malloc, 64, 39080.000000, 1745312, 2101280, 116512
malloc, 64, 39072.000000, 1745792, 2101280, 116576
malloc, 64, 39128.000000, 1746272, 2101280, 116576
malloc, 64, 39154.000000, 1746752, 2101280, 116608
malloc, 64, 39109.000000, 1747232, 2101280, 116608
malloc, 64, 40221.000000, 1747712, 2101280, 116736
malloc, 64, 39266.000000, 1748192, 2101280, 116736
malloc, 64, 39195.000000, 1748672, 2101280, 116768
malloc, 64, 39185.000000, 1749152, 2101280, 116768
malloc, 64, 39190.000000, 1749632, 2101280, 116832
malloc, 64, 39148.000000, 1750112, 2101280, 116832
malloc, 64, 39218.000000, 1750592, 2101280, 116864
malloc, 64, 39213.000000, 1751072, 2101280, 116864
malloc, 64, 39155.000000, 1751552, 2101280, 116960
malloc, 64, 39167.000000, 1752032, 2101280, 116960
malloc, 64, 39259.000000, 1752512, 2101280, 116992
malloc, 64, 39244.000000, 1752992, 2101280, 116992
malloc, 64, 39262.000000, 1753472, 2101280, 117056
malloc, 64, 39246.000000, 1753952, 2101280, 117056
malloc, 64, 39285.000000, 1754432, 2101280, 117088
malloc, 64, 39266.000000, 1754912, 2101280, 117088
malloc, 64, 43372.000000, 1755392, 2101280, 117280
malloc, 64, 39661.000000, 1755872, 2101280, 117280
malloc, 64, 39413.000000, 1756352, 2101280, 117312
malloc, 64, 39311.000000, 1756832, 2101280, 117312
malloc, 64, 39453.000000, 1757312, 2101280, 117376
malloc, 64, 39340.000000, 1757792, 2101280, 117376
malloc, 64, 39444.000000, 1758272, 2101280, 117408
malloc, 64, 39347.000000, 1758752, 2101280, 117408
malloc, 64, 39392.000000, 1759232, 2101280, 117504
malloc, 64, 39406.000000, 1759712, 2101280, 117504
malloc, 64, 39352.000000, 1760192, 2101280, 117536
malloc, 64, 39413.000000, 1760672, 2101280, 117536
malloc, 64, 39404.000000, 1761152, 2101280, 117600
malloc, 64, 39425.000000, 1761632, 2101280, 117600
malloc, 64, 39480.000000, 1762112, 2101280, 117632
malloc, 64, 39532.000000, 1762592, 2101280, 117632
malloc, 64, 40500.000000, 1763072, 2101280, 117760
malloc, 64, 40132.000000, 1763552, 2101280, 117760
malloc, 64, 39717.000000, 1764032, 2101280, 117792
malloc, 64, 39701.000000, 1764512, 2101280, 117792
malloc, 64, 39503.000000, 1764992, 2101280, 117856
malloc, 64, 39523.000000, 1765472, 2101280, 117856
malloc, 64, 39610.000000, 1765952, 2101280, 117888
malloc, 64, 39628.000000, 1766432, 2101280, 117888
malloc, 64, 39567.000000, 1766912, 2101280, 117984
malloc, 64, 41142.000000, 1767392, 2101280, 117984
malloc, 64, 39924.000000, 1767872, 2101280, 118016
malloc, 64, 39621.000000, 1768352, 2101280, 118016
malloc, 64, 39621.000000, 1768832, 2101280, 118080
malloc, 64, 39704.000000, 1769312, 2101280, 118080
malloc, 64, 39685.000000, 1769792, 2101280, 118112
malloc, 64, 39610.000000, 1770272, 2101280, 118112
malloc, 64, 42687.000000, 1770752, 2101280, 118272
malloc, 64, 39928.000000, 1771232, 2101280, 118272
malloc, 64, 39711.000000, 1771712, 2101280, 118304
malloc, 64, 39665.000000, 1772192, 2101280, 118304
malloc, 64, 39718.000000, 1772672, 2101280, 118368
malloc, 64, 39695.000000, 1773152, 2101280, 118368
malloc, 64, 39775.000000, 1773632, 2101280, 118400
malloc, 64, 39743.000000, 1774112, 2101280, 118400
malloc, 64, 39752.000000, 1774592, 2101280, 118496
malloc, 64, 39720.000000, 1775072, 2101280, 118496
malloc, 64, 39799.000000, 1775552, 2101280, 118528
malloc, 64, 39809.000000, 1776032, 2101280, 118528
malloc, 64, 39845.000000, 1776512, 2101280, 118592
malloc, 64, 39823.000000, 1776992, 2101280, 118592
malloc, 64, 39819.000000, 1777472, 2101280, 118624
malloc, 64, 39857.000000, 1777952, 2101280, 118624
malloc, 64, 40877.000000, 1778432, 2101280, 118752
malloc, 64, 41377.000000, 1778912, 2101280, 118752
malloc, 64, 40136.000000, 1779392, 2101280, 118784
malloc, 64, 39855.000000, 1779872, 2101280, 118784
malloc, 64, 39914.000000, 1780352, 2101280, 118848
malloc, 64, 39959.000000, 1780832, 2101280, 118848
malloc, 64, 39923.000000, 1781312, 2101280, 118880
malloc, 64, 40004.000000, 1781792, 2101280, 118880
malloc, 64, 39918.000000, 1782272, 2101280, 118976
malloc, 64, 39930.000000, 1782752, 2101280, 118976
malloc, 64, 39938.000000, 1783232, 2101280, 119008
malloc, 64, 39961.000000, 1783712, 2101280, 119008
malloc, 64, 39919.000000, 1784192, 2101280, 119072
malloc, 64, 39937.000000, 1784672, 2101280, 119072
malloc, 64, 39964.000000, 1785152, 2101280, 119104
malloc, 64, 40022.000000, 1785632, 2101280, 119104
malloc, 64, 43430.000000, 1786112, 2101280, 119328
malloc, 64, 40193.000000, 1786592, 2101280, 119328
malloc, 64, 40173.000000, 1787072, 2101280, 119360
malloc, 64, 40067.000000, 1787552, 2101280, 119360
malloc, 64, 40098.000000, 1788032, 2101280, 119424
malloc, 64, 40042.000000, 1788512, 2101280, 119424
malloc, 64, 40146.000000, 1788992, 2101280, 119456
malloc, 64, 40096.000000, 1789472, 2101280, 119456
malloc, 64, 40137.000000, 1789952, 2101280, 119552
malloc, 64, 40071.000000, 1790432, 2101280, 119552
malloc, 64, 41755.000000, 1790912, 2101280, 119584
malloc, 64, 40347.000000, 1791392, 2101280, 119584
malloc, 64, 40173.000000, 1791872, 2101280, 119648
malloc, 64, 40184.000000, 1792352, 2101280, 119648
malloc, 64, 40183.000000, 1792832, 2101280, 119680
malloc, 64, 40239.000000, 1793312, 2101280, 119680
malloc, 64, 41278.000000, 1793792, 2101280, 119808
malloc, 64, 40301.000000, 1794272, 2101280, 119808
malloc, 64, 40204.000000, 1794752, 2101280, 119840
malloc, 64, 40272.000000, 1795232, 2101280, 119840
malloc, 64, 40278.000000, 1795712, 2101280, 119904
malloc, 64, 40260.000000, 1796192, 2101280, 119904
malloc, 64, 40273.000000, 1796672, 2101280, 119936
malloc, 64, 40259.000000, 1797152, 2101280, 119936
malloc, 64, 40239.000000, 1797632, 2101280, 120032
malloc, 64, 40271.000000, 1798112, 2101280, 120032
malloc, 64, 40302.000000, 1798592, 2101280, 120064
malloc, 64, 40347.000000, 1799072, 2101280, 120064
malloc, 64, 40320.000000, 1799552, 2101280, 120128
malloc, 64, 40398.000000, 1800032, 2101280, 120128
malloc, 64, 40349.000000, 1800512, 2101280, 120160
malloc, 64, 40370.000000, 1800992, 2101280, 120160
malloc, 64, 42252.000000, 1801472, 2101280, 120320
malloc, 64, 40443.000000, 1801952, 2101280, 120320
malloc, 64, 41921.000000, 1802432, 2101280, 120352
malloc, 64, 40678.000000, 1802912, 2101280, 120352
malloc, 64, 40467.000000, 1803392, 2101280, 120416
malloc, 64, 40393.000000, 1803872, 2101280, 120416
malloc, 64, 40540.000000, 1804352, 2101280, 120448
malloc, 64, 40501.000000, 1804832, 2101280, 120448
malloc, 64, 40442.000000, 1805312, 2101280, 120544
malloc, 64, 40517.000000, 1805792, 2101280, 120544
malloc, 64, 40469.000000, 1806272, 2101280, 120576
malloc, 64, 40478.000000, 1806752, 2101280, 120576
malloc, 64, 40553.000000, 1807232, 2101280, 120640
malloc, 64, 40563.000000, 1807712, 2101280, 120640
malloc, 64, 40512.000000, 1808192, 2101280, 120672
malloc, 64, 40501.000000, 1808672, 2101280, 120672
malloc, 64, 41585.000000, 1809152, 2101280, 120800
malloc, 64, 40584.000000, 1809632, 2101280, 120800
malloc, 64, 40653.000000, 1810112, 2101280, 120832
malloc, 64, 40545.000000, 1810592, 2101280, 120832
malloc, 64, 40593.000000, 1811072, 2101280, 120896
malloc, 64, 40540.000000, 1811552, 2101280, 120896
malloc, 64, 40614.000000, 1812032, 2101280, 120928
malloc, 64, 40525.000000, 1812512, 2101280, 120928
malloc, 64, 40642.000000, 1812992, 2101280, 121024
malloc, 64, 40607.000000, 1813472, 2101280, 121024
malloc, 64, 41914.000000, 1813952, 2101280, 121056
malloc, 64, 40947.000000, 1814432, 2101280, 121056
malloc, 64, 40769.000000, 1814912, 2101280, 121120
malloc, 64, 40664.000000, 1815392, 2101280, 121120
malloc, 64, 40657.000000, 1815872, 2101280, 121152
malloc, 64, 40692.000000, 1816352, 2101280, 121152
malloc, 64, 43290.000000, 1816832, 2101280, 121344
malloc, 64, 40940.000000, 1817312, 2101280, 121344
malloc, 64, 40764.000000, 1817792, 2101280, 121376
malloc, 64, 40723.000000, 1818272, 2101280, 121376
malloc, 64, 40697.000000, 1818752, 2101280, 121440
malloc, 64, 40740.000000, 1819232, 2101280, 121440
malloc, 64, 40785.000000, 1819712, 2101280, 121472
malloc, 64, 40752.000000, 1820192, 2101280, 121472
malloc, 64, 40832.000000, 1820672, 2101280, 121568
malloc, 64, 40800.000000, 1821152, 2101280, 121568
malloc, 64, 40800.000000, 1821632, 2101280, 121600
malloc, 64, 40806.000000, 1822112, 2101280, 121600
malloc, 64, 40843.000000, 1822592, 2101280, 121664
malloc, 64, 40820.000000, 1823072, 2101280, 121664
malloc, 64, 40833.000000, 1823552, 2101280, 121696
malloc, 64, 40784.000000, 1824032, 2101280, 121696
malloc, 64, 41890.000000, 1824512, 2101280, 121824
malloc, 64, 40951.000000, 1824992, 2101280, 121824
malloc, 64, 40942.000000, 1825472, 2101280, 121856
malloc, 64, 42595.000000, 1825952, 2101280, 121856
malloc, 64, 41016.000000, 1826432, 2101280, 121920
malloc, 64, 40875.000000, 1826912, 2101280, 121920
malloc, 64, 43207.000000, 1827392, 2101280, 121952
malloc, 64, 41902.000000, 1827872, 2101280, 121952
malloc, 64, 41119.000000, 1828352, 2101280, 122048
malloc, 64, 40942.000000, 1828832, 2101280, 122048
malloc, 64, 41034.000000, 1829312, 2101280, 122080
malloc, 64, 41075.000000, 1829792, 2101280, 122080
malloc, 64, 41148.000000, 1830272, 2101280, 122144
malloc, 64, 41135.000000, 1830752, 2101280, 122144
malloc, 64, 41076.000000, 1831232, 2101280, 122176
malloc, 64, 41085.000000, 1831712, 2101280, 122176
malloc, 64, 44457.000000, 1832192, 2101280, 122336
malloc, 64, 41403.000000, 1832672, 2101280, 122336
malloc, 64, 41096.000000, 1833152, 2101280, 122368
malloc, 64, 41144.000000, 1833632, 2101280, 122368
malloc, 64, 41130.000000, 1834112, 2101280, 122432
malloc, 64, 41130.000000, 1834592, 2101280, 122432
malloc, 64, 41188.000000, 1835072, 2101280, 122464
malloc, 64, 41165.000000, 1835552, 2101280, 122464
malloc, 64, 41224.000000, 1836032, 2101280, 122560
malloc, 64, 41255.000000, 1836512, 2101280, 122560
malloc, 64, 43523.000000, 1836992, 2101280, 122592
malloc, 64, 41617.000000, 1837472, 2101280, 122592
malloc, 64, 41365.000000, 1837952, 2101280, 122656
malloc, 64, 41224.000000, 1838432, 2101280, 122656
malloc, 64, 41274.000000, 1838912, 2101280, 122688
malloc, 64, 41262.000000, 1839392, 2101280, 122688
malloc, 64, 42347.000000, 1839872, 2101280, 122816
malloc, 64, 41364.000000, 1840352, 2101280, 122816
malloc, 64, 42043.000000, 1840832, 2101280, 122848
malloc, 64, 41349.000000, 1841312, 2101280, 122848
malloc, 64, 41348.000000, 1841792, 2101280, 122912
malloc, 64, 41329.000000, 1842272, 2101280, 122912
malloc, 64, 41265.000000, 1842752, 2101280, 122944
malloc, 64, 41291.000000, 1843232, 2101280, 122944
malloc, 64, 41349.000000, 1843712, 2101280, 123040
malloc, 64, 41345.000000, 1844192, 2101280, 123040
malloc, 64, 41372.000000, 1844672, 2101280, 123072
malloc, 64, 41358.000000, 1845152, 2101280, 123072
malloc, 64, 41390.000000, 1845632, 2101280, 123136
malloc, 64, 41342.000000, 1846112, 2101280, 123136
malloc, 64, 41407.000000, 1846592, 2101280, 123168
malloc, 64, 41381.000000, 1847072, 2101280, 123168
malloc, 64, 45475.000000, 1847552, 2101280, 123424
malloc, 64, 41714.000000, 1848032, 2101280, 123424
malloc, 64, 43704.000000, 1848512, 2101280, 123456
malloc, 64, 41634.000000, 1848992, 2101280, 123456
malloc, 64, 41531.000000, 1849472, 2101280, 123520
malloc, 64, 41530.000000, 1849952, 2101280, 123520
malloc, 64, 41564.000000, 1850432, 2101280, 123552
malloc, 64, 41454.000000, 1850912, 2101280, 123552
malloc, 64, 41627.000000, 1851392, 2101280, 123648
malloc, 64, 41507.000000, 1851872, 2101280, 123648
malloc, 64, 41553.000000, 1852352, 2101280, 123680
malloc, 64, 41589.000000, 1852832, 2101280, 123680
malloc, 64, 41755.000000, 1853312, 2101280, 123744
malloc, 64, 41647.000000, 1853792, 2101280, 123744
malloc, 64, 41562.000000, 1854272, 2101280, 123776
malloc, 64, 41623.000000, 1854752, 2101280, 123776
malloc, 64, 42886.000000, 1855232, 2101280, 123904
malloc, 64, 41796.000000, 1855712, 2101280, 123904
malloc, 64, 41638.000000, 1856192, 2101280, 123936
malloc, 64, 41628.000000, 1856672, 2101280, 123936
malloc, 64, 41699.000000, 1857152, 2101280, 124000
malloc, 64, 41703.000000, 1857632, 2101280, 124000
malloc, 64, 41784.000000, 1858112, 2101280, 124032
malloc, 64, 41803.000000, 1858592, 2101280, 124032
malloc, 64, 41758.000000, 1859072, 2101280, 124128
malloc, 64, 41682.000000, 1859552, 2101280, 124128
malloc, 64, 43393.000000, 1860032, 2101280, 124160
malloc, 64, 41859.000000, 1860512, 2101280, 124160
malloc, 64, 41752.000000, 1860992, 2101280, 124224
malloc, 64, 41805.000000, 1861472, 2101280, 124224
malloc, 64, 41825.000000, 1861952, 2101280, 124256
malloc, 64, 41771.000000, 1862432, 2101280, 124256
malloc, 64, 43597.000000, 1862912, 2101280, 124416
malloc, 64, 41922.000000, 1863392, 2101280, 124416
malloc, 64, 41824.000000, 1863872, 2101280, 124448
malloc, 64, 41892.000000, 1864352, 2101280, 124448
malloc, 64, 41861.000000, 1864832, 2101280, 124512
malloc, 64, 41756.000000, 1865312, 2101280, 124512
malloc, 64, 41893.000000, 1865792, 2101280, 124544
malloc, 64, 41902.000000, 1866272, 2101280, 124544
malloc, 64, 41917.000000, 1866752, 2101280, 124640
malloc, 64, 41911.000000, 1867232, 2101280, 124640
malloc, 64, 41871.000000, 1867712, 2101280, 124672
malloc, 64, 41859.000000, 1868192, 2101280, 124672
malloc, 64, 41916.000000, 1868672, 2101280, 124736
malloc, 64, 41930.000000, 1869152, 2101280, 124736
malloc, 64, 41894.000000, 1869632, 2101280, 124768
malloc, 64, 41902.000000, 1870112, 2101280, 124768
malloc, 64, 42961.000000, 1870592, 2101280, 124896
malloc, 64, 43660.000000, 1871072, 2101280, 124896
malloc, 64, 42193.000000, 1871552, 2101280, 124928
malloc, 64, 41988.000000, 1872032, 2101280, 124928
malloc, 64, 42017.000000, 1872512, 2101280, 124992
malloc, 64, 42028.000000, 1872992, 2101280, 124992
malloc, 64, 42128.000000, 1873472, 2101280, 125024
malloc, 64, 42017.000000, 1873952, 2101280, 125024
malloc, 64, 42060.000000, 1874432, 2101280, 125120
malloc, 64, 42072.000000, 1874912, 2101280, 125120
malloc, 64, 42098.000000, 1875392, 2101280, 125152
malloc, 64, 42095.000000, 1875872, 2101280, 125152
malloc, 64, 42109.000000, 1876352, 2101280, 125216
malloc, 64, 42080.000000, 1876832, 2101280, 125216
malloc, 64, 42082.000000, 1877312, 2101280, 125248
malloc, 64, 42167.000000, 1877792, 2101280, 125248
malloc, 64, 45845.000000, 1878272, 2101280, 125440
malloc, 64, 42383.000000, 1878752, 2101280, 125440
malloc, 64, 42228.000000, 1879232, 2101280, 125472
malloc, 64, 42132.000000, 1879712, 2101280, 125472
malloc, 64, 42271.000000, 1880192, 2101280, 125536
malloc, 64, 42212.000000, 1880672, 2101280, 125536
malloc, 64, 42254.000000, 1881152, 2101280, 125568
malloc, 64, 42245.000000, 1881632, 2101280, 125568
malloc, 64, 43672.000000, 1882112, 2101280, 125664
malloc, 64, 42549.000000, 1882592, 2101280, 125664
malloc, 64, 42300.000000, 1883072, 2101280, 125696
malloc, 64, 42281.000000, 1883552, 2101280, 125696
malloc, 64, 42300.000000, 1884032, 2101280, 125760
malloc, 64, 42343.000000, 1884512, 2101280, 125760
malloc, 64, 42297.000000, 1884992, 2101280, 125792
malloc, 64, 42285.000000, 1885472, 2101280, 125792
malloc, 64, 43384.000000, 1885952, 2101280, 125920
malloc, 64, 42412.000000, 1886432, 2101280, 125920
malloc, 64, 42384.000000, 1886912, 2101280, 125952
malloc, 64, 42428.000000, 1887392, 2101280, 125952
malloc, 64, 42348.000000, 1887872, 2101280, 126016
malloc, 64, 42339.000000, 1888352, 2101280, 126016
malloc, 64, 42367.000000, 1888832, 2101280, 126048
malloc, 64, 42420.000000, 1889312, 2101280, 126048
malloc, 64, 42461.000000, 1889792, 2101280, 126144
malloc, 64, 42390.000000, 1890272, 2101280, 126144
malloc, 64, 42314.000000, 1890752, 2101280, 126176
malloc, 64, 42442.000000, 1891232, 2101280, 126176
malloc, 64, 42446.000000, 1891712, 2101280, 126240
malloc, 64, 42462.000000, 1892192, 2101280, 126240
malloc, 64, 42468.000000, 1892672, 2101280, 126272
malloc, 64, 42486.000000, 1893152, 2101280, 126272
malloc, 64, 46046.000000, 1893632, 2101280, 126432
malloc, 64, 42790.000000, 1894112, 2101280, 126432
malloc, 64, 42534.000000, 1894592, 2101280, 126464
malloc, 64, 42562.000000, 1895072, 2101280, 126464
malloc, 64, 42609.000000, 1895552, 2101280, 126528
malloc, 64, 42583.000000, 1896032, 2101280, 126528
malloc, 64, 42625.000000, 1896512, 2101280, 126560
malloc, 64, 42599.000000, 1896992, 2101280, 126560
malloc, 64, 42642.000000, 1897472, 2101280, 126656
malloc, 64, 42583.000000, 1897952, 2101280, 126656
malloc, 64, 42644.000000, 1898432, 2101280, 126688
malloc, 64, 42581.000000, 1898912, 2101280, 126688
malloc, 64, 42707.000000, 1899392, 2101280, 126752
malloc, 64, 42654.000000, 1899872, 2101280, 126752
malloc, 64, 42618.000000, 1900352, 2101280, 126784
malloc, 64, 42747.000000, 1900832, 2101280, 126784
malloc, 64, 43684.000000, 1901312, 2101280, 126912
malloc, 64, 42762.000000, 1901792, 2101280, 126912
malloc, 64, 42683.000000, 1902272, 2101280, 126944
malloc, 64, 42708.000000, 1902752, 2101280, 126944
malloc, 64, 42699.000000, 1903232, 2101280, 127008
malloc, 64, 42816.000000, 1903712, 2101280, 127008
malloc, 64, 42709.000000, 1904192, 2101280, 127040
malloc, 64, 44389.000000, 1904672, 2101280, 127040
malloc, 64, 42944.000000, 1905152, 2101280, 127136
malloc, 64, 42766.000000, 1905632, 2101280, 127136
malloc, 64, 42776.000000, 1906112, 2101280, 127168
malloc, 64, 42837.000000, 1906592, 2101280, 127168
malloc, 64, 42782.000000, 1907072, 2101280, 127232
malloc, 64, 42844.000000, 1907552, 2101280, 127232
malloc, 64, 42802.000000, 1908032, 2101280, 127264
malloc, 64, 42858.000000, 1908512, 2101280, 127264
malloc, 64, 46170.000000, 1908992, 2101280, 127488
malloc, 64, 43026.000000, 1909472, 2101280, 127488
malloc, 64, 42961.000000, 1909952, 2101280, 127520
malloc, 64, 42947.000000, 1910432, 2101280, 127520
malloc, 64, 42946.000000, 1910912, 2101280, 127584
malloc, 64, 42887.000000, 1911392, 2101280, 127584
malloc, 64, 42965.000000, 1911872, 2101280, 127616
malloc, 64, 42897.000000, 1912352, 2101280, 127616
malloc, 64, 43040.000000, 1912832, 2101280, 127712
malloc, 64, 43008.000000, 1913312, 2101280, 127712
malloc, 64, 42966.000000, 1913792, 2101280, 127744
malloc, 64, 43033.000000, 1914272, 2101280, 127744
malloc, 64, 42994.000000, 1914752, 2101280, 127808
malloc, 64, 42958.000000, 1915232, 2101280, 127808
malloc, 64, 44733.000000, 1915712, 2101280, 127840
malloc, 64, 43095.000000, 1916192, 2101280, 127840
malloc, 64, 44105.000000, 1916672, 2101280, 127968
malloc, 64, 43088.000000, 1917152, 2101280, 127968
malloc, 64, 43744.000000, 1917632, 2101280, 128000
malloc, 64, 43132.000000, 1918112, 2101280, 128000
malloc, 64, 43208.000000, 1918592, 2101280, 128064
malloc, 64, 43110.000000, 1919072, 2101280, 128064
malloc, 64, 43173.000000, 1919552, 2101280, 128096
malloc, 64, 43084.000000, 1920032, 2101280, 128096
free, 64, 69.000000, 1919548, 2101280, 128096
free, 64, 56.000000, 1919064, 2101280, 128096
free, 64, 30.000000, 1918580, 2101280, 128096
free, 64, 27.000000, 1918096, 2101280, 128096
free, 64, 30.000000, 1917616, 2101280, 128096
free, 64, 21.000000, 1917136, 2101280, 128096
free, 64, 22.000000, 1916656, 2101280, 128096
free, 64, 21.000000, 1916176, 2101280, 128096
free, 64, 41.000000, 1915696, 2101280, 128096
free, 64, 26.000000, 1915216, 2101280, 128096
free, 64, 27.000000, 1914736, 2101280, 128096
free, 64, 28.000000, 1914256, 2101280, 128096
free, 64, 36.000000, 1913776, 2101280, 128096
free, 64, 28.000000, 1913296, 2101280, 128096
free, 64, 30.000000, 1912816, 2101280, 128096
free, 64, 27.000000, 1912336, 2101280, 128096
free, 64, 42.000000, 1911856, 2101280, 128096
free, 64, 32.000000, 1911376, 2101280, 128096
free, 64, 32.000000, 1910896, 2101280, 128096
free, 64, 38.000000, 1910416, 2101280, 128096
free, 64, 35.000000, 1909936, 2101280, 128096
free, 64, 29.000000, 1909456, 2101280, 128096
free, 64, 28.000000, 1908976, 2101280, 128096
free, 64, 27.000000, 1908496, 2101280, 128096
free, 64, 41.000000, 1908016, 2101280, 128096
free, 64, 32.000000, 1907536, 2101280, 128096
free, 64, 33.000000, 1907056, 2101280, 128096
free, 64, 39.000000, 1906576, 2101280, 128096
free, 64, 29.000000, 1906096, 2101280, 128096
free, 64, 29.000000, 1905616, 2101280, 128096
free, 64, 27.000000, 1905136, 2101280, 128096
free, 64, 30.000000, 1904656, 2101280, 128096
free, 64, 35.000000, 1904176, 2101280, 128096
free, 64, 37.000000, 1903696, 2101280, 128096
free, 64, 38.000000, 1903216, 2101280, 128096
free, 64, 32.000000, 1902736, 2101280, 128096
free, 64, 31.000000, 1902256, 2101280, 128096
free, 64, 21.000000, 1901776, 2101280, 128096
free, 64, 21.000000, 1901296, 2101280, 128096
free, 64, 28.000000, 1900816, 2101280, 128096
free, 64, 30.000000, 1900336, 2101280, 128096
free, 64, 29.000000, 1899856, 2101280, 128096
free, 64, 29.000000, 1899376, 2101280, 128096
free, 64, 33.000000, 1898896, 2101280, 128096
free, 64, 29.000000, 1898416, 2101280, 128096
free, 64, 30.000000, 1897936, 2101280, 128096
free, 64, 30.000000, 1897456, 2101280, 128096
free, 64, 31.000000, 1896976, 2101280, 128096
free, 64, 40.000000, 1896496, 2101280, 128096
free, 64, 33.000000, 1896016, 2101280, 128096
free, 64, 36.000000, 1895536, 2101280, 128096
free, 64, 37.000000, 1895056, 2101280, 128096
free, 64, 41.000000, 1894576, 2101280, 128096
free, 64, 25.000000, 1894096, 2101280, 128096
free, 64, 26.000000, 1893616, 2101280, 128096
free, 64, 38.000000, 1893136, 2101280, 128096
free, 64, 41.000000, 1892656, 2101280, 128096
free, 64, 33.000000, 1892176, 2101280, 128096
free, 64, 32.000000, 1891696, 2101280, 128096
free, 64, 36.000000, 1891216, 2101280, 128096
free, 64, 35.000000, 1890736, 2101280, 128096
free, 64, 39.000000, 1890256, 2101280, 128096
free, 64, 35.000000, 1889776, 2101280, 128096
free, 64, 32.000000, 1889296, 2101280, 128096
free, 64, 35.000000, 1888816, 2101280, 128096
free, 64, 37.000000, 1888336, 2101280, 128096
free, 64, 38.000000, 1887856, 2101280, 128096
free, 64, 31.000000, 1887376, 2101280, 128096
free, 64, 40.000000, 1886896, 2101280, 128096
free, 64, 22.000000, 1886416, 2101280, 128096
free, 64, 27.000000, 1885936, 2101280, 128096
free, 64, 29.000000, 1885456, 2101280, 128096
free, 64, 30.000000, 1884976, 2101280, 128096
free, 64, 30.000000, 1884496, 2101280, 128096
free, 64, 33.000000, 1884016, 2101280, 128096
free, 64, 31.000000, 1883536, 2101280, 128096
free, 64, 24.000000, 1883056, 2101280, 128096
free, 64, 26.000000, 1882576, 2101280, 128096
free, 64, 26.000000, 1882096, 2101280, 128096
free, 64, 37.000000, 1881616, 2101280, 128096
free, 64, 39.000000, 1881136, 2101280, 128096
free, 64, 32.000000, 1880656, 2101280, 128096
free, 64, 33.000000, 1880176, 2101280, 128096
free, 64, 37.000000, 1879696, 2101280, 128096
free, 64, 36.000000, 1879216, 2101280, 128096
free, 64, 38.000000, 1878736, 2101280, 128096
free, 64, 40.000000, 1878256, 2101280, 128096
free, 64, 31.000000, 1877776, 2101280, 128096
free, 64, 40.000000, 1877296, 2101280, 128096
free, 64, 34.000000, 1876816, 2101280, 128096
free, 64, 30.000000, 1876336, 2101280, 128096
free, 64, 37.000000, 1875856, 2101280, 128096
free, 64, 36.000000, 1875376, 2101280, 128096
free, 64, 38.000000, 1874896, 2101280, 128096
free, 64, 40.000000, 1874416, 2101280, 128096
free, 64, 33.000000, 1873936, 2101280, 128096
free, 64, 41.000000, 1873456, 2101280, 128096
free, 64, 33.000000, 1872976, 2101280, 128096
free, 64, 31.000000, 1872496, 2101280, 128096
free, 64, 35.000000, 1872016, 2101280, 128096
free, 64, 29.000000, 1871536, 2101280, 128096
free, 64, 37.000000, 1871056, 2101280, 128096
free, 64, 38.000000, 1870576, 2101280, 128096
free, 64, 32.000000, 1870096, 2101280, 128096
free, 64, 39.000000, 1869616, 2101280, 128096
free, 64, 32.000000, 1869136, 2101280, 128096
free, 64, 31.000000, 1868656, 2101280, 128096
free, 64, 36.000000, 1868176, 2101280, 128096
free, 64, 39.000000, 1867696, 2101280, 128096
free, 64, 33.000000, 1867216, 2101280, 128096
free, 64, 33.000000, 1866736, 2101280, 128096
free, 64, 38.000000, 1866256, 2101280, 128096
free, 64, 34.000000, 1865776, 2101280, 128096
free, 64, 35.000000, 1865296, 2101280, 128096
free, 64, 39.000000, 1864816, 2101280, 128096
free, 64, 32.000000, 1864336, 2101280, 128096
free, 64, 41.000000, 1863856, 2101280, 128096
free, 64, 33.000000, 1863376, 2101280, 128096
free, 64, 32.000000, 1862896, 2101280, 128096
free, 64, 38.000000, 1862416, 2101280, 128096
free, 64, 40.000000, 1861936, 2101280, 128096
free, 64, 31.000000, 1861456, 2101280, 128096
free, 64, 34.000000, 1860976, 2101280, 128096
free, 64, 37.000000, 1860496, 2101280, 128096
free, 64, 34.000000, 1860016, 2101280, 128096
free, 64, 38.000000, 1859536, 2101280, 128096
free, 64, 39.000000, 1859056, 2101280, 128096
free, 64, 32.000000, 1858576, 2101280, 128096
free, 64, 42.000000, 1858096, 2101280, 128096
free, 64, 33.000000, 1857616, 2101280, 128096
free, 64, 34.000000, 1857136, 2101280, 128096
free, 64, 38.000000, 1856656, 2101280, 128096
free, 64, 32.000000, 1856176, 2101280, 128096
free, 64, 25.000000, 1855696, 2101280, 128096
free, 64, 23.000000, 1855216, 2101280, 128096
free, 64, 29.000000, 1854736, 2101280, 128096
free, 64, 27.000000, 1854256, 2101280, 128096
free, 64, 31.000000, 1853776, 2101280, 128096
free, 64, 31.000000, 1853296, 2101280, 128096
free, 64, 32.000000, 1852816, 2101280, 128096
free, 64, 40.000000, 1852336, 2101280, 128096
free, 64, 33.000000, 1851856, 2101280, 128096
free, 64, 31.000000, 1851376, 2101280, 128096
free, 64, 38.000000, 1850896, 2101280, 128096
free, 64, 36.000000, 1850416, 2101280, 128096
free, 64, 39.000000, 1849936, 2101280, 128096
free, 64, 37.000000, 1849456, 2101280, 128096
free, 64, 32.000000, 1848976, 2101280, 128096
free, 64, 34.000000, 1848496, 2101280, 128096
free, 64, 25.000000, 1848016, 2101280, 128096
free, 64, 25.000000, 1847536, 2101280, 128096
free, 64, 39.000000, 1847056, 2101280, 128096
free, 64, 34.000000, 1846576, 2101280, 128096
free, 64, 37.000000, 1846096, 2101280, 128096
free, 64, 38.000000, 1845616, 2101280, 128096
free, 64, 32.000000, 1845136, 2101280, 128096
free, 64, 37.000000, 1844656, 2101280, 128096
free, 64, 38.000000, 1844176, 2101280, 128096
free, 64, 36.000000, 1843696, 2101280, 128096
free, 64, 33.000000, 1843216, 2101280, 128096
free, 64, 40.000000, 1842736, 2101280, 128096
free, 64, 32.000000, 1842256, 2101280, 128096
free, 64, 33.000000, 1841776, 2101280, 128096
free, 64, 36.000000, 1841296, 2101280, 128096
free, 64, 38.000000, 1840816, 2101280, 128096
free, 64, 31.000000, 1840336, 2101280, 128096
free, 64, 32.000000, 1839856, 2101280, 128096
free, 64, 37.000000, 1839376, 2101280, 128096
free, 64, 95.000000, 1838896, 2101280, 128096
free, 64, 37.000000, 1838416, 2101280, 128096
free, 64, 35.000000, 1837936, 2101280, 128096
free, 64, 32.000000, 1837456, 2101280, 128096
free, 64, 40.000000, 1836976, 2101280, 128096
free, 64, 31.000000, 1836496, 2101280, 128096
free, 64, 32.000000, 1836016, 2101280, 128096
free, 64, 39.000000, 1835536, 2101280, 128096
free, 64, 40.000000, 1835056, 2101280, 128096
free, 64, 39.000000, 1834576, 2101280, 128096
free, 64, 39.000000, 1834096, 2101280, 128096
free, 64, 31.000000, 1833616, 2101280, 128096
free, 64, 36.000000, 1833136, 2101280, 128096
free, 64, 40.000000, 1832656, 2101280, 128096
free, 64, 40.000000, 1832176, 2101280, 128096
free, 64, 35.000000, 1831696, 2101280, 128096
free, 64, 34.000000, 1831216, 2101280, 128096
free, 64, 36.000000, 1830736, 2101280, 128096
free, 64, 36.000000, 1830256, 2101280, 128096
free, 64, 30.000000, 1829776, 2101280, 128096
free, 64, 36.000000, 1829296, 2101280, 128096
free, 64, 37.000000, 1828816, 2101280, 128096
free, 64, 37.000000, 1828336, 2101280, 128096
free, 64, 32.000000, 1827856, 2101280, 128096
free, 64, 42.000000, 1827376, 2101280, 128096
free, 64, 33.000000, 1826896, 2101280, 128096
free, 64, 31.000000, 1826416, 2101280, 128096
free, 64, 40.000000, 1825936, 2101280, 128096
free, 64, 41.000000, 1825456, 2101280, 128096
free, 64, 31.000000, 1824976, 2101280, 128096
free, 64, 32.000000, 1824496, 2101280, 128096
free, 64, 38.000000, 1824016, 2101280, 128096
free, 64, 35.000000, 1823536, 2101280, 128096
free, 64, 38.000000, 1823056, 2101280, 128096
free, 64, 39.000000, 1822576, 2101280, 128096
free, 64, 34.000000, 1822096, 2101280, 128096
free, 64, 41.000000, 1821616, 2101280, 128096
free, 64, 32.000000, 1821136, 2101280, 128096
free, 64, 32.000000, 1820656, 2101280, 128096
free, 64, 38.000000, 1820176, 2101280, 128096
free, 64, 35.000000, 1819696, 2101280, 128096
free, 64, 37.000000, 1819216, 2101280, 128096
free, 64, 38.000000, 1818736, 2101280, 128096
free, 64, 33.000000, 1818256, 2101280, 128096
free, 64, 41.000000, 1817776, 2101280, 128096
free, 64, 31.000000, 1817296, 2101280, 128096
free, 64, 32.000000, 1816816, 2101280, 128096
free, 64, 38.000000, 1816336, 2101280, 128096
free, 64, 37.000000, 1815856, 2101280, 128096
free, 64, 37.000000, 1815376, 2101280, 128096
free, 64, 37.000000, 1814896, 2101280, 128096
free, 64, 31.000000, 1814416, 2101280, 128096
free, 64, 41.000000, 1813936, 2101280, 128096
free, 64, 32.000000, 1813456, 2101280, 128096
free, 64, 31.000000, 1812976, 2101280, 128096
free, 64, 37.000000, 1812496, 2101280, 128096
free, 64, 35.000000, 1812016, 2101280, 128096
free, 64, 37.000000, 1811536, 2101280, 128096
free, 64, 38.000000, 1811056, 2101280, 128096
free, 64, 33.000000, 1810576, 2101280, 128096
free, 64, 35.000000, 1810096, 2101280, 128096
free, 64, 37.000000, 1809616, 2101280, 128096
free, 64, 36.000000, 1809136, 2101280, 128096
free, 64, 33.000000, 1808656, 2101280, 128096
free, 64, 40.000000, 1808176, 2101280, 128096
free, 64, 34.000000, 1807696, 2101280, 128096
free, 64, 31.000000, 1807216, 2101280, 128096
free, 64, 37.000000, 1806736, 2101280, 128096
free, 64, 41.000000, 1806256, 2101280, 128096
free, 64, 31.000000, 1805776, 2101280, 128096
free, 64, 33.000000, 1805296, 2101280, 128096
free, 64, 38.000000, 1804816, 2101280, 128096
free, 64, 36.000000, 1804336, 2101280, 128096
free, 64, 38.000000, 1803856, 2101280, 128096
free, 64, 37.000000, 1803376, 2101280, 128096
free, 64, 32.000000, 1802896, 2101280, 128096
free, 64, 36.000000, 1802416, 2101280, 128096
free, 64, 36.000000, 1801936, 2101280, 128096
free, 64, 36.000000, 1801456, 2101280, 128096
free, 64, 34.000000, 1800976, 2101280, 128096
free, 64, 40.000000, 1800496, 2101280, 128096
free, 64, 32.000000, 1800016, 2101280, 128096
free, 64, 34.000000, 1799536, 2101280, 128096
free, 64, 36.000000, 1799056, 2101280, 128096
free, 64, 39.000000, 1798576, 2101280, 128096
free, 64, 33.000000, 1798096, 2101280, 128096
free, 64, 31.000000, 1797616, 2101280, 128096
free, 64, 37.000000, 1797136, 2101280, 128096
free, 64, 35.000000, 1796656, 2101280, 128096
free, 64, 38.000000, 1796176, 2101280, 128096
free, 64, 39.000000, 1795696, 2101280, 128096
free, 64, 33.000000, 1795216, 2101280, 128096
free, 64, 42.000000, 1794736, 2101280, 128096
free, 64, 27.000000, 1794256, 2101280, 128096
free, 64, 27.000000, 1793776, 2101280, 128096
free, 64, 28.000000, 1793296, 2101280, 128096
free, 64, 37.000000, 1792816, 2101280, 128096
free, 64, 37.000000, 1792336, 2101280, 128096
free, 64, 37.000000, 1791856, 2101280, 128096
free, 64, 33.000000, 1791376, 2101280, 128096
free, 64, 34.000000, 1790896, 2101280, 128096
free, 64, 37.000000, 1790416, 2101280, 128096
free, 64, 37.000000, 1789936, 2101280, 128096
free, 64, 32.000000, 1789456, 2101280, 128096
free, 64, 39.000000, 1788976, 2101280, 128096
free, 64, 33.000000, 1788496, 2101280, 128096
free, 64, 31.000000, 1788016, 2101280, 128096
free, 64, 37.000000, 1787536, 2101280, 128096
free, 64, 36.000000, 1787056, 2101280, 128096
free, 64, 30.000000, 1786576, 2101280, 128096
free, 64, 38.000000, 1786096, 2101280, 128096
free, 64, 33.000000, 1785616, 2101280, 128096
free, 64, 34.000000, 1785136, 2101280, 128096
free, 64, 38.000000, 1784656, 2101280, 128096
free, 64, 35.000000, 1784176, 2101280, 128096
free, 64, 33.000000, 1783696, 2101280, 128096
free, 64, 41.000000, 1783216, 2101280, 128096
free, 64, 32.000000, 1782736, 2101280, 128096
free, 64, 32.000000, 1782256, 2101280, 128096
free, 64, 38.000000, 1781776, 2101280, 128096
free, 64, 41.000000, 1781296, 2101280, 128096
free, 64, 32.000000, 1780816, 2101280, 128096
free, 64, 31.000000, 1780336, 2101280, 128096
free, 64, 37.000000, 1779856, 2101280, 128096
free, 64, 33.000000, 1779376, 2101280, 128096
free, 64, 31.000000, 1778896, 2101280, 128096
free, 64, 34.000000, 1778416, 2101280, 128096
free, 64, 38.000000, 1777936, 2101280, 128096
free, 64, 34.000000, 1777456, 2101280, 128096
free, 64, 36.000000, 1776976, 2101280, 128096
free, 64, 38.000000, 1776496, 2101280, 128096
free, 64, 32.000000, 1776016, 2101280, 128096
free, 64, 42.000000, 1775536, 2101280, 128096
free, 64, 31.000000, 1775056, 2101280, 128096
free, 64, 31.000000, 1774576, 2101280, 128096
free, 64, 36.000000, 1774096, 2101280, 128096
free, 64, 36.000000, 1773616, 2101280, 128096
free, 64, 40.000000, 1773136, 2101280, 128096
free, 64, 39.000000, 1772656, 2101280, 128096
free, 64, 32.000000, 1772176, 2101280, 128096
free, 64, 42.000000, 1771696, 2101280, 128096
free, 64, 33.000000, 1771216, 2101280, 128096
free, 64, 33.000000, 1770736, 2101280, 128096
free, 64, 38.000000, 1770256, 2101280, 128096
free, 64, 40.000000, 1769776, 2101280, 128096
free, 64, 31.000000, 1769296, 2101280, 128096
free, 64, 33.000000, 1768816, 2101280, 128096
free, 64, 38.000000, 1768336, 2101280, 128096
free, 64, 36.000000, 1767856, 2101280, 128096
free, 64, 37.000000, 1767376, 2101280, 128096
free, 64, 37.000000, 1766896, 2101280, 128096
free, 64, 32.000000, 1766416, 2101280, 128096
free, 64, 34.000000, 1765936, 2101280, 128096
free, 64, 37.000000, 1765456, 2101280, 128096
free, 64, 36.000000, 1764976, 2101280, 128096
free, 64, 31.000000, 1764496, 2101280, 128096
free, 64, 35.000000, 1764016, 2101280, 128096
free, 64, 35.000000, 1763536, 2101280, 128096
free, 64, 37.000000, 1763056, 2101280, 128096
free, 64, 33.000000, 1762576, 2101280, 128096
free, 64, 39.000000, 1762096, 2101280, 128096
free, 64, 31.000000, 1761616, 2101280, 128096
free, 64, 31.000000, 1761136, 2101280, 128096
free, 64, 35.000000, 1760656, 2101280, 128096
free, 64, 34.000000, 1760176, 2101280, 128096
free, 64, 39.000000, 1759696, 2101280, 128096
free, 64, 36.000000, 1759216, 2101280, 128096
free, 64, 31.000000, 1758736, 2101280, 128096
free, 64, 40.000000, 1758256, 2101280, 128096
free, 64, 33.000000, 1757776, 2101280, 128096
free, 64, 32.000000, 1757296, 2101280, 128096
free, 64, 38.000000, 1756816, 2101280, 128096
free, 64, 41.000000, 1756336, 2101280, 128096
free, 64, 33.000000, 1755856, 2101280, 128096
free, 64, 31.000000, 1755376, 2101280, 128096
free, 64, 38.000000, 1754896, 2101280, 128096
free, 64, 34.000000, 1754416, 2101280, 128096
free, 64, 37.000000, 1753936, 2101280, 128096
free, 64, 40.000000, 1753456, 2101280, 128096
free, 64, 33.000000, 1752976, 2101280, 128096
free, 64, 39.000000, 1752496, 2101280, 128096
free, 64, 34.000000, 1752016, 2101280, 128096
free, 64, 31.000000, 1751536, 2101280, 128096
free, 64, 37.000000, 1751056, 2101280, 128096
free, 64, 42.000000, 1750576, 2101280, 128096
free, 64, 38.000000, 1750096, 2101280, 128096
free, 64, 36.000000, 1749616, 2101280, 128096
free, 64, 34.000000, 1749136, 2101280, 128096
free, 64, 41.000000, 1748656, 2101280, 128096
free, 64, 33.000000, 1748176, 2101280, 128096
free, 64, 31.000000, 1747696, 2101280, 128096
free, 64, 38.000000, 1747216, 2101280, 128096
free, 64, 42.000000, 1746736, 2101280, 128096
free, 64, 34.000000, 1746256, 2101280, 128096
free, 64, 33.000000, 1745776, 2101280, 128096
free, 64, 39.000000, 1745296, 2101280, 128096
free, 64, 39.000000, 1744816, 2101280, 128096
free, 64, 32.000000, 1744336, 2101280, 128096
free, 64, 33.000000, 1743856, 2101280, 128096
free, 64, 37.000000, 1743376, 2101280, 128096
free, 64, 37.000000, 1742896, 2101280, 128096
free, 64, 38.000000, 1742416, 2101280, 128096
free, 64, 38.000000, 1741936, 2101280, 128096
free, 64, 33.000000, 1741456, 2101280, 128096
free, 64, 41.000000, 1740976, 2101280, 128096
free, 64, 32.000000, 1740496, 2101280, 128096
free, 64, 33.000000, 1740016, 2101280, 128096
free, 64, 38.000000, 1739536, 2101280, 128096
free, 64, 35.000000, 1739056, 2101280, 128096
free, 64, 38.000000, 1738576, 2101280, 128096
free, 64, 37.000000, 1738096, 2101280, 128096
free, 64, 32.000000, 1737616, 2101280, 128096
free, 64, 36.000000, 1737136, 2101280, 128096
free, 64, 37.000000, 1736656, 2101280, 128096
free, 64, 39.000000, 1736176, 2101280, 128096
free, 64, 30.000000, 1735696, 2101280, 128096
free, 64, 41.000000, 1735216, 2101280, 128096
free, 64, 33.000000, 1734736, 2101280, 128096
free, 64, 32.000000, 1734256, 2101280, 128096
free, 64, 39.000000, 1733776, 2101280, 128096
free, 64, 35.000000, 1733296, 2101280, 128096
free, 64, 41.000000, 1732816, 2101280, 128096
free, 64, 37.000000, 1732336, 2101280, 128096
free, 64, 32.000000, 1731856, 2101280, 128096
free, 64, 36.000000, 1731376, 2101280, 128096
free, 64, 36.000000, 1730896, 2101280, 128096
free, 64, 38.000000, 1730416, 2101280, 128096
free, 64, 34.000000, 1729936, 2101280, 128096
free, 64, 42.000000, 1729456, 2101280, 128096
free, 64, 33.000000, 1728976, 2101280, 128096
free, 64, 35.000000, 1728496, 2101280, 128096
free, 64, 38.000000, 1728016, 2101280, 128096
free, 64, 34.000000, 1727536, 2101280, 128096
free, 64, 39.000000, 1727056, 2101280, 128096
free, 64, 39.000000, 1726576, 2101280, 128096
free, 64, 32.000000, 1726096, 2101280, 128096
free, 64, 41.000000, 1725616, 2101280, 128096
free, 64, 32.000000, 1725136, 2101280, 128096
free, 64, 33.000000, 1724656, 2101280, 128096
free, 64, 37.000000, 1724176, 2101280, 128096
free, 64, 35.000000, 1723696, 2101280, 128096
free, 64, 37.000000, 1723216, 2101280, 128096
free, 64, 38.000000, 1722736, 2101280, 128096
free, 64, 33.000000, 1722256, 2101280, 128096
free, 64, 37.000000, 1721776, 2101280, 128096
free, 64, 39.000000, 1721296, 2101280, 128096
free, 64, 36.000000, 1720816, 2101280, 128096
free, 64, 32.000000, 1720336, 2101280, 128096
free, 64, 42.000000, 1719856, 2101280, 128096
free, 64, 32.000000, 1719376, 2101280, 128096
free, 64, 33.000000, 1718896, 2101280, 128096
free, 64, 38.000000, 1718416, 2101280, 128096
free, 64, 40.000000, 1717936, 2101280, 128096
free, 64, 32.000000, 1717456, 2101280, 128096
free, 64, 32.000000, 1716976, 2101280, 128096
free, 64, 38.000000, 1716496, 2101280, 128096
free, 64, 42.000000, 1716016, 2101280, 128096
free, 64, 36.000000, 1715536, 2101280, 128096
free, 64, 38.000000, 1715056, 2101280, 128096
free, 64, 34.000000, 1714576, 2101280, 128096
free, 64, 41.000000, 1714096, 2101280, 128096
free, 64, 32.000000, 1713616, 2101280, 128096
free, 64, 31.000000, 1713136, 2101280, 128096
free, 64, 38.000000, 1712656, 2101280, 128096
free, 64, 34.000000, 1712176, 2101280, 128096
free, 64, 38.000000, 1711696, 2101280, 128096
free, 64, 38.000000, 1711216, 2101280, 128096
free, 64, 32.000000, 1710736, 2101280, 128096
free, 64, 34.000000, 1710256, 2101280, 128096
free, 64, 37.000000, 1709776, 2101280, 128096
free, 64, 38.000000, 1709296, 2101280, 128096
free, 64, 33.000000, 1708816, 2101280, 128096
free, 64, 37.000000, 1708336, 2101280, 128096
free, 64, 38.000000, 1707856, 2101280, 128096
free, 64, 38.000000, 1707376, 2101280, 128096
free, 64, 34.000000, 1706896, 2101280, 128096
free, 64, 41.000000, 1706416, 2101280, 128096
free, 64, 35.000000, 1705936, 2101280, 128096
free, 64, 33.000000, 1705456, 2101280, 128096
free, 64, 38.000000, 1704976, 2101280, 128096
free, 64, 42.000000, 1704496, 2101280, 128096
free, 64, 34.000000, 1704016, 2101280, 128096
free, 64, 32.000000, 1703536, 2101280, 128096
free, 64, 39.000000, 1703056, 2101280, 128096
free, 64, 38.000000, 1702576, 2101280, 128096
free, 64, 38.000000, 1702096, 2101280, 128096
free, 64, 37.000000, 1701616, 2101280, 128096
free, 64, 31.000000, 1701136, 2101280, 128096
free, 64, 34.000000, 1700656, 2101280, 128096
free, 64, 38.000000, 1700176, 2101280, 128096
free, 64, 39.000000, 1699696, 2101280, 128096
free, 64, 33.000000, 1699216, 2101280, 128096
free, 64, 34.000000, 1698736, 2101280, 128096
free, 64, 38.000000, 1698256, 2101280, 128096
free, 64, 38.000000, 1697776, 2101280, 128096
free, 64, 33.000000, 1697296, 2101280, 128096
free, 64, 37.000000, 1696816, 2101280, 128096
free, 64, 33.000000, 1696336, 2101280, 128096
free, 64, 34.000000, 1695856, 2101280, 128096
free, 64, 38.000000, 1695376, 2101280, 128096
free, 64, 36.000000, 1694896, 2101280, 128096
free, 64, 37.000000, 1694416, 2101280, 128096
free, 64, 38.000000, 1693936, 2101280, 128096
free, 64, 33.000000, 1693456, 2101280, 128096
free, 64, 37.000000, 1692976, 2101280, 128096
free, 64, 39.000000, 1692496, 2101280, 128096
free, 64, 40.000000, 1692016, 2101280, 128096
free, 64, 33.000000, 1691536, 2101280, 128096
free, 64, 38.000000, 1691056, 2101280, 128096
free, 64, 39.000000, 1690576, 2101280, 128096
free, 64, 37.000000, 1690096, 2101280, 128096
free, 64, 33.000000, 1689616, 2101280, 128096
free, 64, 42.000000, 1689136, 2101280, 128096
free, 64, 30.000000, 1688656, 2101280, 128096
free, 64, 34.000000, 1688176, 2101280, 128096
free, 64, 37.000000, 1687696, 2101280, 128096
free, 64, 40.000000, 1687216, 2101280, 128096
free, 64, 32.000000, 1686736, 2101280, 128096
free, 64, 33.000000, 1686256, 2101280, 128096
free, 64, 35.000000, 1685776, 2101280, 128096
free, 64, 42.000000, 1685296, 2101280, 128096
free, 64, 31.000000, 1684816, 2101280, 128096
free, 64, 30.000000, 1684336, 2101280, 128096
free, 64, 36.000000, 1683856, 2101280, 128096
free, 64, 40.000000, 1683376, 2101280, 128096
free, 64, 32.000000, 1682896, 2101280, 128096
free, 64, 33.000000, 1682416, 2101280, 128096
free, 64, 39.000000, 1681936, 2101280, 128096
free, 64, 35.000000, 1681456, 2101280, 128096
free, 64, 39.000000, 1680976, 2101280, 128096
free, 64, 38.000000, 1680496, 2101280, 128096
free, 64, 32.000000, 1680016, 2101280, 128096
free, 64, 35.000000, 1679536, 2101280, 128096
free, 64, 37.000000, 1679056, 2101280, 128096
free, 64, 38.000000, 1678576, 2101280, 128096
free, 64, 32.000000, 1678096, 2101280, 128096
free, 64, 39.000000, 1677616, 2101280, 128096
free, 64, 32.000000, 1677136, 2101280, 128096
free, 64, 32.000000, 1676656, 2101280, 128096
free, 64, 37.000000, 1676176, 2101280, 128096
free, 64, 40.000000, 1675696, 2101280, 128096
free, 64, 33.000000, 1675216, 2101280, 128096
free, 64, 32.000000, 1674736, 2101280, 128096
free, 64, 37.000000, 1674256, 2101280, 128096
free, 64, 34.000000, 1673776, 2101280, 128096
free, 64, 39.000000, 1673296, 2101280, 128096
free, 64, 38.000000, 1672816, 2101280, 128096
free, 64, 32.000000, 1672336, 2101280, 128096
free, 64, 30.000000, 1671856, 2101280, 128096
free, 64, 30.000000, 1671376, 2101280, 128096
free, 64, 30.000000, 1670896, 2101280, 128096
free, 64, 25.000000, 1670416, 2101280, 128096
free, 64, 39.000000, 1669936, 2101280, 128096
free, 64, 33.000000, 1669456, 2101280, 128096
free, 64, 31.000000, 1668976, 2101280, 128096
free, 64, 37.000000, 1668496, 2101280, 128096
free, 64, 36.000000, 1668016, 2101280, 128096
free, 64, 38.000000, 1667536, 2101280, 128096
free, 64, 40.000000, 1667056, 2101280, 128096
free, 64, 33.000000, 1666576, 2101280, 128096
free, 64, 41.000000, 1666096, 2101280, 128096
free, 64, 32.000000, 1665616, 2101280, 128096
free, 64, 32.000000, 1665136, 2101280, 128096
free, 64, 37.000000, 1664656, 2101280, 128096
free, 64, 34.000000, 1664176, 2101280, 128096
free, 64, 37.000000, 1663696, 2101280, 128096
free, 64, 37.000000, 1663216, 2101280, 128096
free, 64, 32.000000, 1662736, 2101280, 128096
free, 64, 35.000000, 1662256, 2101280, 128096
free, 64, 41.000000, 1661776, 2101280, 128096
free, 64, 39.000000, 1661296, 2101280, 128096
free, 64, 33.000000, 1660816, 2101280, 128096
free, 64, 42.000000, 1660336, 2101280, 128096
free, 64, 32.000000, 1659856, 2101280, 128096
free, 64, 32.000000, 1659376, 2101280, 128096
free, 64, 39.000000, 1658896, 2101280, 128096
free, 64, 34.000000, 1658416, 2101280, 128096
free, 64, 38.000000, 1657936, 2101280, 128096
free, 64, 38.000000, 1657456, 2101280, 128096
free, 64, 33.000000, 1656976, 2101280, 128096
free, 64, 35.000000, 1656496, 2101280, 128096
free, 64, 37.000000, 1656016, 2101280, 128096
free, 64, 37.000000, 1655536, 2101280, 128096
free, 64, 32.000000, 1655056, 2101280, 128096
free, 64, 39.000000, 1654576, 2101280, 128096
free, 64, 34.000000, 1654096, 2101280, 128096
free, 64, 34.000000, 1653616, 2101280, 128096
free, 64, 39.000000, 1653136, 2101280, 128096
free, 64, 39.000000, 1652656, 2101280, 128096
free, 64, 32.000000, 1652176, 2101280, 128096
free, 64, 31.000000, 1651696, 2101280, 128096
free, 64, 36.000000, 1651216, 2101280, 128096
free, 64, 40.000000, 1650736, 2101280, 128096
free, 64, 30.000000, 1650256, 2101280, 128096
free, 64, 32.000000, 1649776, 2101280, 128096
free, 64, 36.000000, 1649296, 2101280, 128096
free, 64, 41.000000, 1648816, 2101280, 128096
free, 64, 33.000000, 1648336, 2101280, 128096
free, 64, 32.000000, 1647856, 2101280, 128096
free, 64, 38.000000, 1647376, 2101280, 128096
free, 64, 35.000000, 1646896, 2101280, 128096
free, 64, 38.000000, 1646416, 2101280, 128096
free, 64, 37.000000, 1645936, 2101280, 128096
free, 64, 33.000000, 1645456, 2101280, 128096
free, 64, 39.000000, 1644976, 2101280, 128096
free, 64, 32.000000, 1644496, 2101280, 128096
free, 64, 33.000000, 1644016, 2101280, 128096
free, 64, 38.000000, 1643536, 2101280, 128096
free, 64, 41.000000, 1643056, 2101280, 128096
free, 64, 33.000000, 1642576, 2101280, 128096
free, 64, 34.000000, 1642096, 2101280, 128096
free, 64, 38.000000, 1641616, 2101280, 128096
free, 64, 34.000000, 1641136, 2101280, 128096
free, 64, 27.000000, 1640656, 2101280, 128096
free, 64, 33.000000, 1640176, 2101280, 128096
free, 64, 38.000000, 1639696, 2101280, 128096
free, 64, 41.000000, 1639216, 2101280, 128096
free, 64, 32.000000, 1638736, 2101280, 128096
free, 64, 32.000000, 1638256, 2101280, 128096
free, 64, 38.000000, 1637776, 2101280, 128096
free, 64, 38.000000, 1637296, 2101280, 128096
free, 64, 33.000000, 1636816, 2101280, 128096
free, 64, 30.000000, 1636336, 2101280, 128096
free, 64, 37.000000, 1635856, 2101280, 128096
free, 64, 35.000000, 1635376, 2101280, 128096
free, 64, 38.000000, 1634896, 2101280, 128096
free, 64, 39.000000, 1634416, 2101280, 128096
free, 64, 31.000000, 1633936, 2101280, 128096
free, 64, 41.000000, 1633456, 2101280, 128096
free, 64, 33.000000, 1632976, 2101280, 128096
free, 64, 31.000000, 1632496, 2101280, 128096
free, 64, 37.000000, 1632016, 2101280, 128096
free, 64, 50.000000, 1631536, 2101280, 128096
free, 64, 33.000000, 1631056, 2101280, 128096
free, 64, 33.000000, 1630576, 2101280, 128096
free, 64, 38.000000, 1630096, 2101280, 128096
free, 64, 39.000000, 1629616, 2101280, 128096
free, 64, 32.000000, 1629136, 2101280, 128096
free, 64, 33.000000, 1628656, 2101280, 128096
free, 64, 37.000000, 1628176, 2101280, 128096
free, 64, 41.000000, 1627696, 2101280, 128096
free, 64, 32.000000, 1627216, 2101280, 128096
free, 64, 34.000000, 1626736, 2101280, 128096
free, 64, 38.000000, 1626256, 2101280, 128096
free, 64, 43.000000, 1625776, 2101280, 128096
free, 64, 33.000000, 1625296, 2101280, 128096
free, 64, 32.000000, 1624816, 2101280, 128096
free, 64, 37.000000, 1624336, 2101280, 128096
free, 64, 40.000000, 1623856, 2101280, 128096
free, 64, 31.000000, 1623376, 2101280, 128096
free, 64, 33.000000, 1622896, 2101280, 128096
free, 64, 37.000000, 1622416, 2101280, 128096
free, 64, 42.000000, 1621936, 2101280, 128096
free, 64, 32.000000, 1621456, 2101280, 128096
free, 64, 32.000000, 1620976, 2101280, 128096
free, 64, 39.000000, 1620496, 2101280, 128096
free, 64, 40.000000, 1620016, 2101280, 128096
free, 64, 32.000000, 1619536, 2101280, 128096
free, 64, 32.000000, 1619056, 2101280, 128096
free, 64, 37.000000, 1618576, 2101280, 128096
free, 64, 40.000000, 1618096, 2101280, 128096
free, 64, 34.000000, 1617616, 2101280, 128096
free, 64, 30.000000, 1617136, 2101280, 128096
free, 64, 38.000000, 1616656, 2101280, 128096
free, 64, 35.000000, 1616176, 2101280, 128096
free, 64, 37.000000, 1615696, 2101280, 128096
free, 64, 38.000000, 1615216, 2101280, 128096
free, 64, 31.000000, 1614736, 2101280, 128096
free, 64, 43.000000, 1614256, 2101280, 128096
free, 64, 34.000000, 1613776, 2101280, 128096
free, 64, 33.000000, 1613296, 2101280, 128096
free, 64, 39.000000, 1612816, 2101280, 128096
free, 64, 36.000000, 1612336, 2101280, 128096
free, 64, 38.000000, 1611856, 2101280, 128096
free, 64, 38.000000, 1611376, 2101280, 128096
free, 64, 33.000000, 1610896, 2101280, 128096
free, 64, 41.000000, 1610416, 2101280, 128096
free, 64, 30.000000, 1609936, 2101280, 128096
free, 64, 32.000000, 1609456, 2101280, 128096
free, 64, 39.000000, 1608976, 2101280, 128096
free, 64, 40.000000, 1608496, 2101280, 128096
free, 64, 32.000000, 1608016, 2101280, 128096
free, 64, 32.000000, 1607536, 2101280, 128096
free, 64, 38.000000, 1607056, 2101280, 128096
free, 64, 44.000000, 1606576, 2101280, 128096
free, 64, 33.000000, 1606096, 2101280, 128096
free, 64, 31.000000, 1605616, 2101280, 128096
free, 64, 39.000000, 1605136, 2101280, 128096
free, 64, 38.000000, 1604656, 2101280, 128096
free, 64, 33.000000, 1604176, 2101280, 128096
free, 64, 32.000000, 1603696, 2101280, 128096
free, 64, 39.000000, 1603216, 2101280, 128096
free, 64, 34.000000, 1602736, 2101280, 128096
free, 64, 39.000000, 1602256, 2101280, 128096
free, 64, 38.000000, 1601776, 2101280, 128096
free, 64, 32.000000, 1601296, 2101280, 128096
free, 64, 35.000000, 1600816, 2101280, 128096
free, 64, 37.000000, 1600336, 2101280, 128096
free, 64, 37.000000, 1599856, 2101280, 128096
free, 64, 33.000000, 1599376, 2101280, 128096
free, 64, 41.000000, 1598896, 2101280, 128096
free, 64, 34.000000, 1598416, 2101280, 128096
free, 64, 32.000000, 1597936, 2101280, 128096
free, 64, 36.000000, 1597456, 2101280, 128096
free, 64, 41.000000, 1596976, 2101280, 128096
free, 64, 33.000000, 1596496, 2101280, 128096
free, 64, 32.000000, 1596016, 2101280, 128096
free, 64, 38.000000, 1595536, 2101280, 128096
free, 64, 35.000000, 1595056, 2101280, 128096
free, 64, 39.000000, 1594576, 2101280, 128096
free, 64, 39.000000, 1594096, 2101280, 128096
free, 64, 32.000000, 1593616, 2101280, 128096
free, 64, 91.000000, 1593136, 2101280, 128096
free, 64, 31.000000, 1592656, 2101280, 128096
free, 64, 31.000000, 1592176, 2101280, 128096
free, 64, 39.000000, 1591696, 2101280, 128096
free, 64, 35.000000, 1591216, 2101280, 128096
free, 64, 38.000000, 1590736, 2101280, 128096
free, 64, 39.000000, 1590256, 2101280, 128096
free, 64, 32.000000, 1589776, 2101280, 128096
free, 64, 36.000000, 1589296, 2101280, 128096
free, 64, 38.000000, 1588816, 2101280, 128096
free, 64, 38.000000, 1588336, 2101280, 128096
free, 64, 31.000000, 1587856, 2101280, 128096
free, 64, 35.000000, 1587376, 2101280, 128096
free, 64, 36.000000, 1586896, 2101280, 128096
free, 64, 38.000000, 1586416, 2101280, 128096
free, 64, 31.000000, 1585936, 2101280, 128096
free, 64, 42.000000, 1585456, 2101280, 128096
free, 64, 34.000000, 1584976, 2101280, 128096
free, 64, 33.000000, 1584496, 2101280, 128096
free, 64, 37.000000, 1584016, 2101280, 128096
free, 64, 41.000000, 1583536, 2101280, 128096
free, 64, 33.000000, 1583056, 2101280, 128096
free, 64, 32.000000, 1582576, 2101280, 128096
free, 64, 36.000000, 1582096, 2101280, 128096
free, 64, 40.000000, 1581616, 2101280, 128096
free, 64, 31.000000, 1581136, 2101280, 128096
free, 64, 36.000000, 1580656, 2101280, 128096
free, 64, 37.000000, 1580176, 2101280, 128096
free, 64, 40.000000, 1579696, 2101280, 128096
free, 64, 32.000000, 1579216, 2101280, 128096
free, 64, 33.000000, 1578736, 2101280, 128096
free, 64, 36.000000, 1578256, 2101280, 128096
free, 64, 34.000000, 1577776, 2101280, 128096
free, 64, 38.000000, 1577296, 2101280, 128096
free, 64, 39.000000, 1576816, 2101280, 128096
free, 64, 33.000000, 1576336, 2101280, 128096
free, 64, 39.000000, 1575856, 2101280, 128096
free, 64, 31.000000, 1575376, 2101280, 128096
free, 64, 33.000000, 1574896, 2101280, 128096
free, 64, 37.000000, 1574416, 2101280, 128096
free, 64, 35.000000, 1573936, 2101280, 128096
free, 64, 37.000000, 1573456, 2101280, 128096
free, 64, 38.000000, 1572976, 2101280, 128096
free, 64, 33.000000, 1572496, 2101280, 128096
free, 64, 36.000000, 1572016, 2101280, 128096
free, 64, 37.000000, 1571536, 2101280, 128096
free, 64, 38.000000, 1571056, 2101280, 128096
free, 64, 31.000000, 1570576, 2101280, 128096
free, 64, 44.000000, 1570096, 2101280, 128096
free, 64, 36.000000, 1569616, 2101280, 128096
free, 64, 38.000000, 1569136, 2101280, 128096
free, 64, 31.000000, 1568656, 2101280, 128096
free, 64, 41.000000, 1568176, 2101280, 128096
free, 64, 33.000000, 1567696, 2101280, 128096
free, 64, 31.000000, 1567216, 2101280, 128096
free, 64, 39.000000, 1566736, 2101280, 128096
free, 64, 40.000000, 1566256, 2101280, 128096
free, 64, 32.000000, 1565776, 2101280, 128096
free, 64, 33.000000, 1565296, 2101280, 128096
free, 64, 40.000000, 1564816, 2101280, 128096
free, 64, 35.000000, 1564336, 2101280, 128096
free, 64, 41.000000, 1563856, 2101280, 128096
free, 64, 39.000000, 1563376, 2101280, 128096
free, 64, 31.000000, 1562896, 2101280, 128096
free, 64, 40.000000, 1562416, 2101280, 128096
free, 64, 34.000000, 1561936, 2101280, 128096
free, 64, 33.000000, 1561456, 2101280, 128096
free, 64, 38.000000, 1560976, 2101280, 128096
free, 64, 34.000000, 1560496, 2101280, 128096
free, 64, 40.000000, 1560016, 2101280, 128096
free, 64, 36.000000, 1559536, 2101280, 128096
free, 64, 29.000000, 1559056, 2101280, 128096
free, 64, 41.000000, 1558576, 2101280, 128096
free, 64, 32.000000, 1558096, 2101280, 128096
free, 64, 31.000000, 1557616, 2101280, 128096
free, 64, 38.000000, 1557136, 2101280, 128096
free, 64, 40.000000, 1556656, 2101280, 128096
free, 64, 32.000000, 1556176, 2101280, 128096
free, 64, 33.000000, 1555696, 2101280, 128096
free, 64, 38.000000, 1555216, 2101280, 128096
free, 64, 35.000000, 1554736, 2101280, 128096
free, 64, 37.000000, 1554256, 2101280, 128096
free, 64, 38.000000, 1553776, 2101280, 128096
free, 64, 33.000000, 1553296, 2101280, 128096
free, 64, 40.000000, 1552816, 2101280, 128096
free, 64, 31.000000, 1552336, 2101280, 128096
free, 64, 32.000000, 1551856, 2101280, 128096
free, 64, 38.000000, 1551376, 2101280, 128096
free, 64, 36.000000, 1550896, 2101280, 128096
free, 64, 35.000000, 1550416, 2101280, 128096
free, 64, 37.000000, 1549936, 2101280, 128096
free, 64, 31.000000, 1549456, 2101280, 128096
free, 64, 36.000000, 1548976, 2101280, 128096
free, 64, 37.000000, 1548496, 2101280, 128096
free, 64, 38.000000, 1548016, 2101280, 128096
free, 64, 34.000000, 1547536, 2101280, 128096
free, 64, 36.000000, 1547056, 2101280, 128096
free, 64, 38.000000, 1546576, 2101280, 128096
free, 64, 39.000000, 1546096, 2101280, 128096
free, 64, 34.000000, 1545616, 2101280, 128096
free, 64, 42.000000, 1545136, 2101280, 128096
free, 64, 33.000000, 1544656, 2101280, 128096
free, 64, 33.000000, 1544176, 2101280, 128096
free, 64, 38.000000, 1543696, 2101280, 128096
free, 64, 41.000000, 1543216, 2101280, 128096
free, 64, 33.000000, 1542736, 2101280, 128096
free, 64, 34.000000, 1542256, 2101280, 128096
free, 64, 37.000000, 1541776, 2101280, 128096
free, 64, 37.000000, 1541296, 2101280, 128096
free, 64, 37.000000, 1540816, 2101280, 128096
free, 64, 37.000000, 1540336, 2101280, 128096
free, 64, 35.000000, 1539856, 2101280, 128096
free, 64, 35.000000, 1539376, 2101280, 128096
free, 64, 38.000000, 1538896, 2101280, 128096
free, 64, 38.000000, 1538416, 2101280, 128096
free, 64, 34.000000, 1537936, 2101280, 128096
free, 64, 42.000000, 1537456, 2101280, 128096
free, 64, 33.000000, 1536976, 2101280, 128096
free, 64, 31.000000, 1536496, 2101280, 128096
free, 64, 40.000000, 1536016, 2101280, 128096
free, 64, 34.000000, 1535536, 2101280, 128096
free, 64, 39.000000, 1535056, 2101280, 128096
free, 64, 36.000000, 1534576, 2101280, 128096
free, 64, 31.000000, 1534096, 2101280, 128096
free, 64, 41.000000, 1533616, 2101280, 128096
free, 64, 33.000000, 1533136, 2101280, 128096
free, 64, 33.000000, 1532656, 2101280, 128096
free, 64, 38.000000, 1532176, 2101280, 128096
free, 64, 41.000000, 1531696, 2101280, 128096
free, 64, 31.000000, 1531216, 2101280, 128096
free, 64, 31.000000, 1530736, 2101280, 128096
free, 64, 39.000000, 1530256, 2101280, 128096
free, 64, 34.000000, 1529776, 2101280, 128096
free, 64, 37.000000, 1529296, 2101280, 128096
free, 64, 38.000000, 1528816, 2101280, 128096
free, 64, 31.000000, 1528336, 2101280, 128096
free, 64, 35.000000, 1527856, 2101280, 128096
free, 64, 38.000000, 1527376, 2101280, 128096
free, 64, 37.000000, 1526896, 2101280, 128096
free, 64, 31.000000, 1526416, 2101280, 128096
free, 64, 34.000000, 1525936, 2101280, 128096
free, 64, 36.000000, 1525456, 2101280, 128096
free, 64, 36.000000, 1524976, 2101280, 128096
free, 64, 34.000000, 1524496, 2101280, 128096
free, 64, 37.000000, 1524016, 2101280, 128096
free, 64, 37.000000, 1523536, 2101280, 128096
free, 64, 40.000000, 1523056, 2101280, 128096
free, 64, 32.000000, 1522576, 2101280, 128096
free, 64, 35.000000, 1522096, 2101280, 128096
free, 64, 37.000000, 1521616, 2101280, 128096
free, 64, 40.000000, 1521136, 2101280, 128096
free, 64, 34.000000, 1520656, 2101280, 128096
free, 64, 36.000000, 1520176, 2101280, 128096
free, 64, 38.000000, 1519696, 2101280, 128096
free, 64, 38.000000, 1519216, 2101280, 128096
free, 64, 32.000000, 1518736, 2101280, 128096
free, 64, 39.000000, 1518256, 2101280, 128096
free, 64, 33.000000, 1517776, 2101280, 128096
free, 64, 32.000000, 1517296, 2101280, 128096
free, 64, 38.000000, 1516816, 2101280, 128096
free, 64, 35.000000, 1516336, 2101280, 128096
free, 64, 37.000000, 1515856, 2101280, 128096
free, 64, 38.000000, 1515376, 2101280, 128096
free, 64, 33.000000, 1514896, 2101280, 128096
free, 64, 40.000000, 1514416, 2101280, 128096
free, 64, 32.000000, 1513936, 2101280, 128096
free, 64, 32.000000, 1513456, 2101280, 128096
free, 64, 37.000000, 1512976, 2101280, 128096
free, 64, 40.000000, 1512496, 2101280, 128096
free, 64, 33.000000, 1512016, 2101280, 128096
free, 64, 32.000000, 1511536, 2101280, 128096
free, 64, 37.000000, 1511056, 2101280, 128096
free, 64, 36.000000, 1510576, 2101280, 128096
free, 64, 39.000000, 1510096, 2101280, 128096
free, 64, 38.000000, 1509616, 2101280, 128096
free, 64, 31.000000, 1509136, 2101280, 128096
free, 64, 35.000000, 1508656, 2101280, 128096
free, 64, 39.000000, 1508176, 2101280, 128096
free, 64, 39.000000, 1507696, 2101280, 128096
free, 64, 31.000000, 1507216, 2101280, 128096
free, 64, 42.000000, 1506736, 2101280, 128096
free, 64, 32.000000, 1506256, 2101280, 128096
free, 64, 34.000000, 1505776, 2101280, 128096
free, 64, 38.000000, 1505296, 2101280, 128096
free, 64, 42.000000, 1504816, 2101280, 128096
free, 64, 31.000000, 1504336, 2101280, 128096
free, 64, 33.000000, 1503856, 2101280, 128096
free, 64, 38.000000, 1503376, 2101280, 128096
free, 64, 40.000000, 1502896, 2101280, 128096
free, 64, 30.000000, 1502416, 2101280, 128096
free, 64, 31.000000, 1501936, 2101280, 128096
free, 64, 35.000000, 1501456, 2101280, 128096
free, 64, 38.000000, 1500976, 2101280, 128096
free, 64, 32.000000, 1500496, 2101280, 128096
free, 64, 32.000000, 1500016, 2101280, 128096
free, 64, 38.000000, 1499536, 2101280, 128096
free, 64, 36.000000, 1499056, 2101280, 128096
free, 64, 36.000000, 1498576, 2101280, 128096
free, 64, 38.000000, 1498096, 2101280, 128096
free, 64, 31.000000, 1497616, 2101280, 128096
free, 64, 33.000000, 1497136, 2101280, 128096
free, 64, 36.000000, 1496656, 2101280, 128096
free, 64, 36.000000, 1496176, 2101280, 128096
free, 64, 31.000000, 1495696, 2101280, 128096
free, 64, 41.000000, 1495216, 2101280, 128096
free, 64, 33.000000, 1494736, 2101280, 128096
free, 64, 31.000000, 1494256, 2101280, 128096
free, 64, 38.000000, 1493776, 2101280, 128096
free, 64, 35.000000, 1493296, 2101280, 128096
free, 64, 38.000000, 1492816, 2101280, 128096
free, 64, 35.000000, 1492336, 2101280, 128096
free, 64, 32.000000, 1491856, 2101280, 128096
free, 64, 34.000000, 1491376, 2101280, 128096
free, 64, 38.000000, 1490896, 2101280, 128096
free, 64, 40.000000, 1490416, 2101280, 128096
free, 64, 31.000000, 1489936, 2101280, 128096
free, 64, 41.000000, 1489456, 2101280, 128096
free, 64, 34.000000, 1488976, 2101280, 128096
free, 64, 31.000000, 1488496, 2101280, 128096
free, 64, 36.000000, 1488016, 2101280, 128096
free, 64, 42.000000, 1487536, 2101280, 128096
free, 64, 33.000000, 1487056, 2101280, 128096
free, 64, 31.000000, 1486576, 2101280, 128096
free, 64, 40.000000, 1486096, 2101280, 128096
free, 64, 43.000000, 1485616, 2101280, 128096
free, 64, 37.000000, 1485136, 2101280, 128096
free, 64, 38.000000, 1484656, 2101280, 128096
free, 64, 31.000000, 1484176, 2101280, 128096
free, 64, 35.000000, 1483696, 2101280, 128096
free, 64, 38.000000, 1483216, 2101280, 128096
free, 64, 37.000000, 1482736, 2101280, 128096
free, 64, 32.000000, 1482256, 2101280, 128096
free, 64, 41.000000, 1481776, 2101280, 128096
free, 64, 38.000000, 1481296, 2101280, 128096
free, 64, 37.000000, 1480816, 2101280, 128096
free, 64, 32.000000, 1480336, 2101280, 128096
free, 64, 36.000000, 1479856, 2101280, 128096
free, 64, 39.000000, 1479376, 2101280, 128096
free, 64, 38.000000, 1478896, 2101280, 128096
free, 64, 34.000000, 1478416, 2101280, 128096
free, 64, 43.000000, 1477936, 2101280, 128096
free, 64, 38.000000, 1477456, 2101280, 128096
free, 64, 37.000000, 1476976, 2101280, 128096
free, 64, 32.000000, 1476496, 2101280, 128096
free, 64, 36.000000, 1476016, 2101280, 128096
free, 64, 39.000000, 1475536, 2101280, 128096
free, 64, 36.000000, 1475056, 2101280, 128096
free, 64, 32.000000, 1474576, 2101280, 128096
free, 64, 47.000000, 1474096, 2101280, 128096
free, 64, 32.000000, 1473616, 2101280, 128096
free, 64, 33.000000, 1473136, 2101280, 128096
free, 64, 37.000000, 1472656, 2101280, 128096
free, 64, 51.000000, 1472176, 2101280, 128096
free, 64, 32.000000, 1471696, 2101280, 128096
free, 64, 33.000000, 1471216, 2101280, 128096
free, 64, 38.000000, 1470736, 2101280, 128096
free, 64, 50.000000, 1470256, 2101280, 128096
free, 64, 31.000000, 1469776, 2101280, 128096
free, 64, 32.000000, 1469296, 2101280, 128096
free, 64, 38.000000, 1468816, 2101280, 128096
free, 64, 39.000000, 1468336, 2101280, 128096
free, 64, 37.000000, 1467856, 2101280, 128096
free, 64, 37.000000, 1467376, 2101280, 128096
free, 64, 31.000000, 1466896, 2101280, 128096
free, 64, 41.000000, 1466416, 2101280, 128096
free, 64, 31.000000, 1465936, 2101280, 128096
free, 64, 33.000000, 1465456, 2101280, 128096
free, 64, 38.000000, 1464976, 2101280, 128096
free, 64, 36.000000, 1464496, 2101280, 128096
free, 64, 38.000000, 1464016, 2101280, 128096
free, 64, 35.000000, 1463536, 2101280, 128096
free, 64, 32.000000, 1463056, 2101280, 128096
free, 64, 37.000000, 1462576, 2101280, 128096
free, 64, 37.000000, 1462096, 2101280, 128096
free, 64, 36.000000, 1461616, 2101280, 128096
free, 64, 30.000000, 1461136, 2101280, 128096
free, 64, 35.000000, 1460656, 2101280, 128096
free, 64, 36.000000, 1460176, 2101280, 128096
free, 64, 39.000000, 1459696, 2101280, 128096
free, 64, 32.000000, 1459216, 2101280, 128096
free, 64, 40.000000, 1458736, 2101280, 128096
free, 64, 33.000000, 1458256, 2101280, 128096
free, 64, 33.000000, 1457776, 2101280, 128096
free, 64, 35.000000, 1457296, 2101280, 128096
free, 64, 42.000000, 1456816, 2101280, 128096
free, 64, 32.000000, 1456336, 2101280, 128096
free, 64, 33.000000, 1455856, 2101280, 128096
free, 64, 37.000000, 1455376, 2101280, 128096
free, 64, 36.000000, 1454896, 2101280, 128096
free, 64, 40.000000, 1454416, 2101280, 128096
free, 64, 36.000000, 1453936, 2101280, 128096
free, 64, 33.000000, 1453456, 2101280, 128096
free, 64, 38.000000, 1452976, 2101280, 128096
free, 64, 38.000000, 1452496, 2101280, 128096
free, 64, 37.000000, 1452016, 2101280, 128096
free, 64, 33.000000, 1451536, 2101280, 128096
free, 64, 41.000000, 1451056, 2101280, 128096
free, 64, 33.000000, 1450576, 2101280, 128096
free, 64, 35.000000, 1450096, 2101280, 128096
free, 64, 39.000000, 1449616, 2101280, 128096
free, 64, 41.000000, 1449136, 2101280, 128096
free, 64, 32.000000, 1448656, 2101280, 128096
free, 64, 33.000000, 1448176, 2101280, 128096
free, 64, 37.000000, 1447696, 2101280, 128096
free, 64, 40.000000, 1447216, 2101280, 128096
free, 64, 32.000000, 1446736, 2101280, 128096
free, 64, 33.000000, 1446256, 2101280, 128096
free, 64, 37.000000, 1445776, 2101280, 128096
free, 64, 42.000000, 1445296, 2101280, 128096
free, 64, 30.000000, 1444816, 2101280, 128096
free, 64, 33.000000, 1444336, 2101280, 128096
free, 64, 39.000000, 1443856, 2101280, 128096
free, 64, 35.000000, 1443376, 2101280, 128096
free, 64, 36.000000, 1442896, 2101280, 128096
free, 64, 37.000000, 1442416, 2101280, 128096
free, 64, 32.000000, 1441936, 2101280, 128096
free, 64, 41.000000, 1441456, 2101280, 128096
free, 64, 33.000000, 1440976, 2101280, 128096
free, 64, 31.000000, 1440496, 2101280, 128096
free, 64, 38.000000, 1440016, 2101280, 128096
free, 64, 36.000000, 1439536, 2101280, 128096
free, 64, 38.000000, 1439056, 2101280, 128096
free, 64, 38.000000, 1438576, 2101280, 128096
free, 64, 33.000000, 1438096, 2101280, 128096
free, 64, 41.000000, 1437616, 2101280, 128096
free, 64, 31.000000, 1437136, 2101280, 128096
free, 64, 32.000000, 1436656, 2101280, 128096
free, 64, 38.000000, 1436176, 2101280, 128096
free, 64, 36.000000, 1435696, 2101280, 128096
free, 64, 38.000000, 1435216, 2101280, 128096
free, 64, 39.000000, 1434736, 2101280, 128096
free, 64, 32.000000, 1434256, 2101280, 128096
free, 64, 42.000000, 1433776, 2101280, 128096
free, 64, 29.000000, 1433296, 2101280, 128096
free, 64, 33.000000, 1432816, 2101280, 128096
free, 64, 39.000000, 1432336, 2101280, 128096
free, 64, 37.000000, 1431856, 2101280, 128096
free, 64, 38.000000, 1431376, 2101280, 128096
free, 64, 36.000000, 1430896, 2101280, 128096
free, 64, 32.000000, 1430416, 2101280, 128096
free, 64, 35.000000, 1429936, 2101280, 128096
free, 64, 38.000000, 1429456, 2101280, 128096
free, 64, 38.000000, 1428976, 2101280, 128096
free, 64, 33.000000, 1428496, 2101280, 128096
free, 64, 34.000000, 1428016, 2101280, 128096
free, 64, 37.000000, 1427536, 2101280, 128096
free, 64, 37.000000, 1427056, 2101280, 128096
free, 64, 33.000000, 1426576, 2101280, 128096
free, 64, 42.000000, 1426096, 2101280, 128096
free, 64, 33.000000, 1425616, 2101280, 128096
free, 64, 26.000000, 1425136, 2101280, 128096
free, 64, 30.000000, 1424656, 2101280, 128096
free, 64, 41.000000, 1424176, 2101280, 128096
free, 64, 33.000000, 1423696, 2101280, 128096
free, 64, 23.000000, 1423216, 2101280, 128096
free, 64, 29.000000, 1422736, 2101280, 128096
free, 64, 36.000000, 1422256, 2101280, 128096
free, 64, 36.000000, 1421776, 2101280, 128096
free, 64, 38.000000, 1421296, 2101280, 128096
free, 64, 32.000000, 1420816, 2101280, 128096
free, 64, 41.000000, 1420336, 2101280, 128096
free, 64, 29.000000, 1419856, 2101280, 128096
free, 64, 33.000000, 1419376, 2101280, 128096
free, 64, 39.000000, 1418896, 2101280, 128096
free, 64, 40.000000, 1418416, 2101280, 128096
free, 64, 26.000000, 1417936, 2101280, 128096
free, 64, 32.000000, 1417456, 2101280, 128096
free, 64, 30.000000, 1416976, 2101280, 128096
free, 64, 31.000000, 1416496, 2101280, 128096
free, 64, 31.000000, 1416016, 2101280, 128096
free, 64, 33.000000, 1415536, 2101280, 128096
free, 64, 36.000000, 1415056, 2101280, 128096
free, 64, 36.000000, 1414576, 2101280, 128096
free, 64, 39.000000, 1414096, 2101280, 128096
free, 64, 39.000000, 1413616, 2101280, 128096
free, 64, 32.000000, 1413136, 2101280, 128096
free, 64, 41.000000, 1412656, 2101280, 128096
free, 64, 33.000000, 1412176, 2101280, 128096
free, 64, 33.000000, 1411696, 2101280, 128096
free, 64, 37.000000, 1411216, 2101280, 128096
free, 64, 35.000000, 1410736, 2101280, 128096
free, 64, 22.000000, 1410256, 2101280, 128096
free, 64, 31.000000, 1409776, 2101280, 128096
free, 64, 26.000000, 1409296, 2101280, 128096
free, 64, 41.000000, 1408816, 2101280, 128096
free, 64, 34.000000, 1408336, 2101280, 128096
free, 64, 33.000000, 1407856, 2101280, 128096
free, 64, 38.000000, 1407376, 2101280, 128096
free, 64, 35.000000, 1406896, 2101280, 128096
free, 64, 38.000000, 1406416, 2101280, 128096
free, 64, 39.000000, 1405936, 2101280, 128096
free, 64, 35.000000, 1405456, 2101280, 128096
free, 64, 39.000000, 1404976, 2101280, 128096
free, 64, 33.000000, 1404496, 2101280, 128096
free, 64, 31.000000, 1404016, 2101280, 128096
free, 64, 39.000000, 1403536, 2101280, 128096
free, 64, 39.000000, 1403056, 2101280, 128096
free, 64, 31.000000, 1402576, 2101280, 128096
free, 64, 32.000000, 1402096, 2101280, 128096
free, 64, 37.000000, 1401616, 2101280, 128096
free, 64, 40.000000, 1401136, 2101280, 128096
free, 64, 34.000000, 1400656, 2101280, 128096
free, 64, 33.000000, 1400176, 2101280, 128096
free, 64, 40.000000, 1399696, 2101280, 128096
free, 64, 36.000000, 1399216, 2101280, 128096
free, 64, 40.000000, 1398736, 2101280, 128096
free, 64, 37.000000, 1398256, 2101280, 128096
free, 64, 33.000000, 1397776, 2101280, 128096
free, 64, 36.000000, 1397296, 2101280, 128096
free, 64, 37.000000, 1396816, 2101280, 128096
free, 64, 38.000000, 1396336, 2101280, 128096
free, 64, 33.000000, 1395856, 2101280, 128096
free, 64, 40.000000, 1395376, 2101280, 128096
free, 64, 32.000000, 1394896, 2101280, 128096
free, 64, 27.000000, 1394416, 2101280, 128096
free, 64, 29.000000, 1393936, 2101280, 128096
free, 64, 35.000000, 1393456, 2101280, 128096
free, 64, 37.000000, 1392976, 2101280, 128096
free, 64, 39.000000, 1392496, 2101280, 128096
free, 64, 32.000000, 1392016, 2101280, 128096
free, 64, 40.000000, 1391536, 2101280, 128096
free, 64, 32.000000, 1391056, 2101280, 128096
free, 64, 33.000000, 1390576, 2101280, 128096
free, 64, 37.000000, 1390096, 2101280, 128096
free, 64, 35.000000, 1389616, 2101280, 128096
free, 64, 38.000000, 1389136, 2101280, 128096
free, 64, 38.000000, 1388656, 2101280, 128096
free, 64, 34.000000, 1388176, 2101280, 128096
free, 64, 36.000000, 1387696, 2101280, 128096
free, 64, 39.000000, 1387216, 2101280, 128096
free, 64, 36.000000, 1386736, 2101280, 128096
free, 64, 33.000000, 1386256, 2101280, 128096
free, 64, 47.000000, 1385776, 2101280, 128096
free, 64, 32.000000, 1385296, 2101280, 128096
free, 64, 32.000000, 1384816, 2101280, 128096
free, 64, 37.000000, 1384336, 2101280, 128096
free, 64, 35.000000, 1383856, 2101280, 128096
free, 64, 38.000000, 1383376, 2101280, 128096
free, 64, 39.000000, 1382896, 2101280, 128096
free, 64, 33.000000, 1382416, 2101280, 128096
free, 64, 35.000000, 1381936, 2101280, 128096
free, 64, 37.000000, 1381456, 2101280, 128096
free, 64, 38.000000, 1380976, 2101280, 128096
free, 64, 32.000000, 1380496, 2101280, 128096
free, 64, 42.000000, 1380016, 2101280, 128096
free, 64, 32.000000, 1379536, 2101280, 128096
free, 64, 32.000000, 1379056, 2101280, 128096
free, 64, 39.000000, 1378576, 2101280, 128096
free, 64, 36.000000, 1378096, 2101280, 128096
free, 64, 36.000000, 1377616, 2101280, 128096
free, 64, 38.000000, 1377136, 2101280, 128096
free, 64, 33.000000, 1376656, 2101280, 128096
free, 64, 38.000000, 1376176, 2101280, 128096
free, 64, 32.000000, 1375696, 2101280, 128096
free, 64, 34.000000, 1375216, 2101280, 128096
free, 64, 39.000000, 1374736, 2101280, 128096
free, 64, 36.000000, 1374256, 2101280, 128096
free, 64, 38.000000, 1373776, 2101280, 128096
free, 64, 37.000000, 1373296, 2101280, 128096
free, 64, 32.000000, 1372816, 2101280, 128096
free, 64, 37.000000, 1372336, 2101280, 128096
free, 64, 37.000000, 1371856, 2101280, 128096
free, 64, 40.000000, 1371376, 2101280, 128096
free, 64, 32.000000, 1370896, 2101280, 128096
free, 64, 43.000000, 1370416, 2101280, 128096
free, 64, 30.000000, 1369936, 2101280, 128096
free, 64, 35.000000, 1369456, 2101280, 128096
free, 64, 38.000000, 1368976, 2101280, 128096
free, 64, 36.000000, 1368496, 2101280, 128096
free, 64, 37.000000, 1368016, 2101280, 128096
free, 64, 38.000000, 1367536, 2101280, 128096
free, 64, 31.000000, 1367056, 2101280, 128096
free, 64, 41.000000, 1366576, 2101280, 128096
free, 64, 32.000000, 1366096, 2101280, 128096
free, 64, 34.000000, 1365616, 2101280, 128096
free, 64, 37.000000, 1365136, 2101280, 128096
free, 64, 35.000000, 1364656, 2101280, 128096
free, 64, 27.000000, 1364176, 2101280, 128096
free, 64, 29.000000, 1363696, 2101280, 128096
free, 64, 29.000000, 1363216, 2101280, 128096
free, 64, 41.000000, 1362736, 2101280, 128096
free, 64, 32.000000, 1362256, 2101280, 128096
free, 64, 34.000000, 1361776, 2101280, 128096
free, 64, 39.000000, 1361296, 2101280, 128096
free, 64, 41.000000, 1360816, 2101280, 128096
free, 64, 31.000000, 1360336, 2101280, 128096
free, 64, 33.000000, 1359856, 2101280, 128096
free, 64, 37.000000, 1359376, 2101280, 128096
free, 64, 42.000000, 1358896, 2101280, 128096
free, 64, 33.000000, 1358416, 2101280, 128096
free, 64, 33.000000, 1357936, 2101280, 128096
free, 64, 39.000000, 1357456, 2101280, 128096
free, 64, 39.000000, 1356976, 2101280, 128096
free, 64, 34.000000, 1356496, 2101280, 128096
free, 64, 32.000000, 1356016, 2101280, 128096
free, 64, 38.000000, 1355536, 2101280, 128096
free, 64, 41.000000, 1355056, 2101280, 128096
free, 64, 31.000000, 1354576, 2101280, 128096
free, 64, 34.000000, 1354096, 2101280, 128096
free, 64, 38.000000, 1353616, 2101280, 128096
free, 64, 40.000000, 1353136, 2101280, 128096
free, 64, 33.000000, 1352656, 2101280, 128096
free, 64, 32.000000, 1352176, 2101280, 128096
free, 64, 37.000000, 1351696, 2101280, 128096
free, 64, 40.000000, 1351216, 2101280, 128096
free, 64, 32.000000, 1350736, 2101280, 128096
free, 64, 32.000000, 1350256, 2101280, 128096
free, 64, 39.000000, 1349776, 2101280, 128096
free, 64, 41.000000, 1349296, 2101280, 128096
free, 64, 35.000000, 1348816, 2101280, 128096
free, 64, 32.000000, 1348336, 2101280, 128096
free, 64, 38.000000, 1347856, 2101280, 128096
free, 64, 55.000000, 1347376, 2101280, 128096
free, 64, 38.000000, 1346896, 2101280, 128096
free, 64, 38.000000, 1346416, 2101280, 128096
free, 64, 31.000000, 1345936, 2101280, 128096
free, 64, 40.000000, 1345456, 2101280, 128096
free, 64, 32.000000, 1344976, 2101280, 128096
free, 64, 33.000000, 1344496, 2101280, 128096
free, 64, 37.000000, 1344016, 2101280, 128096
free, 64, 35.000000, 1343536, 2101280, 128096
free, 64, 37.000000, 1343056, 2101280, 128096
free, 64, 37.000000, 1342576, 2101280, 128096
free, 64, 33.000000, 1342096, 2101280, 128096
free, 64, 36.000000, 1341616, 2101280, 128096
free, 64, 38.000000, 1341136, 2101280, 128096
free, 64, 39.000000, 1340656, 2101280, 128096
free, 64, 32.000000, 1340176, 2101280, 128096
free, 64, 35.000000, 1339696, 2101280, 128096
free, 64, 37.000000, 1339216, 2101280, 128096
free, 64, 37.000000, 1338736, 2101280, 128096
free, 64, 31.000000, 1338256, 2101280, 128096
free, 64, 35.000000, 1337776, 2101280, 128096
free, 64, 37.000000, 1337296, 2101280, 128096
free, 64, 35.000000, 1336816, 2101280, 128096
free, 64, 33.000000, 1336336, 2101280, 128096
free, 64, 35.000000, 1335856, 2101280, 128096
free, 64, 36.000000, 1335376, 2101280, 128096
free, 64, 38.000000, 1334896, 2101280, 128096
free, 64, 31.000000, 1334416, 2101280, 128096
free, 64, 41.000000, 1333936, 2101280, 128096
free, 64, 34.000000, 1333456, 2101280, 128096
free, 64, 32.000000, 1332976, 2101280, 128096
free, 64, 38.000000, 1332496, 2101280, 128096
free, 64, 40.000000, 1332016, 2101280, 128096
free, 64, 34.000000, 1331536, 2101280, 128096
free, 64, 31.000000, 1331056, 2101280, 128096
free, 64, 38.000000, 1330576, 2101280, 128096
free, 64, 36.000000, 1330096, 2101280, 128096
free, 64, 38.000000, 1329616, 2101280, 128096
free, 64, 38.000000, 1329136, 2101280, 128096
free, 64, 32.000000, 1328656, 2101280, 128096
free, 64, 34.000000, 1328176, 2101280, 128096
free, 64, 40.000000, 1327696, 2101280, 128096
free, 64, 39.000000, 1327216, 2101280, 128096
free, 64, 33.000000, 1326736, 2101280, 128096
free, 64, 42.000000, 1326256, 2101280, 128096
free, 64, 32.000000, 1325776, 2101280, 128096
free, 64, 30.000000, 1325296, 2101280, 128096
free, 64, 35.000000, 1324816, 2101280, 128096
free, 64, 40.000000, 1324336, 2101280, 128096
free, 64, 32.000000, 1323856, 2101280, 128096
free, 64, 33.000000, 1323376, 2101280, 128096
free, 64, 37.000000, 1322896, 2101280, 128096
free, 64, 35.000000, 1322416, 2101280, 128096
free, 64, 38.000000, 1321936, 2101280, 128096
free, 64, 40.000000, 1321456, 2101280, 128096
free, 64, 32.000000, 1320976, 2101280, 128096
free, 64, 42.000000, 1320496, 2101280, 128096
free, 64, 34.000000, 1320016, 2101280, 128096
free, 64, 32.000000, 1319536, 2101280, 128096
free, 64, 40.000000, 1319056, 2101280, 128096
free, 64, 40.000000, 1318576, 2101280, 128096
free, 64, 34.000000, 1318096, 2101280, 128096
free, 64, 34.000000, 1317616, 2101280, 128096
free, 64, 40.000000, 1317136, 2101280, 128096
free, 64, 34.000000, 1316656, 2101280, 128096
free, 64, 38.000000, 1316176, 2101280, 128096
free, 64, 38.000000, 1315696, 2101280, 128096
free, 64, 34.000000, 1315216, 2101280, 128096
free, 64, 41.000000, 1314736, 2101280, 128096
free, 64, 35.000000, 1314256, 2101280, 128096
free, 64, 30.000000, 1313776, 2101280, 128096
free, 64, 36.000000, 1313296, 2101280, 128096
free, 64, 41.000000, 1312816, 2101280, 128096
free, 64, 32.000000, 1312336, 2101280, 128096
free, 64, 35.000000, 1311856, 2101280, 128096
free, 64, 40.000000, 1311376, 2101280, 128096
free, 64, 41.000000, 1310896, 2101280, 128096
free, 64, 33.000000, 1310416, 2101280, 128096
free, 64, 32.000000, 1309936, 2101280, 128096
free, 64, 37.000000, 1309456, 2101280, 128096
free, 64, 41.000000, 1308976, 2101280, 128096
free, 64, 34.000000, 1308496, 2101280, 128096
free, 64, 33.000000, 1308016, 2101280, 128096
free, 64, 37.000000, 1307536, 2101280, 128096
free, 64, 36.000000, 1307056, 2101280, 128096
free, 64, 37.000000, 1306576, 2101280, 128096
free, 64, 37.000000, 1306096, 2101280, 128096
free, 64, 34.000000, 1305616, 2101280, 128096
free, 64, 34.000000, 1305136, 2101280, 128096
free, 64, 37.000000, 1304656, 2101280, 128096
free, 64, 40.000000, 1304176, 2101280, 128096
free, 64, 31.000000, 1303696, 2101280, 128096
free, 64, 38.000000, 1303216, 2101280, 128096
free, 64, 40.000000, 1302736, 2101280, 128096
free, 64, 37.000000, 1302256, 2101280, 128096
free, 64, 34.000000, 1301776, 2101280, 128096
free, 64, 36.000000, 1301296, 2101280, 128096
free, 64, 36.000000, 1300816, 2101280, 128096
free, 64, 41.000000, 1300336, 2101280, 128096
free, 64, 31.000000, 1299856, 2101280, 128096
free, 64, 41.000000, 1299376, 2101280, 128096
free, 64, 26.000000, 1298896, 2101280, 128096
free, 64, 32.000000, 1298416, 2101280, 128096
free, 64, 38.000000, 1297936, 2101280, 128096
free, 64, 40.000000, 1297456, 2101280, 128096
free, 64, 31.000000, 1296976, 2101280, 128096
free, 64, 33.000000, 1296496, 2101280, 128096
free, 64, 35.000000, 1296016, 2101280, 128096
free, 64, 35.000000, 1295536, 2101280, 128096
free, 64, 36.000000, 1295056, 2101280, 128096
free, 64, 38.000000, 1294576, 2101280, 128096
free, 64, 33.000000, 1294096, 2101280, 128096
free, 64, 41.000000, 1293616, 2101280, 128096
free, 64, 32.000000, 1293136, 2101280, 128096
free, 64, 33.000000, 1292656, 2101280, 128096
free, 64, 40.000000, 1292176, 2101280, 128096
free, 64, 46.000000, 1291696, 2101280, 128096
free, 64, 31.000000, 1291216, 2101280, 128096
free, 64, 33.000000, 1290736, 2101280, 128096
free, 64, 37.000000, 1290256, 2101280, 128096
free, 64, 40.000000, 1289776, 2101280, 128096
free, 64, 39.000000, 1289296, 2101280, 128096
free, 64, 37.000000, 1288816, 2101280, 128096
free, 64, 32.000000, 1288336, 2101280, 128096
free, 64, 35.000000, 1287856, 2101280, 128096
free, 64, 39.000000, 1287376, 2101280, 128096
free, 64, 38.000000, 1286896, 2101280, 128096
free, 64, 33.000000, 1286416, 2101280, 128096
free, 64, 41.000000, 1285936, 2101280, 128096
free, 64, 31.000000, 1285456, 2101280, 128096
free, 64, 33.000000, 1284976, 2101280, 128096
free, 64, 38.000000, 1284496, 2101280, 128096
free, 64, 40.000000, 1284016, 2101280, 128096
free, 64, 31.000000, 1283536, 2101280, 128096
free, 64, 32.000000, 1283056, 2101280, 128096
free, 64, 36.000000, 1282576, 2101280, 128096
free, 64, 36.000000, 1282096, 2101280, 128096
free, 64, 37.000000, 1281616, 2101280, 128096
free, 64, 39.000000, 1281136, 2101280, 128096
free, 64, 34.000000, 1280656, 2101280, 128096
free, 64, 35.000000, 1280176, 2101280, 128096
free, 64, 38.000000, 1279696, 2101280, 128096
free, 64, 40.000000, 1279216, 2101280, 128096
free, 64, 32.000000, 1278736, 2101280, 128096
free, 64, 41.000000, 1278256, 2101280, 128096
free, 64, 33.000000, 1277776, 2101280, 128096
free, 64, 34.000000, 1277296, 2101280, 128096
free, 64, 39.000000, 1276816, 2101280, 128096
free, 64, 39.000000, 1276336, 2101280, 128096
free, 64, 32.000000, 1275856, 2101280, 128096
free, 64, 34.000000, 1275376, 2101280, 128096
free, 64, 37.000000, 1274896, 2101280, 128096
free, 64, 35.000000, 1274416, 2101280, 128096
free, 64, 36.000000, 1273936, 2101280, 128096
free, 64, 40.000000, 1273456, 2101280, 128096
free, 64, 32.000000, 1272976, 2101280, 128096
free, 64, 40.000000, 1272496, 2101280, 128096
free, 64, 33.000000, 1272016, 2101280, 128096
free, 64, 32.000000, 1271536, 2101280, 128096
free, 64, 36.000000, 1271056, 2101280, 128096
free, 64, 39.000000, 1270576, 2101280, 128096
free, 64, 33.000000, 1270096, 2101280, 128096
free, 64, 33.000000, 1269616, 2101280, 128096
free, 64, 38.000000, 1269136, 2101280, 128096
free, 64, 36.000000, 1268656, 2101280, 128096
free, 64, 37.000000, 1268176, 2101280, 128096
free, 64, 39.000000, 1267696, 2101280, 128096
free, 64, 33.000000, 1267216, 2101280, 128096
free, 64, 36.000000, 1266736, 2101280, 128096
free, 64, 38.000000, 1266256, 2101280, 128096
free, 64, 38.000000, 1265776, 2101280, 128096
free, 64, 33.000000, 1265296, 2101280, 128096
free, 64, 41.000000, 1264816, 2101280, 128096
free, 64, 32.000000, 1264336, 2101280, 128096
free, 64, 32.000000, 1263856, 2101280, 128096
free, 64, 41.000000, 1263376, 2101280, 128096
free, 64, 36.000000, 1262896, 2101280, 128096
free, 64, 40.000000, 1262416, 2101280, 128096
free, 64, 38.000000, 1261936, 2101280, 128096
free, 64, 34.000000, 1261456, 2101280, 128096
free, 64, 34.000000, 1260976, 2101280, 128096
free, 64, 36.000000, 1260496, 2101280, 128096
free, 64, 39.000000, 1260016, 2101280, 128096
free, 64, 32.000000, 1259536, 2101280, 128096
free, 64, 40.000000, 1259056, 2101280, 128096
free, 64, 34.000000, 1258576, 2101280, 128096
free, 64, 33.000000, 1258096, 2101280, 128096
free, 64, 39.000000, 1257616, 2101280, 128096
free, 64, 37.000000, 1257136, 2101280, 128096
free, 64, 38.000000, 1256656, 2101280, 128096
free, 64, 38.000000, 1256176, 2101280, 128096
free, 64, 33.000000, 1255696, 2101280, 128096
free, 64, 40.000000, 1255216, 2101280, 128096
free, 64, 33.000000, 1254736, 2101280, 128096
free, 64, 32.000000, 1254256, 2101280, 128096
free, 64, 39.000000, 1253776, 2101280, 128096
free, 64, 36.000000, 1253296, 2101280, 128096
free, 64, 39.000000, 1252816, 2101280, 128096
free, 64, 37.000000, 1252336, 2101280, 128096
free, 64, 33.000000, 1251856, 2101280, 128096
free, 64, 51.000000, 1251376, 2101280, 128096
free, 64, 31.000000, 1250896, 2101280, 128096
free, 64, 33.000000, 1250416, 2101280, 128096
free, 64, 37.000000, 1249936, 2101280, 128096
free, 64, 36.000000, 1249456, 2101280, 128096
free, 64, 36.000000, 1248976, 2101280, 128096
free, 64, 36.000000, 1248496, 2101280, 128096
free, 64, 32.000000, 1248016, 2101280, 128096
free, 64, 34.000000, 1247536, 2101280, 128096
free, 64, 37.000000, 1247056, 2101280, 128096
free, 64, 37.000000, 1246576, 2101280, 128096
free, 64, 32.000000, 1246096, 2101280, 128096
free, 64, 37.000000, 1245616, 2101280, 128096
free, 64, 36.000000, 1245136, 2101280, 128096
free, 64, 38.000000, 1244656, 2101280, 128096
free, 64, 32.000000, 1244176, 2101280, 128096
free, 64, 36.000000, 1243696, 2101280, 128096
free, 64, 38.000000, 1243216, 2101280, 128096
free, 64, 38.000000, 1242736, 2101280, 128096
free, 64, 33.000000, 1242256, 2101280, 128096
free, 64, 44.000000, 1241776, 2101280, 128096
free, 64, 32.000000, 1241296, 2101280, 128096
free, 64, 33.000000, 1240816, 2101280, 128096
free, 64, 40.000000, 1240336, 2101280, 128096
free, 64, 40.000000, 1239856, 2101280, 128096
free, 64, 33.000000, 1239376, 2101280, 128096
free, 64, 34.000000, 1238896, 2101280, 128096
free, 64, 37.000000, 1238416, 2101280, 128096
free, 64, 38.000000, 1237936, 2101280, 128096
free, 64, 37.000000, 1237456, 2101280, 128096
free, 64, 36.000000, 1236976, 2101280, 128096
free, 64, 32.000000, 1236496, 2101280, 128096
free, 64, 41.000000, 1236016, 2101280, 128096
free, 64, 32.000000, 1235536, 2101280, 128096
free, 64, 34.000000, 1235056, 2101280, 128096
free, 64, 35.000000, 1234576, 2101280, 128096
free, 64, 36.000000, 1234096, 2101280, 128096
free, 64, 38.000000, 1233616, 2101280, 128096
free, 64, 38.000000, 1233136, 2101280, 128096
free, 64, 32.000000, 1232656, 2101280, 128096
free, 64, 49.000000, 1232176, 2101280, 128096
free, 64, 32.000000, 1231696, 2101280, 128096
free, 64, 31.000000, 1231216, 2101280, 128096
free, 64, 37.000000, 1230736, 2101280, 128096
free, 64, 35.000000, 1230256, 2101280, 128096
free, 64, 38.000000, 1229776, 2101280, 128096
free, 64, 38.000000, 1229296, 2101280, 128096
free, 64, 32.000000, 1228816, 2101280, 128096
free, 64, 36.000000, 1228336, 2101280, 128096
free, 64, 35.000000, 1227856, 2101280, 128096
free, 64, 38.000000, 1227376, 2101280, 128096
free, 64, 34.000000, 1226896, 2101280, 128096
free, 64, 41.000000, 1226416, 2101280, 128096
free, 64, 33.000000, 1225936, 2101280, 128096
free, 64, 32.000000, 1225456, 2101280, 128096
free, 64, 36.000000, 1224976, 2101280, 128096
free, 64, 49.000000, 1224496, 2101280, 128096
free, 64, 33.000000, 1224016, 2101280, 128096
free, 64, 35.000000, 1223536, 2101280, 128096
free, 64, 42.000000, 1223056, 2101280, 128096
free, 64, 35.000000, 1222576, 2101280, 128096
free, 64, 39.000000, 1222096, 2101280, 128096
free, 64, 38.000000, 1221616, 2101280, 128096
free, 64, 32.000000, 1221136, 2101280, 128096
free, 64, 41.000000, 1220656, 2101280, 128096
free, 64, 33.000000, 1220176, 2101280, 128096
free, 64, 31.000000, 1219696, 2101280, 128096
free, 64, 37.000000, 1219216, 2101280, 128096
free, 64, 35.000000, 1218736, 2101280, 128096
free, 64, 37.000000, 1218256, 2101280, 128096
free, 64, 40.000000, 1217776, 2101280, 128096
free, 64, 33.000000, 1217296, 2101280, 128096
free, 64, 34.000000, 1216816, 2101280, 128096
free, 64, 37.000000, 1216336, 2101280, 128096
free, 64, 37.000000, 1215856, 2101280, 128096
free, 64, 32.000000, 1215376, 2101280, 128096
free, 64, 36.000000, 1214896, 2101280, 128096
free, 64, 39.000000, 1214416, 2101280, 128096
free, 64, 36.000000, 1213936, 2101280, 128096
free, 64, 34.000000, 1213456, 2101280, 128096
free, 64, 39.000000, 1212976, 2101280, 128096
free, 64, 32.000000, 1212496, 2101280, 128096
free, 64, 30.000000, 1212016, 2101280, 128096
free, 64, 37.000000, 1211536, 2101280, 128096
free, 64, 40.000000, 1211056, 2101280, 128096
free, 64, 32.000000, 1210576, 2101280, 128096
free, 64, 31.000000, 1210096, 2101280, 128096
free, 64, 36.000000, 1209616, 2101280, 128096
free, 64, 34.000000, 1209136, 2101280, 128096
free, 64, 37.000000, 1208656, 2101280, 128096
free, 64, 38.000000, 1208176, 2101280, 128096
free, 64, 31.000000, 1207696, 2101280, 128096
free, 64, 40.000000, 1207216, 2101280, 128096
free, 64, 30.000000, 1206736, 2101280, 128096
free, 64, 35.000000, 1206256, 2101280, 128096
free, 64, 38.000000, 1205776, 2101280, 128096
free, 64, 41.000000, 1205296, 2101280, 128096
free, 64, 32.000000, 1204816, 2101280, 128096
free, 64, 33.000000, 1204336, 2101280, 128096
free, 64, 37.000000, 1203856, 2101280, 128096
free, 64, 41.000000, 1203376, 2101280, 128096
free, 64, 36.000000, 1202896, 2101280, 128096
free, 64, 33.000000, 1202416, 2101280, 128096
free, 64, 38.000000, 1201936, 2101280, 128096
free, 64, 42.000000, 1201456, 2101280, 128096
free, 64, 32.000000, 1200976, 2101280, 128096
free, 64, 34.000000, 1200496, 2101280, 128096
free, 64, 37.000000, 1200016, 2101280, 128096
free, 64, 40.000000, 1199536, 2101280, 128096
free, 64, 34.000000, 1199056, 2101280, 128096
free, 64, 33.000000, 1198576, 2101280, 128096
free, 64, 39.000000, 1198096, 2101280, 128096
free, 64, 36.000000, 1197616, 2101280, 128096
free, 64, 38.000000, 1197136, 2101280, 128096
free, 64, 39.000000, 1196656, 2101280, 128096
free, 64, 33.000000, 1196176, 2101280, 128096
free, 64, 41.000000, 1195696, 2101280, 128096
free, 64, 33.000000, 1195216, 2101280, 128096
free, 64, 32.000000, 1194736, 2101280, 128096
free, 64, 38.000000, 1194256, 2101280, 128096
free, 64, 42.000000, 1193776, 2101280, 128096
free, 64, 33.000000, 1193296, 2101280, 128096
free, 64, 34.000000, 1192816, 2101280, 128096
free, 64, 39.000000, 1192336, 2101280, 128096
free, 64, 34.000000, 1191856, 2101280, 128096
free, 64, 38.000000, 1191376, 2101280, 128096
free, 64, 38.000000, 1190896, 2101280, 128096
free, 64, 30.000000, 1190416, 2101280, 128096
free, 64, 35.000000, 1189936, 2101280, 128096
free, 64, 38.000000, 1189456, 2101280, 128096
free, 64, 36.000000, 1188976, 2101280, 128096
free, 64, 34.000000, 1188496, 2101280, 128096
free, 64, 42.000000, 1188016, 2101280, 128096
free, 64, 35.000000, 1187536, 2101280, 128096
free, 64, 38.000000, 1187056, 2101280, 128096
free, 64, 36.000000, 1186576, 2101280, 128096
free, 64, 34.000000, 1186096, 2101280, 128096
free, 64, 37.000000, 1185616, 2101280, 128096
free, 64, 39.000000, 1185136, 2101280, 128096
free, 64, 33.000000, 1184656, 2101280, 128096
free, 64, 44.000000, 1184176, 2101280, 128096
free, 64, 30.000000, 1183696, 2101280, 128096
free, 64, 34.000000, 1183216, 2101280, 128096
free, 64, 39.000000, 1182736, 2101280, 128096
free, 64, 35.000000, 1182256, 2101280, 128096
free, 64, 37.000000, 1181776, 2101280, 128096
free, 64, 37.000000, 1181296, 2101280, 128096
free, 64, 32.000000, 1180816, 2101280, 128096
free, 64, 41.000000, 1180336, 2101280, 128096
free, 64, 26.000000, 1179856, 2101280, 128096
free, 64, 26.000000, 1179376, 2101280, 128096
free, 64, 30.000000, 1178896, 2101280, 128096
free, 64, 35.000000, 1178416, 2101280, 128096
free, 64, 36.000000, 1177936, 2101280, 128096
free, 64, 39.000000, 1177456, 2101280, 128096
free, 64, 33.000000, 1176976, 2101280, 128096
free, 64, 31.000000, 1176496, 2101280, 128096
free, 64, 31.000000, 1176016, 2101280, 128096
free, 64, 30.000000, 1175536, 2101280, 128096
free, 64, 32.000000, 1175056, 2101280, 128096
free, 64, 33.000000, 1174576, 2101280, 128096
free, 64, 39.000000, 1174096, 2101280, 128096
free, 64, 37.000000, 1173616, 2101280, 128096
free, 64, 33.000000, 1173136, 2101280, 128096
free, 64, 41.000000, 1172656, 2101280, 128096
free, 64, 33.000000, 1172176, 2101280, 128096
free, 64, 31.000000, 1171696, 2101280, 128096
free, 64, 37.000000, 1171216, 2101280, 128096
free, 64, 37.000000, 1170736, 2101280, 128096
free, 64, 37.000000, 1170256, 2101280, 128096
free, 64, 39.000000, 1169776, 2101280, 128096
free, 64, 32.000000, 1169296, 2101280, 128096
free, 64, 36.000000, 1168816, 2101280, 128096
free, 64, 37.000000, 1168336, 2101280, 128096
free, 64, 36.000000, 1167856, 2101280, 128096
free, 64, 33.000000, 1167376, 2101280, 128096
free, 64, 36.000000, 1166896, 2101280, 128096
free, 64, 39.000000, 1166416, 2101280, 128096
free, 64, 39.000000, 1165936, 2101280, 128096
free, 64, 33.000000, 1165456, 2101280, 128096
free, 64, 33.000000, 1164976, 2101280, 128096
free, 64, 26.000000, 1164496, 2101280, 128096
free, 64, 34.000000, 1164016, 2101280, 128096
free, 64, 38.000000, 1163536, 2101280, 128096
free, 64, 34.000000, 1163056, 2101280, 128096
free, 64, 37.000000, 1162576, 2101280, 128096
free, 64, 40.000000, 1162096, 2101280, 128096
free, 64, 32.000000, 1161616, 2101280, 128096
free, 64, 43.000000, 1161136, 2101280, 128096
free, 64, 33.000000, 1160656, 2101280, 128096
free, 64, 33.000000, 1160176, 2101280, 128096
free, 64, 39.000000, 1159696, 2101280, 128096
free, 64, 40.000000, 1159216, 2101280, 128096
free, 64, 31.000000, 1158736, 2101280, 128096
free, 64, 32.000000, 1158256, 2101280, 128096
free, 64, 37.000000, 1157776, 2101280, 128096
free, 64, 35.000000, 1157296, 2101280, 128096
free, 64, 38.000000, 1156816, 2101280, 128096
free, 64, 37.000000, 1156336, 2101280, 128096
free, 64, 30.000000, 1155856, 2101280, 128096
free, 64, 35.000000, 1155376, 2101280, 128096
free, 64, 37.000000, 1154896, 2101280, 128096
free, 64, 40.000000, 1154416, 2101280, 128096
free, 64, 32.000000, 1153936, 2101280, 128096
free, 64, 41.000000, 1153456, 2101280, 128096
free, 64, 31.000000, 1152976, 2101280, 128096
free, 64, 34.000000, 1152496, 2101280, 128096
free, 64, 37.000000, 1152016, 2101280, 128096
free, 64, 41.000000, 1151536, 2101280, 128096
free, 64, 32.000000, 1151056, 2101280, 128096
free, 64, 34.000000, 1150576, 2101280, 128096
free, 64, 40.000000, 1150096, 2101280, 128096
free, 64, 36.000000, 1149616, 2101280, 128096
free, 64, 38.000000, 1149136, 2101280, 128096
free, 64, 39.000000, 1148656, 2101280, 128096
free, 64, 34.000000, 1148176, 2101280, 128096
free, 64, 34.000000, 1147696, 2101280, 128096
free, 64, 40.000000, 1147216, 2101280, 128096
free, 64, 37.000000, 1146736, 2101280, 128096
free, 64, 32.000000, 1146256, 2101280, 128096
free, 64, 34.000000, 1145776, 2101280, 128096
free, 64, 38.000000, 1145296, 2101280, 128096
free, 64, 39.000000, 1144816, 2101280, 128096
free, 64, 34.000000, 1144336, 2101280, 128096
free, 64, 36.000000, 1143856, 2101280, 128096
free, 64, 38.000000, 1143376, 2101280, 128096
free, 64, 38.000000, 1142896, 2101280, 128096
free, 64, 34.000000, 1142416, 2101280, 128096
free, 64, 35.000000, 1141936, 2101280, 128096
free, 64, 37.000000, 1141456, 2101280, 128096
free, 64, 39.000000, 1140976, 2101280, 128096
free, 64, 34.000000, 1140496, 2101280, 128096
free, 64, 42.000000, 1140016, 2101280, 128096
free, 64, 34.000000, 1139536, 2101280, 128096
free, 64, 34.000000, 1139056, 2101280, 128096
free, 64, 39.000000, 1138576, 2101280, 128096
free, 64, 40.000000, 1138096, 2101280, 128096
free, 64, 33.000000, 1137616, 2101280, 128096
free, 64, 32.000000, 1137136, 2101280, 128096
free, 64, 38.000000, 1136656, 2101280, 128096
free, 64, 37.000000, 1136176, 2101280, 128096
free, 64, 39.000000, 1135696, 2101280, 128096
free, 64, 37.000000, 1135216, 2101280, 128096
free, 64, 33.000000, 1134736, 2101280, 128096
free, 64, 34.000000, 1134256, 2101280, 128096
free, 64, 37.000000, 1133776, 2101280, 128096
free, 64, 37.000000, 1133296, 2101280, 128096
free, 64, 32.000000, 1132816, 2101280, 128096
free, 64, 39.000000, 1132336, 2101280, 128096
free, 64, 32.000000, 1131856, 2101280, 128096
free, 64, 33.000000, 1131376, 2101280, 128096
free, 64, 40.000000, 1130896, 2101280, 128096
free, 64, 36.000000, 1130416, 2101280, 128096
free, 64, 36.000000, 1129936, 2101280, 128096
free, 64, 36.000000, 1129456, 2101280, 128096
free, 64, 33.000000, 1128976, 2101280, 128096
free, 64, 34.000000, 1128496, 2101280, 128096
free, 64, 38.000000, 1128016, 2101280, 128096
free, 64, 40.000000, 1127536, 2101280, 128096
free, 64, 31.000000, 1127056, 2101280, 128096
free, 64, 40.000000, 1126576, 2101280, 128096
free, 64, 33.000000, 1126096, 2101280, 128096
free, 64, 32.000000, 1125616, 2101280, 128096
free, 64, 38.000000, 1125136, 2101280, 128096
free, 64, 36.000000, 1124656, 2101280, 128096
free, 64, 37.000000, 1124176, 2101280, 128096
free, 64, 39.000000, 1123696, 2101280, 128096
free, 64, 31.000000, 1123216, 2101280, 128096
free, 64, 37.000000, 1122736, 2101280, 128096
free, 64, 37.000000, 1122256, 2101280, 128096
free, 64, 39.000000, 1121776, 2101280, 128096
free, 64, 33.000000, 1121296, 2101280, 128096
free, 64, 38.000000, 1120816, 2101280, 128096
free, 64, 37.000000, 1120336, 2101280, 128096
free, 64, 39.000000, 1119856, 2101280, 128096
free, 64, 32.000000, 1119376, 2101280, 128096
free, 64, 44.000000, 1118896, 2101280, 128096
free, 64, 37.000000, 1118416, 2101280, 128096
free, 64, 37.000000, 1117936, 2101280, 128096
free, 64, 32.000000, 1117456, 2101280, 128096
free, 64, 45.000000, 1116976, 2101280, 128096
free, 64, 39.000000, 1116496, 2101280, 128096
free, 64, 38.000000, 1116016, 2101280, 128096
free, 64, 34.000000, 1115536, 2101280, 128096
free, 64, 36.000000, 1115056, 2101280, 128096
free, 64, 37.000000, 1114576, 2101280, 128096
free, 64, 39.000000, 1114096, 2101280, 128096
free, 64, 32.000000, 1113616, 2101280, 128096
free, 64, 41.000000, 1113136, 2101280, 128096
free, 64, 33.000000, 1112656, 2101280, 128096
free, 64, 31.000000, 1112176, 2101280, 128096
free, 64, 38.000000, 1111696, 2101280, 128096
free, 64, 37.000000, 1111216, 2101280, 128096
free, 64, 37.000000, 1110736, 2101280, 128096
free, 64, 38.000000, 1110256, 2101280, 128096
free, 64, 33.000000, 1109776, 2101280, 128096
free, 64, 35.000000, 1109296, 2101280, 128096
free, 64, 37.000000, 1108816, 2101280, 128096
free, 64, 38.000000, 1108336, 2101280, 128096
free, 64, 33.000000, 1107856, 2101280, 128096
free, 64, 40.000000, 1107376, 2101280, 128096
free, 64, 32.000000, 1106896, 2101280, 128096
free, 64, 33.000000, 1106416, 2101280, 128096
free, 64, 38.000000, 1105936, 2101280, 128096
free, 64, 41.000000, 1105456, 2101280, 128096
free, 64, 33.000000, 1104976, 2101280, 128096
free, 64, 33.000000, 1104496, 2101280, 128096
free, 64, 38.000000, 1104016, 2101280, 128096
free, 64, 40.000000, 1103536, 2101280, 128096
free, 64, 33.000000, 1103056, 2101280, 128096
free, 64, 31.000000, 1102576, 2101280, 128096
free, 64, 37.000000, 1102096, 2101280, 128096
free, 64, 40.000000, 1101616, 2101280, 128096
free, 64, 38.000000, 1101136, 2101280, 128096
free, 64, 37.000000, 1100656, 2101280, 128096
free, 64, 34.000000, 1100176, 2101280, 128096
free, 64, 35.000000, 1099696, 2101280, 128096
free, 64, 37.000000, 1099216, 2101280, 128096
free, 64, 36.000000, 1098736, 2101280, 128096
free, 64, 34.000000, 1098256, 2101280, 128096
free, 64, 41.000000, 1097776, 2101280, 128096
free, 64, 31.000000, 1097296, 2101280, 128096
free, 64, 32.000000, 1096816, 2101280, 128096
free, 64, 38.000000, 1096336, 2101280, 128096
free, 64, 41.000000, 1095856, 2101280, 128096
free, 64, 33.000000, 1095376, 2101280, 128096
free, 64, 34.000000, 1094896, 2101280, 128096
free, 64, 37.000000, 1094416, 2101280, 128096
free, 64, 34.000000, 1093936, 2101280, 128096
free, 64, 39.000000, 1093456, 2101280, 128096
free, 64, 39.000000, 1092976, 2101280, 128096
free, 64, 31.000000, 1092496, 2101280, 128096
free, 64, 40.000000, 1092016, 2101280, 128096
free, 64, 32.000000, 1091536, 2101280, 128096
free, 64, 33.000000, 1091056, 2101280, 128096
free, 64, 38.000000, 1090576, 2101280, 128096
free, 64, 41.000000, 1090096, 2101280, 128096
free, 64, 33.000000, 1089616, 2101280, 128096
free, 64, 31.000000, 1089136, 2101280, 128096
free, 64, 38.000000, 1088656, 2101280, 128096
free, 64, 42.000000, 1088176, 2101280, 128096
free, 64, 34.000000, 1087696, 2101280, 128096
free, 64, 33.000000, 1087216, 2101280, 128096
free, 64, 39.000000, 1086736, 2101280, 128096
free, 64, 36.000000, 1086256, 2101280, 128096
free, 64, 41.000000, 1085776, 2101280, 128096
free, 64, 38.000000, 1085296, 2101280, 128096
free, 64, 32.000000, 1084816, 2101280, 128096
free, 64, 35.000000, 1084336, 2101280, 128096
free, 64, 39.000000, 1083856, 2101280, 128096
free, 64, 36.000000, 1083376, 2101280, 128096
free, 64, 31.000000, 1082896, 2101280, 128096
free, 64, 41.000000, 1082416, 2101280, 128096
free, 64, 33.000000, 1081936, 2101280, 128096
free, 64, 36.000000, 1081456, 2101280, 128096
free, 64, 38.000000, 1080976, 2101280, 128096
free, 64, 34.000000, 1080496, 2101280, 128096
free, 64, 39.000000, 1080016, 2101280, 128096
free, 64, 38.000000, 1079536, 2101280, 128096
free, 64, 32.000000, 1079056, 2101280, 128096
free, 64, 41.000000, 1078576, 2101280, 128096
free, 64, 34.000000, 1078096, 2101280, 128096
free, 64, 32.000000, 1077616, 2101280, 128096
free, 64, 37.000000, 1077136, 2101280, 128096
free, 64, 41.000000, 1076656, 2101280, 128096
free, 64, 31.000000, 1076176, 2101280, 128096
free, 64, 31.000000, 1075696, 2101280, 128096
free, 64, 36.000000, 1075216, 2101280, 128096
free, 64, 36.000000, 1074736, 2101280, 128096
free, 64, 41.000000, 1074256, 2101280, 128096
free, 64, 38.000000, 1073776, 2101280, 128096
free, 64, 34.000000, 1073296, 2101280, 128096
free, 64, 36.000000, 1072816, 2101280, 128096
free, 64, 38.000000, 1072336, 2101280, 128096
free, 64, 39.000000, 1071856, 2101280, 128096
free, 64, 33.000000, 1071376, 2101280, 128096
free, 64, 37.000000, 1070896, 2101280, 128096
free, 64, 38.000000, 1070416, 2101280, 128096
free, 64, 36.000000, 1069936, 2101280, 128096
free, 64, 34.000000, 1069456, 2101280, 128096
free, 64, 40.000000, 1068976, 2101280, 128096
free, 64, 32.000000, 1068496, 2101280, 128096
free, 64, 36.000000, 1068016, 2101280, 128096
free, 64, 37.000000, 1067536, 2101280, 128096
free, 64, 36.000000, 1067056, 2101280, 128096
free, 64, 37.000000, 1066576, 2101280, 128096
free, 64, 38.000000, 1066096, 2101280, 128096
free, 64, 33.000000, 1065616, 2101280, 128096
free, 64, 34.000000, 1065136, 2101280, 128096
free, 64, 39.000000, 1064656, 2101280, 128096
free, 64, 37.000000, 1064176, 2101280, 128096
free, 64, 32.000000, 1063696, 2101280, 128096
free, 64, 35.000000, 1063216, 2101280, 128096
free, 64, 38.000000, 1062736, 2101280, 128096
free, 64, 36.000000, 1062256, 2101280, 128096
free, 64, 33.000000, 1061776, 2101280, 128096
free, 64, 35.000000, 1061296, 2101280, 128096
free, 64, 36.000000, 1060816, 2101280, 128096
free, 64, 37.000000, 1060336, 2101280, 128096
free, 64, 33.000000, 1059856, 2101280, 128096
free, 64, 41.000000, 1059376, 2101280, 128096
free, 64, 32.000000, 1058896, 2101280, 128096
free, 64, 32.000000, 1058416, 2101280, 128096
free, 64, 38.000000, 1057936, 2101280, 128096
free, 64, 37.000000, 1057456, 2101280, 128096
free, 64, 37.000000, 1056976, 2101280, 128096
free, 64, 38.000000, 1056496, 2101280, 128096
free, 64, 32.000000, 1056016, 2101280, 128096
free, 64, 40.000000, 1055536, 2101280, 128096
free, 64, 31.000000, 1055056, 2101280, 128096
free, 64, 33.000000, 1054576, 2101280, 128096
free, 64, 40.000000, 1054096, 2101280, 128096
free, 64, 36.000000, 1053616, 2101280, 128096
free, 64, 37.000000, 1053136, 2101280, 128096
free, 64, 38.000000, 1052656, 2101280, 128096
free, 64, 33.000000, 1052176, 2101280, 128096
free, 64, 37.000000, 1051696, 2101280, 128096
free, 64, 38.000000, 1051216, 2101280, 128096
free, 64, 37.000000, 1050736, 2101280, 128096
free, 64, 33.000000, 1050256, 2101280, 128096
free, 64, 37.000000, 1049776, 2101280, 128096
free, 64, 37.000000, 1049296, 2101280, 128096
free, 64, 40.000000, 1048816, 2101280, 128096
free, 64, 34.000000, 1048336, 2101280, 128096
free, 64, 45.000000, 1047856, 2101280, 128096
free, 64, 38.000000, 1047376, 2101280, 128096
free, 64, 38.000000, 1046896, 2101280, 128096
free, 64, 33.000000, 1046416, 2101280, 128096
free, 64, 35.000000, 1045936, 2101280, 128096
free, 64, 38.000000, 1045456, 2101280, 128096
free, 64, 38.000000, 1044976, 2101280, 128096
free, 64, 31.000000, 1044496, 2101280, 128096
free, 64, 34.000000, 1044016, 2101280, 128096
free, 64, 35.000000, 1043536, 2101280, 128096
free, 64, 41.000000, 1043056, 2101280, 128096
free, 64, 31.000000, 1042576, 2101280, 128096
free, 64, 36.000000, 1042096, 2101280, 128096
free, 64, 38.000000, 1041616, 2101280, 128096
free, 64, 35.000000, 1041136, 2101280, 128096
free, 64, 33.000000, 1040656, 2101280, 128096
free, 64, 36.000000, 1040176, 2101280, 128096
free, 64, 38.000000, 1039696, 2101280, 128096
free, 64, 38.000000, 1039216, 2101280, 128096
free, 64, 32.000000, 1038736, 2101280, 128096
free, 64, 36.000000, 1038256, 2101280, 128096
free, 64, 38.000000, 1037776, 2101280, 128096
free, 64, 37.000000, 1037296, 2101280, 128096
free, 64, 34.000000, 1036816, 2101280, 128096
free, 64, 40.000000, 1036336, 2101280, 128096
free, 64, 33.000000, 1035856, 2101280, 128096
free, 64, 32.000000, 1035376, 2101280, 128096
free, 64, 37.000000, 1034896, 2101280, 128096
free, 64, 38.000000, 1034416, 2101280, 128096
free, 64, 37.000000, 1033936, 2101280, 128096
free, 64, 37.000000, 1033456, 2101280, 128096
free, 64, 34.000000, 1032976, 2101280, 128096
free, 64, 35.000000, 1032496, 2101280, 128096
free, 64, 39.000000, 1032016, 2101280, 128096
free, 64, 38.000000, 1031536, 2101280, 128096
free, 64, 34.000000, 1031056, 2101280, 128096
free, 64, 40.000000, 1030576, 2101280, 128096
free, 64, 31.000000, 1030096, 2101280, 128096
free, 64, 34.000000, 1029616, 2101280, 128096
free, 64, 40.000000, 1029136, 2101280, 128096
free, 64, 35.000000, 1028656, 2101280, 128096
free, 64, 38.000000, 1028176, 2101280, 128096
free, 64, 37.000000, 1027696, 2101280, 128096
free, 64, 32.000000, 1027216, 2101280, 128096
free, 64, 42.000000, 1026736, 2101280, 128096
free, 64, 32.000000, 1026256, 2101280, 128096
free, 64, 32.000000, 1025776, 2101280, 128096
free, 64, 37.000000, 1025296, 2101280, 128096
free, 64, 39.000000, 1024816, 2101280, 128096
free, 64, 32.000000, 1024336, 2101280, 128096
free, 64, 33.000000, 1023856, 2101280, 128096
free, 64, 37.000000, 1023376, 2101280, 128096
free, 64, 35.000000, 1022896, 2101280, 128096
free, 64, 38.000000, 1022416, 2101280, 128096
free, 64, 37.000000, 1021936, 2101280, 128096
free, 64, 34.000000, 1021456, 2101280, 128096
free, 64, 39.000000, 1020976, 2101280, 128096
free, 64, 33.000000, 1020496, 2101280, 128096
free, 64, 31.000000, 1020016, 2101280, 128096
free, 64, 37.000000, 1019536, 2101280, 128096
free, 64, 40.000000, 1019056, 2101280, 128096
free, 64, 32.000000, 1018576, 2101280, 128096
free, 64, 35.000000, 1018096, 2101280, 128096
free, 64, 39.000000, 1017616, 2101280, 128096
free, 64, 42.000000, 1017136, 2101280, 128096
free, 64, 32.000000, 1016656, 2101280, 128096
free, 64, 31.000000, 1016176, 2101280, 128096
free, 64, 38.000000, 1015696, 2101280, 128096
free, 64, 40.000000, 1015216, 2101280, 128096
free, 64, 33.000000, 1014736, 2101280, 128096
free, 64, 33.000000, 1014256, 2101280, 128096
free, 64, 39.000000, 1013776, 2101280, 128096
free, 64, 40.000000, 1013296, 2101280, 128096
free, 64, 33.000000, 1012816, 2101280, 128096
free, 64, 32.000000, 1012336, 2101280, 128096
free, 64, 38.000000, 1011856, 2101280, 128096
free, 64, 36.000000, 1011376, 2101280, 128096
free, 64, 37.000000, 1010896, 2101280, 128096
free, 64, 38.000000, 1010416, 2101280, 128096
free, 64, 32.000000, 1009936, 2101280, 128096
free, 64, 40.000000, 1009456, 2101280, 128096
free, 64, 32.000000, 1008976, 2101280, 128096
free, 64, 33.000000, 1008496, 2101280, 128096
free, 64, 38.000000, 1008016, 2101280, 128096
free, 64, 41.000000, 1007536, 2101280, 128096
free, 64, 32.000000, 1007056, 2101280, 128096
free, 64, 31.000000, 1006576, 2101280, 128096
free, 64, 38.000000, 1006096, 2101280, 128096
free, 64, 37.000000, 1005616, 2101280, 128096
free, 64, 34.000000, 1005136, 2101280, 128096
free, 64, 32.000000, 1004656, 2101280, 128096
free, 64, 36.000000, 1004176, 2101280, 128096
free, 64, 34.000000, 1003696, 2101280, 128096
free, 64, 39.000000, 1003216, 2101280, 128096
free, 64, 37.000000, 1002736, 2101280, 128096
free, 64, 32.000000, 1002256, 2101280, 128096
free, 64, 40.000000, 1001776, 2101280, 128096
free, 64, 32.000000, 1001296, 2101280, 128096
free, 64, 33.000000, 1000816, 2101280, 128096
free, 64, 38.000000, 1000336, 2101280, 128096
free, 64, 41.000000, 999856, 2101280, 128096
free, 64, 33.000000, 999376, 2101280, 128096
free, 64, 33.000000, 998896, 2101280, 128096
free, 64, 35.000000, 998416, 2101280, 128096
free, 64, 41.000000, 997936, 2101280, 128096
free, 64, 32.000000, 997456, 2101280, 128096
free, 64, 32.000000, 996976, 2101280, 128096
free, 64, 40.000000, 996496, 2101280, 128096
free, 64, 41.000000, 996016, 2101280, 128096
free, 64, 31.000000, 995536, 2101280, 128096
free, 64, 33.000000, 995056, 2101280, 128096
free, 64, 39.000000, 994576, 2101280, 128096
free, 64, 35.000000, 994096, 2101280, 128096
free, 64, 37.000000, 993616, 2101280, 128096
free, 64, 38.000000, 993136, 2101280, 128096
free, 64, 32.000000, 992656, 2101280, 128096
free, 64, 36.000000, 992176, 2101280, 128096
free, 64, 37.000000, 991696, 2101280, 128096
free, 64, 37.000000, 991216, 2101280, 128096
free, 64, 32.000000, 990736, 2101280, 128096
free, 64, 38.000000, 990256, 2101280, 128096
free, 64, 37.000000, 989776, 2101280, 128096
free, 64, 37.000000, 989296, 2101280, 128096
free, 64, 31.000000, 988816, 2101280, 128096
free, 64, 41.000000, 988336, 2101280, 128096
free, 64, 31.000000, 987856, 2101280, 128096
free, 64, 33.000000, 987376, 2101280, 128096
free, 64, 38.000000, 986896, 2101280, 128096
free, 64, 40.000000, 986416, 2101280, 128096
free, 64, 34.000000, 985936, 2101280, 128096
free, 64, 32.000000, 985456, 2101280, 128096
free, 64, 37.000000, 984976, 2101280, 128096
free, 64, 41.000000, 984496, 2101280, 128096
free, 64, 39.000000, 984016, 2101280, 128096
free, 64, 37.000000, 983536, 2101280, 128096
free, 64, 31.000000, 983056, 2101280, 128096
free, 64, 41.000000, 982576, 2101280, 128096
free, 64, 34.000000, 982096, 2101280, 128096
free, 64, 32.000000, 981616, 2101280, 128096
free, 64, 37.000000, 981136, 2101280, 128096
free, 64, 40.000000, 980656, 2101280, 128096
free, 64, 32.000000, 980176, 2101280, 128096
free, 64, 33.000000, 979696, 2101280, 128096
free, 64, 38.000000, 979216, 2101280, 128096
free, 64, 44.000000, 978736, 2101280, 128096
free, 64, 39.000000, 978256, 2101280, 128096
free, 64, 38.000000, 977776, 2101280, 128096
free, 64, 34.000000, 977296, 2101280, 128096
free, 64, 35.000000, 976816, 2101280, 128096
free, 64, 39.000000, 976336, 2101280, 128096
free, 64, 41.000000, 975856, 2101280, 128096
free, 64, 33.000000, 975376, 2101280, 128096
free, 64, 41.000000, 974896, 2101280, 128096
free, 64, 34.000000, 974416, 2101280, 128096
free, 64, 31.000000, 973936, 2101280, 128096
free, 64, 39.000000, 973456, 2101280, 128096
free, 64, 35.000000, 972976, 2101280, 128096
free, 64, 38.000000, 972496, 2101280, 128096
free, 64, 38.000000, 972016, 2101280, 128096
free, 64, 33.000000, 971536, 2101280, 128096
free, 64, 36.000000, 971056, 2101280, 128096
free, 64, 39.000000, 970576, 2101280, 128096
free, 64, 38.000000, 970096, 2101280, 128096
free, 64, 33.000000, 969616, 2101280, 128096
free, 64, 34.000000, 969136, 2101280, 128096
free, 64, 36.000000, 968656, 2101280, 128096
free, 64, 37.000000, 968176, 2101280, 128096
free, 64, 33.000000, 967696, 2101280, 128096
free, 64, 41.000000, 967216, 2101280, 128096
free, 64, 33.000000, 966736, 2101280, 128096
free, 64, 32.000000, 966256, 2101280, 128096
free, 64, 38.000000, 965776, 2101280, 128096
free, 64, 35.000000, 965296, 2101280, 128096
free, 64, 39.000000, 964816, 2101280, 128096
free, 64, 37.000000, 964336, 2101280, 128096
free, 64, 34.000000, 963856, 2101280, 128096
free, 64, 35.000000, 963376, 2101280, 128096
free, 64, 40.000000, 962896, 2101280, 128096
free, 64, 38.000000, 962416, 2101280, 128096
free, 64, 32.000000, 961936, 2101280, 128096
free, 64, 36.000000, 961456, 2101280, 128096
free, 64, 39.000000, 960976, 2101280, 128096
free, 64, 37.000000, 960496, 2101280, 128096
free, 64, 31.000000, 960016, 2101280, 128096
malloc, 256, 44169.000000, 960496, 2101280, 128192
malloc, 256, 43311.000000, 960976, 2101280, 128224
malloc, 256, 43196.000000, 961456, 2101280, 128288
malloc, 256, 43110.000000, 961936, 2101280, 128320
malloc, 256, 45195.000000, 962416, 2101280, 128480
malloc, 256, 43343.000000, 962896, 2101280, 128512
malloc, 256, 43125.000000, 963376, 2101280, 128576
malloc, 256, 43056.000000, 963856, 2101280, 128608
malloc, 256, 43250.000000, 964336, 2101280, 128704
malloc, 256, 43110.000000, 964816, 2101280, 128736
malloc, 256, 43207.000000, 965296, 2101280, 128800
malloc, 256, 43204.000000, 965776, 2101280, 128832
malloc, 256, 44169.000000, 966256, 2101280, 128960
malloc, 256, 43302.000000, 966736, 2101280, 128992
malloc, 256, 43280.000000, 967216, 2101280, 129056
malloc, 256, 43284.000000, 967696, 2101280, 129088
malloc, 256, 43273.000000, 968176, 2101280, 129184
malloc, 256, 43611.000000, 968656, 2101280, 129216
malloc, 256, 45011.000000, 969136, 2101280, 129280
malloc, 256, 43770.000000, 969616, 2101280, 129312
malloc, 256, 45953.000000, 970096, 2101280, 129504
malloc, 256, 43686.000000, 970576, 2101280, 129536
malloc, 256, 43569.000000, 971056, 2101280, 129600
malloc, 256, 43430.000000, 971536, 2101280, 129632
malloc, 256, 43576.000000, 972016, 2101280, 129728
malloc, 256, 43511.000000, 972496, 2101280, 129760
malloc, 256, 43607.000000, 972976, 2101280, 129824
malloc, 256, 43510.000000, 973456, 2101280, 129856
malloc, 256, 44516.000000, 973936, 2101280, 129984
malloc, 256, 43684.000000, 974416, 2101280, 130016
malloc, 256, 43606.000000, 974896, 2101280, 130080
malloc, 256, 43675.000000, 975376, 2101280, 130112
malloc, 256, 43637.000000, 975856, 2101280, 130208
malloc, 256, 43664.000000, 976336, 2101280, 130240
malloc, 256, 43683.000000, 976816, 2101280, 130304
malloc, 256, 43702.000000, 977296, 2101280, 130336
malloc, 256, 45448.000000, 977776, 2101280, 130496
malloc, 256, 43908.000000, 978256, 2101280, 130528
malloc, 256, 44186.000000, 978736, 2101280, 130592
malloc, 256, 44763.000000, 979216, 2101280, 130624
malloc, 256, 44122.000000, 979696, 2101280, 130720
malloc, 256, 46033.000000, 980176, 2101280, 130752
malloc, 256, 44176.000000, 980656, 2101280, 130816
malloc, 256, 43918.000000, 981136, 2101280, 130848
malloc, 256, 45107.000000, 981616, 2101280, 130976
malloc, 256, 44146.000000, 982096, 2101280, 131008
malloc, 256, 44074.000000, 982576, 2101280, 131072
malloc, 256, 44052.000000, 983056, 2101280, 131104
malloc, 256, 44082.000000, 983536, 2101280, 131200
malloc, 256, 44291.000000, 984016, 2101280, 131232
malloc, 256, 44152.000000, 984496, 2101280, 131296
malloc, 256, 44222.000000, 984976, 2101280, 131328
malloc, 256, 55166.000000, 985456, 3149856, 131712
malloc, 256, 44906.000000, 985936, 3149856, 131744
malloc, 256, 44414.000000, 986416, 3149856, 131808
malloc, 256, 44293.000000, 986896, 3149856, 131840
malloc, 256, 44678.000000, 987376, 3149856, 131936
malloc, 256, 44804.000000, 987856, 3149856, 131968
malloc, 256, 44702.000000, 988336, 3149856, 132032
malloc, 256, 44804.000000, 988816, 3149856, 132064
malloc, 256, 45795.000000, 989296, 3149856, 132192
malloc, 256, 45302.000000, 989776, 3149856, 132224
malloc, 256, 51010.000000, 990256, 3149856, 132288
malloc, 256, 45717.000000, 990736, 3149856, 132320
malloc, 256, 44620.000000, 991216, 3149856, 132416
malloc, 256, 44482.000000, 991696, 3149856, 132448
malloc, 256, 44539.000000, 992176, 3149856, 132512
malloc, 256, 44492.000000, 992656, 3149856, 132544
malloc, 256, 46908.000000, 993136, 3149856, 132704
malloc, 256, 44927.000000, 993616, 3149856, 132736
malloc, 256, 44564.000000, 994096, 3149856, 132800
malloc, 256, 44540.000000, 994576, 3149856, 132832
malloc, 256, 44524.000000, 995056, 3149856, 132928
malloc, 256, 44584.000000, 995536, 3149856, 132960
malloc, 256, 44691.000000, 996016, 3149856, 133024
malloc, 256, 46495.000000, 996496, 3149856, 133056
malloc, 256, 47127.000000, 996976, 3149856, 133184
malloc, 256, 44993.000000, 997456, 3149856, 133216
malloc, 256, 44713.000000, 997936, 3149856, 133280
malloc, 256, 44698.000000, 998416, 3149856, 133312
malloc, 256, 44767.000000, 998896, 3149856, 133408
malloc, 256, 44814.000000, 999376, 3149856, 133440
malloc, 256, 44751.000000, 999856, 3149856, 133504
malloc, 256, 44765.000000, 1000336, 3149856, 133536
malloc, 256, 50849.000000, 1000816, 3149856, 133728
malloc, 256, 46957.000000, 1001296, 3149856, 133760
malloc, 256, 44986.000000, 1001776, 3149856, 133824
malloc, 256, 44865.000000, 1002256, 3149856, 133856
malloc, 256, 45226.000000, 1002736, 3149856, 133952
malloc, 256, 46219.000000, 1003216, 3149856, 133984
malloc, 256, 45747.000000, 1003696, 3149856, 134048
malloc, 256, 45407.000000, 1004176, 3149856, 134080
malloc, 256, 47911.000000, 1004656, 3149856, 134208
malloc, 256, 45814.000000, 1005136, 3149856, 134240
malloc, 256, 45925.000000, 1005616, 3149856, 134304
malloc, 256, 45689.000000, 1006096, 3149856, 134336
malloc, 256, 45581.000000, 1006576, 3149856, 134432
malloc, 256, 45783.000000, 1007056, 3149856, 134464
malloc, 256, 45465.000000, 1007536, 3149856, 134528
malloc, 256, 46103.000000, 1008016, 3149856, 134560
malloc, 256, 47444.000000, 1008496, 3149856, 134720
malloc, 256, 46320.000000, 1008976, 3149856, 134752
malloc, 256, 45683.000000, 1009456, 3149856, 134816
malloc, 256, 45872.000000, 1009936, 3149856, 134848
malloc, 256, 45542.000000, 1010416, 3149856, 134944
malloc, 256, 45936.000000, 1010896, 3149856, 134976
malloc, 256, 49321.000000, 1011376, 3149856, 135040
malloc, 256, 45939.000000, 1011856, 3149856, 135072
malloc, 256, 47168.000000, 1012336, 3149856, 135200
malloc, 256, 46202.000000, 1012816, 3149856, 135232
malloc, 256, 45626.000000, 1013296, 3149856, 135296
malloc, 256, 45899.000000, 1013776, 3149856, 135328
malloc, 256, 45957.000000, 1014256, 3149856, 135424
malloc, 256, 45598.000000, 1014736, 3149856, 135456
malloc, 256, 45704.000000, 1015216, 3149856, 135520
malloc, 256, 45717.000000, 1015696, 3149856, 135552
malloc, 256, 49272.000000, 1016176, 3149856, 135776
malloc, 256, 46221.000000, 1016656, 3149856, 135808
malloc, 256, 45819.000000, 1017136, 3149856, 135872
malloc, 256, 49367.000000, 1017616, 3149856, 135904
malloc, 256, 46867.000000, 1018096, 3149856, 136000
malloc, 256, 46018.000000, 1018576, 3149856, 136032
malloc, 256, 45870.000000, 1019056, 3149856, 136096
malloc, 256, 45904.000000, 1019536, 3149856, 136128
malloc, 256, 47780.000000, 1020016, 3149856, 136256
malloc, 256, 46393.000000, 1020496, 3149856, 136288
malloc, 256, 46122.000000, 1020976, 3149856, 136352
malloc, 256, 49971.000000, 1021456, 3149856, 136384
malloc, 256, 46443.000000, 1021936, 3149856, 136480
malloc, 256, 46122.000000, 1022416, 3149856, 136512
malloc, 256, 46125.000000, 1022896, 3149856, 136576
malloc, 256, 46162.000000, 1023376, 3149856, 136608
malloc, 256, 48065.000000, 1023856, 3149856, 136768
malloc, 256, 46354.000000, 1024336, 3149856, 136800
malloc, 256, 46337.000000, 1024816, 3149856, 136864
malloc, 256, 46160.000000, 1025296, 3149856, 136896
malloc, 256, 46240.000000, 1025776, 3149856, 136992
malloc, 256, 46244.000000, 1026256, 3149856, 137024
malloc, 256, 47736.000000, 1026736, 3149856, 137088
malloc, 256, 47219.000000, 1027216, 3149856, 137120
malloc, 256, 47692.000000, 1027696, 3149856, 137248
malloc, 256, 46520.000000, 1028176, 3149856, 137280
malloc, 256, 46397.000000, 1028656, 3149856, 137344
malloc, 256, 46402.000000, 1029136, 3149856, 137376
malloc, 256, 46308.000000, 1029616, 3149856, 137472
malloc, 256, 46330.000000, 1030096, 3149856, 137504
malloc, 256, 46352.000000, 1030576, 3149856, 137568
malloc, 256, 46445.000000, 1031056, 3149856, 137600
malloc, 256, 53560.000000, 1031536, 3149856, 137792
malloc, 256, 47155.000000, 1032016, 3149856, 137824
malloc, 256, 46599.000000, 1032496, 3149856, 137888
malloc, 256, 46602.000000, 1032976, 3149856, 137920
malloc, 256, 47941.000000, 1033456, 3149856, 138016
malloc, 256, 47976.000000, 1033936, 3149856, 138048
malloc, 256, 46871.000000, 1034416, 3149856, 138112
malloc, 256, 46541.000000, 1034896, 3149856, 138144
malloc, 256, 48290.000000, 1035376, 3149856, 138272
malloc, 256, 47003.000000, 1035856, 3149856, 138304
malloc, 256, 46864.000000, 1036336, 3149856, 138368
malloc, 256, 46710.000000, 1036816, 3149856, 138400
malloc, 256, 46677.000000, 1037296, 3149856, 138496
malloc, 256, 46766.000000, 1037776, 3149856, 138528
malloc, 256, 46857.000000, 1038256, 3149856, 138592
malloc, 256, 46780.000000, 1038736, 3149856, 138624
malloc, 256, 48536.000000, 1039216, 3149856, 138784
malloc, 256, 47110.000000, 1039696, 3149856, 138816
malloc, 256, 46955.000000, 1040176, 3149856, 138880
malloc, 256, 46800.000000, 1040656, 3149856, 138912
malloc, 256, 47008.000000, 1041136, 3149856, 139008
malloc, 256, 50534.000000, 1041616, 3149856, 139040
malloc, 256, 47265.000000, 1042096, 3149856, 139104
malloc, 256, 47003.000000, 1042576, 3149856, 139136
malloc, 256, 48258.000000, 1043056, 3149856, 139264
malloc, 256, 47310.000000, 1043536, 3149856, 139296
malloc, 256, 46996.000000, 1044016, 3149856, 139360
malloc, 256, 46974.000000, 1044496, 3149856, 139392
malloc, 256, 47072.000000, 1044976, 3149856, 139488
malloc, 256, 47060.000000, 1045456, 3149856, 139520
malloc, 256, 47031.000000, 1045936, 3149856, 139584
malloc, 256, 47062.000000, 1046416, 3149856, 139616
malloc, 256, 51648.000000, 1046896, 3149856, 139872
malloc, 256, 47464.000000, 1047376, 3149856, 139904
malloc, 256, 47310.000000, 1047856, 3149856, 139968
malloc, 256, 47106.000000, 1048336, 3149856, 140000
malloc, 256, 47263.000000, 1048816, 3149856, 140096
malloc, 256, 47287.000000, 1049296, 3149856, 140128
malloc, 256, 47325.000000, 1049776, 3149856, 140192
malloc, 256, 47363.000000, 1050256, 3149856, 140224
malloc, 256, 48581.000000, 1050736, 3149856, 140352
malloc, 256, 50714.000000, 1051216, 3149856, 140384
malloc, 256, 48051.000000, 1051696, 3149856, 140448
malloc, 256, 47582.000000, 1052176, 3149856, 140480
malloc, 256, 47503.000000, 1052656, 3149856, 140576
malloc, 256, 47474.000000, 1053136, 3149856, 140608
malloc, 256, 47518.000000, 1053616, 3149856, 140672
malloc, 256, 47512.000000, 1054096, 3149856, 140704
malloc, 256, 49705.000000, 1054576, 3149856, 140864
malloc, 256, 47809.000000, 1055056, 3149856, 140896
malloc, 256, 47636.000000, 1055536, 3149856, 140960
malloc, 256, 47703.000000, 1056016, 3149856, 140992
malloc, 256, 47691.000000, 1056496, 3149856, 141088
malloc, 256, 47746.000000, 1056976, 3149856, 141120
malloc, 256, 47725.000000, 1057456, 3149856, 141184
malloc, 256, 47644.000000, 1057936, 3149856, 141216
malloc, 256, 48871.000000, 1058416, 3149856, 141344
malloc, 256, 48029.000000, 1058896, 3149856, 141376
malloc, 256, 47784.000000, 1059376, 3149856, 141440
malloc, 256, 47752.000000, 1059856, 3149856, 141472
malloc, 256, 47785.000000, 1060336, 3149856, 141568
malloc, 256, 47928.000000, 1060816, 3149856, 141600
malloc, 256, 50527.000000, 1061296, 3149856, 141664
malloc, 256, 48330.000000, 1061776, 3149856, 141696
malloc, 256, 51841.000000, 1062256, 3149856, 141888
malloc, 256, 48257.000000, 1062736, 3149856, 141920
malloc, 256, 48044.000000, 1063216, 3149856, 141984
malloc, 256, 48067.000000, 1063696, 3149856, 142016
malloc, 256, 48064.000000, 1064176, 3149856, 142112
malloc, 256, 48059.000000, 1064656, 3149856, 142144
malloc, 256, 48095.000000, 1065136, 3149856, 142208
malloc, 256, 48170.000000, 1065616, 3149856, 142240
malloc, 256, 49133.000000, 1066096, 3149856, 142368
malloc, 256, 48309.000000, 1066576, 3149856, 142400
malloc, 256, 48088.000000, 1067056, 3149856, 142464
malloc, 256, 48352.000000, 1067536, 3149856, 142496
malloc, 256, 48272.000000, 1068016, 3149856, 142592
malloc, 256, 48229.000000, 1068496, 3149856, 142624
malloc, 256, 48299.000000, 1068976, 3149856, 142688
malloc, 256, 48239.000000, 1069456, 3149856, 142720
malloc, 256, 50240.000000, 1069936, 3149856, 142880
malloc, 256, 48533.000000, 1070416, 3149856, 142912
malloc, 256, 50717.000000, 1070896, 3149856, 142976
malloc, 256, 48878.000000, 1071376, 3149856, 143008
malloc, 256, 48422.000000, 1071856, 3149856, 143104
malloc, 256, 48369.000000, 1072336, 3149856, 143136
malloc, 256, 48394.000000, 1072816, 3149856, 143200
malloc, 256, 48397.000000, 1073296, 3149856, 143232
malloc, 256, 49533.000000, 1073776, 3149856, 143360
malloc, 256, 48487.000000, 1074256, 3149856, 143392
malloc, 256, 48407.000000, 1074736, 3149856, 143456
malloc, 256, 48495.000000, 1075216, 3149856, 143488
malloc, 256, 48458.000000, 1075696, 3149856, 143584
malloc, 256, 48628.000000, 1076176, 3149856, 143616
malloc, 256, 48748.000000, 1076656, 3149856, 143680
malloc, 256, 48759.000000, 1077136, 3149856, 143712
malloc, 256, 52038.000000, 1077616, 3149856, 143936
malloc, 256, 48815.000000, 1078096, 3149856, 143968
malloc, 256, 48749.000000, 1078576, 3149856, 144032
malloc, 256, 48817.000000, 1079056, 3149856, 144064
malloc, 256, 48807.000000, 1079536, 3149856, 144160
malloc, 256, 48767.000000, 1080016, 3149856, 144192
malloc, 256, 48770.000000, 1080496, 3149856, 144256
malloc, 256, 51569.000000, 1080976, 3149856, 144288
malloc, 256, 50254.000000, 1081456, 3149856, 144416
malloc, 256, 49067.000000, 1081936, 3149856, 144448
malloc, 256, 48920.000000, 1082416, 3149856, 144512
malloc, 256, 48898.000000, 1082896, 3149856, 144544
malloc, 256, 49009.000000, 1083376, 3149856, 144640
malloc, 256, 48993.000000, 1083856, 3149856, 144672
malloc, 256, 48854.000000, 1084336, 3149856, 144736
malloc, 256, 48948.000000, 1084816, 3149856, 144768
malloc, 256, 50699.000000, 1085296, 3149856, 144928
malloc, 256, 49143.000000, 1085776, 3149856, 144960
malloc, 256, 49155.000000, 1086256, 3149856, 145024
malloc, 256, 49806.000000, 1086736, 3149856, 145056
malloc, 256, 49621.000000, 1087216, 3149856, 145152
malloc, 256, 49978.000000, 1087696, 3149856, 145184
malloc, 256, 49620.000000, 1088176, 3149856, 145248
malloc, 256, 50203.000000, 1088656, 3149856, 145280
malloc, 256, 51484.000000, 1089136, 3149856, 145408
malloc, 256, 49470.000000, 1089616, 3149856, 145440
malloc, 256, 49290.000000, 1090096, 3149856, 145504
malloc, 256, 52745.000000, 1090576, 3149856, 145536
malloc, 256, 49372.000000, 1091056, 3149856, 145632
malloc, 256, 49160.000000, 1091536, 3149856, 145664
malloc, 256, 49062.000000, 1092016, 3149856, 145728
malloc, 256, 49301.000000, 1092496, 3149856, 145760
malloc, 256, 56361.000000, 1092976, 3149856, 145952
malloc, 256, 51390.000000, 1093456, 3149856, 145984
malloc, 256, 49493.000000, 1093936, 3149856, 146048
malloc, 256, 49451.000000, 1094416, 3149856, 146080
malloc, 256, 49297.000000, 1094896, 3149856, 146176
malloc, 256, 49419.000000, 1095376, 3149856, 146208
malloc, 256, 49341.000000, 1095856, 3149856, 146272
malloc, 256, 49543.000000, 1096336, 3149856, 146304
malloc, 256, 51149.000000, 1096816, 3149856, 146432
malloc, 256, 51083.000000, 1097296, 3149856, 146464
malloc, 256, 50214.000000, 1097776, 3149856, 146528
malloc, 256, 49455.000000, 1098256, 3149856, 146560
malloc, 256, 49504.000000, 1098736, 3149856, 146656
malloc, 256, 49538.000000, 1099216, 3149856, 146688
malloc, 256, 53158.000000, 1099696, 3149856, 146752
malloc, 256, 49939.000000, 1100176, 3149856, 146784
malloc, 256, 51699.000000, 1100656, 3149856, 146944
malloc, 256, 49805.000000, 1101136, 3149856, 146976
malloc, 256, 49591.000000, 1101616, 3149856, 147040
malloc, 256, 49604.000000, 1102096, 3149856, 147072
malloc, 256, 49608.000000, 1102576, 3149856, 147168
malloc, 256, 49686.000000, 1103056, 3149856, 147200
malloc, 256, 49683.000000, 1103536, 3149856, 147264
malloc, 256, 49751.000000, 1104016, 3149856, 147296
malloc, 256, 53173.000000, 1104496, 3149856, 147424
malloc, 256, 50461.000000, 1104976, 3149856, 147456
malloc, 256, 49753.000000, 1105456, 3149856, 147520
malloc, 256, 49733.000000, 1105936, 3149856, 147552
malloc, 256, 49770.000000, 1106416, 3149856, 147648
malloc, 256, 49777.000000, 1106896, 3149856, 147680
malloc, 256, 49812.000000, 1107376, 3149856, 147744
malloc, 256, 49772.000000, 1107856, 3149856, 147776
malloc, 256, 54781.000000, 1108336, 3149856, 148064
malloc, 256, 50146.000000, 1108816, 3149856, 148096
malloc, 256, 53194.000000, 1109296, 3149856, 148160
malloc, 256, 50192.000000, 1109776, 3149856, 148192
malloc, 256, 51824.000000, 1110256, 3149856, 148288
malloc, 256, 50290.000000, 1110736, 3149856, 148320
malloc, 256, 50006.000000, 1111216, 3149856, 148384
malloc, 256, 50090.000000, 1111696, 3149856, 148416
malloc, 256, 53268.000000, 1112176, 3149856, 148544
malloc, 256, 50440.000000, 1112656, 3149856, 148576
malloc, 256, 50155.000000, 1113136, 3149856, 148640
malloc, 256, 50175.000000, 1113616, 3149856, 148672
malloc, 256, 50278.000000, 1114096, 3149856, 148768
malloc, 256, 50172.000000, 1114576, 3149856, 148800
malloc, 256, 50169.000000, 1115056, 3149856, 148864
malloc, 256, 50204.000000, 1115536, 3149856, 148896
malloc, 256, 52170.000000, 1116016, 3149856, 149056
malloc, 256, 50426.000000, 1116496, 3149856, 149088
malloc, 256, 50279.000000, 1116976, 3149856, 149152
malloc, 256, 50288.000000, 1117456, 3149856, 149184
malloc, 256, 50365.000000, 1117936, 3149856, 149280
malloc, 256, 53176.000000, 1118416, 3149856, 149312
malloc, 256, 51097.000000, 1118896, 3149856, 149376
malloc, 256, 50434.000000, 1119376, 3149856, 149408
malloc, 256, 51610.000000, 1119856, 3149856, 149536
malloc, 256, 50567.000000, 1120336, 3149856, 149568
malloc, 256, 50427.000000, 1120816, 3149856, 149632
malloc, 256, 50444.000000, 1121296, 3149856, 149664
malloc, 256, 50496.000000, 1121776, 3149856, 149760
malloc, 256, 50505.000000, 1122256, 3149856, 149792
malloc, 256, 50541.000000, 1122736, 3149856, 149856
malloc, 256, 50563.000000, 1123216, 3149856, 149888
malloc, 256, 53255.000000, 1123696, 3149856, 150080
malloc, 256, 50740.000000, 1124176, 3149856, 150112
malloc, 256, 50630.000000, 1124656, 3149856, 150176
malloc, 256, 50683.000000, 1125136, 3149856, 150208
malloc, 256, 50737.000000, 1125616, 3149856, 150304
malloc, 256, 50712.000000, 1126096, 3149856, 150336
malloc, 256, 50732.000000, 1126576, 3149856, 150400
malloc, 256, 50738.000000, 1127056, 3149856, 150432
malloc, 256, 51789.000000, 1127536, 3149856, 150560
malloc, 256, 54512.000000, 1128016, 3149856, 150592
malloc, 256, 51064.000000, 1128496, 3149856, 150656
malloc, 256, 50913.000000, 1128976, 3149856, 150688
malloc, 256, 50823.000000, 1129456, 3149856, 150784
malloc, 256, 50973.000000, 1129936, 3149856, 150816
malloc, 256, 50907.000000, 1130416, 3149856, 150880
malloc, 256, 50988.000000, 1130896, 3149856, 150912
malloc, 256, 53231.000000, 1131376, 3149856, 151072
malloc, 256, 51166.000000, 1131856, 3149856, 151104
malloc, 256, 50934.000000, 1132336, 3149856, 151168
malloc, 256, 51042.000000, 1132816, 3149856, 151200
malloc, 256, 50997.000000, 1133296, 3149856, 151296
malloc, 256, 51084.000000, 1133776, 3149856, 151328
malloc, 256, 51093.000000, 1134256, 3149856, 151392
malloc, 256, 51107.000000, 1134736, 3149856, 151424
malloc, 256, 52229.000000, 1135216, 3149856, 151552
malloc, 256, 51286.000000, 1135696, 3149856, 151584
malloc, 256, 51146.000000, 1136176, 3149856, 151648
malloc, 256, 51168.000000, 1136656, 3149856, 151680
malloc, 256, 54084.000000, 1137136, 3149856, 151776
malloc, 256, 51691.000000, 1137616, 3149856, 151808
malloc, 256, 51293.000000, 1138096, 3149856, 151872
malloc, 256, 51324.000000, 1138576, 3149856, 151904
malloc, 256, 55103.000000, 1139056, 3149856, 152128
malloc, 256, 51659.000000, 1139536, 3149856, 152160
malloc, 256, 51324.000000, 1140016, 3149856, 152224
malloc, 256, 51398.000000, 1140496, 3149856, 152256
malloc, 256, 51474.000000, 1140976, 3149856, 152352
malloc, 256, 51608.000000, 1141456, 3149856, 152384
malloc, 256, 51519.000000, 1141936, 3149856, 152448
malloc, 256, 51500.000000, 1142416, 3149856, 152480
malloc, 256, 53560.000000, 1142896, 3149856, 152608
malloc, 256, 51622.000000, 1143376, 3149856, 152640
malloc, 256, 51505.000000, 1143856, 3149856, 152704
malloc, 256, 51602.000000, 1144336, 3149856, 152736
malloc, 256, 51657.000000, 1144816, 3149856, 152832
malloc, 256, 51592.000000, 1145296, 3149856, 152864
malloc, 256, 51666.000000, 1145776, 3149856, 152928
malloc, 256, 54185.000000, 1146256, 3149856, 152960
malloc, 256, 54039.000000, 1146736, 3149856, 153120
malloc, 256, 51949.000000, 1147216, 3149856, 153152
malloc, 256, 51710.000000, 1147696, 3149856, 153216
malloc, 256, 51790.000000, 1148176, 3149856, 153248
malloc, 256, 51793.000000, 1148656, 3149856, 153344
malloc, 256, 51792.000000, 1149136, 3149856, 153376
malloc, 256, 51849.000000, 1149616, 3149856, 153440
malloc, 256, 51823.000000, 1150096, 3149856, 153472
malloc, 256, 52794.000000, 1150576, 3149856, 153600
malloc, 256, 51892.000000, 1151056, 3149856, 153632
malloc, 256, 51895.000000, 1151536, 3149856, 153696
malloc, 256, 51841.000000, 1152016, 3149856, 153728
malloc, 256, 51942.000000, 1152496, 3149856, 153824
malloc, 256, 51878.000000, 1152976, 3149856, 153856
malloc, 256, 51989.000000, 1153456, 3149856, 153920
malloc, 256, 51989.000000, 1153936, 3149856, 153952
malloc, 256, 54496.000000, 1154416, 3149856, 154144
malloc, 256, 52211.000000, 1154896, 3149856, 154176
malloc, 256, 54727.000000, 1155376, 3149856, 154240
malloc, 256, 53078.000000, 1155856, 3149856, 154272
malloc, 256, 52130.000000, 1156336, 3149856, 154368
malloc, 256, 52101.000000, 1156816, 3149856, 154400
malloc, 256, 52121.000000, 1157296, 3149856, 154464
malloc, 256, 52151.000000, 1157776, 3149856, 154496
malloc, 256, 53347.000000, 1158256, 3149856, 154624
malloc, 256, 52309.000000, 1158736, 3149856, 154656
malloc, 256, 52195.000000, 1159216, 3149856, 154720
malloc, 256, 52297.000000, 1159696, 3149856, 154752
malloc, 256, 52353.000000, 1160176, 3149856, 154848
malloc, 256, 52259.000000, 1160656, 3149856, 154880
malloc, 256, 52350.000000, 1161136, 3149856, 154944
malloc, 256, 52346.000000, 1161616, 3149856, 154976
malloc, 256, 54401.000000, 1162096, 3149856, 155136
malloc, 256, 52586.000000, 1162576, 3149856, 155168
malloc, 256, 52406.000000, 1163056, 3149856, 155232
malloc, 256, 52408.000000, 1163536, 3149856, 155264
malloc, 256, 52448.000000, 1164016, 3149856, 155360
malloc, 256, 55863.000000, 1164496, 3149856, 155392
malloc, 256, 52757.000000, 1164976, 3149856, 155456
malloc, 256, 52525.000000, 1165456, 3149856, 155488
malloc, 256, 53736.000000, 1165936, 3149856, 155616
malloc, 256, 52731.000000, 1166416, 3149856, 155648
malloc, 256, 52596.000000, 1166896, 3149856, 155712
malloc, 256, 52629.000000, 1167376, 3149856, 155744
malloc, 256, 52623.000000, 1167856, 3149856, 155840
malloc, 256, 52665.000000, 1168336, 3149856, 155872
malloc, 256, 56137.000000, 1168816, 3149856, 155936
malloc, 256, 53501.000000, 1169296, 3149856, 155968
malloc, 256, 59246.000000, 1169776, 3149856, 156224
malloc, 256, 53169.000000, 1170256, 3149856, 156256
malloc, 256, 52910.000000, 1170736, 3149856, 156320
malloc, 256, 52899.000000, 1171216, 3149856, 156352
malloc, 256, 52929.000000, 1171696, 3149856, 156448
malloc, 256, 52857.000000, 1172176, 3149856, 156480
malloc, 256, 52940.000000, 1172656, 3149856, 156544
malloc, 256, 56635.000000, 1173136, 3149856, 156576
malloc, 256, 54896.000000, 1173616, 3149856, 156704
malloc, 256, 53156.000000, 1174096, 3149856, 156736
malloc, 256, 52960.000000, 1174576, 3149856, 156800
malloc, 256, 52996.000000, 1175056, 3149856, 156832
malloc, 256, 52981.000000, 1175536, 3149856, 156928
malloc, 256, 53055.000000, 1176016, 3149856, 156960
malloc, 256, 53030.000000, 1176496, 3149856, 157024
malloc, 256, 53036.000000, 1176976, 3149856, 157056
malloc, 256, 54903.000000, 1177456, 3149856, 157216
malloc, 256, 53155.000000, 1177936, 3149856, 157248
malloc, 256, 54111.000000, 1178416, 3149856, 157312
malloc, 256, 54662.000000, 1178896, 3149856, 157344
malloc, 256, 53402.000000, 1179376, 3149856, 157440
malloc, 256, 53210.000000, 1179856, 3149856, 157472
malloc, 256, 53205.000000, 1180336, 3149856, 157536
malloc, 256, 53293.000000, 1180816, 3149856, 157568
malloc, 256, 54790.000000, 1181296, 3149856, 157696
malloc, 256, 56352.000000, 1181776, 3149856, 157728
malloc, 256, 53796.000000, 1182256, 3149856, 157792
malloc, 256, 54640.000000, 1182736, 3149856, 157824
malloc, 256, 54178.000000, 1183216, 3149856, 157920
malloc, 256, 53428.000000, 1183696, 3149856, 157952
malloc, 256, 53359.000000, 1184176, 3149856, 158016
malloc, 256, 53476.000000, 1184656, 3149856, 158048
malloc, 256, 56782.000000, 1185136, 3149856, 158240
malloc, 256, 53765.000000, 1185616, 3149856, 158272
malloc, 256, 53495.000000, 1186096, 3149856, 158336
malloc, 256, 53501.000000, 1186576, 3149856, 158368
malloc, 256, 53590.000000, 1187056, 3149856, 158464
malloc, 256, 53584.000000, 1187536, 3149856, 158496
malloc, 256, 53581.000000, 1188016, 3149856, 158560
malloc, 256, 53606.000000, 1188496, 3149856, 158592
malloc, 256, 54793.000000, 1188976, 3149856, 158720
malloc, 256, 53941.000000, 1189456, 3149856, 158752
malloc, 256, 53729.000000, 1189936, 3149856, 158816
malloc, 256, 53652.000000, 1190416, 3149856, 158848
malloc, 256, 56711.000000, 1190896, 3149856, 158944
malloc, 256, 54137.000000, 1191376, 3149856, 158976
malloc, 256, 53734.000000, 1191856, 3149856, 159040
malloc, 256, 53675.000000, 1192336, 3149856, 159072
malloc, 256, 55699.000000, 1192816, 3149856, 159232
malloc, 256, 54053.000000, 1193296, 3149856, 159264
malloc, 256, 53835.000000, 1193776, 3149856, 159328
malloc, 256, 53848.000000, 1194256, 3149856, 159360
malloc, 256, 53794.000000, 1194736, 3149856, 159456
malloc, 256, 53796.000000, 1195216, 3149856, 159488
malloc, 256, 53857.000000, 1195696, 3149856, 159552
malloc, 256, 53919.000000, 1196176, 3149856, 159584
malloc, 256, 55229.000000, 1196656, 3149856, 159712
malloc, 256, 54127.000000, 1197136, 3149856, 159744
malloc, 256, 53992.000000, 1197616, 3149856, 159808
malloc, 256, 54079.000000, 1198096, 3149856, 159840
malloc, 256, 54065.000000, 1198576, 3149856, 159936
malloc, 256, 53952.000000, 1199056, 3149856, 159968
malloc, 256, 57166.000000, 1199536, 3149856, 160032
malloc, 256, 54724.000000, 1200016, 3149856, 160064
malloc, 256, 58770.000000, 1200496, 3149856, 160288
malloc, 256, 54475.000000, 1200976, 3149856, 160320
malloc, 256, 54168.000000, 1201456, 3149856, 160384
malloc, 256, 54272.000000, 1201936, 3149856, 160416
malloc, 256, 54305.000000, 1202416, 3149856, 160512
malloc, 256, 54257.000000, 1202896, 3149856, 160544
malloc, 256, 54294.000000, 1203376, 3149856, 160608
malloc, 256, 54303.000000, 1203856, 3149856, 160640
malloc, 256, 55423.000000, 1204336, 3149856, 160768
malloc, 256, 54415.000000, 1204816, 3149856, 160800
malloc, 256, 54419.000000, 1205296, 3149856, 160864
malloc, 256, 54437.000000, 1205776, 3149856, 160896
malloc, 256, 54388.000000, 1206256, 3149856, 160992
malloc, 256, 54382.000000, 1206736, 3149856, 161024
malloc, 256, 54473.000000, 1207216, 3149856, 161088
malloc, 256, 54381.000000, 1207696, 3149856, 161120
malloc, 256, 59227.000000, 1208176, 3149856, 161280
malloc, 256, 54989.000000, 1208656, 3149856, 161312
malloc, 256, 54619.000000, 1209136, 3149856, 161376
malloc, 256, 54608.000000, 1209616, 3149856, 161408
malloc, 256, 54551.000000, 1210096, 3149856, 161504
malloc, 256, 54644.000000, 1210576, 3149856, 161536
malloc, 256, 54643.000000, 1211056, 3149856, 161600
malloc, 256, 54641.000000, 1211536, 3149856, 161632
malloc, 256, 55744.000000, 1212016, 3149856, 161760
malloc, 256, 54726.000000, 1212496, 3149856, 161792
malloc, 256, 54714.000000, 1212976, 3149856, 161856
malloc, 256, 54705.000000, 1213456, 3149856, 161888
malloc, 256, 54727.000000, 1213936, 3149856, 161984
malloc, 256, 54774.000000, 1214416, 3149856, 162016
malloc, 256, 54772.000000, 1214896, 3149856, 162080
malloc, 256, 54816.000000, 1215376, 3149856, 162112
malloc, 256, 57479.000000, 1215856, 3149856, 162304
malloc, 256, 54930.000000, 1216336, 3149856, 162336
malloc, 256, 57435.000000, 1216816, 3149856, 162400
malloc, 256, 55228.000000, 1217296, 3149856, 162432
malloc, 256, 54965.000000, 1217776, 3149856, 162528
malloc, 256, 55025.000000, 1218256, 3149856, 162560
malloc, 256, 54959.000000, 1218736, 3149856, 162624
malloc, 256, 54972.000000, 1219216, 3149856, 162656
malloc, 256, 56071.000000, 1219696, 3149856, 162784
malloc, 256, 55239.000000, 1220176, 3149856, 162816
malloc, 256, 55120.000000, 1220656, 3149856, 162880
malloc, 256, 55101.000000, 1221136, 3149856, 162912
malloc, 256, 55107.000000, 1221616, 3149856, 163008
malloc, 256, 55149.000000, 1222096, 3149856, 163040
malloc, 256, 55103.000000, 1222576, 3149856, 163104
malloc, 256, 55162.000000, 1223056, 3149856, 163136
malloc, 256, 57203.000000, 1223536, 3149856, 163296
malloc, 256, 55423.000000, 1224016, 3149856, 163328
malloc, 256, 55279.000000, 1224496, 3149856, 163392
malloc, 256, 55279.000000, 1224976, 3149856, 163424
malloc, 256, 57885.000000, 1225456, 3149856, 163520
malloc, 256, 55545.000000, 1225936, 3149856, 163552
malloc, 256, 55294.000000, 1226416, 3149856, 163616
malloc, 256, 55370.000000, 1226896, 3149856, 163648
malloc, 256, 56703.000000, 1227376, 3149856, 163776
malloc, 256, 55488.000000, 1227856, 3149856, 163808
malloc, 256, 55413.000000, 1228336, 3149856, 163872
malloc, 256, 55403.000000, 1228816, 3149856, 163904
malloc, 256, 55421.000000, 1229296, 3149856, 164000
malloc, 256, 55402.000000, 1229776, 3149856, 164032
malloc, 256, 55445.000000, 1230256, 3149856, 164096
malloc, 256, 55458.000000, 1230736, 3149856, 164128
malloc, 256, 62225.000000, 1231216, 3149856, 164448
malloc, 256, 55897.000000, 1231696, 3149856, 164480
malloc, 256, 55682.000000, 1232176, 3149856, 164544
malloc, 256, 55740.000000, 1232656, 3149856, 164576
malloc, 256, 55623.000000, 1233136, 3149856, 164672
malloc, 256, 58276.000000, 1233616, 3149856, 164704
malloc, 256, 56217.000000, 1234096, 3149856, 164768
malloc, 256, 55689.000000, 1234576, 3149856, 164800
malloc, 256, 57125.000000, 1235056, 3149856, 164928
malloc, 256, 55976.000000, 1235536, 3149856, 164960
malloc, 256, 55770.000000, 1236016, 3149856, 165024
malloc, 256, 55861.000000, 1236496, 3149856, 165056
malloc, 256, 55813.000000, 1236976, 3149856, 165152
malloc, 256, 55808.000000, 1237456, 3149856, 165184
malloc, 256, 55848.000000, 1237936, 3149856, 165248
malloc, 256, 55840.000000, 1238416, 3149856, 165280
malloc, 256, 57964.000000, 1238896, 3149856, 165440
malloc, 256, 56074.000000, 1239376, 3149856, 165472
malloc, 256, 55939.000000, 1239856, 3149856, 165536
malloc, 256, 55920.000000, 1240336, 3149856, 165568
malloc, 256, 56005.000000, 1240816, 3149856, 165664
malloc, 256, 56017.000000, 1241296, 3149856, 165696
malloc, 256, 55976.000000, 1241776, 3149856, 165760
malloc, 256, 58821.000000, 1242256, 3149856, 165792
malloc, 256, 58053.000000, 1242736, 3149856, 165920
malloc, 256, 56244.000000, 1243216, 3149856, 165952
malloc, 256, 56176.000000, 1243696, 3149856, 166016
malloc, 256, 59620.000000, 1244176, 3149856, 166048
malloc, 256, 56972.000000, 1244656, 3149856, 166144
malloc, 256, 56101.000000, 1245136, 3149856, 166176
malloc, 256, 56217.000000, 1245616, 3149856, 166240
malloc, 256, 56192.000000, 1246096, 3149856, 166272
malloc, 256, 59527.000000, 1246576, 3149856, 166464
malloc, 256, 56556.000000, 1247056, 3149856, 166496
malloc, 256, 56310.000000, 1247536, 3149856, 166560
malloc, 256, 56286.000000, 1248016, 3149856, 166592
malloc, 256, 56301.000000, 1248496, 3149856, 166688
malloc, 256, 56328.000000, 1248976, 3149856, 166720
malloc, 256, 56375.000000, 1249456, 3149856, 166784
malloc, 256, 56397.000000, 1249936, 3149856, 166816
malloc, 256, 61845.000000, 1250416, 3149856, 166944
malloc, 256, 57156.000000, 1250896, 3149856, 166976
malloc, 256, 58205.000000, 1251376, 3149856, 167040
malloc, 256, 57210.000000, 1251856, 3149856, 167072
malloc, 256, 56499.000000, 1252336, 3149856, 167168
malloc, 256, 56552.000000, 1252816, 3149856, 167200
malloc, 256, 56504.000000, 1253296, 3149856, 167264
malloc, 256, 56566.000000, 1253776, 3149856, 167296
malloc, 256, 58792.000000, 1254256, 3149856, 167456
malloc, 256, 56773.000000, 1254736, 3149856, 167488
malloc, 256, 56698.000000, 1255216, 3149856, 167552
malloc, 256, 56667.000000, 1255696, 3149856, 167584
malloc, 256, 58292.000000, 1256176, 3149856, 167680
malloc, 256, 57393.000000, 1256656, 3149856, 167712
malloc, 256, 56694.000000, 1257136, 3149856, 167776
malloc, 256, 56675.000000, 1257616, 3149856, 167808
malloc, 256, 58176.000000, 1258096, 3149856, 167936
malloc, 256, 60061.000000, 1258576, 3149856, 167968
malloc, 256, 57233.000000, 1259056, 3149856, 168032
malloc, 256, 56804.000000, 1259536, 3149856, 168064
malloc, 256, 56800.000000, 1260016, 3149856, 168160
malloc, 256, 56850.000000, 1260496, 3149856, 168192
malloc, 256, 56999.000000, 1260976, 3149856, 168256
malloc, 256, 56938.000000, 1261456, 3149856, 168288
malloc, 256, 60302.000000, 1261936, 3149856, 168512
malloc, 256, 57045.000000, 1262416, 3149856, 168544
malloc, 256, 56966.000000, 1262896, 3149856, 168608
malloc, 256, 56986.000000, 1263376, 3149856, 168640
malloc, 256, 57110.000000, 1263856, 3149856, 168736
malloc, 256, 57046.000000, 1264336, 3149856, 168768
malloc, 256, 57099.000000, 1264816, 3149856, 168832
malloc, 256, 57108.000000, 1265296, 3149856, 168864
malloc, 256, 58367.000000, 1265776, 3149856, 168992
malloc, 256, 57302.000000, 1266256, 3149856, 169024
malloc, 256, 57200.000000, 1266736, 3149856, 169088
malloc, 256, 60427.000000, 1267216, 3149856, 169120
malloc, 256, 57439.000000, 1267696, 3149856, 169216
malloc, 256, 57244.000000, 1268176, 3149856, 169248
malloc, 256, 57255.000000, 1268656, 3149856, 169312
malloc, 256, 57278.000000, 1269136, 3149856, 169344
malloc, 256, 59459.000000, 1269616, 3149856, 169504
malloc, 256, 57445.000000, 1270096, 3149856, 169536
malloc, 256, 57407.000000, 1270576, 3149856, 169600
malloc, 256, 57333.000000, 1271056, 3149856, 169632
malloc, 256, 57374.000000, 1271536, 3149856, 169728
malloc, 256, 57339.000000, 1272016, 3149856, 169760
malloc, 256, 57406.000000, 1272496, 3149856, 169824
malloc, 256, 57408.000000, 1272976, 3149856, 169856
malloc, 256, 58513.000000, 1273456, 3149856, 169984
malloc, 256, 57529.000000, 1273936, 3149856, 170016
malloc, 256, 57532.000000, 1274416, 3149856, 170080
malloc, 256, 57491.000000, 1274896, 3149856, 170112
malloc, 256, 60446.000000, 1275376, 3149856, 170208
malloc, 256, 57891.000000, 1275856, 3149856, 170240
malloc, 256, 57652.000000, 1276336, 3149856, 170304
malloc, 256, 57562.000000, 1276816, 3149856, 170336
malloc, 256, 60268.000000, 1277296, 3149856, 170528
malloc, 256, 57815.000000, 1277776, 3149856, 170560
malloc, 256, 57670.000000, 1278256, 3149856, 170624
malloc, 256, 57671.000000, 1278736, 3149856, 170656
malloc, 256, 57816.000000, 1279216, 3149856, 170752
malloc, 256, 57770.000000, 1279696, 3149856, 170784
malloc, 256, 57725.000000, 1280176, 3149856, 170848
malloc, 256, 57752.000000, 1280656, 3149856, 170880
malloc, 256, 60048.000000, 1281136, 3149856, 171008
malloc, 256, 57936.000000, 1281616, 3149856, 171040
malloc, 256, 57809.000000, 1282096, 3149856, 171104
malloc, 256, 57819.000000, 1282576, 3149856, 171136
malloc, 256, 57881.000000, 1283056, 3149856, 171232
malloc, 256, 60403.000000, 1283536, 3149856, 171264
malloc, 256, 58057.000000, 1284016, 3149856, 171328
malloc, 256, 58312.000000, 1284496, 3149856, 171360
malloc, 256, 62466.000000, 1284976, 3149856, 171520
malloc, 256, 58704.000000, 1285456, 3149856, 171552
malloc, 256, 58063.000000, 1285936, 3149856, 171616
malloc, 256, 58080.000000, 1286416, 3149856, 171648
malloc, 256, 58032.000000, 1286896, 3149856, 171744
malloc, 256, 58203.000000, 1287376, 3149856, 171776
malloc, 256, 58173.000000, 1287856, 3149856, 171840
malloc, 256, 58123.000000, 1288336, 3149856, 171872
malloc, 256, 59551.000000, 1288816, 3149856, 172000
malloc, 256, 58177.000000, 1289296, 3149856, 172032
malloc, 256, 58256.000000, 1289776, 3149856, 172096
malloc, 256, 58228.000000, 1290256, 3149856, 172128
malloc, 256, 58258.000000, 1290736, 3149856, 172224
malloc, 256, 58274.000000, 1291216, 3149856, 172256
malloc, 256, 61367.000000, 1291696, 3149856, 172320
malloc, 256, 58562.000000, 1292176, 3149856, 172352
malloc, 256, 62800.000000, 1292656, 3149856, 172608
malloc, 256, 58666.000000, 1293136, 3149856, 172640
malloc, 256, 58401.000000, 1293616, 3149856, 172704
malloc, 256, 58366.000000, 1294096, 3149856, 172736
malloc, 256, 58409.000000, 1294576, 3149856, 172832
malloc, 256, 58477.000000, 1295056, 3149856, 172864
malloc, 256, 58528.000000, 1295536, 3149856, 172928
malloc, 256, 58473.000000, 1296016, 3149856, 172960
malloc, 256, 59562.000000, 1296496, 3149856, 173088
malloc, 256, 58651.000000, 1296976, 3149856, 173120
malloc, 256, 58569.000000, 1297456, 3149856, 173184
malloc, 256, 58544.000000, 1297936, 3149856, 173216
malloc, 256, 58647.000000, 1298416, 3149856, 173312
malloc, 256, 58623.000000, 1298896, 3149856, 173344
malloc, 256, 58690.000000, 1299376, 3149856, 173408
malloc, 256, 59384.000000, 1299856, 3149856, 173440
malloc, 256, 61062.000000, 1300336, 3149856, 173600
malloc, 256, 58832.000000, 1300816, 3149856, 173632
malloc, 256, 58821.000000, 1301296, 3149856, 173696
malloc, 256, 58721.000000, 1301776, 3149856, 173728
malloc, 256, 58776.000000, 1302256, 3149856, 173824
malloc, 256, 58783.000000, 1302736, 3149856, 173856
malloc, 256, 58801.000000, 1303216, 3149856, 173920
malloc, 256, 58842.000000, 1303696, 3149856, 173952
malloc, 256, 60003.000000, 1304176, 3149856, 174080
malloc, 256, 59041.000000, 1304656, 3149856, 174112
malloc, 256, 58963.000000, 1305136, 3149856, 174176
malloc, 256, 58859.000000, 1305616, 3149856, 174208
malloc, 256, 58932.000000, 1306096, 3149856, 174304
malloc, 256, 58904.000000, 1306576, 3149856, 174336
malloc, 256, 58999.000000, 1307056, 3149856, 174400
malloc, 256, 61778.000000, 1307536, 3149856, 174432
malloc, 256, 63296.000000, 1308016, 3149856, 174624
malloc, 256, 59216.000000, 1308496, 3149856, 174656
malloc, 256, 59140.000000, 1308976, 3149856, 174720
malloc, 256, 59091.000000, 1309456, 3149856, 174752
malloc, 256, 59232.000000, 1309936, 3149856, 174848
malloc, 256, 59074.000000, 1310416, 3149856, 174880
malloc, 256, 59200.000000, 1310896, 3149856, 174944
malloc, 256, 59187.000000, 1311376, 3149856, 174976
malloc, 256, 60371.000000, 1311856, 3149856, 175104
malloc, 256, 59346.000000, 1312336, 3149856, 175136
malloc, 256, 59303.000000, 1312816, 3149856, 175200
malloc, 256, 59331.000000, 1313296, 3149856, 175232
malloc, 256, 59299.000000, 1313776, 3149856, 175328
malloc, 256, 59347.000000, 1314256, 3149856, 175360
malloc, 256, 59346.000000, 1314736, 3149856, 175424
malloc, 256, 59376.000000, 1315216, 3149856, 175456
malloc, 256, 64112.000000, 1315696, 3149856, 175616
malloc, 256, 59880.000000, 1316176, 3149856, 175648
malloc, 256, 59506.000000, 1316656, 3149856, 175712
malloc, 256, 59514.000000, 1317136, 3149856, 175744
malloc, 256, 59496.000000, 1317616, 3149856, 175840
malloc, 256, 59456.000000, 1318096, 3149856, 175872
malloc, 256, 59574.000000, 1318576, 3149856, 175936
malloc, 256, 59506.000000, 1319056, 3149856, 175968
malloc, 256, 60780.000000, 1319536, 3149856, 176096
malloc, 256, 63247.000000, 1320016, 3149856, 176128
malloc, 256, 60405.000000, 1320496, 3149856, 176192
malloc, 256, 59700.000000, 1320976, 3149856, 176224
malloc, 256, 59698.000000, 1321456, 3149856, 176320
malloc, 256, 59682.000000, 1321936, 3149856, 176352
malloc, 256, 59665.000000, 1322416, 3149856, 176416
malloc, 256, 59773.000000, 1322896, 3149856, 176448
malloc, 256, 67281.000000, 1323376, 3149856, 176672
malloc, 256, 60471.000000, 1323856, 3149856, 176704
malloc, 256, 59832.000000, 1324336, 3149856, 176768
malloc, 256, 59784.000000, 1324816, 3149856, 176800
malloc, 256, 59866.000000, 1325296, 3149856, 176896
malloc, 256, 59882.000000, 1325776, 3149856, 176928
malloc, 256, 59877.000000, 1326256, 3149856, 176992
malloc, 256, 59917.000000, 1326736, 3149856, 177024
malloc, 256, 61023.000000, 1327216, 3149856, 177152
malloc, 256, 61795.000000, 1327696, 3149856, 177184
malloc, 256, 60707.000000, 1328176, 3149856, 177248
malloc, 256, 59962.000000, 1328656, 3149856, 177280
malloc, 256, 60008.000000, 1329136, 3149856, 177376
malloc, 256, 60044.000000, 1329616, 3149856, 177408
malloc, 256, 60045.000000, 1330096, 3149856, 177472
malloc, 256, 60087.000000, 1330576, 3149856, 177504
malloc, 256, 65798.000000, 1331056, 3149856, 177664
malloc, 256, 60963.000000, 1331536, 3149856, 177696
malloc, 256, 60225.000000, 1332016, 3149856, 177760
malloc, 256, 62291.000000, 1332496, 3149856, 177792
malloc, 256, 60688.000000, 1332976, 3149856, 177888
malloc, 256, 60359.000000, 1333456, 3149856, 177920
malloc, 256, 60364.000000, 1333936, 3149856, 177984
malloc, 256, 60363.000000, 1334416, 3149856, 178016
malloc, 256, 61878.000000, 1334896, 3149856, 178144
malloc, 256, 60529.000000, 1335376, 3149856, 178176
malloc, 256, 60416.000000, 1335856, 3149856, 178240
malloc, 256, 60320.000000, 1336336, 3149856, 178272
malloc, 256, 60309.000000, 1336816, 3149856, 178368
malloc, 256, 60410.000000, 1337296, 3149856, 178400
malloc, 256, 60409.000000, 1337776, 3149856, 178464
malloc, 256, 60485.000000, 1338256, 3149856, 178496
malloc, 256, 64100.000000, 1338736, 3149856, 178688
malloc, 256, 63916.000000, 1339216, 3149856, 178720
malloc, 256, 60802.000000, 1339696, 3149856, 178784
malloc, 256, 60479.000000, 1340176, 3149856, 178816
malloc, 256, 60521.000000, 1340656, 3149856, 178912
malloc, 256, 60610.000000, 1341136, 3149856, 178944
malloc, 256, 60646.000000, 1341616, 3149856, 179008
malloc, 256, 60638.000000, 1342096, 3149856, 179040
malloc, 256, 62029.000000, 1342576, 3149856, 179168
malloc, 256, 60781.000000, 1343056, 3149856, 179200
malloc, 256, 60649.000000, 1343536, 3149856, 179264
malloc, 256, 60683.000000, 1344016, 3149856, 179296
malloc, 256, 60653.000000, 1344496, 3149856, 179392
malloc, 256, 60674.000000, 1344976, 3149856, 179424
malloc, 256, 60736.000000, 1345456, 3149856, 179488
malloc, 256, 60813.000000, 1345936, 3149856, 179520
malloc, 256, 62522.000000, 1346416, 3149856, 179680
malloc, 256, 63458.000000, 1346896, 3149856, 179712
malloc, 256, 61136.000000, 1347376, 3149856, 179776
malloc, 256, 60841.000000, 1347856, 3149856, 179808
malloc, 256, 60889.000000, 1348336, 3149856, 179904
malloc, 256, 60869.000000, 1348816, 3149856, 179936
malloc, 256, 60908.000000, 1349296, 3149856, 180000
malloc, 256, 60948.000000, 1349776, 3149856, 180032
malloc, 256, 62225.000000, 1350256, 3149856, 180160
malloc, 256, 61005.000000, 1350736, 3149856, 180192
malloc, 256, 61015.000000, 1351216, 3149856, 180256
malloc, 256, 61040.000000, 1351696, 3149856, 180288
malloc, 256, 61059.000000, 1352176, 3149856, 180384
malloc, 256, 61068.000000, 1352656, 3149856, 180416
malloc, 256, 61129.000000, 1353136, 3149856, 180480
malloc, 256, 61107.000000, 1353616, 3149856, 180512
malloc, 256, 66162.000000, 1354096, 3149856, 180800
malloc, 256, 64080.000000, 1354576, 3149856, 180832
malloc, 256, 61535.000000, 1355056, 3149856, 180896
malloc, 256, 61229.000000, 1355536, 3149856, 180928
malloc, 256, 61340.000000, 1356016, 3149856, 181024
malloc, 256, 61318.000000, 1356496, 3149856, 181056
malloc, 256, 61274.000000, 1356976, 3149856, 181120
malloc, 256, 61287.000000, 1357456, 3149856, 181152
malloc, 256, 62613.000000, 1357936, 3149856, 181280
malloc, 256, 61397.000000, 1358416, 3149856, 181312
malloc, 256, 61470.000000, 1358896, 3149856, 181376
malloc, 256, 61438.000000, 1359376, 3149856, 181408
malloc, 256, 61411.000000, 1359856, 3149856, 181504
malloc, 256, 61377.000000, 1360336, 3149856, 181536
malloc, 256, 61486.000000, 1360816, 3149856, 181600
malloc, 256, 61489.000000, 1361296, 3149856, 181632
malloc, 256, 64214.000000, 1361776, 3149856, 181792
malloc, 256, 64426.000000, 1362256, 3149856, 181824
malloc, 256, 61976.000000, 1362736, 3149856, 181888
malloc, 256, 61595.000000, 1363216, 3149856, 181920
malloc, 256, 61622.000000, 1363696, 3149856, 182016
malloc, 256, 61663.000000, 1364176, 3149856, 182048
malloc, 256, 61668.000000, 1364656, 3149856, 182112
malloc, 256, 61640.000000, 1365136, 3149856, 182144
malloc, 256, 63028.000000, 1365616, 3149856, 182272
malloc, 256, 61819.000000, 1366096, 3149856, 182304
malloc, 256, 61774.000000, 1366576, 3149856, 182368
malloc, 256, 61768.000000, 1367056, 3149856, 182400
malloc, 256, 61900.000000, 1367536, 3149856, 182496
malloc, 256, 61674.000000, 1368016, 3149856, 182528
malloc, 256, 61939.000000, 1368496, 3149856, 182592
malloc, 256, 61809.000000, 1368976, 3149856, 182624
malloc, 256, 64412.000000, 1369456, 3149856, 182816
malloc, 256, 64817.000000, 1369936, 3149856, 182848
malloc, 256, 62226.000000, 1370416, 3149856, 182912
malloc, 256, 61931.000000, 1370896, 3149856, 182944
malloc, 256, 61970.000000, 1371376, 3149856, 183040
malloc, 256, 61983.000000, 1371856, 3149856, 183072
malloc, 256, 61980.000000, 1372336, 3149856, 183136
malloc, 256, 62002.000000, 1372816, 3149856, 183168
malloc, 256, 63264.000000, 1373296, 3149856, 183296
malloc, 256, 62173.000000, 1373776, 3149856, 183328
malloc, 256, 62106.000000, 1374256, 3149856, 183392
malloc, 256, 62115.000000, 1374736, 3149856, 183424
malloc, 256, 62013.000000, 1375216, 3149856, 183520
malloc, 256, 62978.000000, 1375696, 3149856, 183552
malloc, 256, 62203.000000, 1376176, 3149856, 183616
malloc, 256, 62200.000000, 1376656, 3149856, 183648
malloc, 256, 63946.000000, 1377136, 3149856, 183808
malloc, 256, 64788.000000, 1377616, 3149856, 183840
malloc, 256, 62417.000000, 1378096, 3149856, 183904
malloc, 256, 62284.000000, 1378576, 3149856, 183936
malloc, 256, 62292.000000, 1379056, 3149856, 184032
malloc, 256, 62248.000000, 1379536, 3149856, 184064
malloc, 256, 62335.000000, 1380016, 3149856, 184128
malloc, 256, 62411.000000, 1380496, 3149856, 184160
malloc, 256, 63470.000000, 1380976, 3149856, 184288
malloc, 256, 62511.000000, 1381456, 3149856, 184320
malloc, 256, 62437.000000, 1381936, 3149856, 184384
malloc, 256, 62492.000000, 1382416, 3149856, 184416
malloc, 256, 62446.000000, 1382896, 3149856, 184512
malloc, 256, 62662.000000, 1383376, 3149856, 184544
malloc, 256, 62579.000000, 1383856, 3149856, 184608
malloc, 256, 62533.000000, 1384336, 3149856, 184640
malloc, 256, 65956.000000, 1384816, 3149856, 184864
malloc, 256, 65346.000000, 1385296, 3149856, 184896
malloc, 256, 62800.000000, 1385776, 3149856, 184960
malloc, 256, 62644.000000, 1386256, 3149856, 184992
malloc, 256, 62693.000000, 1386736, 3149856, 185088
malloc, 256, 62682.000000, 1387216, 3149856, 185120
malloc, 256, 62687.000000, 1387696, 3149856, 185184
malloc, 256, 62756.000000, 1388176, 3149856, 185216
malloc, 256, 64125.000000, 1388656, 3149856, 185344
malloc, 256, 62949.000000, 1389136, 3149856, 185376
malloc, 256, 62698.000000, 1389616, 3149856, 185440
malloc, 256, 62805.000000, 1390096, 3149856, 185472
malloc, 256, 62815.000000, 1390576, 3149856, 185568
malloc, 256, 62875.000000, 1391056, 3149856, 185600
malloc, 256, 63477.000000, 1391536, 3149856, 185664
malloc, 256, 64023.000000, 1392016, 3149856, 185696
malloc, 256, 69138.000000, 1392496, 3149856, 185856
malloc, 256, 64270.000000, 1392976, 3149856, 185888
malloc, 256, 64639.000000, 1393456, 3149856, 185952
malloc, 256, 63322.000000, 1393936, 3149856, 185984
malloc, 256, 62993.000000, 1394416, 3149856, 186080
malloc, 256, 62994.000000, 1394896, 3149856, 186112
malloc, 256, 66739.000000, 1395376, 3149856, 186176
malloc, 256, 63974.000000, 1395856, 3149856, 186208
malloc, 256, 65149.000000, 1396336, 3149856, 186336
malloc, 256, 63300.000000, 1396816, 3149856, 186368
malloc, 256, 63127.000000, 1397296, 3149856, 186432
malloc, 256, 63194.000000, 1397776, 3149856, 186464
malloc, 256, 63263.000000, 1398256, 3149856, 186560
malloc, 256, 63239.000000, 1398736, 3149856, 186592
malloc, 256, 63215.000000, 1399216, 3149856, 186656
malloc, 256, 63179.000000, 1399696, 3149856, 186688
malloc, 256, 69608.000000, 1400176, 3149856, 186880
malloc, 256, 63693.000000, 1400656, 3149856, 186912
malloc, 256, 63331.000000, 1401136, 3149856, 186976
malloc, 256, 63310.000000, 1401616, 3149856, 187008
malloc, 256, 63396.000000, 1402096, 3149856, 187104
malloc, 256, 63353.000000, 1402576, 3149856, 187136
malloc, 256, 63395.000000, 1403056, 3149856, 187200
malloc, 256, 63758.000000, 1403536, 3149856, 187232
malloc, 256, 67183.000000, 1404016, 3149856, 187360
malloc, 256, 64064.000000, 1404496, 3149856, 187392
malloc, 256, 63496.000000, 1404976, 3149856, 187456
malloc, 256, 63485.000000, 1405456, 3149856, 187488
malloc, 256, 63524.000000, 1405936, 3149856, 187584
malloc, 256, 63509.000000, 1406416, 3149856, 187616
malloc, 256, 63607.000000, 1406896, 3149856, 187680
malloc, 256, 65837.000000, 1407376, 3149856, 187712
malloc, 256, 65705.000000, 1407856, 3149856, 187872
malloc, 256, 63792.000000, 1408336, 3149856, 187904
malloc, 256, 63758.000000, 1408816, 3149856, 187968
malloc, 256, 65737.000000, 1409296, 3149856, 188000
malloc, 256, 64301.000000, 1409776, 3149856, 188096
malloc, 256, 63693.000000, 1410256, 3149856, 188128
malloc, 256, 63746.000000, 1410736, 3149856, 188192
malloc, 256, 63819.000000, 1411216, 3149856, 188224
malloc, 256, 65324.000000, 1411696, 3149856, 188352
malloc, 256, 64056.000000, 1412176, 3149856, 188384
malloc, 256, 63793.000000, 1412656, 3149856, 188448
malloc, 256, 63924.000000, 1413136, 3149856, 188480
malloc, 256, 63826.000000, 1413616, 3149856, 188576
malloc, 256, 63873.000000, 1414096, 3149856, 188608
malloc, 256, 66651.000000, 1414576, 3149856, 188672
malloc, 256, 64428.000000, 1415056, 3149856, 188704
malloc, 256, 69863.000000, 1415536, 3149856, 188960
malloc, 256, 64288.000000, 1416016, 3149856, 188992
malloc, 256, 64023.000000, 1416496, 3149856, 189056
malloc, 256, 64103.000000, 1416976, 3149856, 189088
malloc, 256, 63983.000000, 1417456, 3149856, 189184
malloc, 256, 64052.000000, 1417936, 3149856, 189216
malloc, 256, 64107.000000, 1418416, 3149856, 189280
malloc, 256, 64146.000000, 1418896, 3149856, 189312
malloc, 256, 65369.000000, 1419376, 3149856, 189440
malloc, 256, 64374.000000, 1419856, 3149856, 189472
malloc, 256, 64188.000000, 1420336, 3149856, 189536
malloc, 256, 64204.000000, 1420816, 3149856, 189568
malloc, 256, 64217.000000, 1421296, 3149856, 189664
malloc, 256, 64256.000000, 1421776, 3149856, 189696
malloc, 256, 67418.000000, 1422256, 3149856, 189760
malloc, 256, 64523.000000, 1422736, 3149856, 189792
malloc, 256, 66494.000000, 1423216, 3149856, 189952
malloc, 256, 64397.000000, 1423696, 3149856, 189984
malloc, 256, 64324.000000, 1424176, 3149856, 190048
malloc, 256, 64340.000000, 1424656, 3149856, 190080
malloc, 256, 64441.000000, 1425136, 3149856, 190176
malloc, 256, 64400.000000, 1425616, 3149856, 190208
malloc, 256, 64467.000000, 1426096, 3149856, 190272
malloc, 256, 64520.000000, 1426576, 3149856, 190304
malloc, 256, 65885.000000, 1427056, 3149856, 190432
malloc, 256, 64670.000000, 1427536, 3149856, 190464
malloc, 256, 64567.000000, 1428016, 3149856, 190528
malloc, 256, 64548.000000, 1428496, 3149856, 190560
malloc, 256, 64588.000000, 1428976, 3149856, 190656
malloc, 256, 67444.000000, 1429456, 3149856, 190688
malloc, 256, 65050.000000, 1429936, 3149856, 190752
malloc, 256, 64605.000000, 1430416, 3149856, 190784
malloc, 256, 67396.000000, 1430896, 3149856, 190976
malloc, 256, 64983.000000, 1431376, 3149856, 191008
malloc, 256, 64783.000000, 1431856, 3149856, 191072
malloc, 256, 64711.000000, 1432336, 3149856, 191104
malloc, 256, 64749.000000, 1432816, 3149856, 191200
malloc, 256, 64738.000000, 1433296, 3149856, 191232
malloc, 256, 64859.000000, 1433776, 3149856, 191296
malloc, 256, 64820.000000, 1434256, 3149856, 191328
malloc, 256, 66083.000000, 1434736, 3149856, 191456
malloc, 256, 65060.000000, 1435216, 3149856, 191488
malloc, 256, 64895.000000, 1435696, 3149856, 191552
malloc, 256, 64964.000000, 1436176, 3149856, 191584
malloc, 256, 67231.000000, 1436656, 3149856, 191680
malloc, 256, 65282.000000, 1437136, 3149856, 191712
malloc, 256, 64941.000000, 1437616, 3149856, 191776
malloc, 256, 65008.000000, 1438096, 3149856, 191808
malloc, 256, 66947.000000, 1438576, 3149856, 191968
malloc, 256, 65273.000000, 1439056, 3149856, 192000
malloc, 256, 65103.000000, 1439536, 3149856, 192064
malloc, 256, 65088.000000, 1440016, 3149856, 192096
free, 64, 133.000000, 1439532, 3149856, 192064
free, 64, 42.000000, 1439048, 3149856, 192064
free, 64, 41.000000, 1438564, 3149856, 192032
free, 64, 44.000000, 1438080, 3149856, 192032
free, 64, 40.000000, 1437600, 3149856, 192000
free, 64, 26.000000, 1437120, 3149856, 192000
free, 64, 34.000000, 1436640, 3149856, 191968
free, 64, 30.000000, 1436160, 3149856, 191968
free, 64, 42.000000, 1435680, 3149856, 191936
free, 64, 27.000000, 1435200, 3149856, 191936
free, 64, 43.000000, 1434720, 3149856, 191904
free, 64, 28.000000, 1434240, 3149856, 191904
free, 64, 42.000000, 1433760, 3149856, 191872
free, 64, 29.000000, 1433280, 3149856, 191872
free, 64, 39.000000, 1432800, 3149856, 191840
free, 64, 31.000000, 1432320, 3149856, 191840
free, 64, 45.000000, 1431840, 3149856, 191808
free, 64, 27.000000, 1431360, 3149856, 191808
free, 64, 50.000000, 1430880, 3149856, 191776
free, 64, 29.000000, 1430400, 3149856, 191776
free, 64, 39.000000, 1429920, 3149856, 191744
free, 64, 29.000000, 1429440, 3149856, 191744
free, 64, 40.000000, 1428960, 3149856, 191712
free, 64, 30.000000, 1428480, 3149856, 191712
free, 64, 47.000000, 1428000, 3149856, 191680
free, 64, 26.000000, 1427520, 3149856, 191680
free, 64, 48.000000, 1427040, 3149856, 191648
free, 64, 27.000000, 1426560, 3149856, 191648
free, 64, 39.000000, 1426080, 3149856, 191616
free, 64, 26.000000, 1425600, 3149856, 191616
free, 64, 45.000000, 1425120, 3149856, 191584
free, 64, 28.000000, 1424640, 3149856, 191584
free, 64, 47.000000, 1424160, 3149856, 191552
free, 64, 32.000000, 1423680, 3149856, 191552
free, 64, 44.000000, 1423200, 3149856, 191520
free, 64, 30.000000, 1422720, 3149856, 191520
free, 64, 32.000000, 1422240, 3149856, 191488
free, 64, 25.000000, 1421760, 3149856, 191488
free, 64, 40.000000, 1421280, 3149856, 191456
free, 64, 27.000000, 1420800, 3149856, 191456
free, 64, 51.000000, 1420320, 3149856, 191424
free, 64, 29.000000, 1419840, 3149856, 191424
free, 64, 49.000000, 1419360, 3149856, 191392
free, 64, 29.000000, 1418880, 3149856, 191392
free, 64, 43.000000, 1418400, 3149856, 191360
free, 64, 26.000000, 1417920, 3149856, 191360
free, 64, 49.000000, 1417440, 3149856, 191328
free, 64, 30.000000, 1416960, 3149856, 191328
free, 64, 46.000000, 1416480, 3149856, 191296
free, 64, 27.000000, 1416000, 3149856, 191296
free, 64, 49.000000, 1415520, 3149856, 191264
free, 64, 32.000000, 1415040, 3149856, 191264
free, 64, 47.000000, 1414560, 3149856, 191232
free, 64, 30.000000, 1414080, 3149856, 191232
free, 64, 49.000000, 1413600, 3149856, 191200
free, 64, 30.000000, 1413120, 3149856, 191200
free, 64, 50.000000, 1412640, 3149856, 191168
free, 64, 27.000000, 1412160, 3149856, 191168
free, 64, 50.000000, 1411680, 3149856, 191136
free, 64, 30.000000, 1411200, 3149856, 191136
free, 64, 49.000000, 1410720, 3149856, 191104
free, 64, 28.000000, 1410240, 3149856, 191104
free, 64, 48.000000, 1409760, 3149856, 191072
free, 64, 29.000000, 1409280, 3149856, 191072
free, 64, 50.000000, 1408800, 3149856, 191040
free, 64, 30.000000, 1408320, 3149856, 191040
free, 64, 49.000000, 1407840, 3149856, 191008
free, 64, 32.000000, 1407360, 3149856, 191008
free, 64, 41.000000, 1406880, 3149856, 190976
free, 64, 27.000000, 1406400, 3149856, 190976
free, 64, 42.000000, 1405920, 3149856, 190944
free, 64, 29.000000, 1405440, 3149856, 190944
free, 64, 75.000000, 1404960, 3149856, 190912
free, 64, 34.000000, 1404480, 3149856, 190912
free, 64, 57.000000, 1404000, 3149856, 190880
free, 64, 35.000000, 1403520, 3149856, 190880
free, 64, 51.000000, 1403040, 3149856, 190848
free, 64, 28.000000, 1402560, 3149856, 190848
free, 64, 52.000000, 1402080, 3149856, 190816
free, 64, 33.000000, 1401600, 3149856, 190816
free, 64, 52.000000, 1401120, 3149856, 190784
free, 64, 31.000000, 1400640, 3149856, 190784
free, 64, 55.000000, 1400160, 3149856, 190752
free, 64, 34.000000, 1399680, 3149856, 190752
free, 64, 54.000000, 1399200, 3149856, 190720
free, 64, 36.000000, 1398720, 3149856, 190720
free, 64, 56.000000, 1398240, 3149856, 190688
free, 64, 36.000000, 1397760, 3149856, 190688
free, 64, 55.000000, 1397280, 3149856, 190656
free, 64, 34.000000, 1396800, 3149856, 190656
free, 64, 55.000000, 1396320, 3149856, 190624
free, 64, 37.000000, 1395840, 3149856, 190624
free, 64, 60.000000, 1395360, 3149856, 190592
free, 64, 32.000000, 1394880, 3149856, 190592
free, 64, 57.000000, 1394400, 3149856, 190560
free, 64, 35.000000, 1393920, 3149856, 190560
free, 64, 52.000000, 1393440, 3149856, 190528
free, 64, 38.000000, 1392960, 3149856, 190528
free, 64, 54.000000, 1392480, 3149856, 190496
free, 64, 28.000000, 1392000, 3149856, 190496
free, 64, 55.000000, 1391520, 3149856, 190464
free, 64, 34.000000, 1391040, 3149856, 190464
free, 64, 55.000000, 1390560, 3149856, 190432
free, 64, 36.000000, 1390080, 3149856, 190432
free, 64, 54.000000, 1389600, 3149856, 190400
free, 64, 32.000000, 1389120, 3149856, 190400
free, 64, 57.000000, 1388640, 3149856, 190368
free, 64, 37.000000, 1388160, 3149856, 190368
free, 64, 58.000000, 1387680, 3149856, 190336
free, 64, 33.000000, 1387200, 3149856, 190336
free, 64, 59.000000, 1386720, 3149856, 190304
free, 64, 33.000000, 1386240, 3149856, 190304
free, 64, 56.000000, 1385760, 3149856, 190272
free, 64, 37.000000, 1385280, 3149856, 190272
free, 64, 54.000000, 1384800, 3149856, 190240
free, 64, 36.000000, 1384320, 3149856, 190240
free, 64, 55.000000, 1383840, 3149856, 190208
free, 64, 33.000000, 1383360, 3149856, 190208
free, 64, 59.000000, 1382880, 3149856, 190176
free, 64, 35.000000, 1382400, 3149856, 190176
free, 64, 58.000000, 1381920, 3149856, 190144
free, 64, 33.000000, 1381440, 3149856, 190144
free, 64, 59.000000, 1380960, 3149856, 190112
free, 64, 30.000000, 1380480, 3149856, 190112
free, 64, 57.000000, 1380000, 3149856, 190080
free, 64, 35.000000, 1379520, 3149856, 190080
free, 64, 57.000000, 1379040, 3149856, 190048
free, 64, 35.000000, 1378560, 3149856, 190048
free, 64, 53.000000, 1378080, 3149856, 190016
free, 64, 32.000000, 1377600, 3149856, 190016
free, 64, 57.000000, 1377120, 3149856, 189984
free, 64, 38.000000, 1376640, 3149856, 189984
free, 64, 53.000000, 1376160, 3149856, 189952
free, 64, 27.000000, 1375680, 3149856, 189952
free, 64, 54.000000, 1375200, 3149856, 189920
free, 64, 32.000000, 1374720, 3149856, 189920
free, 64, 51.000000, 1374240, 3149856, 189888
free, 64, 30.000000, 1373760, 3149856, 189888
free, 64, 55.000000, 1373280, 3149856, 189856
free, 64, 36.000000, 1372800, 3149856, 189856
free, 64, 51.000000, 1372320, 3149856, 189824
free, 64, 31.000000, 1371840, 3149856, 189824
free, 64, 63.000000, 1371360, 3149856, 189792
free, 64, 34.000000, 1370880, 3149856, 189792
free, 64, 57.000000, 1370400, 3149856, 189760
free, 64, 30.000000, 1369920, 3149856, 189760
free, 64, 57.000000, 1369440, 3149856, 189728
free, 64, 34.000000, 1368960, 3149856, 189728
free, 64, 52.000000, 1368480, 3149856, 189696
free, 64, 36.000000, 1368000, 3149856, 189696
free, 64, 54.000000, 1367520, 3149856, 189664
free, 64, 32.000000, 1367040, 3149856, 189664
free, 64, 161.000000, 1366560, 3149856, 189632
free, 64, 30.000000, 1366080, 3149856, 189632
free, 64, 47.000000, 1365600, 3149856, 189600
free, 64, 28.000000, 1365120, 3149856, 189600
free, 64, 46.000000, 1364640, 3149856, 189568
free, 64, 29.000000, 1364160, 3149856, 189568
free, 64, 46.000000, 1363680, 3149856, 189536
free, 64, 29.000000, 1363200, 3149856, 189536
free, 64, 49.000000, 1362720, 3149856, 189504
free, 64, 28.000000, 1362240, 3149856, 189504
free, 64, 49.000000, 1361760, 3149856, 189472
free, 64, 31.000000, 1361280, 3149856, 189472
free, 64, 49.000000, 1360800, 3149856, 189440
free, 64, 26.000000, 1360320, 3149856, 189440
free, 64, 51.000000, 1359840, 3149856, 189408
free, 64, 29.000000, 1359360, 3149856, 189408
free, 64, 50.000000, 1358880, 3149856, 189376
free, 64, 30.000000, 1358400, 3149856, 189376
free, 64, 48.000000, 1357920, 3149856, 189344
free, 64, 30.000000, 1357440, 3149856, 189344
free, 64, 52.000000, 1356960, 3149856, 189312
free, 64, 26.000000, 1356480, 3149856, 189312
free, 64, 50.000000, 1356000, 3149856, 189280
free, 64, 28.000000, 1355520, 3149856, 189280
free, 64, 48.000000, 1355040, 3149856, 189248
free, 64, 29.000000, 1354560, 3149856, 189248
free, 64, 51.000000, 1354080, 3149856, 189216
free, 64, 29.000000, 1353600, 3149856, 189216
free, 64, 48.000000, 1353120, 3149856, 189184
free, 64, 29.000000, 1352640, 3149856, 189184
free, 64, 48.000000, 1352160, 3149856, 189152
free, 64, 29.000000, 1351680, 3149856, 189152
free, 64, 48.000000, 1351200, 3149856, 189120
free, 64, 29.000000, 1350720, 3149856, 189120
free, 64, 49.000000, 1350240, 3149856, 189088
free, 64, 66.000000, 1349760, 3149856, 189088
free, 64, 49.000000, 1349280, 3149856, 189056
free, 64, 27.000000, 1348800, 3149856, 189056
free, 64, 48.000000, 1348320, 3149856, 189024
free, 64, 31.000000, 1347840, 3149856, 189024
free, 64, 47.000000, 1347360, 3149856, 188992
free, 64, 26.000000, 1346880, 3149856, 188992
free, 64, 48.000000, 1346400, 3149856, 188960
free, 64, 32.000000, 1345920, 3149856, 188960
free, 64, 47.000000, 1345440, 3149856, 188928
free, 64, 28.000000, 1344960, 3149856, 188928
free, 64, 48.000000, 1344480, 3149856, 188896
free, 64, 37.000000, 1344000, 3149856, 188896
free, 64, 47.000000, 1343520, 3149856, 188864
free, 64, 30.000000, 1343040, 3149856, 188864
free, 64, 49.000000, 1342560, 3149856, 188832
free, 64, 32.000000, 1342080, 3149856, 188832
free, 64, 48.000000, 1341600, 3149856, 188800
free, 64, 28.000000, 1341120, 3149856, 188800
free, 64, 48.000000, 1340640, 3149856, 188768
free, 64, 29.000000, 1340160, 3149856, 188768
free, 64, 47.000000, 1339680, 3149856, 188736
free, 64, 28.000000, 1339200, 3149856, 188736
free, 64, 48.000000, 1338720, 3149856, 188704
free, 64, 32.000000, 1338240, 3149856, 188704
free, 64, 46.000000, 1337760, 3149856, 188672
free, 64, 27.000000, 1337280, 3149856, 188672
free, 64, 48.000000, 1336800, 3149856, 188640
free, 64, 28.000000, 1336320, 3149856, 188640
free, 64, 46.000000, 1335840, 3149856, 188608
free, 64, 30.000000, 1335360, 3149856, 188608
free, 64, 47.000000, 1334880, 3149856, 188576
free, 64, 29.000000, 1334400, 3149856, 188576
free, 64, 49.000000, 1333920, 3149856, 188544
free, 64, 27.000000, 1333440, 3149856, 188544
free, 64, 51.000000, 1332960, 3149856, 188512
free, 64, 29.000000, 1332480, 3149856, 188512
free, 64, 48.000000, 1332000, 3149856, 188480
free, 64, 30.000000, 1331520, 3149856, 188480
free, 64, 50.000000, 1331040, 3149856, 188448
free, 64, 29.000000, 1330560, 3149856, 188448
free, 64, 49.000000, 1330080, 3149856, 188416
free, 64, 31.000000, 1329600, 3149856, 188416
free, 64, 46.000000, 1329120, 3149856, 188384
free, 64, 32.000000, 1328640, 3149856, 188384
free, 64, 46.000000, 1328160, 3149856, 188352
free, 64, 28.000000, 1327680, 3149856, 188352
free, 64, 47.000000, 1327200, 3149856, 188320
free, 64, 32.000000, 1326720, 3149856, 188320
free, 64, 44.000000, 1326240, 3149856, 188288
free, 64, 27.000000, 1325760, 3149856, 188288
free, 64, 51.000000, 1325280, 3149856, 188256
free, 64, 28.000000, 1324800, 3149856, 188256
free, 64, 47.000000, 1324320, 3149856, 188224
free, 64, 28.000000, 1323840, 3149856, 188224
free, 64, 49.000000, 1323360, 3149856, 188192
free, 64, 28.000000, 1322880, 3149856, 188192
free, 64, 52.000000, 1322400, 3149856, 188160
free, 64, 29.000000, 1321920, 3149856, 188160
free, 64, 48.000000, 1321440, 3149856, 188128
free, 64, 31.000000, 1320960, 3149856, 188128
free, 64, 46.000000, 1320480, 3149856, 188096
free, 64, 28.000000, 1320000, 3149856, 188096
free, 64, 51.000000, 1319520, 3149856, 188064
free, 64, 30.000000, 1319040, 3149856, 188064
free, 64, 47.000000, 1318560, 3149856, 188032
free, 64, 27.000000, 1318080, 3149856, 188032
free, 64, 48.000000, 1317600, 3149856, 188000
free, 64, 28.000000, 1317120, 3149856, 188000
free, 64, 51.000000, 1316640, 3149856, 187968
free, 64, 28.000000, 1316160, 3149856, 187968
free, 64, 50.000000, 1315680, 3149856, 187936
free, 64, 30.000000, 1315200, 3149856, 187936
free, 64, 48.000000, 1314720, 3149856, 187904
free, 64, 28.000000, 1314240, 3149856, 187904
free, 64, 49.000000, 1313760, 3149856, 187872
free, 64, 29.000000, 1313280, 3149856, 187872
free, 64, 47.000000, 1312800, 3149856, 187840
free, 64, 30.000000, 1312320, 3149856, 187840
free, 64, 47.000000, 1311840, 3149856, 187808
free, 64, 97.000000, 1311360, 3149856, 187808
free, 64, 49.000000, 1310880, 3149856, 187776
free, 64, 29.000000, 1310400, 3149856, 187776
free, 64, 48.000000, 1309920, 3149856, 187744
free, 64, 29.000000, 1309440, 3149856, 187744
free, 64, 46.000000, 1308960, 3149856, 187712
free, 64, 26.000000, 1308480, 3149856, 187712
free, 64, 48.000000, 1308000, 3149856, 187680
free, 64, 29.000000, 1307520, 3149856, 187680
free, 64, 48.000000, 1307040, 3149856, 187648
free, 64, 29.000000, 1306560, 3149856, 187648
free, 64, 46.000000, 1306080, 3149856, 187616
free, 64, 28.000000, 1305600, 3149856, 187616
free, 64, 46.000000, 1305120, 3149856, 187584
free, 64, 32.000000, 1304640, 3149856, 187584
free, 64, 49.000000, 1304160, 3149856, 187552
free, 64, 30.000000, 1303680, 3149856, 187552
free, 64, 48.000000, 1303200, 3149856, 187520
free, 64, 28.000000, 1302720, 3149856, 187520
free, 64, 50.000000, 1302240, 3149856, 187488
free, 64, 31.000000, 1301760, 3149856, 187488
free, 64, 47.000000, 1301280, 3149856, 187456
free, 64, 27.000000, 1300800, 3149856, 187456
free, 64, 48.000000, 1300320, 3149856, 187424
free, 64, 32.000000, 1299840, 3149856, 187424
free, 64, 49.000000, 1299360, 3149856, 187392
free, 64, 30.000000, 1298880, 3149856, 187392
free, 64, 49.000000, 1298400, 3149856, 187360
free, 64, 28.000000, 1297920, 3149856, 187360
free, 64, 48.000000, 1297440, 3149856, 187328
free, 64, 32.000000, 1296960, 3149856, 187328
free, 64, 47.000000, 1296480, 3149856, 187296
free, 64, 30.000000, 1296000, 3149856, 187296
free, 64, 46.000000, 1295520, 3149856, 187264
free, 64, 28.000000, 1295040, 3149856, 187264
free, 64, 49.000000, 1294560, 3149856, 187232
free, 64, 29.000000, 1294080, 3149856, 187232
free, 64, 47.000000, 1293600, 3149856, 187200
free, 64, 29.000000, 1293120, 3149856, 187200
free, 64, 47.000000, 1292640, 3149856, 187168
free, 64, 42.000000, 1292160, 3149856, 187168
free, 64, 47.000000, 1291680, 3149856, 187136
free, 64, 26.000000, 1291200, 3149856, 187136
free, 64, 49.000000, 1290720, 3149856, 187104
free, 64, 29.000000, 1290240, 3149856, 187104
free, 64, 47.000000, 1289760, 3149856, 187072
free, 64, 28.000000, 1289280, 3149856, 187072
free, 64, 51.000000, 1288800, 3149856, 187040
free, 64, 29.000000, 1288320, 3149856, 187040
free, 64, 49.000000, 1287840, 3149856, 187008
free, 64, 30.000000, 1287360, 3149856, 187008
free, 64, 49.000000, 1286880, 3149856, 186976
free, 64, 28.000000, 1286400, 3149856, 186976
free, 64, 48.000000, 1285920, 3149856, 186944
free, 64, 31.000000, 1285440, 3149856, 186944
free, 64, 48.000000, 1284960, 3149856, 186912
free, 64, 29.000000, 1284480, 3149856, 186912
free, 64, 49.000000, 1284000, 3149856, 186880
free, 64, 33.000000, 1283520, 3149856, 186880
free, 64, 46.000000, 1283040, 3149856, 186848
free, 64, 31.000000, 1282560, 3149856, 186848
free, 64, 47.000000, 1282080, 3149856, 186816
free, 64, 27.000000, 1281600, 3149856, 186816
free, 64, 49.000000, 1281120, 3149856, 186784
free, 64, 27.000000, 1280640, 3149856, 186784
free, 64, 49.000000, 1280160, 3149856, 186752
free, 64, 29.000000, 1279680, 3149856, 186752
free, 64, 49.000000, 1279200, 3149856, 186720
free, 64, 31.000000, 1278720, 3149856, 186720
free, 64, 45.000000, 1278240, 3149856, 186688
free, 64, 28.000000, 1277760, 3149856, 186688
free, 64, 49.000000, 1277280, 3149856, 186656
free, 64, 31.000000, 1276800, 3149856, 186656
free, 64, 45.000000, 1276320, 3149856, 186624
free, 64, 26.000000, 1275840, 3149856, 186624
free, 64, 50.000000, 1275360, 3149856, 186592
free, 64, 29.000000, 1274880, 3149856, 186592
free, 64, 50.000000, 1274400, 3149856, 186560
free, 64, 31.000000, 1273920, 3149856, 186560
free, 64, 48.000000, 1273440, 3149856, 186528
free, 64, 31.000000, 1272960, 3149856, 186528
free, 64, 46.000000, 1272480, 3149856, 186496
free, 64, 28.000000, 1272000, 3149856, 186496
free, 64, 47.000000, 1271520, 3149856, 186464
free, 64, 28.000000, 1271040, 3149856, 186464
free, 64, 47.000000, 1270560, 3149856, 186432
free, 64, 31.000000, 1270080, 3149856, 186432
free, 64, 45.000000, 1269600, 3149856, 186400
free, 64, 29.000000, 1269120, 3149856, 186400
free, 64, 47.000000, 1268640, 3149856, 186368
free, 64, 26.000000, 1268160, 3149856, 186368
free, 64, 49.000000, 1267680, 3149856, 186336
free, 64, 31.000000, 1267200, 3149856, 186336
free, 64, 49.000000, 1266720, 3149856, 186304
free, 64, 29.000000, 1266240, 3149856, 186304
free, 64, 48.000000, 1265760, 3149856, 186272
free, 64, 29.000000, 1265280, 3149856, 186272
free, 64, 48.000000, 1264800, 3149856, 186240
free, 64, 26.000000, 1264320, 3149856, 186240
free, 64, 49.000000, 1263840, 3149856, 186208
free, 64, 29.000000, 1263360, 3149856, 186208
free, 64, 47.000000, 1262880, 3149856, 186176
free, 64, 31.000000, 1262400, 3149856, 186176
free, 64, 47.000000, 1261920, 3149856, 186144
free, 64, 31.000000, 1261440, 3149856, 186144
free, 64, 45.000000, 1260960, 3149856, 186112
free, 64, 28.000000, 1260480, 3149856, 186112
free, 64, 50.000000, 1260000, 3149856, 186080
free, 64, 27.000000, 1259520, 3149856, 186080
free, 64, 51.000000, 1259040, 3149856, 186048
free, 64, 29.000000, 1258560, 3149856, 186048
free, 64, 48.000000, 1258080, 3149856, 186016
free, 64, 34.000000, 1257600, 3149856, 186016
free, 64, 48.000000, 1257120, 3149856, 185984
free, 64, 32.000000, 1256640, 3149856, 185984
free, 64, 47.000000, 1256160, 3149856, 185952
free, 64, 31.000000, 1255680, 3149856, 185952
free, 64, 48.000000, 1255200, 3149856, 185920
free, 64, 27.000000, 1254720, 3149856, 185920
free, 64, 51.000000, 1254240, 3149856, 185888
free, 64, 27.000000, 1253760, 3149856, 185888
free, 64, 47.000000, 1253280, 3149856, 185856
free, 64, 30.000000, 1252800, 3149856, 185856
free, 64, 47.000000, 1252320, 3149856, 185824
free, 64, 28.000000, 1251840, 3149856, 185824
free, 64, 49.000000, 1251360, 3149856, 185792
free, 64, 30.000000, 1250880, 3149856, 185792
free, 64, 49.000000, 1250400, 3149856, 185760
free, 64, 31.000000, 1249920, 3149856, 185760
free, 64, 47.000000, 1249440, 3149856, 185728
free, 64, 26.000000, 1248960, 3149856, 185728
free, 64, 47.000000, 1248480, 3149856, 185696
free, 64, 30.000000, 1248000, 3149856, 185696
free, 64, 49.000000, 1247520, 3149856, 185664
free, 64, 30.000000, 1247040, 3149856, 185664
free, 64, 46.000000, 1246560, 3149856, 185632
free, 64, 31.000000, 1246080, 3149856, 185632
free, 64, 46.000000, 1245600, 3149856, 185600
free, 64, 28.000000, 1245120, 3149856, 185600
free, 64, 48.000000, 1244640, 3149856, 185568
free, 64, 32.000000, 1244160, 3149856, 185568
free, 64, 49.000000, 1243680, 3149856, 185536
free, 64, 31.000000, 1243200, 3149856, 185536
free, 64, 48.000000, 1242720, 3149856, 185504
free, 64, 29.000000, 1242240, 3149856, 185504
free, 64, 49.000000, 1241760, 3149856, 185472
free, 64, 32.000000, 1241280, 3149856, 185472
free, 64, 46.000000, 1240800, 3149856, 185440
free, 64, 32.000000, 1240320, 3149856, 185440
free, 64, 47.000000, 1239840, 3149856, 185408
free, 64, 28.000000, 1239360, 3149856, 185408
free, 64, 50.000000, 1238880, 3149856, 185376
free, 64, 31.000000, 1238400, 3149856, 185376
free, 64, 46.000000, 1237920, 3149856, 185344
free, 64, 28.000000, 1237440, 3149856, 185344
free, 64, 49.000000, 1236960, 3149856, 185312
free, 64, 29.000000, 1236480, 3149856, 185312
free, 64, 48.000000, 1236000, 3149856, 185280
free, 64, 32.000000, 1235520, 3149856, 185280
free, 64, 49.000000, 1235040, 3149856, 185248
free, 64, 28.000000, 1234560, 3149856, 185248
free, 64, 50.000000, 1234080, 3149856, 185216
free, 64, 27.000000, 1233600, 3149856, 185216
free, 64, 50.000000, 1233120, 3149856, 185184
free, 64, 27.000000, 1232640, 3149856, 185184
free, 64, 50.000000, 1232160, 3149856, 185152
free, 64, 28.000000, 1231680, 3149856, 185152
free, 64, 55.000000, 1231200, 3149856, 185120
free, 64, 29.000000, 1230720, 3149856, 185120
free, 64, 47.000000, 1230240, 3149856, 185088
free, 64, 32.000000, 1229760, 3149856, 185088
free, 64, 45.000000, 1229280, 3149856, 185056
free, 64, 29.000000, 1228800, 3149856, 185056
free, 64, 49.000000, 1228320, 3149856, 185024
free, 64, 30.000000, 1227840, 3149856, 185024
free, 64, 46.000000, 1227360, 3149856, 184992
free, 64, 29.000000, 1226880, 3149856, 184992
free, 64, 50.000000, 1226400, 3149856, 184960
free, 64, 27.000000, 1225920, 3149856, 184960
free, 64, 50.000000, 1225440, 3149856, 184928
free, 64, 30.000000, 1224960, 3149856, 184928
free, 64, 49.000000, 1224480, 3149856, 184896
free, 64, 28.000000, 1224000, 3149856, 184896
free, 64, 51.000000, 1223520, 3149856, 184864
free, 64, 32.000000, 1223040, 3149856, 184864
free, 64, 48.000000, 1222560, 3149856, 184832
free, 64, 30.000000, 1222080, 3149856, 184832
free, 64, 50.000000, 1221600, 3149856, 184800
free, 64, 28.000000, 1221120, 3149856, 184800
free, 64, 47.000000, 1220640, 3149856, 184768
free, 64, 32.000000, 1220160, 3149856, 184768
free, 64, 46.000000, 1219680, 3149856, 184736
free, 64, 29.000000, 1219200, 3149856, 184736
free, 64, 50.000000, 1218720, 3149856, 184704
free, 64, 29.000000, 1218240, 3149856, 184704
free, 64, 49.000000, 1217760, 3149856, 184672
free, 64, 28.000000, 1217280, 3149856, 184672
free, 64, 49.000000, 1216800, 3149856, 184640
free, 64, 27.000000, 1216320, 3149856, 184640
free, 64, 48.000000, 1215840, 3149856, 184608
free, 64, 29.000000, 1215360, 3149856, 184608
free, 64, 47.000000, 1214880, 3149856, 184576
free, 64, 31.000000, 1214400, 3149856, 184576
free, 64, 46.000000, 1213920, 3149856, 184544
free, 64, 27.000000, 1213440, 3149856, 184544
free, 64, 50.000000, 1212960, 3149856, 184512
free, 64, 30.000000, 1212480, 3149856, 184512
free, 64, 49.000000, 1212000, 3149856, 184480
free, 64, 40.000000, 1211520, 3149856, 184480
free, 64, 48.000000, 1211040, 3149856, 184448
free, 64, 29.000000, 1210560, 3149856, 184448
free, 64, 44.000000, 1210080, 3149856, 184416
free, 64, 32.000000, 1209600, 3149856, 184416
free, 64, 47.000000, 1209120, 3149856, 184384
free, 64, 29.000000, 1208640, 3149856, 184384
free, 64, 49.000000, 1208160, 3149856, 184352
free, 64, 32.000000, 1207680, 3149856, 184352
free, 64, 47.000000, 1207200, 3149856, 184320
free, 64, 27.000000, 1206720, 3149856, 184320
free, 64, 51.000000, 1206240, 3149856, 184288
free, 64, 29.000000, 1205760, 3149856, 184288
free, 64, 49.000000, 1205280, 3149856, 184256
free, 64, 27.000000, 1204800, 3149856, 184256
free, 64, 50.000000, 1204320, 3149856, 184224
free, 64, 31.000000, 1203840, 3149856, 184224
free, 64, 45.000000, 1203360, 3149856, 184192
free, 64, 29.000000, 1202880, 3149856, 184192
free, 64, 49.000000, 1202400, 3149856, 184160
free, 64, 29.000000, 1201920, 3149856, 184160
free, 64, 49.000000, 1201440, 3149856, 184128
free, 64, 29.000000, 1200960, 3149856, 184128
free, 64, 48.000000, 1200480, 3149856, 184096
free, 64, 34.000000, 1200000, 3149856, 184096
free, 64, 46.000000, 1199520, 3149856, 184064
free, 64, 30.000000, 1199040, 3149856, 184064
free, 64, 47.000000, 1198560, 3149856, 184032
free, 64, 30.000000, 1198080, 3149856, 184032
free, 64, 48.000000, 1197600, 3149856, 184000
free, 64, 28.000000, 1197120, 3149856, 184000
free, 64, 49.000000, 1196640, 3149856, 183968
free, 64, 29.000000, 1196160, 3149856, 183968
free, 64, 47.000000, 1195680, 3149856, 183936
free, 64, 27.000000, 1195200, 3149856, 183936
free, 64, 50.000000, 1194720, 3149856, 183904
free, 64, 27.000000, 1194240, 3149856, 183904
free, 64, 51.000000, 1193760, 3149856, 183872
free, 64, 29.000000, 1193280, 3149856, 183872
free, 64, 48.000000, 1192800, 3149856, 183840
free, 64, 29.000000, 1192320, 3149856, 183840
free, 64, 40.000000, 1191840, 3149856, 183808
free, 64, 31.000000, 1191360, 3149856, 183808
free, 64, 46.000000, 1190880, 3149856, 183776
free, 64, 32.000000, 1190400, 3149856, 183776
free, 64, 45.000000, 1189920, 3149856, 183744
free, 64, 27.000000, 1189440, 3149856, 183744
free, 64, 48.000000, 1188960, 3149856, 183712
free, 64, 29.000000, 1188480, 3149856, 183712
free, 64, 49.000000, 1188000, 3149856, 183680
free, 64, 29.000000, 1187520, 3149856, 183680
free, 64, 48.000000, 1187040, 3149856, 183648
free, 64, 32.000000, 1186560, 3149856, 183648
free, 64, 44.000000, 1186080, 3149856, 183616
free, 64, 28.000000, 1185600, 3149856, 183616
free, 64, 51.000000, 1185120, 3149856, 183584
free, 64, 28.000000, 1184640, 3149856, 183584
free, 64, 50.000000, 1184160, 3149856, 183552
free, 64, 27.000000, 1183680, 3149856, 183552
free, 64, 48.000000, 1183200, 3149856, 183520
free, 64, 27.000000, 1182720, 3149856, 183520
free, 64, 47.000000, 1182240, 3149856, 183488
free, 64, 31.000000, 1181760, 3149856, 183488
free, 64, 48.000000, 1181280, 3149856, 183456
free, 64, 31.000000, 1180800, 3149856, 183456
free, 64, 46.000000, 1180320, 3149856, 183424
free, 64, 29.000000, 1179840, 3149856, 183424
free, 64, 47.000000, 1179360, 3149856, 183392
free, 64, 30.000000, 1178880, 3149856, 183392
free, 64, 48.000000, 1178400, 3149856, 183360
free, 64, 31.000000, 1177920, 3149856, 183360
free, 64, 47.000000, 1177440, 3149856, 183328
free, 64, 30.000000, 1176960, 3149856, 183328
free, 64, 49.000000, 1176480, 3149856, 183296
free, 64, 31.000000, 1176000, 3149856, 183296
free, 64, 46.000000, 1175520, 3149856, 183264
free, 64, 30.000000, 1175040, 3149856, 183264
free, 64, 50.000000, 1174560, 3149856, 183232
free, 64, 27.000000, 1174080, 3149856, 183232
free, 64, 49.000000, 1173600, 3149856, 183200
free, 64, 31.000000, 1173120, 3149856, 183200
free, 64, 46.000000, 1172640, 3149856, 183168
free, 64, 28.000000, 1172160, 3149856, 183168
free, 64, 48.000000, 1171680, 3149856, 183136
free, 64, 30.000000, 1171200, 3149856, 183136
free, 64, 46.000000, 1170720, 3149856, 183104
free, 64, 28.000000, 1170240, 3149856, 183104
free, 64, 50.000000, 1169760, 3149856, 183072
free, 64, 30.000000, 1169280, 3149856, 183072
free, 64, 48.000000, 1168800, 3149856, 183040
free, 64, 28.000000, 1168320, 3149856, 183040
free, 64, 53.000000, 1167840, 3149856, 183008
free, 64, 30.000000, 1167360, 3149856, 183008
free, 64, 47.000000, 1166880, 3149856, 182976
free, 64, 30.000000, 1166400, 3149856, 182976
free, 64, 46.000000, 1165920, 3149856, 182944
free, 64, 30.000000, 1165440, 3149856, 182944
free, 64, 47.000000, 1164960, 3149856, 182912
free, 64, 28.000000, 1164480, 3149856, 182912
free, 64, 52.000000, 1164000, 3149856, 182880
free, 64, 31.000000, 1163520, 3149856, 182880
free, 64, 47.000000, 1163040, 3149856, 182848
free, 64, 28.000000, 1162560, 3149856, 182848
free, 64, 46.000000, 1162080, 3149856, 182816
free, 64, 35.000000, 1161600, 3149856, 182816
free, 64, 47.000000, 1161120, 3149856, 182784
free, 64, 27.000000, 1160640, 3149856, 182784
free, 64, 48.000000, 1160160, 3149856, 182752
free, 64, 32.000000, 1159680, 3149856, 182752
free, 64, 45.000000, 1159200, 3149856, 182720
free, 64, 26.000000, 1158720, 3149856, 182720
free, 64, 47.000000, 1158240, 3149856, 182688
free, 64, 30.000000, 1157760, 3149856, 182688
free, 64, 49.000000, 1157280, 3149856, 182656
free, 64, 27.000000, 1156800, 3149856, 182656
free, 64, 48.000000, 1156320, 3149856, 182624
free, 64, 28.000000, 1155840, 3149856, 182624
free, 64, 50.000000, 1155360, 3149856, 182592
free, 64, 30.000000, 1154880, 3149856, 182592
free, 64, 49.000000, 1154400, 3149856, 182560
free, 64, 32.000000, 1153920, 3149856, 182560
free, 64, 47.000000, 1153440, 3149856, 182528
free, 64, 27.000000, 1152960, 3149856, 182528
free, 64, 51.000000, 1152480, 3149856, 182496
free, 64, 31.000000, 1152000, 3149856, 182496
free, 64, 46.000000, 1151520, 3149856, 182464
free, 64, 27.000000, 1151040, 3149856, 182464
free, 64, 49.000000, 1150560, 3149856, 182432
free, 64, 28.000000, 1150080, 3149856, 182432
free, 64, 49.000000, 1149600, 3149856, 182400
free, 64, 27.000000, 1149120, 3149856, 182400
free, 64, 48.000000, 1148640, 3149856, 182368
free, 64, 33.000000, 1148160, 3149856, 182368
free, 64, 46.000000, 1147680, 3149856, 182336
free, 64, 28.000000, 1147200, 3149856, 182336
free, 64, 46.000000, 1146720, 3149856, 182304
free, 64, 32.000000, 1146240, 3149856, 182304
free, 64, 44.000000, 1145760, 3149856, 182272
free, 64, 26.000000, 1145280, 3149856, 182272
free, 64, 49.000000, 1144800, 3149856, 182240
free, 64, 30.000000, 1144320, 3149856, 182240
free, 64, 49.000000, 1143840, 3149856, 182208
free, 64, 29.000000, 1143360, 3149856, 182208
free, 64, 52.000000, 1142880, 3149856, 182176
free, 64, 32.000000, 1142400, 3149856, 182176
free, 64, 48.000000, 1141920, 3149856, 182144
free, 64, 27.000000, 1141440, 3149856, 182144
free, 64, 49.000000, 1140960, 3149856, 182112
free, 64, 32.000000, 1140480, 3149856, 182112
free, 64, 47.000000, 1140000, 3149856, 182080
free, 64, 27.000000, 1139520, 3149856, 182080
free, 64, 46.000000, 1139040, 3149856, 182048
free, 64, 29.000000, 1138560, 3149856, 182048
free, 64, 47.000000, 1138080, 3149856, 182016
free, 64, 27.000000, 1137600, 3149856, 182016
free, 64, 48.000000, 1137120, 3149856, 181984
free, 64, 28.000000, 1136640, 3149856, 181984
free, 64, 49.000000, 1136160, 3149856, 181952
free, 64, 29.000000, 1135680, 3149856, 181952
free, 64, 48.000000, 1135200, 3149856, 181920
free, 64, 31.000000, 1134720, 3149856, 181920
free, 64, 48.000000, 1134240, 3149856, 181888
free, 64, 27.000000, 1133760, 3149856, 181888
free, 64, 50.000000, 1133280, 3149856, 181856
free, 64, 30.000000, 1132800, 3149856, 181856
free, 64, 47.000000, 1132320, 3149856, 181824
free, 64, 32.000000, 1131840, 3149856, 181824
free, 64, 45.000000, 1131360, 3149856, 181792
free, 64, 31.000000, 1130880, 3149856, 181792
free, 64, 47.000000, 1130400, 3149856, 181760
free, 64, 29.000000, 1129920, 3149856, 181760
free, 64, 50.000000, 1129440, 3149856, 181728
free, 64, 29.000000, 1128960, 3149856, 181728
free, 64, 48.000000, 1128480, 3149856, 181696
free, 64, 27.000000, 1128000, 3149856, 181696
free, 64, 50.000000, 1127520, 3149856, 181664
free, 64, 30.000000, 1127040, 3149856, 181664
free, 64, 50.000000, 1126560, 3149856, 181632
free, 64, 27.000000, 1126080, 3149856, 181632
free, 64, 49.000000, 1125600, 3149856, 181600
free, 64, 29.000000, 1125120, 3149856, 181600
free, 64, 48.000000, 1124640, 3149856, 181568
free, 64, 29.000000, 1124160, 3149856, 181568
free, 64, 48.000000, 1123680, 3149856, 181536
free, 64, 28.000000, 1123200, 3149856, 181536
free, 64, 50.000000, 1122720, 3149856, 181504
free, 64, 29.000000, 1122240, 3149856, 181504
free, 64, 47.000000, 1121760, 3149856, 181472
free, 64, 29.000000, 1121280, 3149856, 181472
free, 64, 49.000000, 1120800, 3149856, 181440
free, 64, 28.000000, 1120320, 3149856, 181440
free, 64, 50.000000, 1119840, 3149856, 181408
free, 64, 98.000000, 1119360, 3149856, 181408
free, 64, 45.000000, 1118880, 3149856, 181376
free, 64, 25.000000, 1118400, 3149856, 181376
free, 64, 48.000000, 1117920, 3149856, 181344
free, 64, 33.000000, 1117440, 3149856, 181344
free, 64, 43.000000, 1116960, 3149856, 181312
free, 64, 28.000000, 1116480, 3149856, 181312
free, 64, 48.000000, 1116000, 3149856, 181280
free, 64, 27.000000, 1115520, 3149856, 181280
free, 64, 51.000000, 1115040, 3149856, 181248
free, 64, 30.000000, 1114560, 3149856, 181248
free, 64, 49.000000, 1114080, 3149856, 181216
free, 64, 31.000000, 1113600, 3149856, 181216
free, 64, 50.000000, 1113120, 3149856, 181184
free, 64, 27.000000, 1112640, 3149856, 181184
free, 64, 48.000000, 1112160, 3149856, 181152
free, 64, 28.000000, 1111680, 3149856, 181152
free, 64, 50.000000, 1111200, 3149856, 181120
free, 64, 30.000000, 1110720, 3149856, 181120
free, 64, 48.000000, 1110240, 3149856, 181088
free, 64, 28.000000, 1109760, 3149856, 181088
free, 64, 48.000000, 1109280, 3149856, 181056
free, 64, 30.000000, 1108800, 3149856, 181056
free, 64, 49.000000, 1108320, 3149856, 181024
free, 64, 27.000000, 1107840, 3149856, 181024
free, 64, 49.000000, 1107360, 3149856, 180992
free, 64, 31.000000, 1106880, 3149856, 180992
free, 64, 48.000000, 1106400, 3149856, 180960
free, 64, 40.000000, 1105920, 3149856, 180960
free, 64, 45.000000, 1105440, 3149856, 180928
free, 64, 27.000000, 1104960, 3149856, 180928
free, 64, 49.000000, 1104480, 3149856, 180896
free, 64, 28.000000, 1104000, 3149856, 180896
free, 64, 47.000000, 1103520, 3149856, 180864
free, 64, 27.000000, 1103040, 3149856, 180864
free, 64, 49.000000, 1102560, 3149856, 180832
free, 64, 29.000000, 1102080, 3149856, 180832
free, 64, 46.000000, 1101600, 3149856, 180800
free, 64, 27.000000, 1101120, 3149856, 180800
free, 64, 48.000000, 1100640, 3149856, 180768
free, 64, 31.000000, 1100160, 3149856, 180768
free, 64, 47.000000, 1099680, 3149856, 180736
free, 64, 29.000000, 1099200, 3149856, 180736
free, 64, 46.000000, 1098720, 3149856, 180704
free, 64, 28.000000, 1098240, 3149856, 180704
free, 64, 49.000000, 1097760, 3149856, 180672
free, 64, 31.000000, 1097280, 3149856, 180672
free, 64, 47.000000, 1096800, 3149856, 180640
free, 64, 30.000000, 1096320, 3149856, 180640
free, 64, 49.000000, 1095840, 3149856, 180608
free, 64, 26.000000, 1095360, 3149856, 180608
free, 64, 49.000000, 1094880, 3149856, 180576
free, 64, 29.000000, 1094400, 3149856, 180576
free, 64, 46.000000, 1093920, 3149856, 180544
free, 64, 31.000000, 1093440, 3149856, 180544
free, 64, 46.000000, 1092960, 3149856, 180512
free, 64, 28.000000, 1092480, 3149856, 180512
free, 64, 46.000000, 1092000, 3149856, 180480
free, 64, 31.000000, 1091520, 3149856, 180480
free, 64, 45.000000, 1091040, 3149856, 180448
free, 64, 28.000000, 1090560, 3149856, 180448
free, 64, 50.000000, 1090080, 3149856, 180416
free, 64, 31.000000, 1089600, 3149856, 180416
free, 64, 48.000000, 1089120, 3149856, 180384
free, 64, 35.000000, 1088640, 3149856, 180384
free, 64, 47.000000, 1088160, 3149856, 180352
free, 64, 29.000000, 1087680, 3149856, 180352
free, 64, 49.000000, 1087200, 3149856, 180320
free, 64, 30.000000, 1086720, 3149856, 180320
free, 64, 49.000000, 1086240, 3149856, 180288
free, 64, 27.000000, 1085760, 3149856, 180288
free, 64, 51.000000, 1085280, 3149856, 180256
free, 64, 29.000000, 1084800, 3149856, 180256
free, 64, 48.000000, 1084320, 3149856, 180224
free, 64, 30.000000, 1083840, 3149856, 180224
free, 64, 49.000000, 1083360, 3149856, 180192
free, 64, 33.000000, 1082880, 3149856, 180192
free, 64, 46.000000, 1082400, 3149856, 180160
free, 64, 28.000000, 1081920, 3149856, 180160
free, 64, 48.000000, 1081440, 3149856, 180128
free, 64, 28.000000, 1080960, 3149856, 180128
free, 64, 49.000000, 1080480, 3149856, 180096
free, 64, 29.000000, 1080000, 3149856, 180096
free, 64, 48.000000, 1079520, 3149856, 180064
free, 64, 29.000000, 1079040, 3149856, 180064
free, 64, 48.000000, 1078560, 3149856, 180032
free, 64, 28.000000, 1078080, 3149856, 180032
free, 64, 48.000000, 1077600, 3149856, 180000
free, 64, 29.000000, 1077120, 3149856, 180000
free, 64, 45.000000, 1076640, 3149856, 179968
free, 64, 28.000000, 1076160, 3149856, 179968
free, 64, 48.000000, 1075680, 3149856, 179936
free, 64, 30.000000, 1075200, 3149856, 179936
free, 64, 49.000000, 1074720, 3149856, 179904
free, 64, 30.000000, 1074240, 3149856, 179904
free, 64, 46.000000, 1073760, 3149856, 179872
free, 64, 32.000000, 1073280, 3149856, 179872
free, 64, 49.000000, 1072800, 3149856, 179840
free, 64, 29.000000, 1072320, 3149856, 179840
free, 64, 49.000000, 1071840, 3149856, 179808
free, 64, 30.000000, 1071360, 3149856, 179808
free, 64, 47.000000, 1070880, 3149856, 179776
free, 64, 29.000000, 1070400, 3149856, 179776
free, 64, 48.000000, 1069920, 3149856, 179744
free, 64, 28.000000, 1069440, 3149856, 179744
free, 64, 49.000000, 1068960, 3149856, 179712
free, 64, 29.000000, 1068480, 3149856, 179712
free, 64, 46.000000, 1068000, 3149856, 179680
free, 64, 36.000000, 1067520, 3149856, 179680
free, 64, 50.000000, 1067040, 3149856, 179648
free, 64, 30.000000, 1066560, 3149856, 179648
free, 64, 50.000000, 1066080, 3149856, 179616
free, 64, 31.000000, 1065600, 3149856, 179616
free, 64, 47.000000, 1065120, 3149856, 179584
free, 64, 29.000000, 1064640, 3149856, 179584
free, 64, 47.000000, 1064160, 3149856, 179552
free, 64, 28.000000, 1063680, 3149856, 179552
free, 64, 47.000000, 1063200, 3149856, 179520
free, 64, 30.000000, 1062720, 3149856, 179520
free, 64, 49.000000, 1062240, 3149856, 179488
free, 64, 27.000000, 1061760, 3149856, 179488
free, 64, 48.000000, 1061280, 3149856, 179456
free, 64, 31.000000, 1060800, 3149856, 179456
free, 64, 46.000000, 1060320, 3149856, 179424
free, 64, 30.000000, 1059840, 3149856, 179424
free, 64, 48.000000, 1059360, 3149856, 179392
free, 64, 32.000000, 1058880, 3149856, 179392
free, 64, 45.000000, 1058400, 3149856, 179360
free, 64, 30.000000, 1057920, 3149856, 179360
free, 64, 48.000000, 1057440, 3149856, 179328
free, 64, 26.000000, 1056960, 3149856, 179328
free, 64, 50.000000, 1056480, 3149856, 179296
free, 64, 28.000000, 1056000, 3149856, 179296
free, 64, 48.000000, 1055520, 3149856, 179264
free, 64, 30.000000, 1055040, 3149856, 179264
free, 64, 47.000000, 1054560, 3149856, 179232
free, 64, 31.000000, 1054080, 3149856, 179232
free, 64, 46.000000, 1053600, 3149856, 179200
free, 64, 27.000000, 1053120, 3149856, 179200
free, 64, 48.000000, 1052640, 3149856, 179168
free, 64, 30.000000, 1052160, 3149856, 179168
free, 64, 46.000000, 1051680, 3149856, 179136
free, 64, 30.000000, 1051200, 3149856, 179136
free, 64, 51.000000, 1050720, 3149856, 179104
free, 64, 30.000000, 1050240, 3149856, 179104
free, 64, 50.000000, 1049760, 3149856, 179072
free, 64, 29.000000, 1049280, 3149856, 179072
free, 64, 49.000000, 1048800, 3149856, 179040
free, 64, 27.000000, 1048320, 3149856, 179040
free, 64, 45.000000, 1047840, 3149856, 179008
free, 64, 29.000000, 1047360, 3149856, 179008
free, 64, 46.000000, 1046880, 3149856, 178976
free, 64, 29.000000, 1046400, 3149856, 178976
free, 64, 48.000000, 1045920, 3149856, 178944
free, 64, 33.000000, 1045440, 3149856, 178944
free, 64, 45.000000, 1044960, 3149856, 178912
free, 64, 30.000000, 1044480, 3149856, 178912
free, 64, 45.000000, 1044000, 3149856, 178880
free, 64, 32.000000, 1043520, 3149856, 178880
free, 64, 47.000000, 1043040, 3149856, 178848
free, 64, 27.000000, 1042560, 3149856, 178848
free, 64, 48.000000, 1042080, 3149856, 178816
free, 64, 30.000000, 1041600, 3149856, 178816
free, 64, 51.000000, 1041120, 3149856, 178784
free, 64, 29.000000, 1040640, 3149856, 178784
free, 64, 47.000000, 1040160, 3149856, 178752
free, 64, 31.000000, 1039680, 3149856, 178752
free, 64, 46.000000, 1039200, 3149856, 178720
free, 64, 35.000000, 1038720, 3149856, 178720
free, 64, 45.000000, 1038240, 3149856, 178688
free, 64, 28.000000, 1037760, 3149856, 178688
free, 64, 46.000000, 1037280, 3149856, 178656
free, 64, 27.000000, 1036800, 3149856, 178656
free, 64, 49.000000, 1036320, 3149856, 178624
free, 64, 29.000000, 1035840, 3149856, 178624
free, 64, 49.000000, 1035360, 3149856, 178592
free, 64, 32.000000, 1034880, 3149856, 178592
free, 64, 47.000000, 1034400, 3149856, 178560
free, 64, 28.000000, 1033920, 3149856, 178560
free, 64, 46.000000, 1033440, 3149856, 178528
free, 64, 31.000000, 1032960, 3149856, 178528
free, 64, 44.000000, 1032480, 3149856, 178496
free, 64, 27.000000, 1032000, 3149856, 178496
free, 64, 48.000000, 1031520, 3149856, 178464
free, 64, 27.000000, 1031040, 3149856, 178464
free, 64, 47.000000, 1030560, 3149856, 178432
free, 64, 27.000000, 1030080, 3149856, 178432
free, 64, 49.000000, 1029600, 3149856, 178400
free, 64, 29.000000, 1029120, 3149856, 178400
free, 64, 47.000000, 1028640, 3149856, 178368
free, 64, 31.000000, 1028160, 3149856, 178368
free, 64, 46.000000, 1027680, 3149856, 178336
free, 64, 30.000000, 1027200, 3149856, 178336
free, 64, 50.000000, 1026720, 3149856, 178304
free, 64, 27.000000, 1026240, 3149856, 178304
free, 64, 48.000000, 1025760, 3149856, 178272
free, 64, 30.000000, 1025280, 3149856, 178272
free, 64, 45.000000, 1024800, 3149856, 178240
free, 64, 29.000000, 1024320, 3149856, 178240
free, 64, 51.000000, 1023840, 3149856, 178208
free, 64, 30.000000, 1023360, 3149856, 178208
free, 64, 47.000000, 1022880, 3149856, 178176
free, 64, 26.000000, 1022400, 3149856, 178176
free, 64, 47.000000, 1021920, 3149856, 178144
free, 64, 30.000000, 1021440, 3149856, 178144
free, 64, 49.000000, 1020960, 3149856, 178112
free, 64, 28.000000, 1020480, 3149856, 178112
free, 64, 50.000000, 1020000, 3149856, 178080
free, 64, 28.000000, 1019520, 3149856, 178080
free, 64, 47.000000, 1019040, 3149856, 178048
free, 64, 30.000000, 1018560, 3149856, 178048
free, 64, 47.000000, 1018080, 3149856, 178016
free, 64, 37.000000, 1017600, 3149856, 178016
free, 64, 49.000000, 1017120, 3149856, 177984
free, 64, 28.000000, 1016640, 3149856, 177984
free, 64, 47.000000, 1016160, 3149856, 177952
free, 64, 34.000000, 1015680, 3149856, 177952
free, 64, 48.000000, 1015200, 3149856, 177920
free, 64, 27.000000, 1014720, 3149856, 177920
free, 64, 50.000000, 1014240, 3149856, 177888
free, 64, 31.000000, 1013760, 3149856, 177888
free, 64, 48.000000, 1013280, 3149856, 177856
free, 64, 32.000000, 1012800, 3149856, 177856
free, 64, 47.000000, 1012320, 3149856, 177824
free, 64, 30.000000, 1011840, 3149856, 177824
free, 64, 47.000000, 1011360, 3149856, 177792
free, 64, 29.000000, 1010880, 3149856, 177792
free, 64, 47.000000, 1010400, 3149856, 177760
free, 64, 30.000000, 1009920, 3149856, 177760
free, 64, 47.000000, 1009440, 3149856, 177728
free, 64, 28.000000, 1008960, 3149856, 177728
free, 64, 49.000000, 1008480, 3149856, 177696
free, 64, 30.000000, 1008000, 3149856, 177696
free, 64, 49.000000, 1007520, 3149856, 177664
free, 64, 27.000000, 1007040, 3149856, 177664
free, 64, 50.000000, 1006560, 3149856, 177632
free, 64, 29.000000, 1006080, 3149856, 177632
free, 64, 46.000000, 1005600, 3149856, 177600
free, 64, 32.000000, 1005120, 3149856, 177600
free, 64, 46.000000, 1004640, 3149856, 177568
free, 64, 31.000000, 1004160, 3149856, 177568
free, 64, 50.000000, 1003680, 3149856, 177536
free, 64, 29.000000, 1003200, 3149856, 177536
free, 64, 49.000000, 1002720, 3149856, 177504
free, 64, 28.000000, 1002240, 3149856, 177504
free, 64, 50.000000, 1001760, 3149856, 177472
free, 64, 30.000000, 1001280, 3149856, 177472
free, 64, 50.000000, 1000800, 3149856, 177440
free, 64, 30.000000, 1000320, 3149856, 177440
free, 64, 49.000000, 999840, 3149856, 177408
free, 64, 29.000000, 999360, 3149856, 177408
free, 64, 49.000000, 998880, 3149856, 177376
free, 64, 28.000000, 998400, 3149856, 177376
free, 64, 49.000000, 997920, 3149856, 177344
free, 64, 28.000000, 997440, 3149856, 177344
free, 64, 47.000000, 996960, 3149856, 177312
free, 64, 29.000000, 996480, 3149856, 177312
free, 64, 50.000000, 996000, 3149856, 177280
free, 64, 30.000000, 995520, 3149856, 177280
free, 64, 48.000000, 995040, 3149856, 177248
free, 64, 32.000000, 994560, 3149856, 177248
free, 64, 47.000000, 994080, 3149856, 177216
free, 64, 27.000000, 993600, 3149856, 177216
free, 64, 50.000000, 993120, 3149856, 177184
free, 64, 31.000000, 992640, 3149856, 177184
free, 64, 46.000000, 992160, 3149856, 177152
free, 64, 27.000000, 991680, 3149856, 177152
free, 64, 48.000000, 991200, 3149856, 177120
free, 64, 31.000000, 990720, 3149856, 177120
free, 64, 49.000000, 990240, 3149856, 177088
free, 64, 27.000000, 989760, 3149856, 177088
free, 64, 52.000000, 989280, 3149856, 177056
free, 64, 31.000000, 988800, 3149856, 177056
free, 64, 49.000000, 988320, 3149856, 177024
free, 64, 30.000000, 987840, 3149856, 177024
free, 64, 47.000000, 987360, 3149856, 176992
free, 64, 31.000000, 986880, 3149856, 176992
free, 64, 50.000000, 986400, 3149856, 176960
free, 64, 27.000000, 985920, 3149856, 176960
free, 64, 50.000000, 985440, 3149856, 176928
free, 64, 27.000000, 984960, 3149856, 176928
free, 64, 50.000000, 984480, 3149856, 176896
free, 64, 27.000000, 984000, 3149856, 176896
free, 64, 45.000000, 983520, 3149856, 176864
free, 64, 27.000000, 983040, 3149856, 176864
free, 64, 47.000000, 982560, 3149856, 176832
free, 64, 28.000000, 982080, 3149856, 176832
free, 64, 50.000000, 981600, 3149856, 176800
free, 64, 28.000000, 981120, 3149856, 176800
free, 64, 50.000000, 980640, 3149856, 176768
free, 64, 29.000000, 980160, 3149856, 176768
free, 64, 47.000000, 979680, 3149856, 176736
free, 64, 31.000000, 979200, 3149856, 176736
free, 64, 48.000000, 978720, 3149856, 176704
free, 64, 26.000000, 978240, 3149856, 176704
free, 64, 47.000000, 977760, 3149856, 176672
free, 64, 31.000000, 977280, 3149856, 176672
free, 64, 48.000000, 976800, 3149856, 176640
free, 64, 27.000000, 976320, 3149856, 176640
free, 64, 47.000000, 975840, 3149856, 176608
free, 64, 29.000000, 975360, 3149856, 176608
free, 64, 49.000000, 974880, 3149856, 176576
free, 64, 29.000000, 974400, 3149856, 176576
free, 64, 49.000000, 973920, 3149856, 176544
free, 64, 29.000000, 973440, 3149856, 176544
free, 64, 51.000000, 972960, 3149856, 176512
free, 64, 31.000000, 972480, 3149856, 176512
free, 64, 46.000000, 972000, 3149856, 176480
free, 64, 29.000000, 971520, 3149856, 176480
free, 64, 49.000000, 971040, 3149856, 176448
free, 64, 29.000000, 970560, 3149856, 176448
free, 64, 49.000000, 970080, 3149856, 176416
free, 64, 34.000000, 969600, 3149856, 176416
free, 64, 48.000000, 969120, 3149856, 176384
free, 64, 29.000000, 968640, 3149856, 176384
free, 64, 49.000000, 968160, 3149856, 176352
free, 64, 31.000000, 967680, 3149856, 176352
free, 64, 46.000000, 967200, 3149856, 176320
free, 64, 28.000000, 966720, 3149856, 176320
free, 64, 49.000000, 966240, 3149856, 176288
free, 64, 30.000000, 965760, 3149856, 176288
free, 64, 46.000000, 965280, 3149856, 176256
free, 64, 29.000000, 964800, 3149856, 176256
free, 64, 49.000000, 964320, 3149856, 176224
free, 64, 28.000000, 963840, 3149856, 176224
free, 64, 45.000000, 963360, 3149856, 176192
free, 64, 31.000000, 962880, 3149856, 176192
free, 64, 47.000000, 962400, 3149856, 176160
free, 64, 29.000000, 961920, 3149856, 176160
free, 64, 46.000000, 961440, 3149856, 176128
free, 64, 28.000000, 960960, 3149856, 176128
free, 64, 45.000000, 960480, 3149856, 176096
free, 64, 27.000000, 960000, 3149856, 176096
free, 64, 51.000000, 959520, 3149856, 176064
free, 64, 29.000000, 959040, 3149856, 176064
free, 64, 50.000000, 958560, 3149856, 176032
free, 64, 32.000000, 958080, 3149856, 176032
free, 64, 47.000000, 957600, 3149856, 176000
free, 64, 27.000000, 957120, 3149856, 176000
free, 64, 49.000000, 956640, 3149856, 175968
free, 64, 27.000000, 956160, 3149856, 175968
free, 64, 48.000000, 955680, 3149856, 175936
free, 64, 28.000000, 955200, 3149856, 175936
free, 64, 49.000000, 954720, 3149856, 175904
free, 64, 32.000000, 954240, 3149856, 175904
free, 64, 45.000000, 953760, 3149856, 175872
free, 64, 30.000000, 953280, 3149856, 175872
free, 64, 49.000000, 952800, 3149856, 175840
free, 64, 29.000000, 952320, 3149856, 175840
free, 64, 50.000000, 951840, 3149856, 175808
free, 64, 31.000000, 951360, 3149856, 175808
free, 64, 50.000000, 950880, 3149856, 175776
free, 64, 28.000000, 950400, 3149856, 175776
free, 64, 51.000000, 949920, 3149856, 175744
free, 64, 30.000000, 949440, 3149856, 175744
free, 64, 46.000000, 948960, 3149856, 175712
free, 64, 29.000000, 948480, 3149856, 175712
free, 64, 50.000000, 948000, 3149856, 175680
free, 64, 32.000000, 947520, 3149856, 175680
free, 64, 47.000000, 947040, 3149856, 175648
free, 64, 31.000000, 946560, 3149856, 175648
free, 64, 48.000000, 946080, 3149856, 175616
free, 64, 27.000000, 945600, 3149856, 175616
free, 64, 51.000000, 945120, 3149856, 175584
free, 64, 30.000000, 944640, 3149856, 175584
free, 64, 47.000000, 944160, 3149856, 175552
free, 64, 29.000000, 943680, 3149856, 175552
free, 64, 49.000000, 943200, 3149856, 175520
free, 64, 27.000000, 942720, 3149856, 175520
free, 64, 48.000000, 942240, 3149856, 175488
free, 64, 31.000000, 941760, 3149856, 175488
free, 64, 46.000000, 941280, 3149856, 175456
free, 64, 32.000000, 940800, 3149856, 175456
free, 64, 47.000000, 940320, 3149856, 175424
free, 64, 29.000000, 939840, 3149856, 175424
free, 64, 50.000000, 939360, 3149856, 175392
free, 64, 33.000000, 938880, 3149856, 175392
free, 64, 49.000000, 938400, 3149856, 175360
free, 64, 27.000000, 937920, 3149856, 175360
free, 64, 48.000000, 937440, 3149856, 175328
free, 64, 31.000000, 936960, 3149856, 175328
free, 64, 50.000000, 936480, 3149856, 175296
free, 64, 27.000000, 936000, 3149856, 175296
free, 64, 49.000000, 935520, 3149856, 175264
free, 64, 30.000000, 935040, 3149856, 175264
free, 64, 48.000000, 934560, 3149856, 175232
free, 64, 30.000000, 934080, 3149856, 175232
free, 64, 45.000000, 933600, 3149856, 175200
free, 64, 32.000000, 933120, 3149856, 175200
free, 64, 47.000000, 932640, 3149856, 175168
free, 64, 27.000000, 932160, 3149856, 175168
free, 64, 47.000000, 931680, 3149856, 175136
free, 64, 37.000000, 931200, 3149856, 175136
free, 64, 51.000000, 930720, 3149856, 175104
free, 64, 29.000000, 930240, 3149856, 175104
free, 64, 46.000000, 929760, 3149856, 175072
free, 64, 30.000000, 929280, 3149856, 175072
free, 64, 49.000000, 928800, 3149856, 175040
free, 64, 28.000000, 928320, 3149856, 175040
free, 64, 49.000000, 927840, 3149856, 175008
free, 64, 29.000000, 927360, 3149856, 175008
free, 64, 47.000000, 926880, 3149856, 174976
free, 64, 31.000000, 926400, 3149856, 174976
free, 64, 45.000000, 925920, 3149856, 174944
free, 64, 30.000000, 925440, 3149856, 174944
free, 64, 47.000000, 924960, 3149856, 174912
free, 64, 25.000000, 924480, 3149856, 174912
free, 64, 48.000000, 924000, 3149856, 174880
free, 64, 30.000000, 923520, 3149856, 174880
free, 64, 48.000000, 923040, 3149856, 174848
free, 64, 28.000000, 922560, 3149856, 174848
free, 64, 51.000000, 922080, 3149856, 174816
free, 64, 32.000000, 921600, 3149856, 174816
free, 64, 45.000000, 921120, 3149856, 174784
free, 64, 28.000000, 920640, 3149856, 174784
free, 64, 48.000000, 920160, 3149856, 174752
free, 64, 27.000000, 919680, 3149856, 174752
free, 64, 47.000000, 919200, 3149856, 174720
free, 64, 29.000000, 918720, 3149856, 174720
free, 64, 47.000000, 918240, 3149856, 174688
free, 64, 29.000000, 917760, 3149856, 174688
free, 64, 47.000000, 917280, 3149856, 174656
free, 64, 29.000000, 916800, 3149856, 174656
free, 64, 49.000000, 916320, 3149856, 174624
free, 64, 31.000000, 915840, 3149856, 174624
free, 64, 47.000000, 915360, 3149856, 174592
free, 64, 27.000000, 914880, 3149856, 174592
free, 64, 51.000000, 914400, 3149856, 174560
free, 64, 28.000000, 913920, 3149856, 174560
free, 64, 50.000000, 913440, 3149856, 174528
free, 64, 28.000000, 912960, 3149856, 174528
free, 64, 48.000000, 912480, 3149856, 174496
free, 64, 30.000000, 912000, 3149856, 174496
free, 64, 47.000000, 911520, 3149856, 174464
free, 64, 27.000000, 911040, 3149856, 174464
free, 64, 50.000000, 910560, 3149856, 174432
free, 64, 28.000000, 910080, 3149856, 174432
free, 64, 51.000000, 909600, 3149856, 174400
free, 64, 29.000000, 909120, 3149856, 174400
free, 64, 48.000000, 908640, 3149856, 174368
free, 64, 29.000000, 908160, 3149856, 174368
free, 64, 49.000000, 907680, 3149856, 174336
free, 64, 30.000000, 907200, 3149856, 174336
free, 64, 48.000000, 906720, 3149856, 174304
free, 64, 40.000000, 906240, 3149856, 174304
free, 64, 45.000000, 905760, 3149856, 174272
free, 64, 29.000000, 905280, 3149856, 174272
free, 64, 49.000000, 904800, 3149856, 174240
free, 64, 30.000000, 904320, 3149856, 174240
free, 64, 49.000000, 903840, 3149856, 174208
free, 64, 31.000000, 903360, 3149856, 174208
free, 64, 46.000000, 902880, 3149856, 174176
free, 64, 27.000000, 902400, 3149856, 174176
free, 64, 50.000000, 901920, 3149856, 174144
free, 64, 28.000000, 901440, 3149856, 174144
free, 64, 49.000000, 900960, 3149856, 174112
free, 64, 31.000000, 900480, 3149856, 174112
free, 64, 44.000000, 900000, 3149856, 174080
free, 64, 28.000000, 899520, 3149856, 174080
free, 64, 49.000000, 899040, 3149856, 174048
free, 64, 28.000000, 898560, 3149856, 174048
free, 64, 46.000000, 898080, 3149856, 174016
free, 64, 31.000000, 897600, 3149856, 174016
free, 64, 47.000000, 897120, 3149856, 173984
free, 64, 32.000000, 896640, 3149856, 173984
free, 64, 46.000000, 896160, 3149856, 173952
free, 64, 28.000000, 895680, 3149856, 173952
free, 64, 47.000000, 895200, 3149856, 173920
free, 64, 29.000000, 894720, 3149856, 173920
free, 64, 48.000000, 894240, 3149856, 173888
free, 64, 31.000000, 893760, 3149856, 173888
free, 64, 47.000000, 893280, 3149856, 173856
free, 64, 28.000000, 892800, 3149856, 173856
free, 64, 48.000000, 892320, 3149856, 173824
free, 64, 30.000000, 891840, 3149856, 173824
free, 64, 49.000000, 891360, 3149856, 173792
free, 64, 32.000000, 890880, 3149856, 173792
free, 64, 46.000000, 890400, 3149856, 173760
free, 64, 28.000000, 889920, 3149856, 173760
free, 64, 52.000000, 889440, 3149856, 173728
free, 64, 27.000000, 888960, 3149856, 173728
free, 64, 48.000000, 888480, 3149856, 173696
free, 64, 30.000000, 888000, 3149856, 173696
free, 64, 47.000000, 887520, 3149856, 173664
free, 64, 31.000000, 887040, 3149856, 173664
free, 64, 45.000000, 886560, 3149856, 173632
free, 64, 28.000000, 886080, 3149856, 173632
free, 64, 50.000000, 885600, 3149856, 173600
free, 64, 32.000000, 885120, 3149856, 173600
free, 64, 46.000000, 884640, 3149856, 173568
free, 64, 28.000000, 884160, 3149856, 173568
free, 64, 46.000000, 883680, 3149856, 173536
free, 64, 32.000000, 883200, 3149856, 173536
free, 64, 46.000000, 882720, 3149856, 173504
free, 64, 28.000000, 882240, 3149856, 173504
free, 64, 50.000000, 881760, 3149856, 173472
free, 64, 30.000000, 881280, 3149856, 173472
free, 64, 47.000000, 880800, 3149856, 173440
free, 64, 26.000000, 880320, 3149856, 173440
free, 64, 48.000000, 879840, 3149856, 173408
free, 64, 32.000000, 879360, 3149856, 173408
free, 64, 47.000000, 878880, 3149856, 173376
free, 64, 29.000000, 878400, 3149856, 173376
free, 64, 49.000000, 877920, 3149856, 173344
free, 64, 33.000000, 877440, 3149856, 173344
free, 64, 46.000000, 876960, 3149856, 173312
free, 64, 28.000000, 876480, 3149856, 173312
free, 64, 49.000000, 876000, 3149856, 173280
free, 64, 30.000000, 875520, 3149856, 173280
free, 64, 50.000000, 875040, 3149856, 173248
free, 64, 28.000000, 874560, 3149856, 173248
free, 64, 51.000000, 874080, 3149856, 173216
free, 64, 30.000000, 873600, 3149856, 173216
free, 64, 48.000000, 873120, 3149856, 173184
free, 64, 27.000000, 872640, 3149856, 173184
free, 64, 49.000000, 872160, 3149856, 173152
free, 64, 28.000000, 871680, 3149856, 173152
free, 64, 48.000000, 871200, 3149856, 173120
free, 64, 28.000000, 870720, 3149856, 173120
free, 64, 49.000000, 870240, 3149856, 173088
free, 64, 30.000000, 869760, 3149856, 173088
free, 64, 51.000000, 869280, 3149856, 173056
free, 64, 26.000000, 868800, 3149856, 173056
free, 64, 50.000000, 868320, 3149856, 173024
free, 64, 38.000000, 867840, 3149856, 173024
free, 64, 50.000000, 867360, 3149856, 172992
free, 64, 30.000000, 866880, 3149856, 172992
free, 64, 50.000000, 866400, 3149856, 172960
free, 64, 33.000000, 865920, 3149856, 172960
free, 64, 48.000000, 865440, 3149856, 172928
free, 64, 25.000000, 864960, 3149856, 172928
free, 64, 50.000000, 864480, 3149856, 172896
free, 64, 26.000000, 864000, 3149856, 172896
free, 64, 51.000000, 863520, 3149856, 172864
free, 64, 30.000000, 863040, 3149856, 172864
free, 64, 48.000000, 862560, 3149856, 172832
free, 64, 33.000000, 862080, 3149856, 172832
free, 64, 48.000000, 861600, 3149856, 172800
free, 64, 31.000000, 861120, 3149856, 172800
free, 64, 48.000000, 860640, 3149856, 172768
free, 64, 30.000000, 860160, 3149856, 172768
free, 64, 49.000000, 859680, 3149856, 172736
free, 64, 32.000000, 859200, 3149856, 172736
free, 64, 45.000000, 858720, 3149856, 172704
free, 64, 28.000000, 858240, 3149856, 172704
free, 64, 50.000000, 857760, 3149856, 172672
free, 64, 28.000000, 857280, 3149856, 172672
free, 64, 48.000000, 856800, 3149856, 172640
free, 64, 31.000000, 856320, 3149856, 172640
free, 64, 48.000000, 855840, 3149856, 172608
free, 64, 30.000000, 855360, 3149856, 172608
free, 64, 48.000000, 854880, 3149856, 172576
free, 64, 31.000000, 854400, 3149856, 172576
free, 64, 46.000000, 853920, 3149856, 172544
free, 64, 28.000000, 853440, 3149856, 172544
free, 64, 49.000000, 852960, 3149856, 172512
free, 64, 30.000000, 852480, 3149856, 172512
free, 64, 47.000000, 852000, 3149856, 172480
free, 64, 27.000000, 851520, 3149856, 172480
free, 64, 51.000000, 851040, 3149856, 172448
free, 64, 29.000000, 850560, 3149856, 172448
free, 64, 50.000000, 850080, 3149856, 172416
free, 64, 32.000000, 849600, 3149856, 172416
free, 64, 46.000000, 849120, 3149856, 172384
free, 64, 29.000000, 848640, 3149856, 172384
free, 64, 49.000000, 848160, 3149856, 172352
free, 64, 30.000000, 847680, 3149856, 172352
free, 64, 46.000000, 847200, 3149856, 172320
free, 64, 31.000000, 846720, 3149856, 172320
free, 64, 48.000000, 846240, 3149856, 172288
free, 64, 30.000000, 845760, 3149856, 172288
free, 64, 50.000000, 845280, 3149856, 172256
free, 64, 31.000000, 844800, 3149856, 172256
free, 64, 46.000000, 844320, 3149856, 172224
free, 64, 28.000000, 843840, 3149856, 172224
free, 64, 49.000000, 843360, 3149856, 172192
free, 64, 29.000000, 842880, 3149856, 172192
free, 64, 47.000000, 842400, 3149856, 172160
free, 64, 30.000000, 841920, 3149856, 172160
free, 64, 50.000000, 841440, 3149856, 172128
free, 64, 32.000000, 840960, 3149856, 172128
free, 64, 46.000000, 840480, 3149856, 172096
free, 64, 28.000000, 840000, 3149856, 172096
free, 64, 49.000000, 839520, 3149856, 172064
free, 64, 31.000000, 839040, 3149856, 172064
free, 64, 48.000000, 838560, 3149856, 172032
free, 64, 28.000000, 838080, 3149856, 172032
free, 64, 50.000000, 837600, 3149856, 172000
free, 64, 31.000000, 837120, 3149856, 172000
free, 64, 49.000000, 836640, 3149856, 171968
free, 64, 30.000000, 836160, 3149856, 171968
free, 64, 50.000000, 835680, 3149856, 171936
free, 64, 32.000000, 835200, 3149856, 171936
free, 64, 47.000000, 834720, 3149856, 171904
free, 64, 28.000000, 834240, 3149856, 171904
free, 64, 49.000000, 833760, 3149856, 171872
free, 64, 30.000000, 833280, 3149856, 171872
free, 64, 49.000000, 832800, 3149856, 171840
free, 64, 27.000000, 832320, 3149856, 171840
free, 64, 49.000000, 831840, 3149856, 171808
free, 64, 36.000000, 831360, 3149856, 171808
free, 64, 48.000000, 830880, 3149856, 171776
free, 64, 28.000000, 830400, 3149856, 171776
free, 64, 48.000000, 829920, 3149856, 171744
free, 64, 30.000000, 829440, 3149856, 171744
free, 64, 48.000000, 828960, 3149856, 171712
free, 64, 28.000000, 828480, 3149856, 171712
free, 64, 52.000000, 828000, 3149856, 171680
free, 64, 30.000000, 827520, 3149856, 171680
free, 64, 49.000000, 827040, 3149856, 171648
free, 64, 31.000000, 826560, 3149856, 171648
free, 64, 45.000000, 826080, 3149856, 171616
free, 64, 45.000000, 825600, 3149856, 171616
free, 64, 48.000000, 825120, 3149856, 171584
free, 64, 28.000000, 824640, 3149856, 171584
free, 64, 48.000000, 824160, 3149856, 171552
free, 64, 29.000000, 823680, 3149856, 171552
free, 64, 48.000000, 823200, 3149856, 171520
free, 64, 31.000000, 822720, 3149856, 171520
free, 64, 45.000000, 822240, 3149856, 171488
free, 64, 29.000000, 821760, 3149856, 171488
free, 64, 47.000000, 821280, 3149856, 171456
free, 64, 30.000000, 820800, 3149856, 171456
free, 64, 46.000000, 820320, 3149856, 171424
free, 64, 31.000000, 819840, 3149856, 171424
free, 64, 44.000000, 819360, 3149856, 171392
free, 64, 29.000000, 818880, 3149856, 171392
free, 64, 48.000000, 818400, 3149856, 171360
free, 64, 31.000000, 817920, 3149856, 171360
free, 64, 45.000000, 817440, 3149856, 171328
free, 64, 27.000000, 816960, 3149856, 171328
free, 64, 47.000000, 816480, 3149856, 171296
free, 64, 29.000000, 816000, 3149856, 171296
free, 64, 49.000000, 815520, 3149856, 171264
free, 64, 30.000000, 815040, 3149856, 171264
free, 64, 47.000000, 814560, 3149856, 171232
free, 64, 30.000000, 814080, 3149856, 171232
free, 64, 44.000000, 813600, 3149856, 171200
free, 64, 26.000000, 813120, 3149856, 171200
free, 64, 47.000000, 812640, 3149856, 171168
free, 64, 31.000000, 812160, 3149856, 171168
free, 64, 44.000000, 811680, 3149856, 171136
free, 64, 27.000000, 811200, 3149856, 171136
free, 64, 49.000000, 810720, 3149856, 171104
free, 64, 29.000000, 810240, 3149856, 171104
free, 64, 47.000000, 809760, 3149856, 171072
free, 64, 30.000000, 809280, 3149856, 171072
free, 64, 45.000000, 808800, 3149856, 171040
free, 64, 29.000000, 808320, 3149856, 171040
free, 64, 49.000000, 807840, 3149856, 171008
free, 64, 31.000000, 807360, 3149856, 171008
free, 64, 47.000000, 806880, 3149856, 170976
free, 64, 30.000000, 806400, 3149856, 170976
free, 64, 50.000000, 805920, 3149856, 170944
free, 64, 27.000000, 805440, 3149856, 170944
free, 64, 51.000000, 804960, 3149856, 170912
free, 64, 31.000000, 804480, 3149856, 170912
free, 64, 46.000000, 804000, 3149856, 170880
free, 64, 26.000000, 803520, 3149856, 170880
free, 64, 49.000000, 803040, 3149856, 170848
free, 64, 29.000000, 802560, 3149856, 170848
free, 64, 53.000000, 802080, 3149856, 170816
free, 64, 28.000000, 801600, 3149856, 170816
free, 64, 48.000000, 801120, 3149856, 170784
free, 64, 37.000000, 800640, 3149856, 170784
free, 64, 48.000000, 800160, 3149856, 170752
free, 64, 28.000000, 799680, 3149856, 170752
free, 64, 48.000000, 799200, 3149856, 170720
free, 64, 32.000000, 798720, 3149856, 170720
free, 64, 47.000000, 798240, 3149856, 170688
free, 64, 28.000000, 797760, 3149856, 170688
free, 64, 49.000000, 797280, 3149856, 170656
free, 64, 31.000000, 796800, 3149856, 170656
free, 64, 47.000000, 796320, 3149856, 170624
free, 64, 27.000000, 795840, 3149856, 170624
free, 64, 47.000000, 795360, 3149856, 170592
free, 64, 31.000000, 794880, 3149856, 170592
free, 64, 47.000000, 794400, 3149856, 170560
free, 64, 31.000000, 793920, 3149856, 170560
free, 64, 47.000000, 793440, 3149856, 170528
free, 64, 30.000000, 792960, 3149856, 170528
free, 64, 46.000000, 792480, 3149856, 170496
free, 64, 27.000000, 792000, 3149856, 170496
free, 64, 47.000000, 791520, 3149856, 170464
free, 64, 32.000000, 791040, 3149856, 170464
free, 64, 48.000000, 790560, 3149856, 170432
free, 64, 28.000000, 790080, 3149856, 170432
free, 64, 51.000000, 789600, 3149856, 170400
free, 64, 28.000000, 789120, 3149856, 170400
free, 64, 49.000000, 788640, 3149856, 170368
free, 64, 30.000000, 788160, 3149856, 170368
free, 64, 48.000000, 787680, 3149856, 170336
free, 64, 28.000000, 787200, 3149856, 170336
free, 64, 47.000000, 786720, 3149856, 170304
free, 64, 31.000000, 786240, 3149856, 170304
free, 64, 47.000000, 785760, 3149856, 170272
free, 64, 31.000000, 785280, 3149856, 170272
free, 64, 46.000000, 784800, 3149856, 170240
free, 64, 29.000000, 784320, 3149856, 170240
free, 64, 47.000000, 783840, 3149856, 170208
free, 64, 28.000000, 783360, 3149856, 170208
free, 64, 49.000000, 782880, 3149856, 170176
free, 64, 30.000000, 782400, 3149856, 170176
free, 64, 45.000000, 781920, 3149856, 170144
free, 64, 32.000000, 781440, 3149856, 170144
free, 64, 48.000000, 780960, 3149856, 170112
free, 64, 29.000000, 780480, 3149856, 170112
free, 64, 49.000000, 780000, 3149856, 170080
free, 64, 30.000000, 779520, 3149856, 170080
free, 64, 48.000000, 779040, 3149856, 170048
free, 64, 27.000000, 778560, 3149856, 170048
free, 64, 52.000000, 778080, 3149856, 170016
free, 64, 29.000000, 777600, 3149856, 170016
free, 64, 51.000000, 777120, 3149856, 169984
free, 64, 28.000000, 776640, 3149856, 169984
free, 64, 48.000000, 776160, 3149856, 169952
free, 64, 29.000000, 775680, 3149856, 169952
free, 64, 47.000000, 775200, 3149856, 169920
free, 64, 27.000000, 774720, 3149856, 169920
free, 64, 47.000000, 774240, 3149856, 169888
free, 64, 29.000000, 773760, 3149856, 169888
free, 64, 47.000000, 773280, 3149856, 169856
free, 64, 32.000000, 772800, 3149856, 169856
free, 64, 47.000000, 772320, 3149856, 169824
free, 64, 29.000000, 771840, 3149856, 169824
free, 64, 47.000000, 771360, 3149856, 169792
free, 64, 27.000000, 770880, 3149856, 169792
free, 64, 51.000000, 770400, 3149856, 169760
free, 64, 31.000000, 769920, 3149856, 169760
free, 64, 51.000000, 769440, 3149856, 169728
free, 64, 28.000000, 768960, 3149856, 169728
free, 64, 46.000000, 768480, 3149856, 169696
free, 64, 30.000000, 768000, 3149856, 169696
free, 64, 48.000000, 767520, 3149856, 169664
free, 64, 31.000000, 767040, 3149856, 169664
free, 64, 46.000000, 766560, 3149856, 169632
free, 64, 29.000000, 766080, 3149856, 169632
free, 64, 48.000000, 765600, 3149856, 169600
free, 64, 29.000000, 765120, 3149856, 169600
free, 64, 49.000000, 764640, 3149856, 169568
free, 64, 28.000000, 764160, 3149856, 169568
free, 64, 49.000000, 763680, 3149856, 169536
free, 64, 28.000000, 763200, 3149856, 169536
free, 64, 49.000000, 762720, 3149856, 169504
free, 64, 34.000000, 762240, 3149856, 169504
free, 64, 47.000000, 761760, 3149856, 169472
free, 64, 30.000000, 761280, 3149856, 169472
free, 64, 49.000000, 760800, 3149856, 169440
free, 64, 35.000000, 760320, 3149856, 169440
free, 64, 46.000000, 759840, 3149856, 169408
free, 64, 28.000000, 759360, 3149856, 169408
free, 64, 49.000000, 758880, 3149856, 169376
free, 64, 30.000000, 758400, 3149856, 169376
free, 64, 48.000000, 757920, 3149856, 169344
free, 64, 31.000000, 757440, 3149856, 169344
free, 64, 45.000000, 756960, 3149856, 169312
free, 64, 30.000000, 756480, 3149856, 169312
free, 64, 49.000000, 756000, 3149856, 169280
free, 64, 27.000000, 755520, 3149856, 169280
free, 64, 48.000000, 755040, 3149856, 169248
free, 64, 31.000000, 754560, 3149856, 169248
free, 64, 49.000000, 754080, 3149856, 169216
free, 64, 30.000000, 753600, 3149856, 169216
free, 64, 47.000000, 753120, 3149856, 169184
free, 64, 28.000000, 752640, 3149856, 169184
free, 64, 47.000000, 752160, 3149856, 169152
free, 64, 27.000000, 751680, 3149856, 169152
free, 64, 48.000000, 751200, 3149856, 169120
free, 64, 27.000000, 750720, 3149856, 169120
free, 64, 47.000000, 750240, 3149856, 169088
free, 64, 31.000000, 749760, 3149856, 169088
free, 64, 46.000000, 749280, 3149856, 169056
free, 64, 29.000000, 748800, 3149856, 169056
free, 64, 49.000000, 748320, 3149856, 169024
free, 64, 28.000000, 747840, 3149856, 169024
free, 64, 48.000000, 747360, 3149856, 168992
free, 64, 30.000000, 746880, 3149856, 168992
free, 64, 48.000000, 746400, 3149856, 168960
free, 64, 27.000000, 745920, 3149856, 168960
free, 64, 50.000000, 745440, 3149856, 168928
free, 64, 34.000000, 744960, 3149856, 168928
free, 64, 46.000000, 744480, 3149856, 168896
free, 64, 28.000000, 744000, 3149856, 168896
free, 64, 48.000000, 743520, 3149856, 168864
free, 64, 28.000000, 743040, 3149856, 168864
free, 64, 47.000000, 742560, 3149856, 168832
free, 64, 32.000000, 742080, 3149856, 168832
free, 64, 46.000000, 741600, 3149856, 168800
free, 64, 32.000000, 741120, 3149856, 168800
free, 64, 45.000000, 740640, 3149856, 168768
free, 64, 27.000000, 740160, 3149856, 168768
free, 64, 48.000000, 739680, 3149856, 168736
free, 64, 28.000000, 739200, 3149856, 168736
free, 64, 50.000000, 738720, 3149856, 168704
free, 64, 29.000000, 738240, 3149856, 168704
free, 64, 48.000000, 737760, 3149856, 168672
free, 64, 28.000000, 737280, 3149856, 168672
free, 64, 49.000000, 736800, 3149856, 168640
free, 64, 29.000000, 736320, 3149856, 168640
free, 64, 46.000000, 735840, 3149856, 168608
free, 64, 31.000000, 735360, 3149856, 168608
free, 64, 48.000000, 734880, 3149856, 168576
free, 64, 32.000000, 734400, 3149856, 168576
free, 64, 49.000000, 733920, 3149856, 168544
free, 64, 32.000000, 733440, 3149856, 168544
free, 64, 45.000000, 732960, 3149856, 168512
free, 64, 28.000000, 732480, 3149856, 168512
free, 64, 45.000000, 732000, 3149856, 168480
free, 64, 31.000000, 731520, 3149856, 168480
free, 64, 47.000000, 731040, 3149856, 168448
free, 64, 28.000000, 730560, 3149856, 168448
free, 64, 47.000000, 730080, 3149856, 168416
free, 64, 28.000000, 729600, 3149856, 168416
free, 64, 49.000000, 729120, 3149856, 168384
free, 64, 31.000000, 728640, 3149856, 168384
free, 64, 47.000000, 728160, 3149856, 168352
free, 64, 30.000000, 727680, 3149856, 168352
free, 64, 46.000000, 727200, 3149856, 168320
free, 64, 28.000000, 726720, 3149856, 168320
free, 64, 48.000000, 726240, 3149856, 168288
free, 64, 29.000000, 725760, 3149856, 168288
free, 64, 46.000000, 725280, 3149856, 168256
free, 64, 27.000000, 724800, 3149856, 168256
free, 64, 48.000000, 724320, 3149856, 168224
free, 64, 30.000000, 723840, 3149856, 168224
free, 64, 49.000000, 723360, 3149856, 168192
free, 64, 26.000000, 722880, 3149856, 168192
free, 64, 52.000000, 722400, 3149856, 168160
free, 64, 29.000000, 721920, 3149856, 168160
free, 64, 48.000000, 721440, 3149856, 168128
free, 64, 28.000000, 720960, 3149856, 168128
free, 64, 48.000000, 720480, 3149856, 168096
free, 64, 34.000000, 720000, 3149856, 168096
free, 64, 49.000000, 719520, 3149856, 168064
free, 64, 28.000000, 719040, 3149856, 168064
free, 64, 53.000000, 718560, 3149856, 168032
free, 64, 27.000000, 718080, 3149856, 168032
free, 64, 53.000000, 717600, 3149856, 168000
free, 64, 29.000000, 717120, 3149856, 168000
free, 64, 50.000000, 716640, 3149856, 167968
free, 64, 33.000000, 716160, 3149856, 167968
free, 64, 49.000000, 715680, 3149856, 167936
free, 64, 28.000000, 715200, 3149856, 167936
free, 64, 50.000000, 714720, 3149856, 167904
free, 64, 32.000000, 714240, 3149856, 167904
free, 64, 46.000000, 713760, 3149856, 167872
free, 64, 28.000000, 713280, 3149856, 167872
free, 64, 50.000000, 712800, 3149856, 167840
free, 64, 30.000000, 712320, 3149856, 167840
free, 64, 47.000000, 711840, 3149856, 167808
free, 64, 31.000000, 711360, 3149856, 167808
free, 64, 47.000000, 710880, 3149856, 167776
free, 64, 28.000000, 710400, 3149856, 167776
free, 64, 49.000000, 709920, 3149856, 167744
free, 64, 31.000000, 709440, 3149856, 167744
free, 64, 47.000000, 708960, 3149856, 167712
free, 64, 28.000000, 708480, 3149856, 167712
free, 64, 47.000000, 708000, 3149856, 167680
free, 64, 31.000000, 707520, 3149856, 167680
free, 64, 46.000000, 707040, 3149856, 167648
free, 64, 34.000000, 706560, 3149856, 167648
free, 64, 47.000000, 706080, 3149856, 167616
free, 64, 32.000000, 705600, 3149856, 167616
free, 64, 46.000000, 705120, 3149856, 167584
free, 64, 32.000000, 704640, 3149856, 167584
free, 64, 48.000000, 704160, 3149856, 167552
free, 64, 28.000000, 703680, 3149856, 167552
free, 64, 48.000000, 703200, 3149856, 167520
free, 64, 27.000000, 702720, 3149856, 167520
free, 64, 47.000000, 702240, 3149856, 167488
free, 64, 30.000000, 701760, 3149856, 167488
free, 64, 47.000000, 701280, 3149856, 167456
free, 64, 30.000000, 700800, 3149856, 167456
free, 64, 45.000000, 700320, 3149856, 167424
free, 64, 28.000000, 699840, 3149856, 167424
free, 64, 48.000000, 699360, 3149856, 167392
free, 64, 29.000000, 698880, 3149856, 167392
free, 64, 49.000000, 698400, 3149856, 167360
free, 64, 31.000000, 697920, 3149856, 167360
free, 64, 46.000000, 697440, 3149856, 167328
free, 64, 31.000000, 696960, 3149856, 167328
free, 64, 46.000000, 696480, 3149856, 167296
free, 64, 31.000000, 696000, 3149856, 167296
free, 64, 46.000000, 695520, 3149856, 167264
free, 64, 27.000000, 695040, 3149856, 167264
free, 64, 48.000000, 694560, 3149856, 167232
free, 64, 30.000000, 694080, 3149856, 167232
free, 64, 48.000000, 693600, 3149856, 167200
free, 64, 31.000000, 693120, 3149856, 167200
free, 64, 47.000000, 692640, 3149856, 167168
free, 64, 27.000000, 692160, 3149856, 167168
free, 64, 47.000000, 691680, 3149856, 167136
free, 64, 29.000000, 691200, 3149856, 167136
free, 64, 47.000000, 690720, 3149856, 167104
free, 64, 30.000000, 690240, 3149856, 167104
free, 64, 45.000000, 689760, 3149856, 167072
free, 64, 29.000000, 689280, 3149856, 167072
free, 64, 48.000000, 688800, 3149856, 167040
free, 64, 31.000000, 688320, 3149856, 167040
free, 64, 45.000000, 687840, 3149856, 167008
free, 64, 27.000000, 687360, 3149856, 167008
free, 64, 50.000000, 686880, 3149856, 166976
free, 64, 30.000000, 686400, 3149856, 166976
free, 64, 47.000000, 685920, 3149856, 166944
free, 64, 33.000000, 685440, 3149856, 166944
free, 64, 46.000000, 684960, 3149856, 166912
free, 64, 28.000000, 684480, 3149856, 166912
free, 64, 50.000000, 684000, 3149856, 166880
free, 64, 28.000000, 683520, 3149856, 166880
free, 64, 47.000000, 683040, 3149856, 166848
free, 64, 30.000000, 682560, 3149856, 166848
free, 64, 50.000000, 682080, 3149856, 166816
free, 64, 33.000000, 681600, 3149856, 166816
free, 64, 49.000000, 681120, 3149856, 166784
free, 64, 27.000000, 680640, 3149856, 166784
free, 64, 52.000000, 680160, 3149856, 166752
free, 64, 33.000000, 679680, 3149856, 166752
free, 64, 47.000000, 679200, 3149856, 166720
free, 64, 29.000000, 678720, 3149856, 166720
free, 64, 49.000000, 678240, 3149856, 166688
free, 64, 29.000000, 677760, 3149856, 166688
free, 64, 52.000000, 677280, 3149856, 166656
free, 64, 29.000000, 676800, 3149856, 166656
free, 64, 48.000000, 676320, 3149856, 166624
free, 64, 27.000000, 675840, 3149856, 166624
free, 64, 46.000000, 675360, 3149856, 166592
free, 64, 30.000000, 674880, 3149856, 166592
free, 64, 48.000000, 674400, 3149856, 166560
free, 64, 29.000000, 673920, 3149856, 166560
free, 64, 48.000000, 673440, 3149856, 166528
free, 64, 28.000000, 672960, 3149856, 166528
free, 64, 48.000000, 672480, 3149856, 166496
free, 64, 30.000000, 672000, 3149856, 166496
free, 64, 48.000000, 671520, 3149856, 166464
free, 64, 27.000000, 671040, 3149856, 166464
free, 64, 48.000000, 670560, 3149856, 166432
free, 64, 29.000000, 670080, 3149856, 166432
free, 64, 48.000000, 669600, 3149856, 166400
free, 64, 29.000000, 669120, 3149856, 166400
free, 64, 50.000000, 668640, 3149856, 166368
free, 64, 28.000000, 668160, 3149856, 166368
free, 64, 53.000000, 667680, 3149856, 166336
free, 64, 28.000000, 667200, 3149856, 166336
free, 64, 48.000000, 666720, 3149856, 166304
free, 64, 27.000000, 666240, 3149856, 166304
free, 64, 48.000000, 665760, 3149856, 166272
free, 64, 32.000000, 665280, 3149856, 166272
free, 64, 47.000000, 664800, 3149856, 166240
free, 64, 28.000000, 664320, 3149856, 166240
free, 64, 49.000000, 663840, 3149856, 166208
free, 64, 30.000000, 663360, 3149856, 166208
free, 64, 49.000000, 662880, 3149856, 166176
free, 64, 28.000000, 662400, 3149856, 166176
free, 64, 49.000000, 661920, 3149856, 166144
free, 64, 31.000000, 661440, 3149856, 166144
free, 64, 47.000000, 660960, 3149856, 166112
free, 64, 30.000000, 660480, 3149856, 166112
free, 64, 48.000000, 660000, 3149856, 166080
free, 64, 27.000000, 659520, 3149856, 166080
free, 64, 51.000000, 659040, 3149856, 166048
free, 64, 30.000000, 658560, 3149856, 166048
free, 64, 49.000000, 658080, 3149856, 166016
free, 64, 27.000000, 657600, 3149856, 166016
free, 64, 50.000000, 657120, 3149856, 165984
free, 64, 29.000000, 656640, 3149856, 165984
free, 64, 48.000000, 656160, 3149856, 165952
free, 64, 31.000000, 655680, 3149856, 165952
free, 64, 50.000000, 655200, 3149856, 165920
free, 64, 27.000000, 654720, 3149856, 165920
free, 64, 48.000000, 654240, 3149856, 165888
free, 64, 29.000000, 653760, 3149856, 165888
free, 64, 48.000000, 653280, 3149856, 165856
free, 64, 32.000000, 652800, 3149856, 165856
free, 64, 45.000000, 652320, 3149856, 165824
free, 64, 29.000000, 651840, 3149856, 165824
free, 64, 49.000000, 651360, 3149856, 165792
free, 64, 28.000000, 650880, 3149856, 165792
free, 64, 48.000000, 650400, 3149856, 165760
free, 64, 32.000000, 649920, 3149856, 165760
free, 64, 48.000000, 649440, 3149856, 165728
free, 64, 29.000000, 648960, 3149856, 165728
free, 64, 48.000000, 648480, 3149856, 165696
free, 64, 31.000000, 648000, 3149856, 165696
free, 64, 46.000000, 647520, 3149856, 165664
free, 64, 29.000000, 647040, 3149856, 165664
free, 64, 48.000000, 646560, 3149856, 165632
free, 64, 27.000000, 646080, 3149856, 165632
free, 64, 51.000000, 645600, 3149856, 165600
free, 64, 27.000000, 645120, 3149856, 165600
free, 64, 48.000000, 644640, 3149856, 165568
free, 64, 31.000000, 644160, 3149856, 165568
free, 64, 46.000000, 643680, 3149856, 165536
free, 64, 28.000000, 643200, 3149856, 165536
free, 64, 52.000000, 642720, 3149856, 165504
free, 64, 29.000000, 642240, 3149856, 165504
free, 64, 48.000000, 641760, 3149856, 165472
free, 64, 27.000000, 641280, 3149856, 165472
free, 64, 48.000000, 640800, 3149856, 165440
free, 64, 29.000000, 640320, 3149856, 165440
free, 64, 49.000000, 639840, 3149856, 165408
free, 64, 29.000000, 639360, 3149856, 165408
free, 64, 48.000000, 638880, 3149856, 165376
free, 64, 33.000000, 638400, 3149856, 165376
free, 64, 46.000000, 637920, 3149856, 165344
free, 64, 29.000000, 637440, 3149856, 165344
free, 64, 49.000000, 636960, 3149856, 165312
free, 64, 32.000000, 636480, 3149856, 165312
free, 64, 47.000000, 636000, 3149856, 165280
free, 64, 28.000000, 635520, 3149856, 165280
free, 64, 52.000000, 635040, 3149856, 165248
free, 64, 30.000000, 634560, 3149856, 165248
free, 64, 49.000000, 634080, 3149856, 165216
free, 64, 30.000000, 633600, 3149856, 165216
free, 64, 47.000000, 633120, 3149856, 165184
free, 64, 27.000000, 632640, 3149856, 165184
free, 64, 49.000000, 632160, 3149856, 165152
free, 64, 30.000000, 631680, 3149856, 165152
free, 64, 49.000000, 631200, 3149856, 165120
free, 64, 31.000000, 630720, 3149856, 165120
free, 64, 48.000000, 630240, 3149856, 165088
free, 64, 29.000000, 629760, 3149856, 165088
free, 64, 47.000000, 629280, 3149856, 165056
free, 64, 30.000000, 628800, 3149856, 165056
free, 64, 45.000000, 628320, 3149856, 165024
free, 64, 30.000000, 627840, 3149856, 165024
free, 64, 48.000000, 627360, 3149856, 164992
free, 64, 26.000000, 626880, 3149856, 164992
free, 64, 46.000000, 626400, 3149856, 164960
free, 64, 38.000000, 625920, 3149856, 164960
free, 64, 47.000000, 625440, 3149856, 164928
free, 64, 26.000000, 624960, 3149856, 164928
free, 64, 52.000000, 624480, 3149856, 164896
free, 64, 32.000000, 624000, 3149856, 164896
free, 64, 47.000000, 623520, 3149856, 164864
free, 64, 28.000000, 623040, 3149856, 164864
free, 64, 48.000000, 622560, 3149856, 164832
free, 64, 27.000000, 622080, 3149856, 164832
free, 64, 50.000000, 621600, 3149856, 164800
free, 64, 30.000000, 621120, 3149856, 164800
free, 64, 51.000000, 620640, 3149856, 164768
free, 64, 30.000000, 620160, 3149856, 164768
free, 64, 48.000000, 619680, 3149856, 164736
free, 64, 30.000000, 619200, 3149856, 164736
free, 64, 47.000000, 618720, 3149856, 164704
free, 64, 31.000000, 618240, 3149856, 164704
free, 64, 46.000000, 617760, 3149856, 164672
free, 64, 28.000000, 617280, 3149856, 164672
free, 64, 48.000000, 616800, 3149856, 164640
free, 64, 27.000000, 616320, 3149856, 164640
free, 64, 50.000000, 615840, 3149856, 164608
free, 64, 27.000000, 615360, 3149856, 164608
free, 64, 49.000000, 614880, 3149856, 164576
free, 64, 32.000000, 614400, 3149856, 164576
free, 64, 48.000000, 613920, 3149856, 164544
free, 64, 30.000000, 613440, 3149856, 164544
free, 64, 51.000000, 612960, 3149856, 164512
free, 64, 32.000000, 612480, 3149856, 164512
free, 64, 48.000000, 612000, 3149856, 164480
free, 64, 28.000000, 611520, 3149856, 164480
free, 64, 52.000000, 611040, 3149856, 164448
free, 64, 31.000000, 610560, 3149856, 164448
free, 64, 45.000000, 610080, 3149856, 164416
free, 64, 28.000000, 609600, 3149856, 164416
free, 64, 50.000000, 609120, 3149856, 164384
free, 64, 30.000000, 608640, 3149856, 164384
free, 64, 49.000000, 608160, 3149856, 164352
free, 64, 28.000000, 607680, 3149856, 164352
free, 64, 51.000000, 607200, 3149856, 164320
free, 64, 27.000000, 606720, 3149856, 164320
free, 64, 51.000000, 606240, 3149856, 164288
free, 64, 30.000000, 605760, 3149856, 164288
free, 64, 50.000000, 605280, 3149856, 164256
free, 64, 28.000000, 604800, 3149856, 164256
free, 64, 48.000000, 604320, 3149856, 164224
free, 64, 31.000000, 603840, 3149856, 164224
free, 64, 48.000000, 603360, 3149856, 164192
free, 64, 32.000000, 602880, 3149856, 164192
free, 64, 51.000000, 602400, 3149856, 164160
free, 64, 28.000000, 601920, 3149856, 164160
free, 64, 53.000000, 601440, 3149856, 164128
free, 64, 29.000000, 600960, 3149856, 164128
free, 64, 48.000000, 600480, 3149856, 164096
free, 64, 31.000000, 600000, 3149856, 164096
free, 64, 48.000000, 599520, 3149856, 164064
free, 64, 33.000000, 599040, 3149856, 164064
free, 64, 45.000000, 598560, 3149856, 164032
free, 64, 28.000000, 598080, 3149856, 164032
free, 64, 49.000000, 597600, 3149856, 164000
free, 64, 30.000000, 597120, 3149856, 164000
free, 64, 48.000000, 596640, 3149856, 163968
free, 64, 27.000000, 596160, 3149856, 163968
free, 64, 51.000000, 595680, 3149856, 163936
free, 64, 28.000000, 595200, 3149856, 163936
free, 64, 51.000000, 594720, 3149856, 163904
free, 64, 29.000000, 594240, 3149856, 163904
free, 64, 48.000000, 593760, 3149856, 163872
free, 64, 30.000000, 593280, 3149856, 163872
free, 64, 47.000000, 592800, 3149856, 163840
free, 64, 29.000000, 592320, 3149856, 163840
free, 64, 46.000000, 591840, 3149856, 163808
free, 64, 28.000000, 591360, 3149856, 163808
free, 64, 49.000000, 590880, 3149856, 163776
free, 64, 28.000000, 590400, 3149856, 163776
free, 64, 46.000000, 589920, 3149856, 163744
free, 64, 31.000000, 589440, 3149856, 163744
free, 64, 49.000000, 588960, 3149856, 163712
free, 64, 26.000000, 588480, 3149856, 163712
free, 64, 49.000000, 588000, 3149856, 163680
free, 64, 28.000000, 587520, 3149856, 163680
free, 64, 50.000000, 587040, 3149856, 163648
free, 64, 30.000000, 586560, 3149856, 163648
free, 64, 49.000000, 586080, 3149856, 163616
free, 64, 28.000000, 585600, 3149856, 163616
free, 64, 50.000000, 585120, 3149856, 163584
free, 64, 30.000000, 584640, 3149856, 163584
free, 64, 48.000000, 584160, 3149856, 163552
free, 64, 29.000000, 583680, 3149856, 163552
free, 64, 48.000000, 583200, 3149856, 163520
free, 64, 30.000000, 582720, 3149856, 163520
free, 64, 47.000000, 582240, 3149856, 163488
free, 64, 28.000000, 581760, 3149856, 163488
free, 64, 50.000000, 581280, 3149856, 163456
free, 64, 31.000000, 580800, 3149856, 163456
free, 64, 45.000000, 580320, 3149856, 163424
free, 64, 31.000000, 579840, 3149856, 163424
free, 64, 47.000000, 579360, 3149856, 163392
free, 64, 26.000000, 578880, 3149856, 163392
free, 64, 47.000000, 578400, 3149856, 163360
free, 64, 29.000000, 577920, 3149856, 163360
free, 64, 49.000000, 577440, 3149856, 163328
free, 64, 30.000000, 576960, 3149856, 163328
free, 64, 47.000000, 576480, 3149856, 163296
free, 64, 30.000000, 576000, 3149856, 163296
free, 64, 44.000000, 575520, 3149856, 163264
free, 64, 27.000000, 575040, 3149856, 163264
free, 64, 51.000000, 574560, 3149856, 163232
free, 64, 30.000000, 574080, 3149856, 163232
free, 64, 49.000000, 573600, 3149856, 163200
free, 64, 35.000000, 573120, 3149856, 163200
free, 64, 45.000000, 572640, 3149856, 163168
free, 64, 26.000000, 572160, 3149856, 163168
free, 64, 49.000000, 571680, 3149856, 163136
free, 64, 29.000000, 571200, 3149856, 163136
free, 64, 49.000000, 570720, 3149856, 163104
free, 64, 29.000000, 570240, 3149856, 163104
free, 64, 59.000000, 569760, 3149856, 163072
free, 64, 29.000000, 569280, 3149856, 163072
free, 64, 49.000000, 568800, 3149856, 163040
free, 64, 29.000000, 568320, 3149856, 163040
free, 64, 59.000000, 567840, 3149856, 163008
free, 64, 29.000000, 567360, 3149856, 163008
free, 64, 46.000000, 566880, 3149856, 162976
free, 64, 30.000000, 566400, 3149856, 162976
free, 64, 48.000000, 565920, 3149856, 162944
free, 64, 30.000000, 565440, 3149856, 162944
free, 64, 57.000000, 564960, 3149856, 162912
free, 64, 29.000000, 564480, 3149856, 162912
free, 64, 48.000000, 564000, 3149856, 162880
free, 64, 32.000000, 563520, 3149856, 162880
free, 64, 45.000000, 563040, 3149856, 162848
free, 64, 28.000000, 562560, 3149856, 162848
free, 64, 50.000000, 562080, 3149856, 162816
free, 64, 30.000000, 561600, 3149856, 162816
free, 64, 45.000000, 561120, 3149856, 162784
free, 64, 29.000000, 560640, 3149856, 162784
free, 64, 48.000000, 560160, 3149856, 162752
free, 64, 30.000000, 559680, 3149856, 162752
free, 64, 49.000000, 559200, 3149856, 162720
free, 64, 29.000000, 558720, 3149856, 162720
free, 64, 47.000000, 558240, 3149856, 162688
free, 64, 30.000000, 557760, 3149856, 162688
free, 64, 47.000000, 557280, 3149856, 162656
free, 64, 31.000000, 556800, 3149856, 162656
free, 64, 45.000000, 556320, 3149856, 162624
free, 64, 27.000000, 555840, 3149856, 162624
free, 64, 46.000000, 555360, 3149856, 162592
free, 64, 27.000000, 554880, 3149856, 162592
free, 64, 50.000000, 554400, 3149856, 162560
free, 64, 30.000000, 553920, 3149856, 162560
free, 64, 48.000000, 553440, 3149856, 162528
free, 64, 29.000000, 552960, 3149856, 162528
free, 64, 49.000000, 552480, 3149856, 162496
free, 64, 29.000000, 552000, 3149856, 162496
free, 64, 49.000000, 551520, 3149856, 162464
free, 64, 30.000000, 551040, 3149856, 162464
free, 64, 48.000000, 550560, 3149856, 162432
free, 64, 27.000000, 550080, 3149856, 162432
free, 64, 50.000000, 549600, 3149856, 162400
free, 64, 28.000000, 549120, 3149856, 162400
free, 64, 48.000000, 548640, 3149856, 162368
free, 64, 29.000000, 548160, 3149856, 162368
free, 64, 48.000000, 547680, 3149856, 162336
free, 64, 30.000000, 547200, 3149856, 162336
free, 64, 48.000000, 546720, 3149856, 162304
free, 64, 29.000000, 546240, 3149856, 162304
free, 64, 48.000000, 545760, 3149856, 162272
free, 64, 29.000000, 545280, 3149856, 162272
free, 64, 48.000000, 544800, 3149856, 162240
free, 64, 27.000000, 544320, 3149856, 162240
free, 64, 51.000000, 543840, 3149856, 162208
free, 64, 28.000000, 543360, 3149856, 162208
free, 64, 49.000000, 542880, 3149856, 162176
free, 64, 29.000000, 542400, 3149856, 162176
free, 64, 49.000000, 541920, 3149856, 162144
free, 64, 42.000000, 541440, 3149856, 162144
free, 64, 47.000000, 540960, 3149856, 162112
free, 64, 28.000000, 540480, 3149856, 162112
free, 64, 53.000000, 540000, 3149856, 162080
free, 64, 33.000000, 539520, 3149856, 162080
free, 64, 47.000000, 539040, 3149856, 162048
free, 64, 27.000000, 538560, 3149856, 162048
free, 64, 49.000000, 538080, 3149856, 162016
free, 64, 31.000000, 537600, 3149856, 162016
free, 64, 49.000000, 537120, 3149856, 161984
free, 64, 27.000000, 536640, 3149856, 161984
free, 64, 49.000000, 536160, 3149856, 161952
free, 64, 32.000000, 535680, 3149856, 161952
free, 64, 45.000000, 535200, 3149856, 161920
free, 64, 27.000000, 534720, 3149856, 161920
free, 64, 48.000000, 534240, 3149856, 161888
free, 64, 31.000000, 533760, 3149856, 161888
free, 64, 46.000000, 533280, 3149856, 161856
free, 64, 29.000000, 532800, 3149856, 161856
free, 64, 47.000000, 532320, 3149856, 161824
free, 64, 27.000000, 531840, 3149856, 161824
free, 64, 51.000000, 531360, 3149856, 161792
free, 64, 29.000000, 530880, 3149856, 161792
free, 64, 48.000000, 530400, 3149856, 161760
free, 64, 32.000000, 529920, 3149856, 161760
free, 64, 46.000000, 529440, 3149856, 161728
free, 64, 26.000000, 528960, 3149856, 161728
free, 64, 49.000000, 528480, 3149856, 161696
free, 64, 32.000000, 528000, 3149856, 161696
free, 64, 46.000000, 527520, 3149856, 161664
free, 64, 26.000000, 527040, 3149856, 161664
free, 64, 48.000000, 526560, 3149856, 161632
free, 64, 30.000000, 526080, 3149856, 161632
free, 64, 46.000000, 525600, 3149856, 161600
free, 64, 28.000000, 525120, 3149856, 161600
free, 64, 48.000000, 524640, 3149856, 161568
free, 64, 40.000000, 524160, 3149856, 161568
free, 64, 50.000000, 523680, 3149856, 161536
free, 64, 30.000000, 523200, 3149856, 161536
free, 64, 49.000000, 522720, 3149856, 161504
free, 64, 32.000000, 522240, 3149856, 161504
free, 64, 46.000000, 521760, 3149856, 161472
free, 64, 29.000000, 521280, 3149856, 161472
free, 64, 49.000000, 520800, 3149856, 161440
free, 64, 34.000000, 520320, 3149856, 161440
free, 64, 46.000000, 519840, 3149856, 161408
free, 64, 26.000000, 519360, 3149856, 161408
free, 64, 49.000000, 518880, 3149856, 161376
free, 64, 32.000000, 518400, 3149856, 161376
free, 64, 46.000000, 517920, 3149856, 161344
free, 64, 28.000000, 517440, 3149856, 161344
free, 64, 50.000000, 516960, 3149856, 161312
free, 64, 31.000000, 516480, 3149856, 161312
free, 64, 48.000000, 516000, 3149856, 161280
free, 64, 27.000000, 515520, 3149856, 161280
free, 64, 48.000000, 515040, 3149856, 161248
free, 64, 30.000000, 514560, 3149856, 161248
free, 64, 48.000000, 514080, 3149856, 161216
free, 64, 32.000000, 513600, 3149856, 161216
free, 64, 44.000000, 513120, 3149856, 161184
free, 64, 28.000000, 512640, 3149856, 161184
free, 64, 50.000000, 512160, 3149856, 161152
free, 64, 29.000000, 511680, 3149856, 161152
free, 64, 48.000000, 511200, 3149856, 161120
free, 64, 31.000000, 510720, 3149856, 161120
free, 64, 49.000000, 510240, 3149856, 161088
free, 64, 31.000000, 509760, 3149856, 161088
free, 64, 45.000000, 509280, 3149856, 161056
free, 64, 36.000000, 508800, 3149856, 161056
free, 64, 45.000000, 508320, 3149856, 161024
free, 64, 29.000000, 507840, 3149856, 161024
free, 64, 50.000000, 507360, 3149856, 160992
free, 64, 29.000000, 506880, 3149856, 160992
free, 64, 48.000000, 506400, 3149856, 160960
free, 64, 28.000000, 505920, 3149856, 160960
free, 64, 51.000000, 505440, 3149856, 160928
free, 64, 28.000000, 504960, 3149856, 160928
free, 64, 49.000000, 504480, 3149856, 160896
free, 64, 29.000000, 504000, 3149856, 160896
free, 64, 47.000000, 503520, 3149856, 160864
free, 64, 33.000000, 503040, 3149856, 160864
free, 64, 46.000000, 502560, 3149856, 160832
free, 64, 28.000000, 502080, 3149856, 160832
free, 64, 47.000000, 501600, 3149856, 160800
free, 64, 32.000000, 501120, 3149856, 160800
free, 64, 46.000000, 500640, 3149856, 160768
free, 64, 29.000000, 500160, 3149856, 160768
free, 64, 49.000000, 499680, 3149856, 160736
free, 64, 29.000000, 499200, 3149856, 160736
free, 64, 50.000000, 498720, 3149856, 160704
free, 64, 30.000000, 498240, 3149856, 160704
free, 64, 48.000000, 497760, 3149856, 160672
free, 64, 29.000000, 497280, 3149856, 160672
free, 64, 49.000000, 496800, 3149856, 160640
free, 64, 27.000000, 496320, 3149856, 160640
free, 64, 48.000000, 495840, 3149856, 160608
free, 64, 29.000000, 495360, 3149856, 160608
free, 64, 49.000000, 494880, 3149856, 160576
free, 64, 27.000000, 494400, 3149856, 160576
free, 64, 50.000000, 493920, 3149856, 160544
free, 64, 28.000000, 493440, 3149856, 160544
free, 64, 49.000000, 492960, 3149856, 160512
free, 64, 30.000000, 492480, 3149856, 160512
free, 64, 49.000000, 492000, 3149856, 160480
free, 64, 28.000000, 491520, 3149856, 160480
free, 64, 50.000000, 491040, 3149856, 160448
free, 64, 32.000000, 490560, 3149856, 160448
free, 64, 43.000000, 490080, 3149856, 160416
free, 64, 29.000000, 489600, 3149856, 160416
free, 64, 48.000000, 489120, 3149856, 160384
free, 64, 29.000000, 488640, 3149856, 160384
free, 64, 46.000000, 488160, 3149856, 160352
free, 64, 31.000000, 487680, 3149856, 160352
free, 64, 47.000000, 487200, 3149856, 160320
free, 64, 29.000000, 486720, 3149856, 160320
free, 64, 48.000000, 486240, 3149856, 160288
free, 64, 29.000000, 485760, 3149856, 160288
free, 64, 48.000000, 485280, 3149856, 160256
free, 64, 28.000000, 484800, 3149856, 160256
free, 64, 48.000000, 484320, 3149856, 160224
free, 64, 41.000000, 483840, 3149856, 160224
free, 64, 50.000000, 483360, 3149856, 160192
free, 64, 29.000000, 482880, 3149856, 160192
free, 64, 48.000000, 482400, 3149856, 160160
free, 64, 27.000000, 481920, 3149856, 160160
free, 64, 50.000000, 481440, 3149856, 160128
free, 64, 30.000000, 480960, 3149856, 160128
free, 64, 49.000000, 480480, 3149856, 160096
free, 64, 51.000000, 480000, 3149856, 160096
free, 256, 60.000000, 479520, 3149856, 160096
free, 256, 73.000000, 479040, 3149856, 160064
free, 256, 40.000000, 478560, 3149856, 160064
free, 256, 40.000000, 478080, 3149856, 160032
free, 256, 43.000000, 477600, 3149856, 160032
free, 256, 37.000000, 477120, 3149856, 160000
free, 256, 36.000000, 476640, 3149856, 160000
free, 256, 43.000000, 476160, 3149856, 159968
free, 256, 42.000000, 475680, 3149856, 159968
free, 256, 39.000000, 475200, 3149856, 159936
free, 256, 37.000000, 474720, 3149856, 159936
free, 256, 43.000000, 474240, 3149856, 159904
free, 256, 39.000000, 473760, 3149856, 159904
free, 256, 44.000000, 473280, 3149856, 159872
free, 256, 41.000000, 472800, 3149856, 159872
free, 256, 41.000000, 472320, 3149856, 159840
free, 256, 42.000000, 471840, 3149856, 159840
free, 256, 39.000000, 471360, 3149856, 159808
free, 256, 38.000000, 470880, 3149856, 159808
free, 256, 42.000000, 470400, 3149856, 159776
free, 256, 47.000000, 469920, 3149856, 159776
free, 256, 39.000000, 469440, 3149856, 159744
free, 256, 35.000000, 468960, 3149856, 159744
free, 256, 43.000000, 468480, 3149856, 159712
free, 256, 42.000000, 468000, 3149856, 159712
free, 256, 39.000000, 467520, 3149856, 159680
free, 256, 38.000000, 467040, 3149856, 159680
free, 256, 43.000000, 466560, 3149856, 159648
free, 256, 43.000000, 466080, 3149856, 159648
free, 256, 41.000000, 465600, 3149856, 159616
free, 256, 36.000000, 465120, 3149856, 159616
free, 256, 45.000000, 464640, 3149856, 159584
free, 256, 44.000000, 464160, 3149856, 159584
free, 256, 39.000000, 463680, 3149856, 159552
free, 256, 36.000000, 463200, 3149856, 159552
free, 256, 45.000000, 462720, 3149856, 159520
free, 256, 40.000000, 462240, 3149856, 159520
free, 256, 40.000000, 461760, 3149856, 159488
free, 256, 36.000000, 461280, 3149856, 159488
free, 256, 43.000000, 460800, 3149856, 159456
free, 256, 42.000000, 460320, 3149856, 159456
free, 256, 44.000000, 459840, 3149856, 159424
free, 256, 41.000000, 459360, 3149856, 159424
free, 256, 42.000000, 458880, 3149856, 159392
free, 256, 43.000000, 458400, 3149856, 159392
free, 256, 40.000000, 457920, 3149856, 159360
free, 256, 36.000000, 457440, 3149856, 159360
free, 256, 43.000000, 456960, 3149856, 159328
free, 256, 41.000000, 456480, 3149856, 159328
free, 256, 40.000000, 456000, 3149856, 159296
free, 256, 37.000000, 455520, 3149856, 159296
free, 256, 42.000000, 455040, 3149856, 159264
free, 256, 41.000000, 454560, 3149856, 159264
free, 256, 37.000000, 454080, 3149856, 159232
free, 256, 39.000000, 453600, 3149856, 159232
free, 256, 51.000000, 453120, 3149856, 159200
free, 256, 42.000000, 452640, 3149856, 159200
free, 256, 40.000000, 452160, 3149856, 159168
free, 256, 34.000000, 451680, 3149856, 159168
free, 256, 44.000000, 451200, 3149856, 159136
free, 256, 35.000000, 450720, 3149856, 159136
free, 256, 43.000000, 450240, 3149856, 159104
free, 256, 39.000000, 449760, 3149856, 159104
free, 256, 39.000000, 449280, 3149856, 159072
free, 256, 41.000000, 448800, 3149856, 159072
free, 256, 41.000000, 448320, 3149856, 159040
free, 256, 38.000000, 447840, 3149856, 159040
free, 256, 47.000000, 447360, 3149856, 159008
free, 256, 38.000000, 446880, 3149856, 159008
free, 256, 43.000000, 446400, 3149856, 158976
free, 256, 40.000000, 445920, 3149856, 158976
free, 256, 42.000000, 445440, 3149856, 158944
free, 256, 42.000000, 444960, 3149856, 158944
free, 256, 40.000000, 444480, 3149856, 158912
free, 256, 36.000000, 444000, 3149856, 158912
free, 256, 43.000000, 443520, 3149856, 158880
free, 256, 38.000000, 443040, 3149856, 158880
free, 256, 42.000000, 442560, 3149856, 158848
free, 256, 40.000000, 442080, 3149856, 158848
free, 256, 39.000000, 441600, 3149856, 158816
free, 256, 42.000000, 441120, 3149856, 158816
free, 256, 41.000000, 440640, 3149856, 158784
free, 256, 36.000000, 440160, 3149856, 158784
free, 256, 44.000000, 439680, 3149856, 158752
free, 256, 41.000000, 439200, 3149856, 158752
free, 256, 38.000000, 438720, 3149856, 158720
free, 256, 36.000000, 438240, 3149856, 158720
free, 256, 44.000000, 437760, 3149856, 158688
free, 256, 36.000000, 437280, 3149856, 158688
free, 256, 44.000000, 436800, 3149856, 158656
free, 256, 42.000000, 436320, 3149856, 158656
free, 256, 40.000000, 435840, 3149856, 158624
free, 256, 42.000000, 435360, 3149856, 158624
free, 256, 37.000000, 434880, 3149856, 158592
free, 256, 34.000000, 434400, 3149856, 158592
free, 256, 44.000000, 433920, 3149856, 158560
free, 256, 38.000000, 433440, 3149856, 158560
free, 256, 43.000000, 432960, 3149856, 158528
free, 256, 41.000000, 432480, 3149856, 158528
free, 256, 40.000000, 432000, 3149856, 158496
free, 256, 38.000000, 431520, 3149856, 158496
free, 256, 42.000000, 431040, 3149856, 158464
free, 256, 41.000000, 430560, 3149856, 158464
free, 256, 41.000000, 430080, 3149856, 158432
free, 256, 53.000000, 429600, 3149856, 158432
free, 256, 42.000000, 429120, 3149856, 158400
free, 256, 36.000000, 428640, 3149856, 158400
free, 256, 42.000000, 428160, 3149856, 158368
free, 256, 39.000000, 427680, 3149856, 158368
free, 256, 42.000000, 427200, 3149856, 158336
free, 256, 41.000000, 426720, 3149856, 158336
free, 256, 40.000000, 426240, 3149856, 158304
free, 256, 43.000000, 425760, 3149856, 158304
free, 256, 40.000000, 425280, 3149856, 158272
free, 256, 39.000000, 424800, 3149856, 158272
free, 256, 44.000000, 424320, 3149856, 158240
free, 256, 41.000000, 423840, 3149856, 158240
free, 256, 40.000000, 423360, 3149856, 158208
free, 256, 35.000000, 422880, 3149856, 158208
free, 256, 40.000000, 422400, 3149856, 158176
free, 256, 42.000000, 421920, 3149856, 158176
free, 256, 39.000000, 421440, 3149856, 158144
free, 256, 37.000000, 420960, 3149856, 158144
free, 256, 44.000000, 420480, 3149856, 158112
free, 256, 42.000000, 420000, 3149856, 158112
free, 256, 41.000000, 419520, 3149856, 158080
free, 256, 35.000000, 419040, 3149856, 158080
free, 256, 43.000000, 418560, 3149856, 158048
free, 256, 42.000000, 418080, 3149856, 158048
free, 256, 43.000000, 417600, 3149856, 158016
free, 256, 36.000000, 417120, 3149856, 158016
free, 256, 45.000000, 416640, 3149856, 157984
free, 256, 38.000000, 416160, 3149856, 157984
free, 256, 46.000000, 415680, 3149856, 157952
free, 256, 40.000000, 415200, 3149856, 157952
free, 256, 38.000000, 414720, 3149856, 157920
free, 256, 35.000000, 414240, 3149856, 157920
free, 256, 42.000000, 413760, 3149856, 157888
free, 256, 40.000000, 413280, 3149856, 157888
free, 256, 38.000000, 412800, 3149856, 157856
free, 256, 43.000000, 412320, 3149856, 157856
free, 256, 41.000000, 411840, 3149856, 157824
free, 256, 34.000000, 411360, 3149856, 157824
free, 256, 41.000000, 410880, 3149856, 157792
free, 256, 43.000000, 410400, 3149856, 157792
free, 256, 39.000000, 409920, 3149856, 157760
free, 256, 36.000000, 409440, 3149856, 157760
free, 256, 42.000000, 408960, 3149856, 157728
free, 256, 38.000000, 408480, 3149856, 157728
free, 256, 42.000000, 408000, 3149856, 157696
free, 256, 34.000000, 407520, 3149856, 157696
free, 256, 44.000000, 407040, 3149856, 157664
free, 256, 38.000000, 406560, 3149856, 157664
free, 256, 43.000000, 406080, 3149856, 157632
free, 256, 42.000000, 405600, 3149856, 157632
free, 256, 38.000000, 405120, 3149856, 157600
free, 256, 43.000000, 404640, 3149856, 157600
free, 256, 42.000000, 404160, 3149856, 157568
free, 256, 36.000000, 403680, 3149856, 157568
free, 256, 42.000000, 403200, 3149856, 157536
free, 256, 41.000000, 402720, 3149856, 157536
free, 256, 40.000000, 402240, 3149856, 157504
free, 256, 36.000000, 401760, 3149856, 157504
free, 256, 44.000000, 401280, 3149856, 157472
free, 256, 42.000000, 400800, 3149856, 157472
free, 256, 42.000000, 400320, 3149856, 157440
free, 256, 34.000000, 399840, 3149856, 157440
free, 256, 43.000000, 399360, 3149856, 157408
free, 256, 39.000000, 398880, 3149856, 157408
free, 256, 43.000000, 398400, 3149856, 157376
free, 256, 39.000000, 397920, 3149856, 157376
free, 256, 39.000000, 397440, 3149856, 157344
free, 256, 41.000000, 396960, 3149856, 157344
free, 256, 37.000000, 396480, 3149856, 157312
free, 256, 35.000000, 396000, 3149856, 157312
free, 256, 42.000000, 395520, 3149856, 157280
free, 256, 37.000000, 395040, 3149856, 157280
free, 256, 43.000000, 394560, 3149856, 157248
free, 256, 40.000000, 394080, 3149856, 157248
free, 256, 41.000000, 393600, 3149856, 157216
free, 256, 40.000000, 393120, 3149856, 157216
free, 256, 40.000000, 392640, 3149856, 157184
free, 256, 37.000000, 392160, 3149856, 157184
free, 256, 43.000000, 391680, 3149856, 157152
free, 256, 42.000000, 391200, 3149856, 157152
free, 256, 39.000000, 390720, 3149856, 157120
free, 256, 37.000000, 390240, 3149856, 157120
free, 256, 41.000000, 389760, 3149856, 157088
free, 256, 38.000000, 389280, 3149856, 157088
free, 256, 43.000000, 388800, 3149856, 157056
free, 256, 42.000000, 388320, 3149856, 157056
free, 256, 40.000000, 387840, 3149856, 157024
free, 256, 42.000000, 387360, 3149856, 157024
free, 256, 40.000000, 386880, 3149856, 156992
free, 256, 37.000000, 386400, 3149856, 156992
free, 256, 44.000000, 385920, 3149856, 156960
free, 256, 41.000000, 385440, 3149856, 156960
free, 256, 45.000000, 384960, 3149856, 156928
free, 256, 39.000000, 384480, 3149856, 156928
free, 256, 39.000000, 384000, 3149856, 156896
free, 256, 38.000000, 383520, 3149856, 156896
free, 256, 44.000000, 383040, 3149856, 156864
free, 256, 41.000000, 382560, 3149856, 156864
free, 256, 40.000000, 382080, 3149856, 156832
free, 256, 38.000000, 381600, 3149856, 156832
free, 256, 44.000000, 381120, 3149856, 156800
free, 256, 39.000000, 380640, 3149856, 156800
free, 256, 41.000000, 380160, 3149856, 156768
free, 256, 37.000000, 379680, 3149856, 156768
free, 256, 43.000000, 379200, 3149856, 156736
free, 256, 38.000000, 378720, 3149856, 156736
free, 256, 40.000000, 378240, 3149856, 156704
free, 256, 42.000000, 377760, 3149856, 156704
free, 256, 40.000000, 377280, 3149856, 156672
free, 256, 35.000000, 376800, 3149856, 156672
free, 256, 44.000000, 376320, 3149856, 156640
free, 256, 42.000000, 375840, 3149856, 156640
free, 256, 40.000000, 375360, 3149856, 156608
free, 256, 35.000000, 374880, 3149856, 156608
free, 256, 43.000000, 374400, 3149856, 156576
free, 256, 41.000000, 373920, 3149856, 156576
free, 256, 40.000000, 373440, 3149856, 156544
free, 256, 33.000000, 372960, 3149856, 156544
free, 256, 42.000000, 372480, 3149856, 156512
free, 256, 37.000000, 372000, 3149856, 156512
free, 256, 43.000000, 371520, 3149856, 156480
free, 256, 40.000000, 371040, 3149856, 156480
free, 256, 39.000000, 370560, 3149856, 156448
free, 256, 36.000000, 370080, 3149856, 156448
free, 256, 43.000000, 369600, 3149856, 156416
free, 256, 38.000000, 369120, 3149856, 156416
free, 256, 40.000000, 368640, 3149856, 156384
free, 256, 54.000000, 368160, 3149856, 156384
free, 256, 51.000000, 367680, 3149856, 156352
free, 256, 37.000000, 367200, 3149856, 156352
free, 256, 43.000000, 366720, 3149856, 156320
free, 256, 37.000000, 366240, 3149856, 156320
free, 256, 43.000000, 365760, 3149856, 156288
free, 256, 40.000000, 365280, 3149856, 156288
free, 256, 40.000000, 364800, 3149856, 156256
free, 256, 39.000000, 364320, 3149856, 156256
free, 256, 46.000000, 363840, 3149856, 156224
free, 256, 40.000000, 363360, 3149856, 156224
free, 256, 41.000000, 362880, 3149856, 156192
free, 256, 38.000000, 362400, 3149856, 156192
free, 256, 41.000000, 361920, 3149856, 156160
free, 256, 39.000000, 361440, 3149856, 156160
free, 256, 40.000000, 360960, 3149856, 156128
free, 256, 36.000000, 360480, 3149856, 156128
free, 256, 44.000000, 360000, 3149856, 156096
free, 256, 42.000000, 359520, 3149856, 156096
free, 256, 39.000000, 359040, 3149856, 156064
free, 256, 44.000000, 358560, 3149856, 156064
free, 256, 41.000000, 358080, 3149856, 156032
free, 256, 36.000000, 357600, 3149856, 156032
free, 256, 45.000000, 357120, 3149856, 156000
free, 256, 37.000000, 356640, 3149856, 156000
free, 256, 43.000000, 356160, 3149856, 155968
free, 256, 40.000000, 355680, 3149856, 155968
free, 256, 41.000000, 355200, 3149856, 155936
free, 256, 37.000000, 354720, 3149856, 155936
free, 256, 45.000000, 354240, 3149856, 155904
free, 256, 38.000000, 353760, 3149856, 155904
free, 256, 41.000000, 353280, 3149856, 155872
free, 256, 39.000000, 352800, 3149856, 155872
free, 256, 39.000000, 352320, 3149856, 155840
free, 256, 35.000000, 351840, 3149856, 155840
free, 256, 44.000000, 351360, 3149856, 155808
free, 256, 41.000000, 350880, 3149856, 155808
free, 256, 38.000000, 350400, 3149856, 155776
free, 256, 36.000000, 349920, 3149856, 155776
free, 256, 41.000000, 349440, 3149856, 155744
free, 256, 42.000000, 348960, 3149856, 155744
free, 256, 39.000000, 348480, 3149856, 155712
free, 256, 36.000000, 348000, 3149856, 155712
free, 256, 44.000000, 347520, 3149856, 155680
free, 256, 37.000000, 347040, 3149856, 155680
free, 256, 42.000000, 346560, 3149856, 155648
free, 256, 41.000000, 346080, 3149856, 155648
free, 256, 41.000000, 345600, 3149856, 155616
free, 256, 42.000000, 345120, 3149856, 155616
free, 256, 40.000000, 344640, 3149856, 155584
free, 256, 37.000000, 344160, 3149856, 155584
free, 256, 44.000000, 343680, 3149856, 155552
free, 256, 38.000000, 343200, 3149856, 155552
free, 256, 42.000000, 342720, 3149856, 155520
free, 256, 40.000000, 342240, 3149856, 155520
free, 256, 40.000000, 341760, 3149856, 155488
free, 256, 38.000000, 341280, 3149856, 155488
free, 256, 45.000000, 340800, 3149856, 155456
free, 256, 41.000000, 340320, 3149856, 155456
free, 256, 38.000000, 339840, 3149856, 155424
free, 256, 42.000000, 339360, 3149856, 155424
free, 256, 38.000000, 338880, 3149856, 155392
free, 256, 36.000000, 338400, 3149856, 155392
free, 256, 44.000000, 337920, 3149856, 155360
free, 256, 41.000000, 337440, 3149856, 155360
free, 256, 40.000000, 336960, 3149856, 155328
free, 256, 37.000000, 336480, 3149856, 155328
free, 256, 44.000000, 336000, 3149856, 155296
free, 256, 41.000000, 335520, 3149856, 155296
free, 256, 41.000000, 335040, 3149856, 155264
free, 256, 35.000000, 334560, 3149856, 155264
free, 256, 44.000000, 334080, 3149856, 155232
free, 256, 39.000000, 333600, 3149856, 155232
free, 256, 41.000000, 333120, 3149856, 155200
free, 256, 35.000000, 332640, 3149856, 155200
free, 256, 42.000000, 332160, 3149856, 155168
free, 256, 41.000000, 331680, 3149856, 155168
free, 256, 40.000000, 331200, 3149856, 155136
free, 256, 37.000000, 330720, 3149856, 155136
free, 256, 41.000000, 330240, 3149856, 155104
free, 256, 45.000000, 329760, 3149856, 155104
free, 256, 40.000000, 329280, 3149856, 155072
free, 256, 35.000000, 328800, 3149856, 155072
free, 256, 45.000000, 328320, 3149856, 155040
free, 256, 43.000000, 327840, 3149856, 155040
free, 256, 42.000000, 327360, 3149856, 155008
free, 256, 37.000000, 326880, 3149856, 155008
free, 256, 44.000000, 326400, 3149856, 154976
free, 256, 42.000000, 325920, 3149856, 154976
free, 256, 41.000000, 325440, 3149856, 154944
free, 256, 35.000000, 324960, 3149856, 154944
free, 256, 44.000000, 324480, 3149856, 154912
free, 256, 39.000000, 324000, 3149856, 154912
free, 256, 42.000000, 323520, 3149856, 154880
free, 256, 42.000000, 323040, 3149856, 154880
free, 256, 40.000000, 322560, 3149856, 154848
free, 256, 41.000000, 322080, 3149856, 154848
free, 256, 41.000000, 321600, 3149856, 154816
free, 256, 35.000000, 321120, 3149856, 154816
free, 256, 46.000000, 320640, 3149856, 154784
free, 256, 42.000000, 320160, 3149856, 154784
free, 256, 38.000000, 319680, 3149856, 154752
free, 256, 35.000000, 319200, 3149856, 154752
free, 256, 43.000000, 318720, 3149856, 154720
free, 256, 42.000000, 318240, 3149856, 154720
free, 256, 40.000000, 317760, 3149856, 154688
free, 256, 35.000000, 317280, 3149856, 154688
free, 256, 44.000000, 316800, 3149856, 154656
free, 256, 35.000000, 316320, 3149856, 154656
free, 256, 45.000000, 315840, 3149856, 154624
free, 256, 40.000000, 315360, 3149856, 154624
free, 256, 38.000000, 314880, 3149856, 154592
free, 256, 44.000000, 314400, 3149856, 154592
free, 256, 42.000000, 313920, 3149856, 154560
free, 256, 35.000000, 313440, 3149856, 154560
free, 256, 43.000000, 312960, 3149856, 154528
free, 256, 41.000000, 312480, 3149856, 154528
free, 256, 39.000000, 312000, 3149856, 154496
free, 256, 36.000000, 311520, 3149856, 154496
free, 256, 42.000000, 311040, 3149856, 154464
free, 256, 41.000000, 310560, 3149856, 154464
free, 256, 40.000000, 310080, 3149856, 154432
free, 256, 35.000000, 309600, 3149856, 154432
free, 256, 44.000000, 309120, 3149856, 154400
free, 256, 36.000000, 308640, 3149856, 154400
free, 256, 45.000000, 308160, 3149856, 154368
free, 256, 39.000000, 307680, 3149856, 154368
free, 256, 39.000000, 307200, 3149856, 154336
free, 256, 43.000000, 306720, 3149856, 154336
free, 256, 40.000000, 306240, 3149856, 154304
free, 256, 38.000000, 305760, 3149856, 154304
free, 256, 43.000000, 305280, 3149856, 154272
free, 256, 38.000000, 304800, 3149856, 154272
free, 256, 43.000000, 304320, 3149856, 154240
free, 256, 40.000000, 303840, 3149856, 154240
free, 256, 38.000000, 303360, 3149856, 154208
free, 256, 53.000000, 302880, 3149856, 154208
free, 256, 43.000000, 302400, 3149856, 154176
free, 256, 35.000000, 301920, 3149856, 154176
free, 256, 41.000000, 301440, 3149856, 154144
free, 256, 39.000000, 300960, 3149856, 154144
free, 256, 45.000000, 300480, 3149856, 154112
free, 256, 42.000000, 300000, 3149856, 154112
free, 256, 40.000000, 299520, 3149856, 154080
free, 256, 40.000000, 299040, 3149856, 154080
free, 256, 41.000000, 298560, 3149856, 154048
free, 256, 41.000000, 298080, 3149856, 154048
free, 256, 39.000000, 297600, 3149856, 154016
free, 256, 42.000000, 297120, 3149856, 154016
free, 256, 39.000000, 296640, 3149856, 153984
free, 256, 37.000000, 296160, 3149856, 153984
free, 256, 44.000000, 295680, 3149856, 153952
free, 256, 43.000000, 295200, 3149856, 153952
free, 256, 42.000000, 294720, 3149856, 153920
free, 256, 36.000000, 294240, 3149856, 153920
free, 256, 43.000000, 293760, 3149856, 153888
free, 256, 50.000000, 293280, 3149856, 153888
free, 256, 44.000000, 292800, 3149856, 153856
free, 256, 42.000000, 292320, 3149856, 153856
free, 256, 41.000000, 291840, 3149856, 153824
free, 256, 37.000000, 291360, 3149856, 153824
free, 256, 42.000000, 290880, 3149856, 153792
free, 256, 41.000000, 290400, 3149856, 153792
free, 256, 40.000000, 289920, 3149856, 153760
free, 256, 35.000000, 289440, 3149856, 153760
free, 256, 41.000000, 288960, 3149856, 153728
free, 256, 41.000000, 288480, 3149856, 153728
free, 256, 41.000000, 288000, 3149856, 153696
free, 256, 41.000000, 287520, 3149856, 153696
free, 256, 40.000000, 287040, 3149856, 153664
free, 256, 36.000000, 286560, 3149856, 153664
free, 256, 43.000000, 286080, 3149856, 153632
free, 256, 45.000000, 285600, 3149856, 153632
free, 256, 39.000000, 285120, 3149856, 153600
free, 256, 34.000000, 284640, 3149856, 153600
free, 256, 42.000000, 284160, 3149856, 153568
free, 256, 38.000000, 283680, 3149856, 153568
free, 256, 42.000000, 283200, 3149856, 153536
free, 256, 42.000000, 282720, 3149856, 153536
free, 256, 54.000000, 282240, 3149856, 153504
free, 256, 48.000000, 281760, 3149856, 153504
free, 256, 40.000000, 281280, 3149856, 153472
free, 256, 35.000000, 280800, 3149856, 153472
free, 256, 44.000000, 280320, 3149856, 153440
free, 256, 39.000000, 279840, 3149856, 153440
free, 256, 46.000000, 279360, 3149856, 153408
free, 256, 40.000000, 278880, 3149856, 153408
free, 256, 40.000000, 278400, 3149856, 153376
free, 256, 41.000000, 277920, 3149856, 153376
free, 256, 38.000000, 277440, 3149856, 153344
free, 256, 37.000000, 276960, 3149856, 153344
free, 256, 43.000000, 276480, 3149856, 153312
free, 256, 48.000000, 276000, 3149856, 153312
free, 256, 39.000000, 275520, 3149856, 153280
free, 256, 35.000000, 275040, 3149856, 153280
free, 256, 42.000000, 274560, 3149856, 153248
free, 256, 39.000000, 274080, 3149856, 153248
free, 256, 44.000000, 273600, 3149856, 153216
free, 256, 38.000000, 273120, 3149856, 153216
free, 256, 40.000000, 272640, 3149856, 153184
free, 256, 37.000000, 272160, 3149856, 153184
free, 256, 46.000000, 271680, 3149856, 153152
free, 256, 39.000000, 271200, 3149856, 153152
free, 256, 37.000000, 270720, 3149856, 153120
free, 256, 37.000000, 270240, 3149856, 153120
free, 256, 45.000000, 269760, 3149856, 153088
free, 256, 40.000000, 269280, 3149856, 153088
free, 256, 41.000000, 268800, 3149856, 153056
free, 256, 44.000000, 268320, 3149856, 153056
free, 256, 42.000000, 267840, 3149856, 153024
free, 256, 38.000000, 267360, 3149856, 153024
free, 256, 44.000000, 266880, 3149856, 152992
free, 256, 41.000000, 266400, 3149856, 152992
free, 256, 43.000000, 265920, 3149856, 152960
free, 256, 42.000000, 265440, 3149856, 152960
free, 256, 39.000000, 264960, 3149856, 152928
free, 256, 37.000000, 264480, 3149856, 152928
free, 256, 45.000000, 264000, 3149856, 152896
free, 256, 43.000000, 263520, 3149856, 152896
free, 256, 43.000000, 263040, 3149856, 152864
free, 256, 55.000000, 262560, 3149856, 152864
free, 256, 42.000000, 262080, 3149856, 152832
free, 256, 36.000000, 261600, 3149856, 152832
free, 256, 43.000000, 261120, 3149856, 152800
free, 256, 46.000000, 260640, 3149856, 152800
free, 256, 38.000000, 260160, 3149856, 152768
free, 256, 36.000000, 259680, 3149856, 152768
free, 256, 44.000000, 259200, 3149856, 152736
free, 256, 36.000000, 258720, 3149856, 152736
free, 256, 46.000000, 258240, 3149856, 152704
free, 256, 41.000000, 257760, 3149856, 152704
free, 256, 40.000000, 257280, 3149856, 152672
free, 256, 41.000000, 256800, 3149856, 152672
free, 256, 40.000000, 256320, 3149856, 152640
free, 256, 35.000000, 255840, 3149856, 152640
free, 256, 44.000000, 255360, 3149856, 152608
free, 256, 38.000000, 254880, 3149856, 152608
free, 256, 43.000000, 254400, 3149856, 152576
free, 256, 42.000000, 253920, 3149856, 152576
free, 256, 42.000000, 253440, 3149856, 152544
free, 256, 36.000000, 252960, 3149856, 152544
free, 256, 42.000000, 252480, 3149856, 152512
free, 256, 40.000000, 252000, 3149856, 152512
free, 256, 41.000000, 251520, 3149856, 152480
free, 256, 42.000000, 251040, 3149856, 152480
free, 256, 39.000000, 250560, 3149856, 152448
free, 256, 34.000000, 250080, 3149856, 152448
free, 256, 42.000000, 249600, 3149856, 152416
free, 256, 47.000000, 249120, 3149856, 152416
free, 256, 40.000000, 248640, 3149856, 152384
free, 256, 39.000000, 248160, 3149856, 152384
free, 256, 41.000000, 247680, 3149856, 152352
free, 256, 44.000000, 247200, 3149856, 152352
free, 256, 43.000000, 246720, 3149856, 152320
free, 256, 39.000000, 246240, 3149856, 152320
free, 256, 40.000000, 245760, 3149856, 152288
free, 256, 36.000000, 245280, 3149856, 152288
free, 256, 43.000000, 244800, 3149856, 152256
free, 256, 39.000000, 244320, 3149856, 152256
free, 256, 40.000000, 243840, 3149856, 152224
free, 256, 43.000000, 243360, 3149856, 152224
free, 256, 42.000000, 242880, 3149856, 152192
free, 256, 36.000000, 242400, 3149856, 152192
free, 256, 45.000000, 241920, 3149856, 152160
free, 256, 41.000000, 241440, 3149856, 152160
free, 256, 38.000000, 240960, 3149856, 152128
free, 256, 37.000000, 240480, 3149856, 152128
free, 256, 42.000000, 240000, 3149856, 152096
free, 256, 43.000000, 239520, 3149856, 152096
free, 256, 39.000000, 239040, 3149856, 152064
free, 256, 36.000000, 238560, 3149856, 152064
free, 256, 43.000000, 238080, 3149856, 152032
free, 256, 42.000000, 237600, 3149856, 152032
free, 256, 41.000000, 237120, 3149856, 152000
free, 256, 36.000000, 236640, 3149856, 152000
free, 256, 43.000000, 236160, 3149856, 151968
free, 256, 37.000000, 235680, 3149856, 151968
free, 256, 45.000000, 235200, 3149856, 151936
free, 256, 39.000000, 234720, 3149856, 151936
free, 256, 38.000000, 234240, 3149856, 151904
free, 256, 42.000000, 233760, 3149856, 151904
free, 256, 42.000000, 233280, 3149856, 151872
free, 256, 37.000000, 232800, 3149856, 151872
free, 256, 45.000000, 232320, 3149856, 151840
free, 256, 37.000000, 231840, 3149856, 151840
free, 256, 44.000000, 231360, 3149856, 151808
free, 256, 39.000000, 230880, 3149856, 151808
free, 256, 40.000000, 230400, 3149856, 151776
free, 256, 47.000000, 229920, 3149856, 151776
free, 256, 40.000000, 229440, 3149856, 151744
free, 256, 38.000000, 228960, 3149856, 151744
free, 256, 44.000000, 228480, 3149856, 151712
free, 256, 40.000000, 228000, 3149856, 151712
free, 256, 40.000000, 227520, 3149856, 151680
free, 256, 35.000000, 227040, 3149856, 151680
free, 256, 44.000000, 226560, 3149856, 151648
free, 256, 39.000000, 226080, 3149856, 151648
free, 256, 44.000000, 225600, 3149856, 151616
free, 256, 41.000000, 225120, 3149856, 151616
free, 256, 43.000000, 224640, 3149856, 151584
free, 256, 40.000000, 224160, 3149856, 151584
free, 256, 40.000000, 223680, 3149856, 151552
free, 256, 39.000000, 223200, 3149856, 151552
free, 256, 46.000000, 222720, 3149856, 151520
free, 256, 38.000000, 222240, 3149856, 151520
free, 256, 43.000000, 221760, 3149856, 151488
free, 256, 40.000000, 221280, 3149856, 151488
free, 256, 42.000000, 220800, 3149856, 151456
free, 256, 37.000000, 220320, 3149856, 151456
free, 256, 43.000000, 219840, 3149856, 151424
free, 256, 41.000000, 219360, 3149856, 151424
free, 256, 40.000000, 218880, 3149856, 151392
free, 256, 41.000000, 218400, 3149856, 151392
free, 256, 41.000000, 217920, 3149856, 151360
free, 256, 36.000000, 217440, 3149856, 151360
free, 256, 44.000000, 216960, 3149856, 151328
free, 256, 38.000000, 216480, 3149856, 151328
free, 256, 43.000000, 216000, 3149856, 151296
free, 256, 40.000000, 215520, 3149856, 151296
free, 256, 40.000000, 215040, 3149856, 151264
free, 256, 36.000000, 214560, 3149856, 151264
free, 256, 41.000000, 214080, 3149856, 151232
free, 256, 40.000000, 213600, 3149856, 151232
free, 256, 41.000000, 213120, 3149856, 151200
free, 256, 37.000000, 212640, 3149856, 151200
free, 256, 42.000000, 212160, 3149856, 151168
free, 256, 41.000000, 211680, 3149856, 151168
free, 256, 41.000000, 211200, 3149856, 151136
free, 256, 42.000000, 210720, 3149856, 151136
free, 256, 40.000000, 210240, 3149856, 151104
free, 256, 38.000000, 209760, 3149856, 151104
free, 256, 44.000000, 209280, 3149856, 151072
free, 256, 36.000000, 208800, 3149856, 151072
free, 256, 42.000000, 208320, 3149856, 151040
free, 256, 37.000000, 207840, 3149856, 151040
free, 256, 40.000000, 207360, 3149856, 151008
free, 256, 43.000000, 206880, 3149856, 151008
free, 256, 38.000000, 206400, 3149856, 150976
free, 256, 37.000000, 205920, 3149856, 150976
free, 256, 43.000000, 205440, 3149856, 150944
free, 256, 38.000000, 204960, 3149856, 150944
free, 256, 42.000000, 204480, 3149856, 150912
free, 256, 40.000000, 204000, 3149856, 150912
free, 256, 41.000000, 203520, 3149856, 150880
free, 256, 38.000000, 203040, 3149856, 150880
free, 256, 43.000000, 202560, 3149856, 150848
free, 256, 41.000000, 202080, 3149856, 150848
free, 256, 40.000000, 201600, 3149856, 150816
free, 256, 41.000000, 201120, 3149856, 150816
free, 256, 39.000000, 200640, 3149856, 150784
free, 256, 37.000000, 200160, 3149856, 150784
free, 256, 41.000000, 199680, 3149856, 150752
free, 256, 41.000000, 199200, 3149856, 150752
free, 256, 39.000000, 198720, 3149856, 150720
free, 256, 35.000000, 198240, 3149856, 150720
free, 256, 43.000000, 197760, 3149856, 150688
free, 256, 36.000000, 197280, 3149856, 150688
free, 256, 53.000000, 196800, 3149856, 150656
free, 256, 40.000000, 196320, 3149856, 150656
free, 256, 41.000000, 195840, 3149856, 150624
free, 256, 42.000000, 195360, 3149856, 150624
free, 256, 37.000000, 194880, 3149856, 150592
free, 256, 34.000000, 194400, 3149856, 150592
free, 256, 44.000000, 193920, 3149856, 150560
free, 256, 37.000000, 193440, 3149856, 150560
free, 256, 45.000000, 192960, 3149856, 150528
free, 256, 40.000000, 192480, 3149856, 150528
free, 256, 40.000000, 192000, 3149856, 150496
free, 256, 42.000000, 191520, 3149856, 150496
free, 256, 41.000000, 191040, 3149856, 150464
free, 256, 37.000000, 190560, 3149856, 150464
free, 256, 44.000000, 190080, 3149856, 150432
free, 256, 42.000000, 189600, 3149856, 150432
free, 256, 40.000000, 189120, 3149856, 150400
free, 256, 36.000000, 188640, 3149856, 150400
free, 256, 45.000000, 188160, 3149856, 150368
free, 256, 47.000000, 187680, 3149856, 150368
free, 256, 40.000000, 187200, 3149856, 150336
free, 256, 37.000000, 186720, 3149856, 150336
free, 256, 46.000000, 186240, 3149856, 150304
free, 256, 41.000000, 185760, 3149856, 150304
free, 256, 40.000000, 185280, 3149856, 150272
free, 256, 38.000000, 184800, 3149856, 150272
free, 256, 42.000000, 184320, 3149856, 150240
free, 256, 40.000000, 183840, 3149856, 150240
free, 256, 41.000000, 183360, 3149856, 150208
free, 256, 39.000000, 182880, 3149856, 150208
free, 256, 44.000000, 182400, 3149856, 150176
free, 256, 41.000000, 181920, 3149856, 150176
free, 256, 53.000000, 181440, 3149856, 150144
free, 256, 39.000000, 180960, 3149856, 150144
free, 256, 51.000000, 180480, 3149856, 150112
free, 256, 47.000000, 180000, 3149856, 150112
free, 256, 49.000000, 179520, 3149856, 150080
free, 256, 38.000000, 179040, 3149856, 150080
free, 256, 50.000000, 178560, 3149856, 150048
free, 256, 43.000000, 178080, 3149856, 150048
free, 256, 53.000000, 177600, 3149856, 150016
free, 256, 43.000000, 177120, 3149856, 150016
free, 256, 49.000000, 176640, 3149856, 149984
free, 256, 46.000000, 176160, 3149856, 149984
free, 256, 49.000000, 175680, 3149856, 149952
free, 256, 41.000000, 175200, 3149856, 149952
free, 256, 50.000000, 174720, 3149856, 149920
free, 256, 45.000000, 174240, 3149856, 149920
free, 256, 50.000000, 173760, 3149856, 149888
free, 256, 39.000000, 173280, 3149856, 149888
free, 256, 53.000000, 172800, 3149856, 149856
free, 256, 42.000000, 172320, 3149856, 149856
free, 256, 56.000000, 171840, 3149856, 149824
free, 256, 44.000000, 171360, 3149856, 149824
free, 256, 47.000000, 170880, 3149856, 149792
free, 256, 49.000000, 170400, 3149856, 149792
free, 256, 53.000000, 169920, 3149856, 149760
free, 256, 43.000000, 169440, 3149856, 149760
free, 256, 55.000000, 168960, 3149856, 149728
free, 256, 38.000000, 168480, 3149856, 149728
free, 256, 44.000000, 168000, 3149856, 149696
free, 256, 42.000000, 167520, 3149856, 149696
free, 256, 36.000000, 167040, 3149856, 149664
free, 256, 38.000000, 166560, 3149856, 149664
free, 256, 43.000000, 166080, 3149856, 149632
free, 256, 41.000000, 165600, 3149856, 149632
free, 256, 39.000000, 165120, 3149856, 149600
free, 256, 41.000000, 164640, 3149856, 149600
free, 256, 42.000000, 164160, 3149856, 149568
free, 256, 36.000000, 163680, 3149856, 149568
free, 256, 41.000000, 163200, 3149856, 149536
free, 256, 38.000000, 162720, 3149856, 149536
free, 256, 43.000000, 162240, 3149856, 149504
free, 256, 42.000000, 161760, 3149856, 149504
free, 256, 41.000000, 161280, 3149856, 149472
free, 256, 41.000000, 160800, 3149856, 149472
free, 256, 44.000000, 160320, 3149856, 149440
free, 256, 36.000000, 159840, 3149856, 149440
free, 256, 44.000000, 159360, 3149856, 149408
free, 256, 42.000000, 158880, 3149856, 149408
free, 256, 40.000000, 158400, 3149856, 149376
free, 256, 35.000000, 157920, 3149856, 149376
free, 256, 42.000000, 157440, 3149856, 149344
free, 256, 38.000000, 156960, 3149856, 149344
free, 256, 43.000000, 156480, 3149856, 149312
free, 256, 41.000000, 156000, 3149856, 149312
free, 256, 42.000000, 155520, 3149856, 149280
free, 256, 38.000000, 155040, 3149856, 149280
free, 256, 44.000000, 154560, 3149856, 149248
free, 256, 42.000000, 154080, 3149856, 149248
free, 256, 39.000000, 153600, 3149856, 149216
free, 256, 40.000000, 153120, 3149856, 149216
free, 256, 39.000000, 152640, 3149856, 149184
free, 256, 36.000000, 152160, 3149856, 149184
free, 256, 43.000000, 151680, 3149856, 149152
free, 256, 42.000000, 151200, 3149856, 149152
free, 256, 41.000000, 150720, 3149856, 149120
free, 256, 36.000000, 150240, 3149856, 149120
free, 256, 44.000000, 149760, 3149856, 149088
free, 256, 41.000000, 149280, 3149856, 149088
free, 256, 43.000000, 148800, 3149856, 149056
free, 256, 42.000000, 148320, 3149856, 149056
free, 256, 40.000000, 147840, 3149856, 149024
free, 256, 36.000000, 147360, 3149856, 149024
free, 256, 45.000000, 146880, 3149856, 148992
free, 256, 40.000000, 146400, 3149856, 148992
free, 256, 41.000000, 145920, 3149856, 148960
free, 256, 40.000000, 145440, 3149856, 148960
free, 256, 39.000000, 144960, 3149856, 148928
free, 256, 37.000000, 144480, 3149856, 148928
free, 256, 44.000000, 144000, 3149856, 148896
free, 256, 38.000000, 143520, 3149856, 148896
free, 256, 47.000000, 143040, 3149856, 148864
free, 256, 41.000000, 142560, 3149856, 148864
free, 256, 41.000000, 142080, 3149856, 148832
free, 256, 40.000000, 141600, 3149856, 148832
free, 256, 39.000000, 141120, 3149856, 148800
free, 256, 37.000000, 140640, 3149856, 148800
free, 256, 41.000000, 140160, 3149856, 148768
free, 256, 40.000000, 139680, 3149856, 148768
free, 256, 46.000000, 139200, 3149856, 148736
free, 256, 40.000000, 138720, 3149856, 148736
free, 256, 43.000000, 138240, 3149856, 148704
free, 256, 41.000000, 137760, 3149856, 148704
free, 256, 39.000000, 137280, 3149856, 148672
free, 256, 36.000000, 136800, 3149856, 148672
free, 256, 44.000000, 136320, 3149856, 148640
free, 256, 42.000000, 135840, 3149856, 148640
free, 256, 39.000000, 135360, 3149856, 148608
free, 256, 38.000000, 134880, 3149856, 148608
free, 256, 42.000000, 134400, 3149856, 148576
free, 256, 50.000000, 133920, 3149856, 148576
free, 256, 40.000000, 133440, 3149856, 148544
free, 256, 36.000000, 132960, 3149856, 148544
free, 256, 44.000000, 132480, 3149856, 148512
free, 256, 38.000000, 132000, 3149856, 148512
free, 256, 46.000000, 131520, 3149856, 148480
free, 256, 40.000000, 131040, 3149856, 148480
free, 256, 37.000000, 130560, 3149856, 148448
free, 256, 37.000000, 130080, 3149856, 148448
free, 256, 43.000000, 129600, 3149856, 148416
free, 256, 41.000000, 129120, 3149856, 148416
free, 256, 39.000000, 128640, 3149856, 148384
free, 256, 37.000000, 128160, 3149856, 148384
free, 256, 46.000000, 127680, 3149856, 148352
free, 256, 40.000000, 127200, 3149856, 148352
free, 256, 39.000000, 126720, 3149856, 148320
free, 256, 44.000000, 126240, 3149856, 148320
free, 256, 40.000000, 125760, 3149856, 148288
free, 256, 38.000000, 125280, 3149856, 148288
free, 256, 44.000000, 124800, 3149856, 148256
free, 256, 35.000000, 124320, 3149856, 148256
free, 256, 45.000000, 123840, 3149856, 148224
free, 256, 41.000000, 123360, 3149856, 148224
free, 256, 42.000000, 122880, 3149856, 148192
free, 256, 48.000000, 122400, 3149856, 148192
free, 256, 41.000000, 121920, 3149856, 148160
free, 256, 36.000000, 121440, 3149856, 148160
free, 256, 46.000000, 120960, 3149856, 148128
free, 256, 38.000000, 120480, 3149856, 148128
free, 256, 44.000000, 120000, 3149856, 148096
free, 256, 39.000000, 119520, 3149856, 148096
free, 256, 40.000000, 119040, 3149856, 148064
free, 256, 42.000000, 118560, 3149856, 148064
free, 256, 42.000000, 118080, 3149856, 148032
free, 256, 36.000000, 117600, 3149856, 148032
free, 256, 42.000000, 117120, 3149856, 148000
free, 256, 43.000000, 116640, 3149856, 148000
free, 256, 41.000000, 116160, 3149856, 147968
free, 256, 35.000000, 115680, 3149856, 147968
free, 256, 42.000000, 115200, 3149856, 147936
free, 256, 36.000000, 114720, 3149856, 147936
free, 256, 44.000000, 114240, 3149856, 147904
free, 256, 42.000000, 113760, 3149856, 147904
free, 256, 39.000000, 113280, 3149856, 147872
free, 256, 42.000000, 112800, 3149856, 147872
free, 256, 40.000000, 112320, 3149856, 147840
free, 256, 35.000000, 111840, 3149856, 147840
free, 256, 47.000000, 111360, 3149856, 147808
free, 256, 42.000000, 110880, 3149856, 147808
free, 256, 41.000000, 110400, 3149856, 147776
free, 256, 39.000000, 109920, 3149856, 147776
free, 256, 46.000000, 109440, 3149856, 147744
free, 256, 38.000000, 108960, 3149856, 147744
free, 256, 42.000000, 108480, 3149856, 147712
free, 256, 40.000000, 108000, 3149856, 147712
free, 256, 39.000000, 107520, 3149856, 147680
free, 256, 41.000000, 107040, 3149856, 147680
free, 256, 40.000000, 106560, 3149856, 147648
free, 256, 36.000000, 106080, 3149856, 147648
free, 256, 43.000000, 105600, 3149856, 147616
free, 256, 37.000000, 105120, 3149856, 147616
free, 256, 44.000000, 104640, 3149856, 147584
free, 256, 40.000000, 104160, 3149856, 147584
free, 256, 38.000000, 103680, 3149856, 147552
free, 256, 42.000000, 103200, 3149856, 147552
free, 256, 38.000000, 102720, 3149856, 147520
free, 256, 37.000000, 102240, 3149856, 147520
free, 256, 44.000000, 101760, 3149856, 147488
free, 256, 38.000000, 101280, 3149856, 147488
free, 256, 43.000000, 100800, 3149856, 147456
free, 256, 41.000000, 100320, 3149856, 147456
free, 256, 41.000000, 99840, 3149856, 147424
free, 256, 46.000000, 99360, 3149856, 147424
free, 256, 41.000000, 98880, 3149856, 147392
free, 256, 36.000000, 98400, 3149856, 147392
free, 256, 42.000000, 97920, 3149856, 147360
free, 256, 41.000000, 97440, 3149856, 147360
free, 256, 42.000000, 96960, 3149856, 147328
free, 256, 38.000000, 96480, 3149856, 147328
free, 256, 43.000000, 96000, 3149856, 147296
free, 256, 37.000000, 95520, 3149856, 147296
free, 256, 46.000000, 95040, 3149856, 147264
free, 256, 40.000000, 94560, 3149856, 147264
free, 256, 39.000000, 94080, 3149856, 147232
free, 256, 41.000000, 93600, 3149856, 147232
free, 256, 37.000000, 93120, 3149856, 147200
free, 256, 37.000000, 92640, 3149856, 147200
free, 256, 43.000000, 92160, 3149856, 147168
free, 256, 37.000000, 91680, 3149856, 147168
free, 256, 41.000000, 91200, 3149856, 147136
free, 256, 40.000000, 90720, 3149856, 147136
free, 256, 40.000000, 90240, 3149856, 147104
free, 256, 37.000000, 89760, 3149856, 147104
free, 256, 42.000000, 89280, 3149856, 147072
free, 256, 40.000000, 88800, 3149856, 147072
free, 256, 38.000000, 88320, 3149856, 147040
free, 256, 37.000000, 87840, 3149856, 147040
free, 256, 43.000000, 87360, 3149856, 147008
free, 256, 38.000000, 86880, 3149856, 147008
free, 256, 39.000000, 86400, 3149856, 146976
free, 256, 37.000000, 85920, 3149856, 146976
free, 256, 45.000000, 85440, 3149856, 146944
free, 256, 42.000000, 84960, 3149856, 146944
free, 256, 40.000000, 84480, 3149856, 146912
free, 256, 41.000000, 84000, 3149856, 146912
free, 256, 45.000000, 83520, 3149856, 146880
free, 256, 38.000000, 83040, 3149856, 146880
free, 256, 40.000000, 82560, 3149856, 146848
free, 256, 41.000000, 82080, 3149856, 146848
free, 256, 41.000000, 81600, 3149856, 146816
free, 256, 36.000000, 81120, 3149856, 146816
free, 256, 44.000000, 80640, 3149856, 146784
free, 256, 37.000000, 80160, 3149856, 146784
free, 256, 47.000000, 79680, 3149856, 146752
free, 256, 42.000000, 79200, 3149856, 146752
free, 256, 40.000000, 78720, 3149856, 146720
free, 256, 43.000000, 78240, 3149856, 146720
free, 256, 41.000000, 77760, 3149856, 146688
free, 256, 35.000000, 77280, 3149856, 146688
free, 256, 45.000000, 76800, 3149856, 146656
free, 256, 37.000000, 76320, 3149856, 146656
free, 256, 42.000000, 75840, 3149856, 146624
free, 256, 42.000000, 75360, 3149856, 146624
free, 256, 40.000000, 74880, 3149856, 146592
free, 256, 37.000000, 74400, 3149856, 146592
free, 256, 40.000000, 73920, 3149856, 146560
free, 256, 39.000000, 73440, 3149856, 146560
free, 256, 41.000000, 72960, 3149856, 146528
free, 256, 36.000000, 72480, 3149856, 146528
free, 256, 43.000000, 72000, 3149856, 146496
free, 256, 40.000000, 71520, 3149856, 146496
free, 256, 38.000000, 71040, 3149856, 146464
free, 256, 43.000000, 70560, 3149856, 146464
free, 256, 40.000000, 70080, 3149856, 146432
free, 256, 38.000000, 69600, 3149856, 146432
free, 256, 43.000000, 69120, 3149856, 146400
free, 256, 39.000000, 68640, 3149856, 146400
free, 256, 44.000000, 68160, 3149856, 146368
free, 256, 42.000000, 67680, 3149856, 146368
free, 256, 43.000000, 67200, 3149856, 146336
free, 256, 39.000000, 66720, 3149856, 146336
free, 256, 40.000000, 66240, 3149856, 146304
free, 256, 34.000000, 65760, 3149856, 146304
free, 256, 43.000000, 65280, 3149856, 146272
free, 256, 38.000000, 64800, 3149856, 146272
free, 256, 43.000000, 64320, 3149856, 146240
free, 256, 40.000000, 63840, 3149856, 146240
free, 256, 38.000000, 63360, 3149856, 146208
free, 256, 46.000000, 62880, 3149856, 146208
free, 256, 45.000000, 62400, 3149856, 146176
free, 256, 39.000000, 61920, 3149856, 146176
free, 256, 40.000000, 61440, 3149856, 146144
free, 256, 40.000000, 60960, 3149856, 146144
free, 256, 43.000000, 60480, 3149856, 146112
free, 256, 39.000000, 60000, 3149856, 146112
free, 256, 41.000000, 59520, 3149856, 146080
free, 256, 38.000000, 59040, 3149856, 146080
free, 256, 42.000000, 58560, 3149856, 146048
free, 256, 39.000000, 58080, 3149856, 146048
free, 256, 40.000000, 57600, 3149856, 146016
free, 256, 40.000000, 57120, 3149856, 146016
free, 256, 43.000000, 56640, 3149856, 145984
free, 256, 36.000000, 56160, 3149856, 145984
free, 256, 44.000000, 55680, 3149856, 145952
free, 256, 38.000000, 55200, 3149856, 145952
free, 256, 43.000000, 54720, 3149856, 145920
free, 256, 41.000000, 54240, 3149856, 145920
free, 256, 41.000000, 53760, 3149856, 145888
free, 256, 36.000000, 53280, 3149856, 145888
free, 256, 43.000000, 52800, 3149856, 145856
free, 256, 40.000000, 52320, 3149856, 145856
free, 256, 40.000000, 51840, 3149856, 145824
free, 256, 40.000000, 51360, 3149856, 145824
free, 256, 40.000000, 50880, 3149856, 145792
free, 256, 34.000000, 50400, 3149856, 145792
free, 256, 42.000000, 49920, 3149856, 145760
free, 256, 40.000000, 49440, 3149856, 145760
free, 256, 42.000000, 48960, 3149856, 145728
free, 256, 35.000000, 48480, 3149856, 145728
free, 256, 44.000000, 48000, 3149856, 145696
free, 256, 40.000000, 47520, 3149856, 145696
free, 256, 47.000000, 47040, 3149856, 145664
free, 256, 41.000000, 46560, 3149856, 145664
free, 256, 39.000000, 46080, 3149856, 145632
free, 256, 50.000000, 45600, 3149856, 145632
free, 256, 43.000000, 45120, 3149856, 145600
free, 256, 39.000000, 44640, 3149856, 145600
free, 256, 39.000000, 44160, 3149856, 145568
free, 256, 38.000000, 43680, 3149856, 145568
free, 256, 42.000000, 43200, 3149856, 145536
free, 256, 41.000000, 42720, 3149856, 145536
free, 256, 39.000000, 42240, 3149856, 145504
free, 256, 41.000000, 41760, 3149856, 145504
free, 256, 39.000000, 41280, 3149856, 145472
free, 256, 35.000000, 40800, 3149856, 145472
free, 256, 43.000000, 40320, 3149856, 145440
free, 256, 37.000000, 39840, 3149856, 145440
free, 256, 43.000000, 39360, 3149856, 145408
free, 256, 39.000000, 38880, 3149856, 145408
free, 256, 39.000000, 38400, 3149856, 145376
free, 256, 39.000000, 37920, 3149856, 145376
free, 256, 46.000000, 37440, 3149856, 145344
free, 256, 38.000000, 36960, 3149856, 145344
free, 256, 41.000000, 36480, 3149856, 145312
free, 256, 40.000000, 36000, 3149856, 145312
free, 256, 44.000000, 35520, 3149856, 145280
free, 256, 41.000000, 35040, 3149856, 145280
free, 256, 39.000000, 34560, 3149856, 145248
free, 256, 39.000000, 34080, 3149856, 145248
free, 256, 39.000000, 33600, 3149856, 145216
free, 256, 35.000000, 33120, 3149856, 145216
free, 256, 43.000000, 32640, 3149856, 145184
free, 256, 43.000000, 32160, 3149856, 145184
free, 256, 45.000000, 31680, 3149856, 145152
free, 256, 40.000000, 31200, 3149856, 145152
free, 256, 42.000000, 30720, 3149856, 145120
free, 256, 47.000000, 30240, 3149856, 145120
free, 256, 42.000000, 29760, 3149856, 145088
free, 256, 37.000000, 29280, 3149856, 145088
free, 256, 43.000000, 28800, 3149856, 145056
free, 256, 46.000000, 28320, 3149856, 145056
free, 256, 41.000000, 27840, 3149856, 145024
free, 256, 35.000000, 27360, 3149856, 145024
free, 256, 43.000000, 26880, 3149856, 144992
free, 256, 42.000000, 26400, 3149856, 144992
free, 256, 40.000000, 25920, 3149856, 144960
free, 256, 36.000000, 25440, 3149856, 144960
free, 256, 44.000000, 24960, 3149856, 144928
free, 256, 43.000000, 24480, 3149856, 144928
free, 256, 52.000000, 24000, 3149856, 144896
free, 256, 35.000000, 23520, 3149856, 144896
free, 256, 42.000000, 23040, 3149856, 144864
free, 256, 43.000000, 22560, 3149856, 144864
free, 256, 45.000000, 22080, 3149856, 144832
free, 256, 42.000000, 21600, 3149856, 144832
free, 256, 39.000000, 21120, 3149856, 144800
free, 256, 41.000000, 20640, 3149856, 144800
free, 256, 38.000000, 20160, 3149856, 144768
free, 256, 36.000000, 19680, 3149856, 144768
free, 256, 43.000000, 19200, 3149856, 144736
free, 256, 35.000000, 18720, 3149856, 144736
free, 256, 45.000000, 18240, 3149856, 144704
free, 256, 40.000000, 17760, 3149856, 144704
free, 256, 38.000000, 17280, 3149856, 144672
free, 256, 35.000000, 16800, 3149856, 144672
free, 256, 42.000000, 16320, 3149856, 144640
free, 256, 39.000000, 15840, 3149856, 144640
free, 256, 40.000000, 15360, 3149856, 144608
free, 256, 43.000000, 14880, 3149856, 144608
free, 256, 42.000000, 14400, 3149856, 144576
free, 256, 41.000000, 13920, 3149856, 144576
free, 256, 42.000000, 13440, 3149856, 144544
free, 256, 46.000000, 12960, 3149856, 144544
free, 256, 40.000000, 12480, 3149856, 144512
free, 256, 36.000000, 12000, 3149856, 144512
free, 256, 41.000000, 11520, 3149856, 144480
free, 256, 38.000000, 11040, 3149856, 144480
free, 256, 45.000000, 10560, 3149856, 144448
free, 256, 41.000000, 10080, 3149856, 144448
free, 256, 41.000000, 9600, 3149856, 144416
free, 256, 44.000000, 9120, 3149856, 144416
free, 256, 39.000000, 8640, 3149856, 144384
free, 256, 36.000000, 8160, 3149856, 144384
free, 256, 43.000000, 7680, 3149856, 144352
free, 256, 38.000000, 7200, 3149856, 144352
free, 256, 46.000000, 6720, 3149856, 144320
free, 256, 41.000000, 6240, 3149856, 144320
free, 256, 40.000000, 5760, 3149856, 144288
free, 256, 40.000000, 5280, 3149856, 144288
free, 256, 43.000000, 4800, 3149856, 144256
free, 256, 42.000000, 4320, 3149856, 144256
free, 256, 41.000000, 3840, 3149856, 144224
free, 256, 38.000000, 3360, 3149856, 144224
free, 256, 42.000000, 2880, 3149856, 144192
free, 256, 40.000000, 2400, 3149856, 144192
free, 256, 40.000000, 1920, 3149856, 144160
free, 256, 41.000000, 1440, 3149856, 144160
free, 256, 41.000000, 960, 3149856, 144128
free, 256, 36.000000, 480, 3149856, 144128
free, 256, 45.000000, 0, 3149856, 144096
