malloc, 32, 164.000000, 32, 4128, 64
malloc, 64, 55.000000, 96, 4128, 96
malloc, 128, 39.000000, 224, 4128, 128
malloc, 256, 40.000000, 480, 4128, 160
malloc, 512, 49.000000, 992, 4128, 192
malloc, 1024, 58.000000, 2016, 4128, 224
malloc, 2048, 3697.000000, 4064, 8224, 288
malloc, 4096, 2629.000000, 8160, 16480, 352
malloc, 8192, 2427.000000, 16352, 32928, 416
malloc, 32, 100.000000, 16384, 32928, 448
malloc, 64, 88.000000, 16448, 32928, 480
malloc, 128, 76.000000, 16576, 32928, 512
malloc, 256, 91.000000, 16832, 32928, 544
malloc, 512, 71.000000, 17344, 32928, 576
malloc, 1024, 87.000000, 18368, 32928, 608
malloc, 2048, 87.000000, 20416, 32928, 640
malloc, 4096, 824.000000, 24512, 32928, 672
malloc, 8192, 2635.000000, 32704, 49376, 736
malloc, 32, 106.000000, 32736, 49376, 768
malloc, 64, 87.000000, 32800, 49376, 800
malloc, 128, 94.000000, 32928, 49376, 832
malloc, 256, 105.000000, 33184, 49376, 864
malloc, 512, 98.000000, 33696, 49376, 896
malloc, 1024, 102.000000, 34720, 49376, 928
malloc, 2048, 98.000000, 36768, 49376, 960
malloc, 4096, 930.000000, 40864, 49376, 992
malloc, 8192, 3610.000000, 49056, 65824, 1056
malloc, 32, 124.000000, 49088, 65824, 1088
malloc, 64, 166.000000, 49152, 65824, 1120
malloc, 128, 145.000000, 49280, 65824, 1152
malloc, 256, 198.000000, 49536, 65824, 1184
malloc, 512, 145.000000, 50048, 65824, 1216
malloc, 1024, 149.000000, 51072, 65824, 1248
malloc, 2048, 141.000000, 53120, 65824, 1280
malloc, 4096, 938.000000, 57216, 65824, 1312
malloc, 8192, 2523.000000, 65408, 82272, 1376
malloc, 32, 125.000000, 65472, 82272, 1376
malloc, 64, 132.000000, 65536, 82272, 1408
malloc, 128, 205.000000, 65664, 82272, 1440
malloc, 256, 172.000000, 65920, 82272, 1472
malloc, 512, 180.000000, 66432, 82272, 1504
malloc, 1024, 187.000000, 67456, 82272, 1536
malloc, 2048, 197.000000, 69504, 82272, 1568
malloc, 4096, 1133.000000, 73600, 82272, 1600
malloc, 8192, 2590.000000, 81792, 98720, 1664
malloc, 32, 187.000000, 81824, 98720, 1696
malloc, 64, 197.000000, 81888, 98720, 1728
malloc, 128, 150.000000, 82016, 98720, 1760
malloc, 256, 210.000000, 82272, 98720, 1792
malloc, 512, 231.000000, 82784, 98720, 1824
malloc, 1024, 212.000000, 83808, 98720, 1856
malloc, 2048, 242.000000, 85856, 98720, 1888
malloc, 4096, 1029.000000, 89952, 98720, 1920
malloc, 8192, 2538.000000, 98144, 115168, 1984
malloc, 32, 178.000000, 98208, 115168, 1984
malloc, 64, 190.000000, 98272, 115168, 2016
malloc, 128, 242.000000, 98400, 115168, 2048
malloc, 256, 255.000000, 98656, 115168, 2080
malloc, 512, 251.000000, 99168, 115168, 2112
malloc, 1024, 269.000000, 100192, 115168, 2144
malloc, 2048, 279.000000, 102240, 115168, 2176
malloc, 4096, 1030.000000, 106336, 115168, 2208
malloc, 8192, 2574.000000, 114528, 131616, 2272
malloc, 32, 217.000000, 114560, 131616, 2304
malloc, 64, 210.000000, 114656, 131616, 2304
malloc, 128, 246.000000, 114784, 131616, 2336
malloc, 256, 318.000000, 115040, 131616, 2368
malloc, 512, 315.000000, 115552, 131616, 2400
malloc, 1024, 311.000000, 116576, 131616, 2432
malloc, 2048, 318.000000, 118624, 131616, 2464
malloc, 4096, 1057.000000, 122720, 131616, 2496
malloc, 8192, 3520.000000, 130912, 148064, 2560
malloc, 32, 223.000000, 130976, 148064, 2560
malloc, 64, 310.000000, 131072, 148064, 2560
malloc, 128, 327.000000, 131200, 148064, 2592
malloc, 256, 297.000000, 131456, 148064, 2624
malloc, 512, 317.000000, 131968, 148064, 2656
malloc, 1024, 292.000000, 132992, 148064, 2688
malloc, 2048, 297.000000, 135040, 148064, 2720
malloc, 4096, 1070.000000, 139136, 148064, 2752
malloc, 8192, 2893.000000, 147328, 164512, 2816
malloc, 32, 353.000000, 147392, 164512, 2816
malloc, 64, 274.000000, 147488, 164512, 2816
malloc, 128, 302.000000, 147616, 164512, 2848
malloc, 256, 299.000000, 147872, 164512, 2880
malloc, 512, 292.000000, 148416, 164512, 2880
malloc, 1024, 327.000000, 149440, 164512, 2912
malloc, 2048, 337.000000, 151488, 164512, 2944
malloc, 4096, 1174.000000, 155584, 164512, 2976
malloc, 8192, 2742.000000, 163776, 180960, 3040
malloc, 32, 467.000000, 163808, 180960, 3072
malloc, 64, 319.000000, 163872, 180960, 3104
malloc, 128, 326.000000, 164000, 180960, 3136
malloc, 256, 301.000000, 164256, 180960, 3168
malloc, 512, 372.000000, 164768, 180960, 3200
malloc, 1024, 391.000000, 165792, 180960, 3232
malloc, 2048, 392.000000, 167840, 180960, 3264
malloc, 4096, 1140.000000, 171936, 180960, 3296
malloc, 8192, 2790.000000, 180128, 197408, 3360
malloc, 32, 474.000000, 180160, 197408, 3392
malloc, 64, 337.000000, 180224, 197408, 3424
malloc, 128, 330.000000, 180384, 197408, 3424
malloc, 256, 363.000000, 180640, 197408, 3456
malloc, 512, 391.000000, 181152, 197408, 3488
malloc, 1024, 444.000000, 182176, 197408, 3520
malloc, 2048, 406.000000, 184224, 197408, 3552
malloc, 4096, 1186.000000, 188320, 197408, 3584
malloc, 8192, 2749.000000, 196512, 213856, 3648
malloc, 32, 1286.000000, 196544, 213856, 3680
malloc, 64, 504.000000, 196608, 213856, 3712
malloc, 128, 406.000000, 196736, 213856, 3744
malloc, 256, 429.000000, 196992, 213856, 3776
malloc, 512, 435.000000, 197504, 213856, 3808
malloc, 1024, 483.000000, 198528, 213856, 3840
malloc, 2048, 449.000000, 200576, 213856, 3872
malloc, 4096, 1659.000000, 204672, 213856, 3904
malloc, 8192, 3886.000000, 212864, 230304, 3968
malloc, 32, 605.000000, 212896, 230304, 4000
malloc, 64, 505.000000, 212992, 230304, 4000
malloc, 128, 473.000000, 213120, 230304, 4032
malloc, 256, 476.000000, 213376, 230304, 4064
malloc, 512, 502.000000, 213888, 230304, 4096
malloc, 1024, 568.000000, 214912, 230304, 4128
malloc, 2048, 514.000000, 216960, 230304, 4160
malloc, 4096, 1240.000000, 221056, 230304, 4192
malloc, 8192, 3155.000000, 229248, 246752, 4256
malloc, 32, 666.000000, 229312, 246752, 4256
malloc, 64, 540.000000, 229376, 246752, 4288
malloc, 128, 503.000000, 229504, 246752, 4320
malloc, 256, 514.000000, 229760, 246752, 4352
malloc, 512, 610.000000, 230272, 246752, 4384
malloc, 1024, 569.000000, 231296, 246752, 4416
malloc, 2048, 570.000000, 233344, 246752, 4448
malloc, 4096, 1377.000000, 237440, 246752, 4480
malloc, 8192, 3160.000000, 245632, 263200, 4544
malloc, 32, 703.000000, 245664, 263200, 4576
malloc, 64, 537.000000, 245728, 263200, 4608
malloc, 128, 595.000000, 245856, 263200, 4640
malloc, 256, 596.000000, 246112, 263200, 4672
malloc, 512, 661.000000, 246624, 263200, 4704
malloc, 1024, 629.000000, 247648, 263200, 4736
malloc, 2048, 613.000000, 249696, 263200, 4768
malloc, 4096, 1367.000000, 253792, 263200, 4800
malloc, 8192, 3155.000000, 261984, 279648, 4864
malloc, 32, 727.000000, 262048, 279648, 4864
malloc, 64, 577.000000, 262144, 279648, 4864
malloc, 128, 568.000000, 262272, 279648, 4896
malloc, 256, 670.000000, 262528, 279648, 4928
malloc, 512, 736.000000, 263040, 279648, 4960
malloc, 1024, 749.000000, 264064, 279648, 4992
malloc, 2048, 743.000000, 266112, 279648, 5024
malloc, 4096, 1801.000000, 270208, 279648, 5056
malloc, 8192, 3321.000000, 278400, 296096, 5120
malloc, 32, 853.000000, 278464, 296096, 5120
malloc, 64, 650.000000, 278560, 296096, 5120
malloc, 128, 696.000000, 278688, 296096, 5152
malloc, 256, 789.000000, 278944, 296096, 5184
malloc, 512, 877.000000, 279456, 296096, 5216
malloc, 1024, 833.000000, 280480, 296096, 5248
malloc, 2048, 865.000000, 282528, 296096, 5280
malloc, 4096, 1642.000000, 286624, 296096, 5312
malloc, 8192, 4312.000000, 294816, 312544, 5376
malloc, 32, 1678.000000, 294848, 312544, 5408
malloc, 64, 949.000000, 294912, 312544, 5440
malloc, 128, 808.000000, 295040, 312544, 5472
malloc, 256, 827.000000, 295296, 312544, 5504
malloc, 512, 868.000000, 295808, 312544, 5536
malloc, 1024, 852.000000, 296832, 312544, 5568
malloc, 2048, 942.000000, 298880, 312544, 5600
malloc, 4096, 1655.000000, 302976, 312544, 5632
malloc, 8192, 3476.000000, 311168, 328992, 5696
malloc, 32, 1020.000000, 311200, 328992, 5728
malloc, 64, 852.000000, 311264, 328992, 5760
malloc, 128, 841.000000, 311392, 328992, 5792
malloc, 256, 809.000000, 311648, 328992, 5824
malloc, 512, 895.000000, 312160, 328992, 5856
malloc, 1024, 919.000000, 313184, 328992, 5888
malloc, 2048, 1000.000000, 315232, 328992, 5920
malloc, 4096, 1754.000000, 319328, 328992, 5952
malloc, 8192, 3426.000000, 327520, 345440, 6016
malloc, 32, 1084.000000, 327552, 345440, 6048
malloc, 64, 1437.000000, 327616, 345440, 6080
malloc, 128, 901.000000, 327776, 345440, 6080
malloc, 256, 852.000000, 328032, 345440, 6112
malloc, 512, 944.000000, 328544, 345440, 6144
malloc, 1024, 986.000000, 329568, 345440, 6176
malloc, 2048, 1107.000000, 331616, 345440, 6208
malloc, 4096, 2017.000000, 335712, 345440, 6240
malloc, 8192, 20379.000000, 343904, 361888, 6304
malloc, 32, 2236.000000, 343936, 361888, 6336
malloc, 64, 1184.000000, 344000, 361888, 6368
malloc, 128, 976.000000, 344128, 361888, 6400
malloc, 256, 1031.000000, 344384, 361888, 6432
malloc, 512, 1071.000000, 344896, 361888, 6464
malloc, 1024, 1081.000000, 345920, 361888, 6496
malloc, 2048, 1200.000000, 347968, 361888, 6528
malloc, 4096, 7751.000000, 352064, 361888, 6560
malloc, 8192, 4799.000000, 360256, 378336, 6624
malloc, 32, 1353.000000, 360288, 378336, 6656
malloc, 64, 1026.000000, 360384, 378336, 6656
malloc, 128, 1045.000000, 360512, 378336, 6688
malloc, 256, 1090.000000, 360768, 378336, 6720
malloc, 512, 1095.000000, 361280, 378336, 6752
malloc, 1024, 1122.000000, 362304, 378336, 6784
malloc, 2048, 1303.000000, 364352, 378336, 6816
malloc, 4096, 2053.000000, 368448, 378336, 6848
malloc, 8192, 3582.000000, 376640, 394784, 6912
malloc, 32, 1269.000000, 376704, 394784, 6912
malloc, 64, 1049.000000, 376768, 394784, 6944
malloc, 128, 1065.000000, 376896, 394784, 6976
malloc, 256, 1109.000000, 377152, 394784, 7008
malloc, 512, 1211.000000, 377664, 394784, 7040
malloc, 1024, 1201.000000, 378688, 394784, 7072
malloc, 2048, 1295.000000, 380736, 394784, 7104
malloc, 4096, 2051.000000, 384832, 394784, 7136
malloc, 8192, 3848.000000, 393024, 411232, 7200
malloc, 32, 1303.000000, 393056, 411232, 7232
malloc, 64, 1112.000000, 393120, 411232, 7264
malloc, 128, 1116.000000, 393248, 411232, 7296
malloc, 256, 1216.000000, 393504, 411232, 7328
malloc, 512, 1236.000000, 394016, 411232, 7360
malloc, 1024, 1205.000000, 395040, 411232, 7392
malloc, 2048, 1375.000000, 397088, 411232, 7424
malloc, 4096, 2080.000000, 401184, 411232, 7456
malloc, 8192, 4059.000000, 409376, 427680, 7520
malloc, 32, 1363.000000, 409440, 427680, 7520
malloc, 64, 1078.000000, 409536, 427680, 7520
malloc, 128, 1133.000000, 409664, 427680, 7552
malloc, 256, 1255.000000, 409920, 427680, 7584
malloc, 512, 1300.000000, 410432, 427680, 7616
malloc, 1024, 1278.000000, 411456, 427680, 7648
malloc, 2048, 1339.000000, 413504, 427680, 7680
malloc, 4096, 2038.000000, 417600, 427680, 7712
malloc, 8192, 3815.000000, 425792, 444128, 7776
malloc, 32, 1487.000000, 425856, 444128, 7776
malloc, 64, 1246.000000, 425952, 444128, 7776
malloc, 128, 1251.000000, 426080, 444128, 7808
malloc, 256, 1273.000000, 426336, 444128, 7840
malloc, 512, 1310.000000, 426848, 444128, 7872
malloc, 1024, 1337.000000, 427872, 444128, 7904
malloc, 2048, 1384.000000, 429920, 444128, 7936
malloc, 4096, 2986.000000, 434016, 444128, 7968
malloc, 8192, 4041.000000, 442208, 460576, 8032
malloc, 32, 2408.000000, 442240, 460576, 8064
malloc, 64, 1479.000000, 442304, 460576, 8096
malloc, 128, 1354.000000, 442432, 460576, 8128
malloc, 256, 1366.000000, 442688, 460576, 8160
malloc, 512, 1350.000000, 443200, 460576, 8192
malloc, 1024, 1405.000000, 444224, 460576, 8224
malloc, 2048, 1438.000000, 446272, 460576, 8256
malloc, 4096, 2123.000000, 450368, 460576, 8288
malloc, 8192, 3857.000000, 458560, 477024, 8352
malloc, 32, 1683.000000, 458592, 477024, 8384
malloc, 64, 1392.000000, 458656, 477024, 8416
malloc, 128, 1290.000000, 458784, 477024, 8448
malloc, 256, 1410.000000, 459040, 477024, 8480
malloc, 512, 1484.000000, 459552, 477024, 8512
malloc, 1024, 1579.000000, 460576, 477024, 8544
malloc, 2048, 1579.000000, 462624, 477024, 8576
malloc, 4096, 2207.000000, 466720, 477024, 8608
malloc, 8192, 3868.000000, 474912, 493472, 8672
malloc, 32, 1719.000000, 474944, 493472, 8704
malloc, 64, 1484.000000, 475040, 493472, 8704
malloc, 128, 1496.000000, 475168, 493472, 8736
malloc, 256, 1522.000000, 475424, 493472, 8768
malloc, 512, 1568.000000, 475936, 493472, 8800
malloc, 1024, 1654.000000, 476960, 493472, 8832
malloc, 2048, 1677.000000, 479008, 493472, 8864
malloc, 4096, 2341.000000, 483104, 493472, 8896
malloc, 8192, 3954.000000, 491296, 509920, 8960
malloc, 32, 1729.000000, 491360, 509920, 8960
malloc, 64, 1556.000000, 491424, 509920, 8992
malloc, 128, 1574.000000, 491552, 509920, 9024
malloc, 256, 1620.000000, 491808, 509920, 9056
malloc, 512, 1647.000000, 492320, 509920, 9088
malloc, 1024, 1683.000000, 493344, 509920, 9120
malloc, 2048, 1730.000000, 495392, 509920, 9152
malloc, 4096, 2443.000000, 499488, 509920, 9184
malloc, 8192, 4927.000000, 507680, 526368, 9248
malloc, 32, 1892.000000, 507712, 526368, 9280
malloc, 64, 1593.000000, 507808, 526368, 9280
malloc, 128, 1592.000000, 507936, 526368, 9312
malloc, 256, 2397.000000, 508192, 526368, 9344
malloc, 512, 1944.000000, 508704, 526368, 9376
malloc, 1024, 1835.000000, 509728, 526368, 9408
malloc, 2048, 1922.000000, 511776, 526368, 9440
malloc, 4096, 2512.000000, 515872, 526368, 9472
malloc, 8192, 4213.000000, 524064, 542816, 9536
malloc, 32, 1867.000000, 524128, 542816, 9536
malloc, 64, 1690.000000, 524192, 542816, 9568
malloc, 128, 1721.000000, 524320, 542816, 9600
malloc, 256, 1763.000000, 524576, 542816, 9632
malloc, 512, 1848.000000, 525088, 542816, 9664
malloc, 1024, 1846.000000, 526112, 542816, 9696
malloc, 2048, 1888.000000, 528160, 542816, 9728
malloc, 4096, 2558.000000, 532256, 542816, 9760
malloc, 8192, 4179.000000, 540448, 559264, 9824
malloc, 32, 2112.000000, 540480, 559264, 9856
malloc, 64, 1876.000000, 540576, 559264, 9856
malloc, 128, 1864.000000, 540704, 559264, 9888
malloc, 256, 1843.000000, 540960, 559264, 9920
malloc, 512, 1892.000000, 541472, 559264, 9952
malloc, 1024, 1907.000000, 542496, 559264, 9984
malloc, 2048, 1894.000000, 544544, 559264, 10016
malloc, 4096, 2639.000000, 548640, 559264, 10048
malloc, 8192, 4178.000000, 556832, 575712, 10112
malloc, 32, 2101.000000, 556896, 575712, 10112
malloc, 64, 1878.000000, 556960, 575712, 10144
malloc, 128, 1946.000000, 557088, 575712, 10176
malloc, 256, 1907.000000, 557344, 575712, 10208
malloc, 512, 1939.000000, 557856, 575712, 10240
malloc, 1024, 1917.000000, 558880, 575712, 10272
malloc, 2048, 2858.000000, 560928, 575712, 10304
malloc, 4096, 5243.000000, 565024, 583968, 10368
malloc, 8192, 5855.000000, 573216, 600416, 10432
malloc, 32, 2261.000000, 573248, 600416, 10464
malloc, 64, 1982.000000, 573344, 600416, 10464
malloc, 128, 2017.000000, 573472, 600416, 10496
malloc, 256, 1945.000000, 573728, 600416, 10528
malloc, 512, 2003.000000, 574240, 600416, 10560
malloc, 1024, 2024.000000, 575264, 600416, 10592
malloc, 2048, 2032.000000, 577312, 600416, 10624
malloc, 4096, 2827.000000, 581408, 600416, 10656
malloc, 8192, 4502.000000, 589600, 616864, 10720
malloc, 32, 2244.000000, 589664, 616864, 10720
malloc, 64, 2118.000000, 589728, 616864, 10752
malloc, 128, 1996.000000, 589856, 616864, 10784
malloc, 256, 1997.000000, 590112, 616864, 10816
malloc, 512, 2012.000000, 590624, 616864, 10848
malloc, 1024, 2102.000000, 591648, 616864, 10880
malloc, 2048, 2131.000000, 593696, 616864, 10912
malloc, 4096, 2840.000000, 597792, 616864, 10944
malloc, 8192, 4581.000000, 605984, 633312, 11008
malloc, 32, 2413.000000, 606016, 633312, 11040
malloc, 64, 2095.000000, 606080, 633312, 11072
malloc, 128, 2025.000000, 606208, 633312, 11104
malloc, 256, 2027.000000, 606464, 633312, 11136
malloc, 512, 2016.000000, 606976, 633312, 11168
malloc, 1024, 2147.000000, 608000, 633312, 11200
malloc, 2048, 2191.000000, 610048, 633312, 11232
malloc, 4096, 2915.000000, 614144, 633312, 11264
malloc, 8192, 4554.000000, 622336, 649760, 11328
malloc, 32, 2439.000000, 622368, 649760, 11360
malloc, 64, 2127.000000, 622432, 649760, 11392
malloc, 128, 1943.000000, 622592, 649760, 11392
malloc, 256, 1986.000000, 622848, 649760, 11424
malloc, 512, 2085.000000, 623360, 649760, 11456
malloc, 1024, 2251.000000, 624384, 649760, 11488
malloc, 2048, 2246.000000, 626432, 649760, 11520
malloc, 4096, 3000.000000, 630528, 649760, 11552
malloc, 8192, 4611.000000, 638720, 666208, 11616
malloc, 32, 2461.000000, 638752, 666208, 11648
malloc, 64, 2157.000000, 638816, 666208, 11680
malloc, 128, 2730.000000, 638944, 666208, 11712
malloc, 256, 2224.000000, 639200, 666208, 11744
malloc, 512, 2172.000000, 639712, 666208, 11776
malloc, 1024, 2259.000000, 640736, 666208, 11808
malloc, 2048, 2317.000000, 642784, 666208, 11840
malloc, 4096, 4125.000000, 646880, 666208, 11872
malloc, 8192, 5077.000000, 655072, 682656, 11936
malloc, 32, 2576.000000, 655136, 682656, 11936
malloc, 64, 3027.000000, 655200, 682656, 11968
malloc, 128, 2430.000000, 655328, 682656, 12000
malloc, 256, 2221.000000, 655584, 682656, 12032
malloc, 512, 2241.000000, 656096, 682656, 12064
malloc, 1024, 2303.000000, 657120, 682656, 12096
malloc, 2048, 2374.000000, 659168, 682656, 12128
malloc, 4096, 3066.000000, 663264, 682656, 12160
malloc, 8192, 4874.000000, 671456, 699104, 12224
malloc, 32, 3440.000000, 671488, 699104, 12256
malloc, 64, 2544.000000, 671552, 699104, 12288
malloc, 128, 2352.000000, 671680, 699104, 12320
malloc, 256, 2295.000000, 671936, 699104, 12352
malloc, 512, 2418.000000, 672448, 699104, 12384
malloc, 1024, 2437.000000, 673472, 699104, 12416
malloc, 2048, 2496.000000, 675520, 699104, 12448
malloc, 4096, 3289.000000, 679616, 699104, 12480
malloc, 8192, 4935.000000, 687808, 715552, 12544
malloc, 32, 2761.000000, 687840, 715552, 12576
malloc, 64, 2393.000000, 687904, 715552, 12608
malloc, 128, 2506.000000, 688032, 715552, 12640
malloc, 256, 2432.000000, 688288, 715552, 12672
malloc, 512, 2552.000000, 688800, 715552, 12704
malloc, 1024, 2507.000000, 689824, 715552, 12736
malloc, 2048, 2562.000000, 691872, 715552, 12768
malloc, 4096, 3300.000000, 695968, 715552, 12800
malloc, 8192, 5108.000000, 704160, 732000, 12864
malloc, 32, 2735.000000, 704224, 732000, 12864
malloc, 64, 2472.000000, 704320, 732000, 12864
malloc, 128, 2390.000000, 704448, 732000, 12896
malloc, 256, 2500.000000, 704704, 732000, 12928
malloc, 512, 2518.000000, 705216, 732000, 12960
malloc, 1024, 2545.000000, 706240, 732000, 12992
malloc, 2048, 2650.000000, 708288, 732000, 13024
malloc, 4096, 3325.000000, 712384, 732000, 13056
malloc, 8192, 5930.000000, 720576, 748448, 13120
malloc, 32, 2923.000000, 720640, 748448, 13120
malloc, 64, 2540.000000, 720736, 748448, 13120
malloc, 128, 2711.000000, 720864, 748448, 13152
malloc, 256, 2680.000000, 721120, 748448, 13184
malloc, 512, 2715.000000, 721632, 748448, 13216
malloc, 1024, 2707.000000, 722656, 748448, 13248
malloc, 2048, 2710.000000, 724704, 748448, 13280
malloc, 4096, 3414.000000, 728800, 748448, 13312
malloc, 8192, 5163.000000, 736992, 764896, 13376
malloc, 32, 3874.000000, 737024, 764896, 13408
malloc, 64, 2922.000000, 737088, 764896, 13440
malloc, 128, 2714.000000, 737216, 764896, 13472
malloc, 256, 2640.000000, 737472, 764896, 13504
malloc, 512, 2690.000000, 737984, 764896, 13536
malloc, 1024, 2889.000000, 739008, 764896, 13568
malloc, 2048, 2823.000000, 741056, 764896, 13600
malloc, 4096, 3538.000000, 745152, 764896, 13632
malloc, 8192, 5174.000000, 753344, 781344, 13696
malloc, 32, 3137.000000, 753376, 781344, 13728
malloc, 64, 2771.000000, 753440, 781344, 13760
malloc, 128, 2690.000000, 753568, 781344, 13792
malloc, 256, 2767.000000, 753824, 781344, 13824
malloc, 512, 2822.000000, 754336, 781344, 13856
malloc, 1024, 2941.000000, 755360, 781344, 13888
malloc, 2048, 2906.000000, 757408, 781344, 13920
malloc, 4096, 3737.000000, 761504, 781344, 13952
malloc, 8192, 5338.000000, 769696, 797792, 14016
malloc, 32, 3163.000000, 769728, 797792, 14048
malloc, 64, 2822.000000, 769824, 797792, 14048
malloc, 128, 2860.000000, 769952, 797792, 14080
malloc, 256, 2887.000000, 770208, 797792, 14112
malloc, 512, 2909.000000, 770720, 797792, 14144
malloc, 1024, 3036.000000, 771744, 797792, 14176
malloc, 2048, 2989.000000, 773792, 797792, 14208
malloc, 4096, 3736.000000, 777888, 797792, 14240
malloc, 8192, 5530.000000, 786080, 814240, 14304
malloc, 32, 3170.000000, 786144, 814240, 14304
malloc, 64, 2891.000000, 786208, 814240, 14336
malloc, 128, 2958.000000, 786336, 814240, 14368
malloc, 256, 2989.000000, 786592, 814240, 14400
malloc, 512, 2980.000000, 787104, 814240, 14432
malloc, 1024, 3154.000000, 788128, 814240, 14464
malloc, 2048, 3017.000000, 790176, 814240, 14496
malloc, 4096, 4702.000000, 794272, 814240, 14528
malloc, 8192, 5479.000000, 802464, 830688, 14592
malloc, 32, 3331.000000, 802496, 830688, 14624
malloc, 64, 3020.000000, 802592, 830688, 14624
malloc, 128, 3045.000000, 802720, 830688, 14656
malloc, 256, 3862.000000, 802976, 830688, 14688
malloc, 512, 3273.000000, 803488, 830688, 14720
malloc, 1024, 3261.000000, 804512, 830688, 14752
malloc, 2048, 3226.000000, 806560, 830688, 14784
malloc, 4096, 3918.000000, 810656, 830688, 14816
malloc, 8192, 5546.000000, 818848, 847136, 14880
malloc, 32, 3349.000000, 818912, 847136, 14880
malloc, 64, 3168.000000, 818976, 847136, 14912
malloc, 128, 3130.000000, 819104, 847136, 14944
malloc, 256, 3097.000000, 819360, 847136, 14976
malloc, 512, 3195.000000, 819872, 847136, 15008
malloc, 1024, 3365.000000, 820896, 847136, 15040
malloc, 2048, 3246.000000, 822944, 847136, 15072
malloc, 4096, 4011.000000, 827040, 847136, 15104
malloc, 8192, 5689.000000, 835232, 863584, 15168
malloc, 32, 3589.000000, 835264, 863584, 15200
malloc, 64, 3216.000000, 835360, 863584, 15200
malloc, 128, 3285.000000, 835488, 863584, 15232
malloc, 256, 3237.000000, 835744, 863584, 15264
malloc, 512, 3255.000000, 836256, 863584, 15296
malloc, 1024, 3391.000000, 837280, 863584, 15328
malloc, 2048, 3319.000000, 839328, 863584, 15360
malloc, 4096, 3996.000000, 843424, 863584, 15392
malloc, 8192, 5644.000000, 851616, 880032, 15456
malloc, 32, 3608.000000, 851680, 880032, 15456
malloc, 64, 3292.000000, 851744, 880032, 15488
malloc, 128, 3355.000000, 851872, 880032, 15520
malloc, 256, 3290.000000, 852128, 880032, 15552
malloc, 512, 3429.000000, 852640, 880032, 15584
malloc, 1024, 3535.000000, 853664, 880032, 15616
malloc, 2048, 3509.000000, 855712, 880032, 15648
malloc, 4096, 4138.000000, 859808, 880032, 15680
malloc, 8192, 6702.000000, 868000, 896480, 15744
malloc, 32, 3747.000000, 868032, 896480, 15776
malloc, 64, 3347.000000, 868128, 896480, 15776
malloc, 128, 3413.000000, 868256, 896480, 15808
malloc, 256, 3436.000000, 868512, 896480, 15840
malloc, 512, 3362.000000, 869024, 896480, 15872
malloc, 1024, 3638.000000, 870048, 896480, 15904
malloc, 2048, 3532.000000, 872096, 896480, 15936
malloc, 4096, 4177.000000, 876192, 896480, 15968
malloc, 8192, 5983.000000, 884384, 912928, 16032
malloc, 32, 3765.000000, 884448, 912928, 16032
malloc, 64, 3448.000000, 884512, 912928, 16064
malloc, 128, 3404.000000, 884640, 912928, 16096
malloc, 256, 3441.000000, 884896, 912928, 16128
malloc, 512, 3520.000000, 885408, 912928, 16160
malloc, 1024, 3630.000000, 886432, 912928, 16192
malloc, 2048, 3659.000000, 888480, 912928, 16224
malloc, 4096, 4425.000000, 892576, 912928, 16256
malloc, 8192, 6080.000000, 900768, 929376, 16320
malloc, 32, 3992.000000, 900800, 929376, 16352
malloc, 64, 3508.000000, 900864, 929376, 16384
malloc, 128, 3434.000000, 900992, 929376, 16416
malloc, 256, 3545.000000, 901248, 929376, 16448
malloc, 512, 3662.000000, 901760, 929376, 16480
malloc, 1024, 3882.000000, 902784, 929376, 16512
malloc, 2048, 3824.000000, 904832, 929376, 16544
malloc, 4096, 4463.000000, 908928, 929376, 16576
malloc, 8192, 6050.000000, 917120, 945824, 16640
malloc, 32, 3991.000000, 917152, 945824, 16672
malloc, 64, 3512.000000, 917248, 945824, 16672
malloc, 128, 3630.000000, 917376, 945824, 16704
malloc, 256, 6469.000000, 917632, 945824, 16736
malloc, 512, 4219.000000, 918144, 945824, 16768
malloc, 1024, 3988.000000, 919168, 945824, 16800
malloc, 2048, 3868.000000, 921216, 945824, 16832
malloc, 4096, 4656.000000, 925312, 945824, 16864
malloc, 8192, 6627.000000, 933504, 962272, 16928
malloc, 32, 4988.000000, 933536, 962272, 16960
malloc, 64, 3864.000000, 933600, 962272, 16992
malloc, 128, 3852.000000, 933728, 962272, 17024
malloc, 256, 3778.000000, 933984, 962272, 17056
malloc, 512, 3883.000000, 934496, 962272, 17088
malloc, 1024, 3963.000000, 935520, 962272, 17120
malloc, 2048, 4035.000000, 937568, 962272, 17152
malloc, 4096, 4626.000000, 941664, 962272, 17184
malloc, 8192, 7145.000000, 949856, 978720, 17248
malloc, 32, 4225.000000, 949888, 978720, 17280
malloc, 64, 4397.000000, 949984, 978720, 17280
malloc, 128, 3902.000000, 950112, 978720, 17312
malloc, 256, 4858.000000, 950368, 978720, 17344
malloc, 512, 4337.000000, 950880, 978720, 17376
malloc, 1024, 4266.000000, 951904, 978720, 17408
malloc, 2048, 4235.000000, 953952, 978720, 17440
malloc, 4096, 4784.000000, 958048, 978720, 17472
malloc, 8192, 6547.000000, 966240, 995168, 17536
malloc, 32, 4330.000000, 966304, 995168, 17536
malloc, 64, 4048.000000, 966368, 995168, 17568
malloc, 128, 4034.000000, 966496, 995168, 17600
malloc, 256, 4696.000000, 966752, 995168, 17632
malloc, 512, 4778.000000, 967264, 995168, 17664
malloc, 1024, 4451.000000, 968288, 995168, 17696
malloc, 2048, 4307.000000, 970336, 995168, 17728
malloc, 4096, 5137.000000, 974432, 995168, 17760
malloc, 8192, 6937.000000, 982624, 1011616, 17824
malloc, 32, 4629.000000, 982656, 1011616, 17856
malloc, 64, 4077.000000, 982752, 1011616, 17856
malloc, 128, 4116.000000, 982880, 1011616, 17888
malloc, 256, 4144.000000, 983136, 1011616, 17920
malloc, 512, 4306.000000, 983648, 1011616, 17952
malloc, 1024, 4386.000000, 984672, 1011616, 17984
malloc, 2048, 4435.000000, 986720, 1011616, 18016
malloc, 4096, 4964.000000, 990816, 1011616, 18048
malloc, 8192, 6547.000000, 999008, 1028064, 18112
malloc, 32, 4475.000000, 999072, 1028064, 18112
malloc, 64, 4143.000000, 999136, 1028064, 18144
malloc, 128, 4283.000000, 999264, 1028064, 18176
malloc, 256, 4274.000000, 999520, 1028064, 18208
malloc, 512, 4365.000000, 1000032, 1028064, 18240
malloc, 1024, 4442.000000, 1001056, 1028064, 18272
malloc, 2048, 4429.000000, 1003104, 1028064, 18304
malloc, 4096, 5047.000000, 1007200, 1028064, 18336
malloc, 8192, 7736.000000, 1015392, 1044512, 18400
malloc, 32, 4693.000000, 1015424, 1044512, 18432
malloc, 64, 4322.000000, 1015520, 1044512, 18432
malloc, 128, 4355.000000, 1015648, 1044512, 18464
malloc, 256, 4332.000000, 1015904, 1044512, 18496
malloc, 512, 4468.000000, 1016448, 1044512, 18496
malloc, 1024, 4504.000000, 1017472, 1044512, 18528
malloc, 2048, 4574.000000, 1019520, 1044512, 18560
malloc, 4096, 5114.000000, 1023616, 1044512, 18592
malloc, 8192, 6731.000000, 1031808, 1060960, 18656
malloc, 32, 4624.000000, 1031872, 1060960, 18656
malloc, 64, 4456.000000, 1031936, 1060960, 18688
malloc, 128, 4394.000000, 1032064, 1060960, 18720
malloc, 256, 4440.000000, 1032320, 1060960, 18752
malloc, 512, 4544.000000, 1032832, 1060960, 18784
malloc, 1024, 4517.000000, 1033856, 1060960, 18816
malloc, 2048, 4710.000000, 1035904, 1060960, 18848
malloc, 4096, 5302.000000, 1040000, 1060960, 18880
malloc, 8192, 6800.000000, 1048192, 1077408, 18944
malloc, 32, 4767.000000, 1048224, 1077408, 18976
malloc, 64, 4518.000000, 1048288, 1077408, 19008
malloc, 128, 4446.000000, 1048416, 1077408, 19040
malloc, 256, 4546.000000, 1048672, 1077408, 19072
malloc, 512, 4621.000000, 1049184, 1077408, 19104
malloc, 1024, 4798.000000, 1050208, 1077408, 19136
malloc, 2048, 4839.000000, 1052256, 1077408, 19168
malloc, 4096, 5439.000000, 1056352, 1077408, 19200
malloc, 8192, 6916.000000, 1064544, 1093856, 19264
malloc, 32, 4894.000000, 1064608, 1093856, 19264
malloc, 64, 4619.000000, 1064704, 1093856, 19264
malloc, 128, 4588.000000, 1064832, 1093856, 19296
malloc, 256, 4605.000000, 1065088, 1093856, 19328
malloc, 512, 4762.000000, 1065600, 1093856, 19360
malloc, 1024, 4862.000000, 1066624, 1093856, 19392
malloc, 2048, 4879.000000, 1068672, 1093856, 19424
malloc, 4096, 5571.000000, 1072768, 1093856, 19456
malloc, 8192, 6988.000000, 1080960, 1110304, 19520
malloc, 32, 5010.000000, 1080992, 1110304, 19552
malloc, 64, 4735.000000, 1081056, 1110304, 19584
malloc, 128, 4666.000000, 1081184, 1110304, 19616
malloc, 256, 4763.000000, 1081440, 1110304, 19648
malloc, 512, 4788.000000, 1081952, 1110304, 19680
malloc, 1024, 4963.000000, 1082976, 1110304, 19712
malloc, 2048, 4897.000000, 1085024, 1110304, 19744
malloc, 4096, 5739.000000, 1089120, 1110304, 19776
malloc, 8192, 7923.000000, 1097312, 1126752, 19840
malloc, 32, 5096.000000, 1097376, 1126752, 19840
malloc, 64, 4730.000000, 1097472, 1126752, 19840
malloc, 128, 4628.000000, 1097600, 1126752, 19872
malloc, 256, 5670.000000, 1097856, 1126752, 19904
malloc, 512, 5070.000000, 1098368, 1126752, 19936
malloc, 1024, 5028.000000, 1099392, 1126752, 19968
malloc, 2048, 5002.000000, 1101440, 1126752, 20000
malloc, 4096, 5437.000000, 1105536, 1126752, 20032
malloc, 8192, 7058.000000, 1113728, 1143200, 20096
malloc, 32, 5270.000000, 1113760, 1143200, 20128
malloc, 64, 4930.000000, 1113824, 1143200, 20160
malloc, 128, 4791.000000, 1113952, 1143200, 20192
malloc, 256, 4912.000000, 1114208, 1143200, 20224
malloc, 512, 4941.000000, 1114720, 1143200, 20256
malloc, 1024, 5084.000000, 1115744, 1143200, 20288
malloc, 2048, 5059.000000, 1117792, 1143200, 20320
malloc, 4096, 5638.000000, 1121888, 1143200, 20352
malloc, 8192, 7457.000000, 1130080, 1159648, 20416
malloc, 32, 5386.000000, 1130144, 1159648, 20416
malloc, 64, 5087.000000, 1130240, 1159648, 20416
malloc, 128, 4943.000000, 1130368, 1159648, 20448
malloc, 256, 5054.000000, 1130624, 1159648, 20480
malloc, 512, 5119.000000, 1131136, 1159648, 20512
malloc, 1024, 5178.000000, 1132160, 1159648, 20544
malloc, 2048, 5221.000000, 1134208, 1159648, 20576
malloc, 4096, 5714.000000, 1138304, 1159648, 20608
malloc, 8192, 7502.000000, 1146496, 1176096, 20672
malloc, 32, 5462.000000, 1146528, 1176096, 20704
malloc, 64, 5147.000000, 1146592, 1176096, 20736
malloc, 128, 5089.000000, 1146720, 1176096, 20768
malloc, 256, 5090.000000, 1146976, 1176096, 20800
malloc, 512, 5079.000000, 1147488, 1176096, 20832
malloc, 1024, 5179.000000, 1148512, 1176096, 20864
malloc, 2048, 6107.000000, 1150560, 1176096, 20896
malloc, 4096, 7790.000000, 1154656, 1184352, 20960
malloc, 8192, 8808.000000, 1162848, 1200800, 21024
malloc, 32, 5562.000000, 1162912, 1200800, 21024
malloc, 64, 5155.000000, 1163008, 1200800, 21024
malloc, 128, 5163.000000, 1163136, 1200800, 21056
malloc, 256, 5232.000000, 1163392, 1200800, 21088
malloc, 512, 5189.000000, 1163904, 1200800, 21120
malloc, 1024, 5220.000000, 1164928, 1200800, 21152
malloc, 2048, 5344.000000, 1166976, 1200800, 21184
malloc, 4096, 5822.000000, 1171072, 1200800, 21216
malloc, 8192, 7486.000000, 1179264, 1217248, 21280
malloc, 32, 5626.000000, 1179296, 1217248, 21312
malloc, 64, 5200.000000, 1179360, 1217248, 21344
malloc, 128, 5185.000000, 1179488, 1217248, 21376
malloc, 256, 5042.000000, 1179744, 1217248, 21408
malloc, 512, 5159.000000, 1180256, 1217248, 21440
malloc, 1024, 5275.000000, 1181280, 1217248, 21472
malloc, 2048, 5348.000000, 1183328, 1217248, 21504
malloc, 4096, 5894.000000, 1187424, 1217248, 21536
malloc, 8192, 7557.000000, 1195616, 1233696, 21600
malloc, 32, 5736.000000, 1195648, 1233696, 21632
malloc, 64, 5299.000000, 1195712, 1233696, 21664
malloc, 128, 5165.000000, 1195840, 1233696, 21696
malloc, 256, 5085.000000, 1196096, 1233696, 21728
malloc, 512, 5513.000000, 1196608, 1233696, 21760
malloc, 1024, 5423.000000, 1197632, 1233696, 21792
malloc, 2048, 5456.000000, 1199680, 1233696, 21824
malloc, 4096, 6155.000000, 1203776, 1233696, 21856
malloc, 8192, 7787.000000, 1211968, 1250144, 21920
malloc, 32, 5705.000000, 1212000, 1250144, 21952
malloc, 64, 5383.000000, 1212064, 1250144, 21984
malloc, 128, 5249.000000, 1212192, 1250144, 22016
malloc, 256, 5134.000000, 1212448, 1250144, 22048
malloc, 512, 5321.000000, 1212960, 1250144, 22080
malloc, 1024, 5382.000000, 1213984, 1250144, 22112
malloc, 2048, 5555.000000, 1216032, 1250144, 22144
malloc, 4096, 6223.000000, 1220128, 1250144, 22176
malloc, 8192, 7977.000000, 1228320, 1266592, 22240
malloc, 32, 6501.000000, 1228352, 1266592, 22272
malloc, 64, 5577.000000, 1228416, 1266592, 22304
malloc, 128, 5335.000000, 1228576, 1266592, 22304
malloc, 256, 5297.000000, 1228832, 1266592, 22336
malloc, 512, 5423.000000, 1229344, 1266592, 22368
malloc, 1024, 5618.000000, 1230368, 1266592, 22400
malloc, 2048, 5640.000000, 1232416, 1266592, 22432
malloc, 4096, 7043.000000, 1236512, 1266592, 22464
malloc, 8192, 11071.000000, 1244704, 1283040, 22528
malloc, 32, 6992.000000, 1244736, 1283040, 22560
malloc, 64, 5807.000000, 1244832, 1283040, 22560
malloc, 128, 5632.000000, 1244960, 1283040, 22592
malloc, 256, 6308.000000, 1245216, 1283040, 22624
malloc, 512, 5845.000000, 1245728, 1283040, 22656
malloc, 1024, 5661.000000, 1246752, 1283040, 22688
malloc, 2048, 5672.000000, 1248800, 1283040, 22720
malloc, 4096, 6355.000000, 1252896, 1283040, 22752
malloc, 8192, 8285.000000, 1261088, 1299488, 22816
malloc, 32, 6041.000000, 1261120, 1299488, 22848
malloc, 64, 5674.000000, 1261184, 1299488, 22880
malloc, 128, 5538.000000, 1261312, 1299488, 22912
malloc, 256, 5607.000000, 1261568, 1299488, 22944
malloc, 512, 5797.000000, 1262080, 1299488, 22976
malloc, 1024, 5683.000000, 1263104, 1299488, 23008
malloc, 2048, 5830.000000, 1265152, 1299488, 23040
malloc, 4096, 6379.000000, 1269248, 1299488, 23072
malloc, 8192, 8006.000000, 1277440, 1315936, 23136
malloc, 32, 6105.000000, 1277472, 1315936, 23168
malloc, 64, 5708.000000, 1277568, 1315936, 23168
malloc, 128, 5628.000000, 1277696, 1315936, 23200
malloc, 256, 5762.000000, 1277952, 1315936, 23232
malloc, 512, 5858.000000, 1278464, 1315936, 23264
malloc, 1024, 5830.000000, 1279488, 1315936, 23296
malloc, 2048, 5981.000000, 1281536, 1315936, 23328
malloc, 4096, 6502.000000, 1285632, 1315936, 23360
malloc, 8192, 8042.000000, 1293824, 1332384, 23424
malloc, 32, 7918.000000, 1293856, 1332384, 23456
malloc, 64, 6028.000000, 1293920, 1332384, 23488
malloc, 128, 5908.000000, 1294048, 1332384, 23520
malloc, 256, 5837.000000, 1294304, 1332384, 23552
malloc, 512, 6087.000000, 1294816, 1332384, 23584
malloc, 1024, 6057.000000, 1295840, 1332384, 23616
malloc, 2048, 6046.000000, 1297888, 1332384, 23648
malloc, 4096, 6720.000000, 1301984, 1332384, 23680
malloc, 8192, 8634.000000, 1310176, 1348832, 23744
malloc, 32, 6306.000000, 1310208, 1348832, 23776
malloc, 64, 5943.000000, 1310304, 1348832, 23776
malloc, 128, 5918.000000, 1310432, 1348832, 23808
malloc, 256, 5898.000000, 1310688, 1348832, 23840
malloc, 512, 6065.000000, 1311232, 1348832, 23840
malloc, 1024, 6083.000000, 1312256, 1348832, 23872
malloc, 2048, 6271.000000, 1314304, 1348832, 23904
malloc, 4096, 6722.000000, 1318400, 1348832, 23936
malloc, 8192, 8445.000000, 1326592, 1365280, 24000
malloc, 32, 6270.000000, 1326656, 1365280, 24000
malloc, 64, 6005.000000, 1326720, 1365280, 24032
malloc, 128, 6099.000000, 1326848, 1365280, 24064
malloc, 256, 6089.000000, 1327104, 1365280, 24096
malloc, 512, 6200.000000, 1327616, 1365280, 24128
malloc, 1024, 6281.000000, 1328640, 1365280, 24160
malloc, 2048, 6267.000000, 1330688, 1365280, 24192
malloc, 4096, 6834.000000, 1334784, 1365280, 24224
malloc, 8192, 8490.000000, 1342976, 1381728, 24288
malloc, 32, 6454.000000, 1343008, 1381728, 24320
malloc, 64, 6117.000000, 1343072, 1381728, 24352
malloc, 128, 6020.000000, 1343200, 1381728, 24384
malloc, 256, 6084.000000, 1343456, 1381728, 24416
malloc, 512, 6320.000000, 1343968, 1381728, 24448
malloc, 1024, 6291.000000, 1344992, 1381728, 24480
malloc, 2048, 6324.000000, 1347040, 1381728, 24512
malloc, 4096, 6898.000000, 1351136, 1381728, 24544
malloc, 8192, 8771.000000, 1359328, 1398176, 24608
malloc, 32, 6662.000000, 1359392, 1398176, 24608
malloc, 64, 6189.000000, 1359488, 1398176, 24608
malloc, 128, 6128.000000, 1359616, 1398176, 24640
malloc, 256, 6317.000000, 1359872, 1398176, 24672
malloc, 512, 6473.000000, 1360384, 1398176, 24704
malloc, 1024, 6445.000000, 1361408, 1398176, 24736
malloc, 2048, 6474.000000, 1363456, 1398176, 24768
malloc, 4096, 7052.000000, 1367552, 1398176, 24800
malloc, 8192, 9617.000000, 1375744, 1414624, 24864
malloc, 32, 6796.000000, 1375776, 1414624, 24896
malloc, 64, 6330.000000, 1375840, 1414624, 24928
malloc, 128, 6415.000000, 1375968, 1414624, 24960
malloc, 256, 6416.000000, 1376224, 1414624, 24992
malloc, 512, 6549.000000, 1376736, 1414624, 25024
malloc, 1024, 6496.000000, 1377760, 1414624, 25056
malloc, 2048, 6520.000000, 1379808, 1414624, 25088
malloc, 4096, 7161.000000, 1383904, 1414624, 25120
malloc, 8192, 8828.000000, 1392096, 1431072, 25184
malloc, 32, 6741.000000, 1392160, 1431072, 25184
malloc, 64, 6404.000000, 1392256, 1431072, 25184
malloc, 128, 6438.000000, 1392384, 1431072, 25216
malloc, 256, 7322.000000, 1392640, 1431072, 25248
malloc, 512, 6841.000000, 1393152, 1431072, 25280
malloc, 1024, 6730.000000, 1394176, 1431072, 25312
malloc, 2048, 6645.000000, 1396224, 1431072, 25344
malloc, 4096, 7332.000000, 1400320, 1431072, 25376
malloc, 8192, 8939.000000, 1408512, 1447520, 25440
malloc, 32, 7039.000000, 1408544, 1447520, 25472
malloc, 64, 6608.000000, 1408608, 1447520, 25504
malloc, 128, 6478.000000, 1408736, 1447520, 25536
malloc, 256, 6612.000000, 1408992, 1447520, 25568
malloc, 512, 6696.000000, 1409504, 1447520, 25600
malloc, 1024, 6810.000000, 1410528, 1447520, 25632
malloc, 2048, 6786.000000, 1412576, 1447520, 25664
malloc, 4096, 7324.000000, 1416672, 1447520, 25696
malloc, 8192, 8861.000000, 1424864, 1463968, 25760
malloc, 32, 7018.000000, 1424928, 1463968, 25760
malloc, 64, 6682.000000, 1425024, 1463968, 25760
malloc, 128, 6671.000000, 1425152, 1463968, 25792
malloc, 256, 6731.000000, 1425408, 1463968, 25824
malloc, 512, 6776.000000, 1425920, 1463968, 25856
malloc, 1024, 6815.000000, 1426944, 1463968, 25888
malloc, 2048, 6830.000000, 1428992, 1463968, 25920
malloc, 4096, 7394.000000, 1433088, 1463968, 25952
malloc, 8192, 9064.000000, 1441280, 1480416, 26016
malloc, 32, 7215.000000, 1441312, 1480416, 26048
malloc, 64, 6765.000000, 1441376, 1480416, 26080
malloc, 128, 6849.000000, 1441504, 1480416, 26112
malloc, 256, 6806.000000, 1441760, 1480416, 26144
malloc, 512, 6869.000000, 1442272, 1480416, 26176
malloc, 1024, 6889.000000, 1443296, 1480416, 26208
malloc, 2048, 6868.000000, 1445344, 1480416, 26240
malloc, 4096, 7425.000000, 1449440, 1480416, 26272
malloc, 8192, 9996.000000, 1457632, 1496864, 26336
malloc, 32, 7248.000000, 1457696, 1496864, 26336
malloc, 64, 6856.000000, 1457792, 1496864, 26336
malloc, 128, 7023.000000, 1457920, 1496864, 26368
malloc, 256, 6823.000000, 1458176, 1496864, 26400
malloc, 512, 7011.000000, 1458688, 1496864, 26432
malloc, 1024, 7125.000000, 1459712, 1496864, 26464
malloc, 2048, 8078.000000, 1461760, 1496864, 26496
malloc, 4096, 8084.000000, 1465856, 1496864, 26528
malloc, 8192, 9592.000000, 1474048, 1513312, 26592
malloc, 32, 7554.000000, 1474080, 1513312, 26624
malloc, 64, 7046.000000, 1474144, 1513312, 26656
malloc, 128, 6861.000000, 1474272, 1513312, 26688
malloc, 256, 6801.000000, 1474528, 1513312, 26720
malloc, 512, 7125.000000, 1475040, 1513312, 26752
malloc, 1024, 7147.000000, 1476064, 1513312, 26784
malloc, 2048, 7077.000000, 1478112, 1513312, 26816
malloc, 4096, 7787.000000, 1482208, 1513312, 26848
malloc, 8192, 10253.000000, 1490400, 1529760, 26912
malloc, 32, 16135.000000, 1490432, 1529760, 26944
malloc, 64, 8087.000000, 1490496, 1529760, 26976
malloc, 128, 7106.000000, 1490624, 1529760, 27008
malloc, 256, 6974.000000, 1490880, 1529760, 27040
malloc, 512, 7187.000000, 1491392, 1529760, 27072
malloc, 1024, 7211.000000, 1492416, 1529760, 27104
malloc, 2048, 7216.000000, 1494464, 1529760, 27136
malloc, 4096, 8226.000000, 1498560, 1529760, 27168
malloc, 8192, 10161.000000, 1506752, 1546208, 27232
malloc, 32, 8404.000000, 1506784, 1546208, 27264
malloc, 64, 7327.000000, 1506880, 1546208, 27264
malloc, 128, 7173.000000, 1507008, 1546208, 27296
malloc, 256, 7174.000000, 1507264, 1546208, 27328
malloc, 512, 7433.000000, 1507776, 1546208, 27360
malloc, 1024, 7482.000000, 1508800, 1546208, 27392
malloc, 2048, 7391.000000, 1510848, 1546208, 27424
malloc, 4096, 8181.000000, 1514944, 1546208, 27456
malloc, 8192, 9703.000000, 1523136, 1562656, 27520
malloc, 32, 7626.000000, 1523168, 1562656, 27552
malloc, 64, 7352.000000, 1523232, 1562656, 27584
malloc, 128, 7317.000000, 1523360, 1562656, 27616
malloc, 256, 7348.000000, 1523616, 1562656, 27648
malloc, 512, 7560.000000, 1524128, 1562656, 27680
malloc, 1024, 7547.000000, 1525152, 1562656, 27712
malloc, 2048, 7438.000000, 1527200, 1562656, 27744
malloc, 4096, 9072.000000, 1531296, 1562656, 27776
malloc, 8192, 9741.000000, 1539488, 1579104, 27840
malloc, 32, 7763.000000, 1539552, 1579104, 27840
malloc, 64, 7196.000000, 1539648, 1579104, 27840
malloc, 128, 7271.000000, 1539776, 1579104, 27872
malloc, 256, 8262.000000, 1540032, 1579104, 27904
malloc, 512, 8338.000000, 1540544, 1579104, 27936
malloc, 1024, 7779.000000, 1541568, 1579104, 27968
malloc, 2048, 7549.000000, 1543616, 1579104, 28000
malloc, 4096, 8280.000000, 1547712, 1579104, 28032
malloc, 8192, 10161.000000, 1555904, 1595552, 28096
malloc, 32, 7963.000000, 1555936, 1595552, 28128
malloc, 64, 7481.000000, 1556000, 1595552, 28160
malloc, 128, 7500.000000, 1556128, 1595552, 28192
malloc, 256, 7496.000000, 1556384, 1595552, 28224
malloc, 512, 7714.000000, 1556896, 1595552, 28256
malloc, 1024, 7811.000000, 1557920, 1595552, 28288
malloc, 2048, 7702.000000, 1559968, 1595552, 28320
malloc, 4096, 8281.000000, 1564064, 1595552, 28352
malloc, 8192, 44104.000000, 1572256, 1612000, 28416
malloc, 32, 8483.000000, 1572320, 1612000, 28416
malloc, 64, 7719.000000, 1572416, 1612000, 28416
malloc, 128, 7674.000000, 1572544, 1612000, 28448
malloc, 256, 7654.000000, 1572800, 1612000, 28480
malloc, 512, 7784.000000, 1573312, 1612000, 28512
malloc, 1024, 7996.000000, 1574336, 1612000, 28544
malloc, 2048, 7854.000000, 1576384, 1612000, 28576
malloc, 4096, 8473.000000, 1580480, 1612000, 28608
malloc, 8192, 10051.000000, 1588672, 1628448, 28672
malloc, 32, 8171.000000, 1588704, 1628448, 28704
malloc, 64, 7742.000000, 1588768, 1628448, 28736
malloc, 128, 7734.000000, 1588896, 1628448, 28768
malloc, 256, 7730.000000, 1589152, 1628448, 28800
malloc, 512, 7904.000000, 1589664, 1628448, 28832
malloc, 1024, 7989.000000, 1590688, 1628448, 28864
malloc, 2048, 7863.000000, 1592736, 1628448, 28896
malloc, 4096, 9754.000000, 1596832, 1628448, 28928
malloc, 8192, 10231.000000, 1605024, 1644896, 28992
malloc, 32, 8258.000000, 1605088, 1644896, 28992
malloc, 64, 7735.000000, 1605184, 1644896, 28992
malloc, 128, 7782.000000, 1605312, 1644896, 29024
malloc, 256, 7707.000000, 1605568, 1644896, 29056
malloc, 512, 7964.000000, 1606112, 1644896, 29056
malloc, 1024, 8061.000000, 1607136, 1644896, 29088
malloc, 2048, 7941.000000, 1609184, 1644896, 29120
malloc, 4096, 8503.000000, 1613280, 1644896, 29152
malloc, 8192, 10236.000000, 1621472, 1661344, 29216
malloc, 32, 8553.000000, 1621504, 1661344, 29248
malloc, 64, 7918.000000, 1621568, 1661344, 29280
malloc, 128, 7840.000000, 1621696, 1661344, 29312
malloc, 256, 7822.000000, 1621952, 1661344, 29344
malloc, 512, 8034.000000, 1622464, 1661344, 29376
malloc, 1024, 8125.000000, 1623488, 1661344, 29408
malloc, 2048, 8107.000000, 1625536, 1661344, 29440
malloc, 4096, 8596.000000, 1629632, 1661344, 29472
malloc, 8192, 10236.000000, 1637824, 1677792, 29536
malloc, 32, 8339.000000, 1637856, 1677792, 29568
malloc, 64, 7911.000000, 1637920, 1677792, 29600
malloc, 128, 7937.000000, 1638080, 1677792, 29600
malloc, 256, 7859.000000, 1638336, 1677792, 29632
malloc, 512, 8200.000000, 1638848, 1677792, 29664
malloc, 1024, 8165.000000, 1639872, 1677792, 29696
malloc, 2048, 8183.000000, 1641920, 1677792, 29728
malloc, 4096, 8580.000000, 1646016, 1677792, 29760
malloc, 8192, 10318.000000, 1654208, 1694240, 29824
malloc, 32, 9300.000000, 1654240, 1694240, 29856
malloc, 64, 8227.000000, 1654304, 1694240, 29888
malloc, 128, 8069.000000, 1654432, 1694240, 29920
malloc, 256, 8057.000000, 1654688, 1694240, 29952
malloc, 512, 8348.000000, 1655200, 1694240, 29984
malloc, 1024, 8192.000000, 1656224, 1694240, 30016
malloc, 2048, 8169.000000, 1658272, 1694240, 30048
malloc, 4096, 8699.000000, 1662368, 1694240, 30080
malloc, 8192, 11346.000000, 1670560, 1710688, 30144
malloc, 32, 8612.000000, 1670592, 1710688, 30176
malloc, 64, 8210.000000, 1670688, 1710688, 30176
malloc, 128, 8189.000000, 1670816, 1710688, 30208
malloc, 256, 8166.000000, 1671072, 1710688, 30240
malloc, 512, 8324.000000, 1671584, 1710688, 30272
malloc, 1024, 8294.000000, 1672608, 1710688, 30304
malloc, 2048, 8330.000000, 1674656, 1710688, 30336
malloc, 4096, 8833.000000, 1678752, 1710688, 30368
malloc, 8192, 10528.000000, 1686944, 1727136, 30432
malloc, 32, 8571.000000, 1687008, 1727136, 30432
malloc, 64, 8247.000000, 1687072, 1727136, 30464
malloc, 128, 11554.000000, 1687200, 1727136, 30496
malloc, 256, 8654.000000, 1687456, 1727136, 30528
malloc, 512, 8645.000000, 1687968, 1727136, 30560
malloc, 1024, 8353.000000, 1688992, 1727136, 30592
malloc, 2048, 8463.000000, 1691040, 1727136, 30624
malloc, 4096, 9077.000000, 1695136, 1727136, 30656
malloc, 8192, 10852.000000, 1703328, 1743584, 30720
malloc, 32, 8804.000000, 1703360, 1743584, 30752
malloc, 64, 8288.000000, 1703424, 1743584, 30784
malloc, 128, 8505.000000, 1703552, 1743584, 30816
malloc, 256, 8439.000000, 1703808, 1743584, 30848
malloc, 512, 8700.000000, 1704320, 1743584, 30880
malloc, 1024, 8688.000000, 1705344, 1743584, 30912
malloc, 2048, 8724.000000, 1707392, 1743584, 30944
malloc, 4096, 9146.000000, 1711488, 1743584, 30976
malloc, 8192, 10627.000000, 1719680, 1760032, 31040
malloc, 32, 8833.000000, 1719744, 1760032, 31040
malloc, 64, 8433.000000, 1719840, 1760032, 31040
malloc, 128, 8454.000000, 1719968, 1760032, 31072
malloc, 256, 8446.000000, 1720224, 1760032, 31104
malloc, 512, 8734.000000, 1720736, 1760032, 31136
malloc, 1024, 8622.000000, 1721760, 1760032, 31168
malloc, 2048, 8698.000000, 1723808, 1760032, 31200
malloc, 4096, 9273.000000, 1727904, 1760032, 31232
malloc, 8192, 10741.000000, 1736096, 1776480, 31296
malloc, 32, 9046.000000, 1736160, 1776480, 31296
malloc, 64, 8605.000000, 1736256, 1776480, 31296
malloc, 128, 8542.000000, 1736384, 1776480, 31328
malloc, 256, 8612.000000, 1736640, 1776480, 31360
malloc, 512, 8896.000000, 1737152, 1776480, 31392
malloc, 1024, 8688.000000, 1738176, 1776480, 31424
malloc, 2048, 9594.000000, 1740224, 1776480, 31456
malloc, 4096, 12383.000000, 1744320, 1784736, 31520
malloc, 8192, 11409.000000, 1752512, 1801184, 31584
malloc, 32, 9981.000000, 1752544, 1801184, 31616
malloc, 64, 8845.000000, 1752608, 1801184, 31648
malloc, 128, 8691.000000, 1752736, 1801184, 31680
malloc, 256, 8588.000000, 1752992, 1801184, 31712
malloc, 512, 8869.000000, 1753504, 1801184, 31744
malloc, 1024, 8790.000000, 1754528, 1801184, 31776
malloc, 2048, 8945.000000, 1756576, 1801184, 31808
malloc, 4096, 9424.000000, 1760672, 1801184, 31840
malloc, 8192, 10987.000000, 1768864, 1817632, 31904
malloc, 32, 9230.000000, 1768896, 1817632, 31936
malloc, 64, 8831.000000, 1768960, 1817632, 31968
malloc, 128, 8760.000000, 1769088, 1817632, 32000
malloc, 256, 8610.000000, 1769344, 1817632, 32032
malloc, 512, 8944.000000, 1769856, 1817632, 32064
malloc, 1024, 8916.000000, 1770880, 1817632, 32096
malloc, 2048, 8982.000000, 1772928, 1817632, 32128
malloc, 4096, 9576.000000, 1777024, 1817632, 32160
malloc, 8192, 11150.000000, 1785216, 1834080, 32224
malloc, 32, 9226.000000, 1785248, 1834080, 32256
malloc, 64, 8890.000000, 1785312, 1834080, 32288
malloc, 128, 8807.000000, 1785440, 1834080, 32320
malloc, 256, 8806.000000, 1785696, 1834080, 32352
malloc, 512, 9031.000000, 1786208, 1834080, 32384
malloc, 1024, 9060.000000, 1787232, 1834080, 32416
malloc, 2048, 9184.000000, 1789280, 1834080, 32448
malloc, 4096, 9632.000000, 1793376, 1834080, 32480
malloc, 8192, 11179.000000, 1801568, 1850528, 32544
malloc, 32, 9275.000000, 1801600, 1850528, 32576
malloc, 64, 8839.000000, 1801696, 1850528, 32576
malloc, 128, 8840.000000, 1801824, 1850528, 32608
malloc, 256, 8969.000000, 1802080, 1850528, 32640
malloc, 512, 9116.000000, 1802592, 1850528, 32672
malloc, 1024, 9248.000000, 1803616, 1850528, 32704
malloc, 2048, 10328.000000, 1805664, 1850528, 32736
malloc, 4096, 10354.000000, 1809760, 1850528, 32768
malloc, 8192, 12621.000000, 1817952, 1866976, 32832
malloc, 32, 9662.000000, 1817984, 1866976, 32864
malloc, 64, 9016.000000, 1818048, 1866976, 32896
malloc, 128, 9095.000000, 1818176, 1866976, 32928
malloc, 256, 9042.000000, 1818432, 1866976, 32960
malloc, 512, 9276.000000, 1818944, 1866976, 32992
malloc, 1024, 9268.000000, 1819968, 1866976, 33024
malloc, 2048, 9331.000000, 1822016, 1866976, 33056
malloc, 4096, 9992.000000, 1826112, 1866976, 33088
malloc, 8192, 11501.000000, 1834304, 1883424, 33152
malloc, 32, 10425.000000, 1834336, 1883424, 33184
malloc, 64, 9206.000000, 1834432, 1883424, 33184
malloc, 128, 9203.000000, 1834560, 1883424, 33216
malloc, 256, 9986.000000, 1834816, 1883424, 33248
malloc, 512, 9631.000000, 1835328, 1883424, 33280
malloc, 1024, 10247.000000, 1836352, 1883424, 33312
malloc, 2048, 9639.000000, 1838400, 1883424, 33344
malloc, 4096, 10037.000000, 1842496, 1883424, 33376
malloc, 8192, 12061.000000, 1850688, 1899872, 33440
malloc, 32, 9755.000000, 1850720, 1899872, 33472
malloc, 64, 9325.000000, 1850784, 1899872, 33504
malloc, 128, 9115.000000, 1850912, 1899872, 33536
malloc, 256, 9200.000000, 1851168, 1899872, 33568
malloc, 512, 9531.000000, 1851680, 1899872, 33600
malloc, 1024, 9310.000000, 1852704, 1899872, 33632
malloc, 2048, 9497.000000, 1854752, 1899872, 33664
malloc, 4096, 10026.000000, 1858848, 1899872, 33696
malloc, 8192, 11574.000000, 1867040, 1916320, 33760
malloc, 32, 9730.000000, 1867104, 1916320, 33760
malloc, 64, 9398.000000, 1867200, 1916320, 33760
malloc, 128, 9397.000000, 1867328, 1916320, 33792
malloc, 256, 11827.000000, 1867584, 1916320, 33824
malloc, 512, 11382.000000, 1868096, 1916320, 33856
malloc, 1024, 11438.000000, 1869120, 1916320, 33888
malloc, 2048, 10426.000000, 1871168, 1916320, 33920
malloc, 4096, 11051.000000, 1875264, 1916320, 33952
malloc, 8192, 14126.000000, 1883456, 1932768, 34016
malloc, 32, 10104.000000, 1883488, 1932768, 34048
malloc, 64, 9643.000000, 1883552, 1932768, 34080
malloc, 128, 9569.000000, 1883680, 1932768, 34112
malloc, 256, 9500.000000, 1883936, 1932768, 34144
malloc, 512, 9694.000000, 1884448, 1932768, 34176
malloc, 1024, 9604.000000, 1885472, 1932768, 34208
malloc, 2048, 9677.000000, 1887520, 1932768, 34240
malloc, 4096, 10264.000000, 1891616, 1932768, 34272
malloc, 8192, 11975.000000, 1899808, 1949216, 34336
malloc, 32, 9988.000000, 1899872, 1949216, 34336
malloc, 64, 9645.000000, 1899968, 1949216, 34336
malloc, 128, 9652.000000, 1900096, 1949216, 34368
malloc, 256, 9620.000000, 1900352, 1949216, 34400
malloc, 512, 9694.000000, 1900896, 1949216, 34400
malloc, 1024, 9639.000000, 1901920, 1949216, 34432
malloc, 2048, 9790.000000, 1903968, 1949216, 34464
malloc, 4096, 10247.000000, 1908064, 1949216, 34496
malloc, 8192, 11922.000000, 1916256, 1965664, 34560
malloc, 32, 10122.000000, 1916288, 1965664, 34592
malloc, 64, 9817.000000, 1916352, 1965664, 34624
malloc, 128, 9591.000000, 1916480, 1965664, 34656
malloc, 256, 9734.000000, 1916736, 1965664, 34688
malloc, 512, 9889.000000, 1917248, 1965664, 34720
malloc, 1024, 9909.000000, 1918272, 1965664, 34752
malloc, 2048, 10029.000000, 1920320, 1965664, 34784
malloc, 4096, 10621.000000, 1924416, 1965664, 34816
malloc, 8192, 12150.000000, 1932608, 1982112, 34880
malloc, 32, 10328.000000, 1932640, 1982112, 34912
malloc, 64, 9930.000000, 1932704, 1982112, 34944
malloc, 128, 9914.000000, 1932864, 1982112, 34944
malloc, 256, 9947.000000, 1933120, 1982112, 34976
malloc, 512, 9883.000000, 1933632, 1982112, 35008
malloc, 1024, 10033.000000, 1934656, 1982112, 35040
malloc, 2048, 10037.000000, 1936704, 1982112, 35072
malloc, 4096, 10523.000000, 1940800, 1982112, 35104
malloc, 8192, 12089.000000, 1948992, 1998560, 35168
malloc, 32, 11133.000000, 1949024, 1998560, 35200
malloc, 64, 10147.000000, 1949088, 1998560, 35232
malloc, 128, 9877.000000, 1949216, 1998560, 35264
malloc, 256, 9866.000000, 1949472, 1998560, 35296
malloc, 512, 9996.000000, 1949984, 1998560, 35328
malloc, 1024, 10049.000000, 1951008, 1998560, 35360
malloc, 2048, 10194.000000, 1953056, 1998560, 35392
malloc, 4096, 11441.000000, 1957152, 1998560, 35424
malloc, 8192, 12384.000000, 1965344, 2015008, 35488
malloc, 32, 10322.000000, 1965376, 2015008, 35520
malloc, 64, 10143.000000, 1965472, 2015008, 35520
malloc, 128, 9992.000000, 1965600, 2015008, 35552
malloc, 256, 9932.000000, 1965856, 2015008, 35584
malloc, 512, 10160.000000, 1966368, 2015008, 35616
malloc, 1024, 10087.000000, 1967392, 2015008, 35648
malloc, 2048, 10186.000000, 1969440, 2015008, 35680
malloc, 4096, 10646.000000, 1973536, 2015008, 35712
malloc, 8192, 12274.000000, 1981728, 2031456, 35776
malloc, 32, 10251.000000, 1981792, 2031456, 35776
malloc, 64, 10087.000000, 1981856, 2031456, 35808
malloc, 128, 10033.000000, 1981984, 2031456, 35840
malloc, 256, 10083.000000, 1982240, 2031456, 35872
malloc, 512, 10348.000000, 1982752, 2031456, 35904
malloc, 1024, 10358.000000, 1983776, 2031456, 35936
malloc, 2048, 10247.000000, 1985824, 2031456, 35968
malloc, 4096, 10685.000000, 1989920, 2031456, 36000
malloc, 8192, 12363.000000, 1998112, 2047904, 36064
malloc, 32, 10554.000000, 1998144, 2047904, 36096
malloc, 64, 10127.000000, 1998208, 2047904, 36128
malloc, 128, 10158.000000, 1998336, 2047904, 36160
malloc, 256, 10136.000000, 1998592, 2047904, 36192
malloc, 512, 10309.000000, 1999104, 2047904, 36224
malloc, 1024, 10410.000000, 2000128, 2047904, 36256
malloc, 2048, 10393.000000, 2002176, 2047904, 36288
malloc, 4096, 10885.000000, 2006272, 2047904, 36320
malloc, 8192, 12458.000000, 2014464, 2064352, 36384
malloc, 32, 10496.000000, 2014528, 2064352, 36384
malloc, 64, 10182.000000, 2014624, 2064352, 36384
malloc, 128, 10093.000000, 2014752, 2064352, 36416
malloc, 256, 10276.000000, 2015008, 2064352, 36448
malloc, 512, 10341.000000, 2015520, 2064352, 36480
malloc, 1024, 10337.000000, 2016544, 2064352, 36512
malloc, 2048, 10330.000000, 2018592, 2064352, 36544
malloc, 4096, 10996.000000, 2022688, 2064352, 36576
malloc, 8192, 12590.000000, 2030880, 2080800, 36640
malloc, 32, 10708.000000, 2030944, 2080800, 36640
malloc, 64, 10206.000000, 2031040, 2080800, 36640
malloc, 128, 10271.000000, 2031168, 2080800, 36672
malloc, 256, 10342.000000, 2031424, 2080800, 36704
malloc, 512, 10520.000000, 2031936, 2080800, 36736
malloc, 1024, 13840.000000, 2032960, 2080800, 36768
malloc, 2048, 10739.000000, 2035008, 2080800, 36800
malloc, 4096, 12149.000000, 2039104, 2080800, 36832
malloc, 8192, 12915.000000, 2047296, 2097248, 36896
malloc, 32, 11703.000000, 2047328, 2097248, 36928
malloc, 64, 10710.000000, 2047392, 2097248, 36960
malloc, 128, 10422.000000, 2047520, 2097248, 36992
malloc, 256, 10606.000000, 2047776, 2097248, 37024
malloc, 512, 10812.000000, 2048288, 2097248, 37056
malloc, 1024, 10721.000000, 2049312, 2097248, 37088
malloc, 2048, 10806.000000, 2051360, 2097248, 37120
malloc, 4096, 11189.000000, 2055456, 2097248, 37152
malloc, 8192, 12693.000000, 2063648, 2113696, 37216
malloc, 32, 10837.000000, 2063680, 2113696, 37248
malloc, 64, 10539.000000, 2063744, 2113696, 37280
malloc, 128, 10469.000000, 2063872, 2113696, 37312
malloc, 256, 10520.000000, 2064128, 2113696, 37344
malloc, 512, 10925.000000, 2064640, 2113696, 37376
malloc, 1024, 10796.000000, 2065664, 2113696, 37408
malloc, 2048, 10872.000000, 2067712, 2113696, 37440
malloc, 4096, 11243.000000, 2071808, 2113696, 37472
malloc, 8192, 12939.000000, 2080000, 2130144, 37536
malloc, 32, 10819.000000, 2080032, 2130144, 37568
malloc, 64, 10668.000000, 2080096, 2130144, 37600
malloc, 128, 10518.000000, 2080256, 2130144, 37600
malloc, 256, 10619.000000, 2080512, 2130144, 37632
malloc, 512, 10819.000000, 2081024, 2130144, 37664
malloc, 1024, 11885.000000, 2082048, 2130144, 37696
malloc, 2048, 11379.000000, 2084096, 2130144, 37728
malloc, 4096, 11555.000000, 2088192, 2130144, 37760
malloc, 8192, 13167.000000, 2096384, 2146592, 37824
malloc, 32, 11926.000000, 2096416, 2146592, 37856
malloc, 64, 10935.000000, 2096480, 2146592, 37888
malloc, 128, 10718.000000, 2096608, 2146592, 37920
malloc, 256, 10767.000000, 2096864, 2146592, 37952
malloc, 512, 11081.000000, 2097376, 2146592, 37984
malloc, 1024, 10936.000000, 2098400, 2146592, 38016
malloc, 2048, 11050.000000, 2100448, 2146592, 38048
malloc, 4096, 11511.000000, 2104544, 2146592, 38080
malloc, 8192, 13933.000000, 2112736, 2163040, 38144
malloc, 32, 11259.000000, 2112768, 2163040, 38176
malloc, 64, 10910.000000, 2112864, 2163040, 38176
malloc, 128, 10805.000000, 2112992, 2163040, 38208
malloc, 256, 10923.000000, 2113248, 2163040, 38240
malloc, 512, 11161.000000, 2113760, 2163040, 38272
malloc, 1024, 11055.000000, 2114784, 2163040, 38304
malloc, 2048, 11124.000000, 2116832, 2163040, 38336
malloc, 4096, 11628.000000, 2120928, 2163040, 38368
malloc, 8192, 13086.000000, 2129120, 2179488, 38432
malloc, 32, 11150.000000, 2129184, 2179488, 38432
malloc, 64, 11053.000000, 2129248, 2179488, 38464
malloc, 128, 10958.000000, 2129376, 2179488, 38496
malloc, 256, 10918.000000, 2129632, 2179488, 38528
malloc, 512, 12160.000000, 2130144, 2179488, 38560
malloc, 1024, 11272.000000, 2131168, 2179488, 38592
malloc, 2048, 11244.000000, 2133216, 2179488, 38624
malloc, 4096, 11873.000000, 2137312, 2179488, 38656
malloc, 8192, 13405.000000, 2145504, 2195936, 38720
malloc, 32, 11294.000000, 2145536, 2195936, 38752
malloc, 64, 11056.000000, 2145600, 2195936, 38784
malloc, 128, 11004.000000, 2145728, 2195936, 38816
malloc, 256, 11175.000000, 2145984, 2195936, 38848
malloc, 512, 11421.000000, 2146496, 2195936, 38880
malloc, 1024, 11349.000000, 2147520, 2195936, 38912
malloc, 2048, 11358.000000, 2149568, 2195936, 38944
malloc, 4096, 11795.000000, 2153664, 2195936, 38976
malloc, 8192, 13221.000000, 2161856, 2212384, 39040
malloc, 32, 11302.000000, 2161920, 2212384, 39040
malloc, 64, 11135.000000, 2162016, 2212384, 39040
malloc, 128, 11093.000000, 2162144, 2212384, 39072
malloc, 256, 11242.000000, 2162400, 2212384, 39104
malloc, 512, 11491.000000, 2162912, 2212384, 39136
malloc, 1024, 11511.000000, 2163936, 2212384, 39168
malloc, 2048, 11415.000000, 2165984, 2212384, 39200
malloc, 4096, 11977.000000, 2170080, 2212384, 39232
malloc, 8192, 14432.000000, 2178272, 2228832, 39296
malloc, 32, 11564.000000, 2178336, 2228832, 39296
malloc, 64, 11298.000000, 2178432, 2228832, 39296
malloc, 128, 11196.000000, 2178560, 2228832, 39328
malloc, 256, 11351.000000, 2178816, 2228832, 39360
malloc, 512, 11500.000000, 2179328, 2228832, 39392
malloc, 1024, 11496.000000, 2180352, 2228832, 39424
malloc, 2048, 11464.000000, 2182400, 2228832, 39456
malloc, 4096, 14774.000000, 2186496, 2228832, 39488
malloc, 8192, 14557.000000, 2194688, 2245280, 39552
malloc, 32, 12692.000000, 2194720, 2245280, 39584
malloc, 64, 11620.000000, 2194784, 2245280, 39616
malloc, 128, 11605.000000, 2194912, 2245280, 39648
malloc, 256, 11445.000000, 2195168, 2245280, 39680
malloc, 512, 11727.000000, 2195680, 2245280, 39712
malloc, 1024, 12057.000000, 2196704, 2245280, 39744
malloc, 2048, 11721.000000, 2198752, 2245280, 39776
malloc, 4096, 12159.000000, 2202848, 2245280, 39808
malloc, 8192, 13690.000000, 2211040, 2261728, 39872
malloc, 32, 11949.000000, 2211072, 2261728, 39904
malloc, 64, 11453.000000, 2211136, 2261728, 39936
malloc, 128, 11529.000000, 2211264, 2261728, 39968
malloc, 256, 11789.000000, 2211520, 2261728, 40000
malloc, 512, 11718.000000, 2212032, 2261728, 40032
malloc, 1024, 11766.000000, 2213056, 2261728, 40064
malloc, 2048, 11725.000000, 2215104, 2261728, 40096
malloc, 4096, 12341.000000, 2219200, 2261728, 40128
malloc, 8192, 13819.000000, 2227392, 2278176, 40192
malloc, 32, 11806.000000, 2227424, 2278176, 40224
malloc, 64, 11540.000000, 2227520, 2278176, 40224
malloc, 128, 11672.000000, 2227648, 2278176, 40256
malloc, 256, 11667.000000, 2227904, 2278176, 40288
malloc, 512, 12004.000000, 2228416, 2278176, 40320
malloc, 1024, 11920.000000, 2229440, 2278176, 40352
malloc, 2048, 11789.000000, 2231488, 2278176, 40384
malloc, 4096, 12418.000000, 2235584, 2278176, 40416
malloc, 8192, 13902.000000, 2243776, 2294624, 40480
malloc, 32, 11905.000000, 2243840, 2294624, 40480
malloc, 64, 11648.000000, 2243904, 2294624, 40512
malloc, 128, 11679.000000, 2244032, 2294624, 40544
malloc, 256, 11797.000000, 2244288, 2294624, 40576
malloc, 512, 12010.000000, 2244800, 2294624, 40608
malloc, 1024, 11920.000000, 2245824, 2294624, 40640
malloc, 2048, 12037.000000, 2247872, 2294624, 40672
malloc, 4096, 12514.000000, 2251968, 2294624, 40704
malloc, 8192, 14919.000000, 2260160, 2311072, 40768
malloc, 32, 12095.000000, 2260192, 2311072, 40800
malloc, 64, 11738.000000, 2260288, 2311072, 40800
malloc, 128, 11858.000000, 2260416, 2311072, 40832
malloc, 256, 12619.000000, 2260672, 2311072, 40864
malloc, 512, 12330.000000, 2261184, 2311072, 40896
malloc, 1024, 12038.000000, 2262208, 2311072, 40928
malloc, 2048, 12072.000000, 2264256, 2311072, 40960
malloc, 4096, 12571.000000, 2268352, 2311072, 40992
malloc, 8192, 14019.000000, 2276544, 2327520, 41056
malloc, 32, 12088.000000, 2276608, 2327520, 41056
malloc, 64, 11900.000000, 2276672, 2327520, 41088
malloc, 128, 11911.000000, 2276800, 2327520, 41120
malloc, 256, 11812.000000, 2277056, 2327520, 41152
malloc, 512, 12076.000000, 2277568, 2327520, 41184
malloc, 1024, 12236.000000, 2278592, 2327520, 41216
malloc, 2048, 12075.000000, 2280640, 2327520, 41248
malloc, 4096, 12729.000000, 2284736, 2327520, 41280
malloc, 8192, 14238.000000, 2292928, 2343968, 41344
malloc, 32, 12476.000000, 2292960, 2343968, 41376
malloc, 64, 12076.000000, 2293056, 2343968, 41376
malloc, 128, 11989.000000, 2293184, 2343968, 41408
malloc, 256, 11937.000000, 2293440, 2343968, 41440
malloc, 512, 12235.000000, 2293952, 2343968, 41472
malloc, 1024, 12367.000000, 2294976, 2343968, 41504
malloc, 2048, 12273.000000, 2297024, 2343968, 41536
malloc, 4096, 12795.000000, 2301120, 2343968, 41568
malloc, 8192, 14148.000000, 2309312, 2360416, 41632
malloc, 32, 12415.000000, 2309376, 2360416, 41632
malloc, 64, 12186.000000, 2309440, 2360416, 41664
malloc, 128, 12176.000000, 2309568, 2360416, 41696
malloc, 256, 12059.000000, 2309824, 2360416, 41728
malloc, 512, 12418.000000, 2310336, 2360416, 41760
malloc, 1024, 12326.000000, 2311360, 2360416, 41792
malloc, 2048, 13215.000000, 2313408, 2360416, 41824
malloc, 4096, 14959.000000, 2317504, 2368672, 41888
malloc, 8192, 15543.000000, 2325696, 2385120, 41952
malloc, 32, 12600.000000, 2325728, 2385120, 41984
malloc, 64, 12216.000000, 2325824, 2385120, 41984
malloc, 128, 12108.000000, 2325952, 2385120, 42016
malloc, 256, 12263.000000, 2326208, 2385120, 42048
malloc, 512, 16583.000000, 2326720, 2385120, 42080
malloc, 1024, 13014.000000, 2327744, 2385120, 42112
malloc, 2048, 12511.000000, 2329792, 2385120, 42144
malloc, 4096, 13267.000000, 2333888, 2385120, 42176
malloc, 8192, 14909.000000, 2342080, 2401568, 42240
malloc, 32, 12636.000000, 2342144, 2401568, 42240
malloc, 64, 12300.000000, 2342208, 2401568, 42272
malloc, 128, 12213.000000, 2342336, 2401568, 42304
malloc, 256, 12230.000000, 2342592, 2401568, 42336
malloc, 512, 12376.000000, 2343104, 2401568, 42368
malloc, 1024, 12557.000000, 2344128, 2401568, 42400
malloc, 2048, 12508.000000, 2346176, 2401568, 42432
malloc, 4096, 13100.000000, 2350272, 2401568, 42464
malloc, 8192, 14379.000000, 2358464, 2418016, 42528
malloc, 32, 12856.000000, 2358496, 2418016, 42560
malloc, 64, 12393.000000, 2358560, 2418016, 42592
malloc, 128, 12247.000000, 2358688, 2418016, 42624
malloc, 256, 12189.000000, 2358944, 2418016, 42656
malloc, 512, 12406.000000, 2359456, 2418016, 42688
malloc, 1024, 12750.000000, 2360480, 2418016, 42720
malloc, 2048, 12739.000000, 2362528, 2418016, 42752
malloc, 4096, 13135.000000, 2366624, 2418016, 42784
malloc, 8192, 14757.000000, 2374816, 2434464, 42848
malloc, 32, 14136.000000, 2374848, 2434464, 42880
malloc, 64, 12670.000000, 2374912, 2434464, 42912
malloc, 128, 12262.000000, 2375072, 2434464, 42912
malloc, 256, 12350.000000, 2375328, 2434464, 42944
malloc, 512, 12635.000000, 2375840, 2434464, 42976
malloc, 1024, 12708.000000, 2376864, 2434464, 43008
malloc, 2048, 12664.000000, 2378912, 2434464, 43040
malloc, 4096, 13452.000000, 2383008, 2434464, 43072
malloc, 8192, 15119.000000, 2391200, 2450912, 43136
malloc, 32, 12739.000000, 2391232, 2450912, 43168
malloc, 64, 12488.000000, 2391296, 2450912, 43200
malloc, 128, 12240.000000, 2391424, 2450912, 43232
malloc, 256, 12345.000000, 2391680, 2450912, 43264
malloc, 512, 12727.000000, 2392192, 2450912, 43296
malloc, 1024, 12747.000000, 2393216, 2450912, 43328
malloc, 2048, 12823.000000, 2395264, 2450912, 43360
malloc, 4096, 13442.000000, 2399360, 2450912, 43392
malloc, 8192, 15844.000000, 2407552, 2467360, 43456
malloc, 32, 12989.000000, 2407616, 2467360, 43456
malloc, 64, 13499.000000, 2407680, 2467360, 43488
malloc, 128, 12675.000000, 2407808, 2467360, 43520
malloc, 256, 12569.000000, 2408064, 2467360, 43552
malloc, 512, 13070.000000, 2408576, 2467360, 43584
malloc, 1024, 12970.000000, 2409600, 2467360, 43616
malloc, 2048, 12991.000000, 2411648, 2467360, 43648
malloc, 4096, 13385.000000, 2415744, 2467360, 43680
malloc, 8192, 14874.000000, 2423936, 2483808, 43744
malloc, 32, 13984.000000, 2423968, 2483808, 43776
malloc, 64, 13494.000000, 2424032, 2483808, 43808
malloc, 128, 12844.000000, 2424160, 2483808, 43840
malloc, 256, 12734.000000, 2424416, 2483808, 43872
malloc, 512, 13069.000000, 2424928, 2483808, 43904
malloc, 1024, 12976.000000, 2425952, 2483808, 43936
malloc, 2048, 13134.000000, 2428000, 2483808, 43968
malloc, 4096, 14046.000000, 2432096, 2483808, 44000
malloc, 8192, 15251.000000, 2440288, 2500256, 44064
malloc, 32, 13220.000000, 2440320, 2500256, 44096
malloc, 64, 12744.000000, 2440384, 2500256, 44128
malloc, 128, 12844.000000, 2440512, 2500256, 44160
malloc, 256, 13047.000000, 2440768, 2500256, 44192
malloc, 512, 13310.000000, 2441280, 2500256, 44224
malloc, 1024, 13291.000000, 2442304, 2500256, 44256
malloc, 2048, 13172.000000, 2444352, 2500256, 44288
malloc, 4096, 13628.000000, 2448448, 2500256, 44320
malloc, 8192, 15095.000000, 2456640, 2516704, 44384
malloc, 32, 13214.000000, 2456704, 2516704, 44384
malloc, 64, 12929.000000, 2456800, 2516704, 44384
malloc, 128, 12734.000000, 2456928, 2516704, 44416
malloc, 256, 13035.000000, 2457184, 2516704, 44448
malloc, 512, 16436.000000, 2457696, 2516704, 44480
malloc, 1024, 14044.000000, 2458720, 2516704, 44512
malloc, 2048, 13479.000000, 2460768, 2516704, 44544
malloc, 4096, 14869.000000, 2464864, 2516704, 44576
malloc, 8192, 15694.000000, 2473056, 2533152, 44640
malloc, 32, 13420.000000, 2473120, 2533152, 44640
malloc, 64, 13011.000000, 2473216, 2533152, 44640
malloc, 128, 12918.000000, 2473344, 2533152, 44672
malloc, 256, 13068.000000, 2473600, 2533152, 44704
malloc, 512, 13419.000000, 2474112, 2533152, 44736
malloc, 1024, 13392.000000, 2475136, 2533152, 44768
malloc, 2048, 13592.000000, 2477184, 2533152, 44800
malloc, 4096, 13824.000000, 2481280, 2533152, 44832
malloc, 8192, 15291.000000, 2489472, 2549600, 44896
malloc, 32, 14488.000000, 2489504, 2549600, 44928
malloc, 64, 13390.000000, 2489568, 2549600, 44960
malloc, 128, 13300.000000, 2489696, 2549600, 44992
malloc, 256, 13196.000000, 2489952, 2549600, 45024
malloc, 512, 13569.000000, 2490464, 2549600, 45056
malloc, 1024, 13407.000000, 2491488, 2549600, 45088
malloc, 2048, 13550.000000, 2493536, 2549600, 45120
malloc, 4096, 13895.000000, 2497632, 2549600, 45152
malloc, 8192, 15365.000000, 2505824, 2566048, 45216
malloc, 32, 13642.000000, 2505856, 2566048, 45248
malloc, 64, 13284.000000, 2505920, 2566048, 45280
malloc, 128, 12995.000000, 2506048, 2566048, 45312
malloc, 256, 13309.000000, 2506304, 2566048, 45344
malloc, 512, 13543.000000, 2506816, 2566048, 45376
malloc, 1024, 13640.000000, 2507840, 2566048, 45408
malloc, 2048, 13595.000000, 2509888, 2566048, 45440
malloc, 4096, 14013.000000, 2513984, 2566048, 45472
malloc, 8192, 15603.000000, 2522176, 2582496, 45536
malloc, 32, 13582.000000, 2522208, 2582496, 45568
malloc, 64, 13356.000000, 2522304, 2582496, 45568
malloc, 128, 13266.000000, 2522432, 2582496, 45600
malloc, 256, 13457.000000, 2522688, 2582496, 45632
malloc, 512, 13841.000000, 2523200, 2582496, 45664
malloc, 1024, 13706.000000, 2524224, 2582496, 45696
malloc, 2048, 13675.000000, 2526272, 2582496, 45728
malloc, 4096, 14222.000000, 2530368, 2582496, 45760
malloc, 8192, 16548.000000, 2538560, 2598944, 45824
malloc, 32, 13679.000000, 2538624, 2598944, 45824
malloc, 64, 13359.000000, 2538688, 2598944, 45856
malloc, 128, 13436.000000, 2538816, 2598944, 45888
malloc, 256, 13545.000000, 2539072, 2598944, 45920
malloc, 512, 13895.000000, 2539584, 2598944, 45952
malloc, 1024, 13825.000000, 2540608, 2598944, 45984
malloc, 2048, 13843.000000, 2542656, 2598944, 46016
malloc, 4096, 14379.000000, 2546752, 2598944, 46048
malloc, 8192, 15727.000000, 2554944, 2615392, 46112
malloc, 32, 13889.000000, 2554976, 2615392, 46144
malloc, 64, 13534.000000, 2555072, 2615392, 46144
malloc, 128, 13402.000000, 2555200, 2615392, 46176
malloc, 256, 14322.000000, 2555456, 2615392, 46208
malloc, 512, 14068.000000, 2555968, 2615392, 46240
malloc, 1024, 14063.000000, 2556992, 2615392, 46272
malloc, 2048, 13830.000000, 2559040, 2615392, 46304
malloc, 4096, 14443.000000, 2563136, 2615392, 46336
malloc, 8192, 15876.000000, 2571328, 2631840, 46400
malloc, 32, 13890.000000, 2571392, 2631840, 46400
malloc, 64, 13741.000000, 2571456, 2631840, 46432
malloc, 128, 13470.000000, 2571584, 2631840, 46464
malloc, 256, 13690.000000, 2571840, 2631840, 46496
malloc, 512, 13950.000000, 2572352, 2631840, 46528
malloc, 1024, 14065.000000, 2573376, 2631840, 46560
malloc, 2048, 13929.000000, 2575424, 2631840, 46592
malloc, 4096, 14428.000000, 2579520, 2631840, 46624
malloc, 8192, 15866.000000, 2587712, 2648288, 46688
malloc, 32, 14082.000000, 2587744, 2648288, 46720
malloc, 64, 16037.000000, 2587840, 2648288, 46720
malloc, 128, 14200.000000, 2587968, 2648288, 46752
malloc, 256, 14087.000000, 2588224, 2648288, 46784
malloc, 512, 14126.000000, 2588736, 2648288, 46816
malloc, 1024, 14127.000000, 2589760, 2648288, 46848
malloc, 2048, 14185.000000, 2591808, 2648288, 46880
malloc, 4096, 14699.000000, 2595904, 2648288, 46912
malloc, 8192, 16252.000000, 2604096, 2664736, 46976
malloc, 32, 14129.000000, 2604160, 2664736, 46976
malloc, 64, 13948.000000, 2604224, 2664736, 47008
malloc, 128, 13771.000000, 2604352, 2664736, 47040
malloc, 256, 13949.000000, 2604608, 2664736, 47072
malloc, 512, 14256.000000, 2605120, 2664736, 47104
malloc, 1024, 14273.000000, 2606144, 2664736, 47136
malloc, 2048, 14295.000000, 2608192, 2664736, 47168
malloc, 4096, 14721.000000, 2612288, 2664736, 47200
malloc, 8192, 16989.000000, 2620480, 2681184, 47264
malloc, 32, 14276.000000, 2620512, 2681184, 47296
malloc, 64, 13985.000000, 2620608, 2681184, 47296
malloc, 128, 14038.000000, 2620736, 2681184, 47328
malloc, 256, 13884.000000, 2620992, 2681184, 47360
malloc, 512, 14323.000000, 2621504, 2681184, 47392
malloc, 1024, 15683.000000, 2622528, 2681184, 47424
malloc, 2048, 14768.000000, 2624576, 2681184, 47456
malloc, 4096, 15043.000000, 2628672, 2681184, 47488
malloc, 8192, 16521.000000, 2636864, 2697632, 47552
malloc, 32, 14242.000000, 2636928, 2697632, 47552
malloc, 64, 14117.000000, 2636992, 2697632, 47584
malloc, 128, 13979.000000, 2637120, 2697632, 47616
malloc, 256, 13971.000000, 2637376, 2697632, 47648
malloc, 512, 14391.000000, 2637888, 2697632, 47680
malloc, 1024, 14401.000000, 2638912, 2697632, 47712
malloc, 2048, 14566.000000, 2640960, 2697632, 47744
malloc, 4096, 14787.000000, 2645056, 2697632, 47776
malloc, 8192, 16307.000000, 2653248, 2714080, 47840
malloc, 32, 14544.000000, 2653280, 2714080, 47872
malloc, 64, 14230.000000, 2653344, 2714080, 47904
malloc, 128, 14037.000000, 2653472, 2714080, 47936
malloc, 256, 14115.000000, 2653728, 2714080, 47968
malloc, 512, 14480.000000, 2654240, 2714080, 48000
malloc, 1024, 14532.000000, 2655264, 2714080, 48032
malloc, 2048, 14571.000000, 2657312, 2714080, 48064
malloc, 4096, 14915.000000, 2661408, 2714080, 48096
malloc, 8192, 16395.000000, 2669600, 2730528, 48160
malloc, 32, 14512.000000, 2669632, 2730528, 48192
malloc, 64, 14130.000000, 2669728, 2730528, 48192
malloc, 128, 14048.000000, 2669856, 2730528, 48224
malloc, 256, 14260.000000, 2670112, 2730528, 48256
malloc, 512, 14453.000000, 2670624, 2730528, 48288
malloc, 1024, 14483.000000, 2671648, 2730528, 48320
malloc, 2048, 14818.000000, 2673696, 2730528, 48352
malloc, 4096, 14999.000000, 2677792, 2730528, 48384
malloc, 8192, 16390.000000, 2685984, 2746976, 48448
malloc, 32, 15324.000000, 2686016, 2746976, 48480
malloc, 64, 14528.000000, 2686080, 2746976, 48512
malloc, 128, 14476.000000, 2686208, 2746976, 48544
malloc, 256, 14452.000000, 2686464, 2746976, 48576
malloc, 512, 14766.000000, 2686976, 2746976, 48608
malloc, 1024, 14641.000000, 2688000, 2746976, 48640
malloc, 2048, 14812.000000, 2690048, 2746976, 48672
malloc, 4096, 16088.000000, 2694144, 2746976, 48704
malloc, 8192, 16744.000000, 2702336, 2763424, 48768
malloc, 32, 14721.000000, 2702368, 2763424, 48800
malloc, 64, 14420.000000, 2702464, 2763424, 48800
malloc, 128, 14305.000000, 2702592, 2763424, 48832
malloc, 256, 15564.000000, 2702848, 2763424, 48864
malloc, 512, 17797.000000, 2703360, 2763424, 48896
malloc, 1024, 15998.000000, 2704384, 2763424, 48928
malloc, 2048, 15173.000000, 2706432, 2763424, 48960
malloc, 4096, 15581.000000, 2710528, 2763424, 48992
malloc, 8192, 17984.000000, 2718720, 2779872, 49056
malloc, 32, 14988.000000, 2718784, 2779872, 49056
malloc, 64, 14492.000000, 2718848, 2779872, 49088
malloc, 128, 14423.000000, 2718976, 2779872, 49120
malloc, 256, 14503.000000, 2719232, 2779872, 49152
malloc, 512, 14819.000000, 2719744, 2779872, 49184
malloc, 1024, 15528.000000, 2720768, 2779872, 49216
malloc, 2048, 15004.000000, 2722816, 2779872, 49248
malloc, 4096, 15237.000000, 2726912, 2779872, 49280
malloc, 8192, 16818.000000, 2735104, 2796320, 49344
malloc, 32, 15019.000000, 2735136, 2796320, 49376
malloc, 64, 14613.000000, 2735232, 2796320, 49376
malloc, 128, 14522.000000, 2735360, 2796320, 49408
malloc, 256, 14661.000000, 2735616, 2796320, 49440
malloc, 512, 14860.000000, 2736128, 2796320, 49472
malloc, 1024, 14912.000000, 2737152, 2796320, 49504
malloc, 2048, 15041.000000, 2739200, 2796320, 49536
malloc, 4096, 15416.000000, 2743296, 2796320, 49568
malloc, 8192, 17049.000000, 2751488, 2812768, 49632
malloc, 32, 14975.000000, 2751552, 2812768, 49632
malloc, 64, 14638.000000, 2751616, 2812768, 49664
malloc, 128, 14526.000000, 2751744, 2812768, 49696
malloc, 256, 14761.000000, 2752000, 2812768, 49728
malloc, 512, 14977.000000, 2752512, 2812768, 49760
malloc, 1024, 14900.000000, 2753536, 2812768, 49792
malloc, 2048, 15035.000000, 2755584, 2812768, 49824
malloc, 4096, 16460.000000, 2759680, 2812768, 49856
malloc, 8192, 17116.000000, 2767872, 2829216, 49920
malloc, 32, 15278.000000, 2767904, 2829216, 49952
malloc, 64, 14871.000000, 2768000, 2829216, 49952
malloc, 128, 14649.000000, 2768128, 2829216, 49984
malloc, 256, 14870.000000, 2768384, 2829216, 50016
malloc, 512, 15230.000000, 2768928, 2829216, 50016
malloc, 1024, 15298.000000, 2769952, 2829216, 50048
malloc, 2048, 15315.000000, 2772000, 2829216, 50080
malloc, 4096, 15763.000000, 2776096, 2829216, 50112
malloc, 8192, 17235.000000, 2784288, 2845664, 50176
malloc, 32, 15221.000000, 2784352, 2845664, 50176
malloc, 64, 14974.000000, 2784416, 2845664, 50208
malloc, 128, 14903.000000, 2784544, 2845664, 50240
malloc, 256, 14968.000000, 2784800, 2845664, 50272
malloc, 512, 15182.000000, 2785312, 2845664, 50304
malloc, 1024, 15192.000000, 2786336, 2845664, 50336
malloc, 2048, 15313.000000, 2788384, 2845664, 50368
malloc, 4096, 15760.000000, 2792480, 2845664, 50400
malloc, 8192, 17308.000000, 2800672, 2862112, 50464
malloc, 32, 15431.000000, 2800704, 2862112, 50496
malloc, 64, 15057.000000, 2800768, 2862112, 50528
malloc, 128, 14847.000000, 2800896, 2862112, 50560
malloc, 256, 15092.000000, 2801152, 2862112, 50592
malloc, 512, 15283.000000, 2801664, 2862112, 50624
malloc, 1024, 15461.000000, 2802688, 2862112, 50656
malloc, 2048, 15445.000000, 2804736, 2862112, 50688
malloc, 4096, 15813.000000, 2808832, 2862112, 50720
malloc, 8192, 17228.000000, 2817024, 2878560, 50784
malloc, 32, 15417.000000, 2817088, 2878560, 50784
malloc, 64, 15172.000000, 2817184, 2878560, 50784
malloc, 128, 15025.000000, 2817312, 2878560, 50816
malloc, 256, 15068.000000, 2817568, 2878560, 50848
malloc, 512, 19725.000000, 2818080, 2878560, 50880
malloc, 1024, 16083.000000, 2819104, 2878560, 50912
malloc, 2048, 15789.000000, 2821152, 2878560, 50944
malloc, 4096, 16055.000000, 2825248, 2878560, 50976
malloc, 8192, 17854.000000, 2833440, 2895008, 51040
malloc, 32, 15706.000000, 2833472, 2895008, 51072
malloc, 64, 15309.000000, 2833536, 2895008, 51104
malloc, 128, 15188.000000, 2833664, 2895008, 51136
malloc, 256, 15393.000000, 2833920, 2895008, 51168
malloc, 512, 15474.000000, 2834432, 2895008, 51200
malloc, 1024, 15619.000000, 2835456, 2895008, 51232
malloc, 2048, 15635.000000, 2837504, 2895008, 51264
malloc, 4096, 16990.000000, 2841600, 2895008, 51296
malloc, 8192, 19471.000000, 2849792, 2911456, 51360
malloc, 32, 15981.000000, 2849856, 2911456, 51360
malloc, 64, 15468.000000, 2849952, 2911456, 51360
malloc, 128, 15330.000000, 2850080, 2911456, 51392
malloc, 256, 16145.000000, 2850336, 2911456, 51424
malloc, 512, 15819.000000, 2850848, 2911456, 51456
malloc, 1024, 15810.000000, 2851872, 2911456, 51488
malloc, 2048, 15746.000000, 2853920, 2911456, 51520
malloc, 4096, 16162.000000, 2858016, 2911456, 51552
malloc, 8192, 17360.000000, 2866208, 2927904, 51616
malloc, 32, 15949.000000, 2866240, 2927904, 51648
malloc, 64, 15594.000000, 2866304, 2927904, 51680
malloc, 128, 15339.000000, 2866432, 2927904, 51712
malloc, 256, 15469.000000, 2866688, 2927904, 51744
malloc, 512, 15851.000000, 2867200, 2927904, 51776
malloc, 1024, 15693.000000, 2868224, 2927904, 51808
malloc, 2048, 15798.000000, 2870272, 2927904, 51840
malloc, 4096, 16199.000000, 2874368, 2927904, 51872
malloc, 8192, 17572.000000, 2882560, 2944352, 51936
malloc, 32, 16029.000000, 2882624, 2944352, 51936
malloc, 64, 15570.000000, 2882720, 2944352, 51936
malloc, 128, 15384.000000, 2882848, 2944352, 51968
malloc, 256, 15559.000000, 2883104, 2944352, 52000
malloc, 512, 15766.000000, 2883616, 2944352, 52032
malloc, 1024, 15649.000000, 2884640, 2944352, 52064
malloc, 2048, 15883.000000, 2886688, 2944352, 52096
malloc, 4096, 16223.000000, 2890784, 2944352, 52128
malloc, 8192, 17651.000000, 2898976, 2960800, 52192
malloc, 32, 16164.000000, 2899008, 2960800, 52224
malloc, 64, 15737.000000, 2899072, 2960800, 52256
malloc, 128, 15603.000000, 2899200, 2960800, 52288
malloc, 256, 15595.000000, 2899456, 2960800, 52320
malloc, 512, 16092.000000, 2899968, 2960800, 52352
malloc, 1024, 15775.000000, 2900992, 2960800, 52384
malloc, 2048, 16889.000000, 2903040, 2960800, 52416
malloc, 4096, 19344.000000, 2907136, 2969056, 52480
malloc, 8192, 18235.000000, 2915328, 2985504, 52544
malloc, 32, 16160.000000, 2915392, 2985504, 52544
malloc, 64, 15740.000000, 2915488, 2985504, 52544
malloc, 128, 15720.000000, 2915616, 2985504, 52576
malloc, 256, 15591.000000, 2915872, 2985504, 52608
malloc, 512, 15936.000000, 2916384, 2985504, 52640
malloc, 1024, 15629.000000, 2917408, 2985504, 52672
malloc, 2048, 15988.000000, 2919456, 2985504, 52704
malloc, 4096, 16560.000000, 2923552, 2985504, 52736
malloc, 8192, 18051.000000, 2931744, 3001952, 52800
malloc, 32, 18719.000000, 2931776, 3001952, 52832
malloc, 64, 16250.000000, 2931840, 3001952, 52864
malloc, 128, 15846.000000, 2931968, 3001952, 52896
malloc, 256, 15641.000000, 2932224, 3001952, 52928
malloc, 512, 16020.000000, 2932736, 3001952, 52960
malloc, 1024, 15867.000000, 2933760, 3001952, 52992
malloc, 2048, 16328.000000, 2935808, 3001952, 53024
malloc, 4096, 16678.000000, 2939904, 3001952, 53056
malloc, 8192, 18148.000000, 2948096, 3018400, 53120
malloc, 32, 16316.000000, 2948128, 3018400, 53152
malloc, 64, 15766.000000, 2948192, 3018400, 53184
malloc, 128, 15685.000000, 2948320, 3018400, 53216
malloc, 256, 15773.000000, 2948576, 3018400, 53248
malloc, 512, 16197.000000, 2949088, 3018400, 53280
malloc, 1024, 15830.000000, 2950112, 3018400, 53312
malloc, 2048, 16158.000000, 2952160, 3018400, 53344
malloc, 4096, 16578.000000, 2956256, 3018400, 53376
malloc, 8192, 18169.000000, 2964448, 3034848, 53440
malloc, 32, 16327.000000, 2964480, 3034848, 53472
malloc, 64, 15828.000000, 2964544, 3034848, 53504
malloc, 128, 15778.000000, 2964672, 3034848, 53536
malloc, 256, 15854.000000, 2964928, 3034848, 53568
malloc, 512, 16210.000000, 2965440, 3034848, 53600
malloc, 1024, 16062.000000, 2966464, 3034848, 53632
malloc, 2048, 16553.000000, 2968512, 3034848, 53664
malloc, 4096, 16690.000000, 2972608, 3034848, 53696
malloc, 8192, 18164.000000, 2980800, 3051296, 53760
malloc, 32, 18130.000000, 2980832, 3051296, 53792
malloc, 64, 16105.000000, 2980896, 3051296, 53824
malloc, 128, 15839.000000, 2981056, 3051296, 53824
malloc, 256, 15826.000000, 2981312, 3051296, 53856
malloc, 512, 16222.000000, 2981824, 3051296, 53888
malloc, 1024, 16161.000000, 2982848, 3051296, 53920
malloc, 2048, 16362.000000, 2984896, 3051296, 53952
malloc, 4096, 16809.000000, 2988992, 3051296, 53984
malloc, 8192, 18170.000000, 2997184, 3067744, 54048
malloc, 32, 17307.000000, 2997216, 3067744, 54080
malloc, 64, 16335.000000, 2997312, 3067744, 54080
malloc, 128, 16088.000000, 2997440, 3067744, 54112
malloc, 256, 16040.000000, 2997696, 3067744, 54144
malloc, 512, 16638.000000, 2998208, 3067744, 54176
malloc, 1024, 16223.000000, 2999232, 3067744, 54208
malloc, 2048, 17398.000000, 3001280, 3067744, 54240
malloc, 4096, 17307.000000, 3005376, 3067744, 54272
malloc, 8192, 18600.000000, 3013568, 3084192, 54336
malloc, 32, 16825.000000, 3013600, 3084192, 54368
malloc, 64, 16293.000000, 3013664, 3084192, 54400
malloc, 128, 16123.000000, 3013792, 3084192, 54432
malloc, 256, 16152.000000, 3014048, 3084192, 54464
malloc, 512, 16762.000000, 3014560, 3084192, 54496
malloc, 1024, 16336.000000, 3015584, 3084192, 54528
malloc, 2048, 16503.000000, 3017632, 3084192, 54560
malloc, 4096, 17067.000000, 3021728, 3084192, 54592
malloc, 8192, 18348.000000, 3029920, 3100640, 54656
malloc, 32, 16672.000000, 3029952, 3100640, 54688
malloc, 64, 16174.000000, 3030048, 3100640, 54688
malloc, 128, 16213.000000, 3030176, 3100640, 54720
malloc, 256, 16271.000000, 3030432, 3100640, 54752
malloc, 512, 16796.000000, 3030944, 3100640, 54784
malloc, 1024, 16944.000000, 3031968, 3100640, 54816
malloc, 2048, 16916.000000, 3034016, 3100640, 54848
malloc, 4096, 17372.000000, 3038112, 3100640, 54880
malloc, 8192, 19782.000000, 3046304, 3117088, 54944
malloc, 32, 17651.000000, 3046336, 3117088, 54976
malloc, 64, 16451.000000, 3046400, 3117088, 55008
malloc, 128, 16365.000000, 3046528, 3117088, 55040
malloc, 256, 16479.000000, 3046784, 3117088, 55072
malloc, 512, 16898.000000, 3047296, 3117088, 55104
malloc, 1024, 16561.000000, 3048320, 3117088, 55136
malloc, 2048, 16745.000000, 3050368, 3117088, 55168
malloc, 4096, 17382.000000, 3054464, 3117088, 55200
malloc, 8192, 18944.000000, 3062656, 3133536, 55264
malloc, 32, 16742.000000, 3062688, 3133536, 55296
malloc, 64, 16346.000000, 3062784, 3133536, 55296
malloc, 128, 16133.000000, 3062912, 3133536, 55328
malloc, 256, 16383.000000, 3063168, 3133536, 55360
malloc, 512, 16761.000000, 3063712, 3133536, 55360
malloc, 1024, 16599.000000, 3064736, 3133536, 55392
malloc, 2048, 16853.000000, 3066784, 3133536, 55424
malloc, 4096, 17236.000000, 3070880, 3133536, 55456
malloc, 8192, 18864.000000, 3079072, 3149984, 55520
malloc, 32, 16882.000000, 3079136, 3149984, 55520
malloc, 64, 16441.000000, 3079200, 3149984, 55552
malloc, 128, 16466.000000, 3079328, 3149984, 55584
malloc, 256, 16449.000000, 3079584, 3149984, 55616
malloc, 512, 16955.000000, 3080096, 3149984, 55648
malloc, 1024, 16894.000000, 3081120, 3149984, 55680
malloc, 2048, 16946.000000, 3083168, 3149984, 55712
malloc, 4096, 17282.000000, 3087264, 3149984, 55744
malloc, 8192, 18718.000000, 3095456, 3166432, 55808
malloc, 32, 17062.000000, 3095488, 3166432, 55840
malloc, 64, 16622.000000, 3095552, 3166432, 55872
malloc, 128, 16477.000000, 3095680, 3166432, 55904
malloc, 256, 16679.000000, 3095936, 3166432, 55936
malloc, 512, 17002.000000, 3096448, 3166432, 55968
malloc, 1024, 16863.000000, 3097472, 3166432, 56000
malloc, 2048, 17170.000000, 3099520, 3166432, 56032
malloc, 4096, 17558.000000, 3103616, 3166432, 56064
malloc, 8192, 18913.000000, 3111808, 3182880, 56128
malloc, 32, 17122.000000, 3111872, 3182880, 56128
malloc, 64, 18443.000000, 3111968, 3182880, 56128
malloc, 128, 17354.000000, 3112096, 3182880, 56160
malloc, 256, 17023.000000, 3112352, 3182880, 56192
malloc, 512, 17189.000000, 3112864, 3182880, 56224
malloc, 1024, 16964.000000, 3113888, 3182880, 56256
malloc, 2048, 17246.000000, 3115936, 3182880, 56288
malloc, 4096, 17858.000000, 3120032, 3182880, 56320
malloc, 8192, 20444.000000, 3128224, 3199328, 56384
malloc, 32, 17419.000000, 3128256, 3199328, 56416
malloc, 64, 16830.000000, 3128320, 3199328, 56448
malloc, 128, 16789.000000, 3128448, 3199328, 56480
malloc, 256, 16734.000000, 3128704, 3199328, 56512
malloc, 512, 17378.000000, 3129216, 3199328, 56544
malloc, 1024, 17013.000000, 3130240, 3199328, 56576
malloc, 2048, 17285.000000, 3132288, 3199328, 56608
malloc, 4096, 21290.000000, 3136384, 3199328, 56640
malloc, 8192, 20824.000000, 3144576, 3215776, 56704
malloc, 32, 17647.000000, 3144640, 3215776, 56704
malloc, 64, 16907.000000, 3144736, 3215776, 56704
malloc, 128, 16886.000000, 3144864, 3215776, 56736
malloc, 256, 17808.000000, 3145120, 3215776, 56768
malloc, 512, 17670.000000, 3145632, 3215776, 56800
malloc, 1024, 17354.000000, 3146656, 3215776, 56832
malloc, 2048, 17411.000000, 3148704, 3215776, 56864
malloc, 4096, 17900.000000, 3152800, 3215776, 56896
malloc, 8192, 19233.000000, 3160992, 3232224, 56960
malloc, 32, 17817.000000, 3161024, 3232224, 56992
malloc, 64, 17173.000000, 3161088, 3232224, 57024
malloc, 128, 16984.000000, 3161216, 3232224, 57056
malloc, 256, 17010.000000, 3161472, 3232224, 57088
malloc, 512, 17775.000000, 3161984, 3232224, 57120
malloc, 1024, 17317.000000, 3163008, 3232224, 57152
malloc, 2048, 17496.000000, 3165056, 3232224, 57184
malloc, 4096, 17856.000000, 3169152, 3232224, 57216
malloc, 8192, 19244.000000, 3177344, 3248672, 57280
malloc, 32, 17612.000000, 3177408, 3248672, 57280
malloc, 64, 17236.000000, 3177504, 3248672, 57280
malloc, 128, 17015.000000, 3177632, 3248672, 57312
malloc, 256, 17052.000000, 3177888, 3248672, 57344
malloc, 512, 17676.000000, 3178400, 3248672, 57376
malloc, 1024, 17577.000000, 3179424, 3248672, 57408
malloc, 2048, 17650.000000, 3181472, 3248672, 57440
malloc, 4096, 18275.000000, 3185568, 3248672, 57472
malloc, 8192, 19365.000000, 3193760, 3265120, 57536
malloc, 32, 17769.000000, 3193792, 3265120, 57568
malloc, 64, 17324.000000, 3193856, 3265120, 57600
malloc, 128, 17261.000000, 3193984, 3265120, 57632
malloc, 256, 17330.000000, 3194240, 3265120, 57664
malloc, 512, 17823.000000, 3194752, 3265120, 57696
malloc, 1024, 17804.000000, 3195776, 3265120, 57728
malloc, 2048, 17775.000000, 3197824, 3265120, 57760
malloc, 4096, 19028.000000, 3201920, 3265120, 57792
malloc, 8192, 19558.000000, 3210112, 3281568, 57856
malloc, 32, 17710.000000, 3210176, 3281568, 57856
malloc, 64, 17454.000000, 3210272, 3281568, 57856
malloc, 128, 17379.000000, 3210400, 3281568, 57888
malloc, 256, 17261.000000, 3210656, 3281568, 57920
malloc, 512, 17797.000000, 3211168, 3281568, 57952
malloc, 1024, 17869.000000, 3212192, 3281568, 57984
malloc, 2048, 17841.000000, 3214240, 3281568, 58016
malloc, 4096, 18180.000000, 3218336, 3281568, 58048
malloc, 8192, 19703.000000, 3226528, 3298016, 58112
malloc, 32, 17875.000000, 3226560, 3298016, 58144
malloc, 64, 17628.000000, 3226624, 3298016, 58176
malloc, 128, 17319.000000, 3226752, 3298016, 58208
malloc, 256, 17225.000000, 3227008, 3298016, 58240
malloc, 512, 18011.000000, 3227520, 3298016, 58272
malloc, 1024, 17974.000000, 3228544, 3298016, 58304
malloc, 2048, 17922.000000, 3230592, 3298016, 58336
malloc, 4096, 22241.000000, 3234688, 3298016, 58368
malloc, 8192, 20865.000000, 3242880, 3314464, 58432
malloc, 32, 18136.000000, 3242912, 3314464, 58464
malloc, 64, 17515.000000, 3242976, 3314464, 58496
malloc, 128, 17382.000000, 3243104, 3314464, 58528
malloc, 256, 17501.000000, 3243360, 3314464, 58560
malloc, 512, 18181.000000, 3243872, 3314464, 58592
malloc, 1024, 17910.000000, 3244896, 3314464, 58624
malloc, 2048, 17887.000000, 3246944, 3314464, 58656
malloc, 4096, 18261.000000, 3251040, 3314464, 58688
malloc, 8192, 19693.000000, 3259232, 3330912, 58752
malloc, 32, 18907.000000, 3259264, 3330912, 58784
malloc, 64, 17699.000000, 3259360, 3330912, 58784
malloc, 128, 17614.000000, 3259488, 3330912, 58816
malloc, 256, 17573.000000, 3259744, 3330912, 58848
malloc, 512, 18079.000000, 3260256, 3330912, 58880
malloc, 1024, 17976.000000, 3261280, 3330912, 58912
malloc, 2048, 18007.000000, 3263328, 3330912, 58944
malloc, 4096, 18455.000000, 3267424, 3330912, 58976
malloc, 8192, 20812.000000, 3275616, 3347360, 59040
malloc, 32, 18093.000000, 3275648, 3347360, 59072
malloc, 64, 17827.000000, 3275712, 3347360, 59104
malloc, 128, 17667.000000, 3275840, 3347360, 59136
malloc, 256, 17728.000000, 3276096, 3347360, 59168
malloc, 512, 18263.000000, 3276608, 3347360, 59200
malloc, 1024, 18277.000000, 3277632, 3347360, 59232
malloc, 2048, 18351.000000, 3279680, 3347360, 59264
malloc, 4096, 18763.000000, 3283776, 3347360, 59296
malloc, 8192, 20084.000000, 3291968, 3363808, 59360
malloc, 32, 18124.000000, 3292032, 3363808, 59360
malloc, 64, 17717.000000, 3292128, 3363808, 59360
malloc, 128, 17715.000000, 3292256, 3363808, 59392
malloc, 256, 18866.000000, 3292512, 3363808, 59424
malloc, 512, 19467.000000, 3293024, 3363808, 59456
malloc, 1024, 18527.000000, 3294048, 3363808, 59488
malloc, 2048, 18408.000000, 3296096, 3363808, 59520
malloc, 4096, 18921.000000, 3300192, 3363808, 59552
malloc, 8192, 20602.000000, 3308384, 3380256, 59616
malloc, 32, 18880.000000, 3308416, 3380256, 59648
malloc, 64, 18048.000000, 3308480, 3380256, 59680
malloc, 128, 17814.000000, 3308608, 3380256, 59712
malloc, 256, 18081.000000, 3308864, 3380256, 59744
malloc, 512, 18517.000000, 3309376, 3380256, 59776
malloc, 1024, 18349.000000, 3310400, 3380256, 59808
malloc, 2048, 18647.000000, 3312448, 3380256, 59840
malloc, 4096, 18841.000000, 3316544, 3380256, 59872
malloc, 8192, 20050.000000, 3324736, 3396704, 59936
malloc, 32, 18488.000000, 3324800, 3396704, 59936
malloc, 64, 18084.000000, 3324896, 3396704, 59936
malloc, 128, 17947.000000, 3325024, 3396704, 59968
malloc, 256, 18097.000000, 3325280, 3396704, 60000
malloc, 512, 18636.000000, 3325792, 3396704, 60032
malloc, 1024, 20819.000000, 3326816, 3396704, 60064
malloc, 2048, 18912.000000, 3328864, 3396704, 60096
malloc, 4096, 19069.000000, 3332960, 3396704, 60128
malloc, 8192, 21361.000000, 3341152, 3413152, 60192
malloc, 32, 18733.000000, 3341184, 3413152, 60224
malloc, 64, 18210.000000, 3341248, 3413152, 60256
malloc, 128, 18233.000000, 3341376, 3413152, 60288
malloc, 256, 18221.000000, 3341632, 3413152, 60320
malloc, 512, 18576.000000, 3342144, 3413152, 60352
malloc, 1024, 18504.000000, 3343168, 3413152, 60384
malloc, 2048, 18580.000000, 3345216, 3413152, 60416
malloc, 4096, 18976.000000, 3349312, 3413152, 60448
malloc, 8192, 20499.000000, 3357504, 3429600, 60512
malloc, 32, 18653.000000, 3357568, 3429600, 60512
malloc, 64, 18382.000000, 3357664, 3429600, 60512
malloc, 128, 18184.000000, 3357792, 3429600, 60544
malloc, 256, 18155.000000, 3358048, 3429600, 60576
malloc, 512, 18767.000000, 3358592, 3429600, 60576
malloc, 1024, 18680.000000, 3359616, 3429600, 60608
malloc, 2048, 18753.000000, 3361664, 3429600, 60640
malloc, 4096, 19174.000000, 3365760, 3429600, 60672
malloc, 8192, 20576.000000, 3373952, 3446048, 60736
malloc, 32, 18892.000000, 3373984, 3446048, 60768
malloc, 64, 18482.000000, 3374048, 3446048, 60800
malloc, 128, 18295.000000, 3374176, 3446048, 60832
malloc, 256, 18498.000000, 3374432, 3446048, 60864
malloc, 512, 18959.000000, 3374944, 3446048, 60896
malloc, 1024, 18678.000000, 3375968, 3446048, 60928
malloc, 2048, 18653.000000, 3378016, 3446048, 60960
malloc, 4096, 19110.000000, 3382112, 3446048, 60992
malloc, 8192, 20444.000000, 3390304, 3462496, 61056
malloc, 32, 18847.000000, 3390336, 3462496, 61088
malloc, 64, 18418.000000, 3390400, 3462496, 61120
malloc, 128, 18358.000000, 3390560, 3462496, 61120
malloc, 256, 18392.000000, 3390816, 3462496, 61152
malloc, 512, 19080.000000, 3391328, 3462496, 61184
malloc, 1024, 18946.000000, 3392352, 3462496, 61216
malloc, 2048, 19007.000000, 3394400, 3462496, 61248
malloc, 4096, 19256.000000, 3398496, 3462496, 61280
malloc, 8192, 20652.000000, 3406688, 3478944, 61344
malloc, 32, 19990.000000, 3406720, 3478944, 61376
malloc, 64, 18764.000000, 3406784, 3478944, 61408
malloc, 128, 18458.000000, 3406912, 3478944, 61440
malloc, 256, 18542.000000, 3407168, 3478944, 61472
malloc, 512, 19186.000000, 3407680, 3478944, 61504
malloc, 1024, 18876.000000, 3408704, 3478944, 61536
malloc, 2048, 19040.000000, 3410752, 3478944, 61568
malloc, 4096, 19326.000000, 3414848, 3478944, 61600
malloc, 8192, 21625.000000, 3423040, 3495392, 61664
malloc, 32, 19086.000000, 3423072, 3495392, 61696
malloc, 64, 18664.000000, 3423168, 3495392, 61696
malloc, 128, 20391.000000, 3423296, 3495392, 61728
malloc, 256, 18971.000000, 3423552, 3495392, 61760
malloc, 512, 20288.000000, 3424064, 3495392, 61792
malloc, 1024, 20180.000000, 3425088, 3495392, 61824
malloc, 2048, 19496.000000, 3427136, 3495392, 61856
malloc, 4096, 19793.000000, 3431232, 3495392, 61888
malloc, 8192, 21423.000000, 3439424, 3511840, 61952
malloc, 32, 19141.000000, 3439488, 3511840, 61952
malloc, 64, 18866.000000, 3439552, 3511840, 61984
malloc, 128, 18816.000000, 3439680, 3511840, 62016
malloc, 256, 18664.000000, 3439936, 3511840, 62048
malloc, 512, 19232.000000, 3440448, 3511840, 62080
malloc, 1024, 19017.000000, 3441472, 3511840, 62112
malloc, 2048, 19144.000000, 3443520, 3511840, 62144
malloc, 4096, 19621.000000, 3447616, 3511840, 62176
malloc, 8192, 20929.000000, 3455808, 3528288, 62240
malloc, 32, 19088.000000, 3455840, 3528288, 62272
malloc, 64, 18839.000000, 3455904, 3528288, 62304
malloc, 128, 18831.000000, 3456032, 3528288, 62336
malloc, 256, 18919.000000, 3456288, 3528288, 62368
malloc, 512, 19267.000000, 3456800, 3528288, 62400
malloc, 1024, 19079.000000, 3457824, 3528288, 62432
malloc, 2048, 19231.000000, 3459872, 3528288, 62464
malloc, 4096, 19629.000000, 3463968, 3528288, 62496
malloc, 8192, 21005.000000, 3472160, 3544736, 62560
malloc, 32, 19082.000000, 3472224, 3544736, 62560
malloc, 64, 18970.000000, 3472320, 3544736, 62560
malloc, 128, 18812.000000, 3472448, 3544736, 62592
malloc, 256, 18935.000000, 3472704, 3544736, 62624
malloc, 512, 19475.000000, 3473216, 3544736, 62656
malloc, 1024, 19211.000000, 3474240, 3544736, 62688
malloc, 2048, 19453.000000, 3476288, 3544736, 62720
malloc, 4096, 19887.000000, 3480384, 3544736, 62752
malloc, 8192, 20969.000000, 3488576, 3561184, 62816
malloc, 32, 19416.000000, 3488640, 3561184, 62816
malloc, 64, 19130.000000, 3488736, 3561184, 62816
malloc, 128, 18993.000000, 3488864, 3561184, 62848
malloc, 256, 19029.000000, 3489120, 3561184, 62880
malloc, 512, 19441.000000, 3489632, 3561184, 62912
malloc, 1024, 19110.000000, 3490656, 3561184, 62944
malloc, 2048, 20621.000000, 3492704, 3561184, 62976
malloc, 4096, 23010.000000, 3496800, 3569440, 63040
malloc, 8192, 21937.000000, 3504992, 3585888, 63104
malloc, 32, 20509.000000, 3505024, 3585888, 63136
malloc, 64, 19613.000000, 3505088, 3585888, 63168
malloc, 128, 19175.000000, 3505216, 3585888, 63200
malloc, 256, 19132.000000, 3505472, 3585888, 63232
malloc, 512, 19765.000000, 3505984, 3585888, 63264
malloc, 1024, 19448.000000, 3507008, 3585888, 63296
malloc, 2048, 19587.000000, 3509056, 3585888, 63328
malloc, 4096, 23578.000000, 3513152, 3585888, 63360
malloc, 8192, 22435.000000, 3521344, 3602336, 63424
malloc, 32, 19759.000000, 3521376, 3602336, 63456
malloc, 64, 19265.000000, 3521440, 3602336, 63488
malloc, 128, 19042.000000, 3521568, 3602336, 63520
malloc, 256, 19185.000000, 3521824, 3602336, 63552
malloc, 512, 19714.000000, 3522336, 3602336, 63584
malloc, 1024, 19309.000000, 3523360, 3602336, 63616
malloc, 2048, 19750.000000, 3525408, 3602336, 63648
malloc, 4096, 20024.000000, 3529504, 3602336, 63680
malloc, 8192, 21395.000000, 3537696, 3618784, 63744
malloc, 32, 19704.000000, 3537728, 3618784, 63776
malloc, 64, 19197.000000, 3537792, 3618784, 63808
malloc, 128, 19250.000000, 3537920, 3618784, 63840
malloc, 256, 19282.000000, 3538176, 3618784, 63872
malloc, 512, 19599.000000, 3538688, 3618784, 63904
malloc, 1024, 19519.000000, 3539712, 3618784, 63936
malloc, 2048, 19797.000000, 3541760, 3618784, 63968
malloc, 4096, 20198.000000, 3545856, 3618784, 64000
malloc, 8192, 21414.000000, 3554048, 3635232, 64064
malloc, 32, 19836.000000, 3554080, 3635232, 64096
malloc, 64, 19339.000000, 3554176, 3635232, 64096
malloc, 128, 19257.000000, 3554304, 3635232, 64128
malloc, 256, 19371.000000, 3554560, 3635232, 64160
malloc, 512, 19726.000000, 3555072, 3635232, 64192
malloc, 1024, 19507.000000, 3556096, 3635232, 64224
malloc, 2048, 19695.000000, 3558144, 3635232, 64256
malloc, 4096, 20361.000000, 3562240, 3635232, 64288
malloc, 8192, 22389.000000, 3570432, 3651680, 64352
malloc, 32, 19908.000000, 3570464, 3651680, 64384
malloc, 64, 19406.000000, 3570528, 3651680, 64416
malloc, 128, 19331.000000, 3570656, 3651680, 64448
malloc, 256, 19355.000000, 3570912, 3651680, 64480
malloc, 512, 19844.000000, 3571424, 3651680, 64512
malloc, 1024, 19566.000000, 3572448, 3651680, 64544
malloc, 2048, 19829.000000, 3574496, 3651680, 64576
malloc, 4096, 20319.000000, 3578592, 3651680, 64608
malloc, 8192, 21612.000000, 3586784, 3668128, 64672
malloc, 32, 20923.000000, 3586816, 3668128, 64704
malloc, 64, 19671.000000, 3586912, 3668128, 64704
malloc, 128, 20208.000000, 3587040, 3668128, 64736
malloc, 256, 21035.000000, 3587296, 3668128, 64768
malloc, 512, 20245.000000, 3587808, 3668128, 64800
malloc, 1024, 20062.000000, 3588832, 3668128, 64832
malloc, 2048, 20338.000000, 3590880, 3668128, 64864
malloc, 4096, 20630.000000, 3594976, 3668128, 64896
malloc, 8192, 21932.000000, 3603168, 3684576, 64960
malloc, 32, 20027.000000, 3603200, 3684576, 64992
malloc, 64, 23056.000000, 3603264, 3684576, 65024
malloc, 128, 20280.000000, 3603392, 3684576, 65056
malloc, 256, 19864.000000, 3603648, 3684576, 65088
malloc, 512, 20021.000000, 3604160, 3684576, 65120
malloc, 1024, 19913.000000, 3605184, 3684576, 65152
malloc, 2048, 19967.000000, 3607232, 3684576, 65184
malloc, 4096, 21001.000000, 3611328, 3684576, 65216
malloc, 8192, 22438.000000, 3619520, 3701024, 65280
malloc, 32, 20071.000000, 3619584, 3701024, 65280
malloc, 64, 19660.000000, 3619680, 3701024, 65280
malloc, 128, 19711.000000, 3619808, 3701024, 65312
malloc, 256, 19769.000000, 3620064, 3701024, 65344
malloc, 512, 20382.000000, 3620576, 3701024, 65376
malloc, 1024, 20277.000000, 3621600, 3701024, 65408
malloc, 2048, 20283.000000, 3623648, 3701024, 65440
malloc, 4096, 21595.000000, 3627744, 3701024, 65472
malloc, 8192, 21953.000000, 3635936, 3717472, 65536
malloc, 32, 20354.000000, 3635968, 3717472, 65568
malloc, 64, 19746.000000, 3636032, 3717472, 65600
free, 32, 57.000000, 3636000, 3717472, 65600
free, 256, 49.000000, 3635744, 3717472, 65600
free, 2048, 39.000000, 3633696, 3717472, 65600
free, 32, 33.000000, 3633664, 3717472, 65600
free, 256, 27.000000, 3633408, 3717472, 65600
free, 2048, 40.000000, 3631360, 3717472, 65600
free, 32, 31.000000, 3631328, 3717472, 65600
free, 256, 31.000000, 3631072, 3717472, 65600
free, 2048, 37.000000, 3629024, 3717472, 65600
free, 32, 41.000000, 3628992, 3717472, 65568
free, 256, 27.000000, 3628736, 3717472, 65568
free, 2048, 41.000000, 3626688, 3717472, 65568
free, 32, 44.000000, 3626624, 3717472, 65536
free, 256, 37.000000, 3626368, 3717472, 65536
free, 2048, 38.000000, 3624320, 3717472, 65536
free, 32, 27.000000, 3624288, 3717472, 65536
free, 256, 34.000000, 3624032, 3717472, 65536
free, 2048, 41.000000, 3621984, 3717472, 65536
free, 32, 27.000000, 3621920, 3717472, 65504
free, 256, 26.000000, 3621664, 3717472, 65472
free, 2048, 38.000000, 3619616, 3717472, 65472
free, 32, 22.000000, 3619584, 3717472, 65472
free, 256, 29.000000, 3619328, 3717472, 65440
free, 2048, 35.000000, 3617280, 3717472, 65440
free, 32, 34.000000, 3617216, 3717472, 65408
free, 256, 21.000000, 3616960, 3717472, 65408
free, 2048, 32.000000, 3614912, 3717472, 65408
free, 32, 36.000000, 3614848, 3717472, 65408
free, 256, 27.000000, 3614592, 3717472, 65408
free, 2048, 29.000000, 3612544, 3717472, 65408
free, 32, 27.000000, 3612512, 3717472, 65376
free, 256, 25.000000, 3612256, 3717472, 65376
free, 2048, 37.000000, 3610208, 3717472, 65376
free, 32, 28.000000, 3610176, 3717472, 65344
free, 256, 31.000000, 3609920, 3717472, 65344
free, 2048, 33.000000, 3607872, 3717472, 65344
free, 32, 51.000000, 3607840, 3717472, 65280
free, 256, 26.000000, 3607584, 3717472, 65248
free, 2048, 36.000000, 3605536, 3717472, 65248
free, 32, 28.000000, 3605504, 3717472, 65248
free, 256, 31.000000, 3605248, 3717472, 65248
free, 2048, 28.000000, 3603200, 3717472, 65248
free, 32, 28.000000, 3603136, 3717472, 65216
free, 256, 28.000000, 3602880, 3717472, 65184
free, 2048, 31.000000, 3600832, 3717472, 65184
free, 32, 29.000000, 3600800, 3717472, 65184
free, 256, 34.000000, 3600544, 3717472, 65184
free, 2048, 27.000000, 3598496, 3717472, 65184
free, 32, 25.000000, 3598432, 3717472, 65184
free, 256, 40.000000, 3598176, 3717472, 65184
free, 2048, 27.000000, 3596128, 3717472, 65184
free, 32, 40.000000, 3596064, 3717472, 65184
free, 256, 37.000000, 3595808, 3717472, 65184
free, 2048, 39.000000, 3593760, 3717472, 65184
free, 32, 45.000000, 3593728, 3717472, 65120
free, 256, 33.000000, 3593472, 3717472, 65120
free, 2048, 39.000000, 3591424, 3717472, 65120
free, 32, 25.000000, 3591392, 3717472, 65120
free, 256, 29.000000, 3591136, 3717472, 65120
free, 2048, 37.000000, 3589088, 3717472, 65120
free, 32, 29.000000, 3589056, 3717472, 65088
free, 256, 41.000000, 3588800, 3717472, 65088
free, 2048, 37.000000, 3586752, 3717472, 65088
free, 32, 39.000000, 3586720, 3717472, 65024
free, 256, 35.000000, 3586464, 3717472, 65024
free, 2048, 40.000000, 3584416, 3717472, 65024
free, 32, 28.000000, 3584384, 3717472, 65024
free, 256, 37.000000, 3584128, 3717472, 65024
free, 2048, 38.000000, 3582080, 3717472, 65024
free, 32, 29.000000, 3582016, 3717472, 64992
free, 256, 32.000000, 3581760, 3717472, 64992
free, 2048, 42.000000, 3579712, 3717472, 64992
free, 32, 28.000000, 3579680, 3717472, 64992
free, 256, 27.000000, 3579424, 3717472, 64992
free, 2048, 35.000000, 3577376, 3717472, 64992
free, 32, 20.000000, 3577312, 3717472, 64992
free, 256, 28.000000, 3577056, 3717472, 64992
free, 2048, 36.000000, 3575008, 3717472, 64992
free, 32, 29.000000, 3574944, 3717472, 64992
free, 256, 32.000000, 3574688, 3717472, 64992
free, 2048, 35.000000, 3572640, 3717472, 64992
free, 32, 62.000000, 3572608, 3717472, 64960
free, 256, 37.000000, 3572352, 3717472, 64960
free, 2048, 28.000000, 3570304, 3717472, 64960
free, 32, 27.000000, 3570272, 3717472, 64928
free, 256, 35.000000, 3570016, 3717472, 64928
free, 2048, 37.000000, 3567968, 3717472, 64928
free, 32, 23.000000, 3567936, 3717472, 64928
free, 256, 27.000000, 3567680, 3717472, 64928
free, 2048, 30.000000, 3565632, 3717472, 64928
free, 32, 34.000000, 3565568, 3717472, 64896
free, 256, 33.000000, 3565312, 3717472, 64896
free, 2048, 29.000000, 3563264, 3717472, 64896
free, 32, 32.000000, 3563232, 3717472, 64896
free, 256, 41.000000, 3562976, 3717472, 64864
free, 2048, 31.000000, 3560928, 3717472, 64864
free, 32, 28.000000, 3560864, 3717472, 64832
free, 256, 34.000000, 3560608, 3717472, 64832
free, 2048, 28.000000, 3558560, 3717472, 64832
free, 32, 40.000000, 3558528, 3717472, 64832
free, 256, 39.000000, 3558272, 3717472, 64832
free, 2048, 30.000000, 3556224, 3717472, 64832
free, 32, 32.000000, 3556160, 3717472, 64800
free, 256, 40.000000, 3555904, 3717472, 64800
free, 2048, 29.000000, 3553856, 3717472, 64800
free, 32, 35.000000, 3553824, 3717472, 64800
free, 256, 29.000000, 3553568, 3717472, 64800
free, 2048, 37.000000, 3551520, 3717472, 64800
free, 32, 27.000000, 3551456, 3717472, 64768
free, 256, 31.000000, 3551200, 3717472, 64768
free, 2048, 35.000000, 3549152, 3717472, 64768
free, 32, 30.000000, 3549120, 3717472, 64768
free, 256, 31.000000, 3548864, 3717472, 64768
free, 2048, 41.000000, 3546816, 3717472, 64768
free, 32, 27.000000, 3546784, 3717472, 64736
free, 256, 32.000000, 3546528, 3717472, 64736
free, 2048, 43.000000, 3544480, 3717472, 64736
free, 32, 27.000000, 3544448, 3717472, 64704
free, 256, 29.000000, 3544192, 3717472, 64704
free, 2048, 43.000000, 3542144, 3717472, 64704
free, 32, 27.000000, 3542080, 3717472, 64672
free, 256, 36.000000, 3541824, 3717472, 64672
free, 2048, 39.000000, 3539776, 3717472, 64672
free, 32, 51.000000, 3539744, 3717472, 64640
free, 256, 35.000000, 3539488, 3717472, 64640
free, 2048, 36.000000, 3537440, 3717472, 64640
free, 32, 29.000000, 3537408, 3717472, 64640
free, 256, 28.000000, 3537152, 3717472, 64608
free, 2048, 40.000000, 3535104, 3717472, 64608
free, 32, 28.000000, 3535040, 3717472, 64608
free, 256, 27.000000, 3534784, 3717472, 64576
free, 2048, 37.000000, 3532736, 3717472, 64576
free, 32, 36.000000, 3532672, 3717472, 64576
free, 256, 27.000000, 3532416, 3717472, 64576
free, 2048, 29.000000, 3530368, 3717472, 64576
free, 32, 53.000000, 3530336, 3717472, 64544
free, 256, 39.000000, 3530080, 3717472, 64544
free, 2048, 30.000000, 3528032, 3717472, 64544
free, 32, 26.000000, 3528000, 3717472, 64512
free, 256, 31.000000, 3527744, 3717472, 64512
free, 2048, 34.000000, 3525696, 3717472, 64512
free, 32, 22.000000, 3525664, 3717472, 64512
free, 256, 25.000000, 3525408, 3717472, 64480
free, 2048, 29.000000, 3523360, 3717472, 64480
free, 32, 32.000000, 3523296, 3717472, 64448
free, 256, 31.000000, 3523040, 3717472, 64448
free, 2048, 36.000000, 3520992, 3717472, 64448
free, 32, 40.000000, 3520960, 3717472, 64448
free, 256, 59.000000, 3520704, 3717472, 64416
free, 2048, 40.000000, 3518656, 3717472, 64416
free, 32, 44.000000, 3518592, 3717472, 64384
free, 256, 25.000000, 3518336, 3717472, 64352
free, 2048, 38.000000, 3516288, 3717472, 64352
free, 32, 30.000000, 3516256, 3717472, 64352
free, 256, 42.000000, 3516000, 3717472, 64352
free, 2048, 30.000000, 3513952, 3717472, 64352
free, 32, 28.000000, 3513888, 3717472, 64320
free, 256, 38.000000, 3513632, 3717472, 64320
free, 2048, 37.000000, 3511584, 3717472, 64320
free, 32, 35.000000, 3511552, 3717472, 64320
free, 256, 33.000000, 3511296, 3717472, 64320
free, 2048, 37.000000, 3509248, 3717472, 64320
free, 32, 32.000000, 3509184, 3717472, 64288
free, 256, 35.000000, 3508928, 3717472, 64288
free, 2048, 38.000000, 3506880, 3717472, 64288
free, 32, 26.000000, 3506848, 3717472, 64256
free, 256, 35.000000, 3506592, 3717472, 64256
free, 2048, 37.000000, 3504544, 3717472, 64256
free, 32, 20.000000, 3504512, 3717472, 64256
free, 256, 39.000000, 3504256, 3717472, 64256
free, 2048, 39.000000, 3502208, 3717472, 64256
free, 32, 46.000000, 3502176, 3717472, 64192
free, 256, 39.000000, 3501920, 3717472, 64192
free, 2048, 38.000000, 3499872, 3717472, 64192
free, 32, 32.000000, 3499840, 3717472, 64192
free, 256, 45.000000, 3499584, 3717472, 64160
free, 2048, 40.000000, 3497536, 3717472, 64160
free, 32, 27.000000, 3497472, 3717472, 64128
free, 256, 40.000000, 3497216, 3717472, 64128
free, 2048, 38.000000, 3495168, 3717472, 64128
free, 32, 30.000000, 3495136, 3717472, 64128
free, 256, 28.000000, 3494880, 3717472, 64128
free, 2048, 41.000000, 3492832, 3717472, 64128
free, 32, 27.000000, 3492768, 3717472, 64096
free, 256, 40.000000, 3492512, 3717472, 64096
free, 2048, 36.000000, 3490464, 3717472, 64096
free, 32, 32.000000, 3490432, 3717472, 64096
free, 256, 31.000000, 3490176, 3717472, 64096
free, 2048, 34.000000, 3488128, 3717472, 64096
free, 32, 26.000000, 3488064, 3717472, 64064
free, 256, 34.000000, 3487808, 3717472, 64064
free, 2048, 39.000000, 3485760, 3717472, 64064
free, 32, 27.000000, 3485728, 3717472, 64032
free, 256, 36.000000, 3485472, 3717472, 64032
free, 2048, 37.000000, 3483424, 3717472, 64032
free, 32, 26.000000, 3483360, 3717472, 64032
free, 256, 40.000000, 3483104, 3717472, 64032
free, 2048, 37.000000, 3481056, 3717472, 64032
free, 32, 41.000000, 3481024, 3717472, 64032
free, 256, 37.000000, 3480768, 3717472, 64032
free, 2048, 35.000000, 3478720, 3717472, 64032
free, 32, 32.000000, 3478656, 3717472, 64032
free, 256, 44.000000, 3478400, 3717472, 64000
free, 2048, 28.000000, 3476352, 3717472, 64000
free, 32, 30.000000, 3476320, 3717472, 64000
free, 256, 41.000000, 3476064, 3717472, 64000
free, 2048, 36.000000, 3474016, 3717472, 64000
free, 32, 35.000000, 3473952, 3717472, 64000
free, 256, 39.000000, 3473696, 3717472, 64000
free, 2048, 26.000000, 3471648, 3717472, 64000
free, 32, 40.000000, 3471616, 3717472, 64000
free, 256, 41.000000, 3471360, 3717472, 64000
free, 2048, 36.000000, 3469312, 3717472, 64000
free, 32, 20.000000, 3469248, 3717472, 64000
free, 256, 29.000000, 3468992, 3717472, 64000
free, 2048, 35.000000, 3466944, 3717472, 64000
free, 32, 34.000000, 3466912, 3717472, 64000
free, 256, 20.000000, 3466656, 3717472, 64000
free, 2048, 39.000000, 3464608, 3717472, 64000
free, 32, 27.000000, 3464576, 3717472, 64000
free, 256, 27.000000, 3464320, 3717472, 64000
free, 2048, 38.000000, 3462272, 3717472, 64000
free, 32, 28.000000, 3462240, 3717472, 63968
free, 256, 26.000000, 3461984, 3717472, 63968
free, 2048, 38.000000, 3459936, 3717472, 63968
free, 32, 39.000000, 3459904, 3717472, 63936
free, 256, 30.000000, 3459648, 3717472, 63936
free, 2048, 37.000000, 3457600, 3717472, 63936
free, 32, 51.000000, 3457568, 3717472, 63904
free, 256, 32.000000, 3457312, 3717472, 63904
free, 2048, 38.000000, 3455264, 3717472, 63904
free, 32, 27.000000, 3455232, 3717472, 63872
free, 256, 38.000000, 3454976, 3717472, 63872
free, 2048, 36.000000, 3452928, 3717472, 63872
free, 32, 20.000000, 3452896, 3717472, 63872
free, 256, 27.000000, 3452640, 3717472, 63840
free, 2048, 40.000000, 3450592, 3717472, 63840
free, 32, 46.000000, 3450560, 3717472, 63776
free, 256, 27.000000, 3450304, 3717472, 63776
free, 2048, 36.000000, 3448256, 3717472, 63776
free, 32, 35.000000, 3448224, 3717472, 63776
free, 256, 39.000000, 3447968, 3717472, 63776
free, 2048, 37.000000, 3445920, 3717472, 63776
free, 32, 27.000000, 3445856, 3717472, 63744
free, 256, 31.000000, 3445600, 3717472, 63744
free, 2048, 38.000000, 3443552, 3717472, 63744
free, 32, 26.000000, 3443520, 3717472, 63712
free, 256, 34.000000, 3443264, 3717472, 63712
free, 2048, 37.000000, 3441216, 3717472, 63712
free, 32, 31.000000, 3441152, 3717472, 63712
free, 256, 28.000000, 3440896, 3717472, 63680
free, 2048, 32.000000, 3438848, 3717472, 63680
free, 32, 36.000000, 3438816, 3717472, 63680
free, 256, 30.000000, 3438560, 3717472, 63680
free, 2048, 36.000000, 3436512, 3717472, 63680
free, 32, 27.000000, 3436448, 3717472, 63680
free, 256, 43.000000, 3436192, 3717472, 63648
free, 2048, 40.000000, 3434144, 3717472, 63648
free, 32, 26.000000, 3434112, 3717472, 63616
free, 256, 26.000000, 3433856, 3717472, 63584
free, 2048, 39.000000, 3431808, 3717472, 63584
free, 32, 39.000000, 3431744, 3717472, 63584
free, 256, 37.000000, 3431488, 3717472, 63584
free, 2048, 35.000000, 3429440, 3717472, 63584
free, 32, 25.000000, 3429408, 3717472, 63584
free, 256, 34.000000, 3429152, 3717472, 63584
free, 2048, 41.000000, 3427104, 3717472, 63584
free, 32, 28.000000, 3427040, 3717472, 63584
free, 256, 41.000000, 3426784, 3717472, 63584
free, 2048, 40.000000, 3424736, 3717472, 63584
free, 32, 24.000000, 3424704, 3717472, 63584
free, 256, 30.000000, 3424448, 3717472, 63584
free, 2048, 37.000000, 3422400, 3717472, 63584
free, 32, 29.000000, 3422368, 3717472, 63552
free, 256, 33.000000, 3422112, 3717472, 63552
free, 2048, 34.000000, 3420064, 3717472, 63552
free, 32, 37.000000, 3420032, 3717472, 63520
free, 256, 35.000000, 3419776, 3717472, 63520
free, 2048, 36.000000, 3417728, 3717472, 63520
free, 32, 38.000000, 3417696, 3717472, 63520
free, 256, 38.000000, 3417440, 3717472, 63520
free, 2048, 42.000000, 3415392, 3717472, 63520
free, 32, 19.000000, 3415328, 3717472, 63520
free, 256, 42.000000, 3415072, 3717472, 63488
free, 2048, 41.000000, 3413024, 3717472, 63488
free, 32, 35.000000, 3412992, 3717472, 63488
free, 256, 37.000000, 3412736, 3717472, 63488
free, 2048, 40.000000, 3410688, 3717472, 63488
free, 32, 29.000000, 3410624, 3717472, 63488
free, 256, 29.000000, 3410368, 3717472, 63488
free, 2048, 38.000000, 3408320, 3717472, 63488
free, 32, 34.000000, 3408288, 3717472, 63488
free, 256, 38.000000, 3408032, 3717472, 63488
free, 2048, 30.000000, 3405984, 3717472, 63488
free, 32, 19.000000, 3405920, 3717472, 63488
free, 256, 31.000000, 3405664, 3717472, 63488
free, 2048, 27.000000, 3403616, 3717472, 63488
free, 32, 30.000000, 3403584, 3717472, 63488
free, 256, 31.000000, 3403328, 3717472, 63488
free, 2048, 34.000000, 3401280, 3717472, 63488
free, 32, 27.000000, 3401248, 3717472, 63456
free, 256, 41.000000, 3400992, 3717472, 63456
free, 2048, 33.000000, 3398944, 3717472, 63456
free, 32, 47.000000, 3398912, 3717472, 63392
free, 256, 33.000000, 3398656, 3717472, 63392
free, 2048, 37.000000, 3396608, 3717472, 63392
free, 32, 29.000000, 3396576, 3717472, 63392
free, 256, 38.000000, 3396320, 3717472, 63392
free, 2048, 28.000000, 3394272, 3717472, 63392
free, 32, 26.000000, 3394208, 3717472, 63360
free, 256, 34.000000, 3393952, 3717472, 63360
free, 2048, 37.000000, 3391904, 3717472, 63360
free, 32, 27.000000, 3391872, 3717472, 63360
free, 256, 37.000000, 3391616, 3717472, 63360
free, 2048, 24.000000, 3389568, 3717472, 63360
free, 32, 29.000000, 3389504, 3717472, 63360
free, 256, 38.000000, 3389248, 3717472, 63360
free, 2048, 27.000000, 3387200, 3717472, 63360
free, 32, 38.000000, 3387136, 3717472, 63360
free, 256, 35.000000, 3386880, 3717472, 63360
free, 2048, 45.000000, 3384832, 3717472, 63360
free, 32, 49.000000, 3384800, 3717472, 63328
free, 256, 33.000000, 3384544, 3717472, 63328
free, 2048, 41.000000, 3382496, 3717472, 63328
free, 32, 37.000000, 3382464, 3717472, 63328
free, 256, 26.000000, 3382208, 3717472, 63328
free, 2048, 38.000000, 3380160, 3717472, 63328
free, 32, 31.000000, 3380128, 3717472, 63328
free, 256, 33.000000, 3379872, 3717472, 63328
free, 2048, 35.000000, 3377824, 3717472, 63328
free, 32, 39.000000, 3377792, 3717472, 63296
free, 256, 31.000000, 3377536, 3717472, 63296
free, 2048, 38.000000, 3375488, 3717472, 63296
free, 32, 33.000000, 3375456, 3717472, 63296
free, 256, 31.000000, 3375200, 3717472, 63296
free, 2048, 39.000000, 3373152, 3717472, 63296
free, 32, 58.000000, 3373120, 3717472, 63264
free, 256, 42.000000, 3372864, 3717472, 63232
free, 2048, 40.000000, 3370816, 3717472, 63232
free, 32, 36.000000, 3370784, 3717472, 63232
free, 256, 36.000000, 3370528, 3717472, 63232
free, 2048, 43.000000, 3368480, 3717472, 63232
free, 32, 27.000000, 3368416, 3717472, 63232
free, 256, 25.000000, 3368160, 3717472, 63200
free, 2048, 41.000000, 3366112, 3717472, 63200
free, 32, 39.000000, 3366080, 3717472, 63200
free, 256, 27.000000, 3365824, 3717472, 63200
free, 2048, 34.000000, 3363776, 3717472, 63200
free, 32, 27.000000, 3363712, 3717472, 63200
free, 256, 38.000000, 3363456, 3717472, 63200
free, 2048, 35.000000, 3361408, 3717472, 63200
free, 32, 27.000000, 3361376, 3717472, 63168
free, 256, 33.000000, 3361120, 3717472, 63168
free, 2048, 38.000000, 3359072, 3717472, 63168
free, 32, 27.000000, 3359040, 3717472, 63136
free, 256, 35.000000, 3358784, 3717472, 63136
free, 2048, 38.000000, 3356736, 3717472, 63136
free, 32, 46.000000, 3356704, 3717472, 63072
free, 256, 29.000000, 3356448, 3717472, 63040
free, 2048, 36.000000, 3354400, 3717472, 63040
free, 32, 28.000000, 3354368, 3717472, 63040
free, 256, 29.000000, 3354112, 3717472, 63040
free, 2048, 28.000000, 3352064, 3717472, 63040
free, 32, 32.000000, 3352000, 3717472, 63008
free, 256, 25.000000, 3351744, 3717472, 62976
free, 2048, 33.000000, 3349696, 3717472, 62976
free, 32, 28.000000, 3349664, 3717472, 62976
free, 256, 37.000000, 3349408, 3717472, 62976
free, 2048, 25.000000, 3347360, 3717472, 62976
free, 32, 26.000000, 3347296, 3717472, 62976
free, 256, 36.000000, 3347040, 3717472, 62976
free, 2048, 26.000000, 3344992, 3717472, 62976
free, 32, 33.000000, 3344928, 3717472, 62976
free, 256, 38.000000, 3344672, 3717472, 62976
free, 2048, 39.000000, 3342624, 3717472, 62976
free, 32, 45.000000, 3342592, 3717472, 62912
free, 256, 19.000000, 3342336, 3717472, 62912
free, 2048, 38.000000, 3340288, 3717472, 62912
free, 32, 28.000000, 3340256, 3717472, 62912
free, 256, 29.000000, 3340000, 3717472, 62912
free, 2048, 40.000000, 3337952, 3717472, 62912
free, 32, 28.000000, 3337920, 3717472, 62880
free, 256, 38.000000, 3337664, 3717472, 62880
free, 2048, 34.000000, 3335616, 3717472, 62880
free, 32, 54.000000, 3335584, 3717472, 62816
free, 256, 33.000000, 3335328, 3717472, 62816
free, 2048, 38.000000, 3333280, 3717472, 62816
free, 32, 32.000000, 3333248, 3717472, 62816
free, 256, 33.000000, 3332992, 3717472, 62816
free, 2048, 36.000000, 3330944, 3717472, 62816
free, 32, 26.000000, 3330880, 3717472, 62784
free, 256, 36.000000, 3330624, 3717472, 62784
free, 2048, 35.000000, 3328576, 3717472, 62784
free, 32, 26.000000, 3328544, 3717472, 62784
free, 256, 40.000000, 3328288, 3717472, 62784
free, 2048, 39.000000, 3326240, 3717472, 62784
free, 32, 18.000000, 3326176, 3717472, 62784
free, 256, 34.000000, 3325920, 3717472, 62784
free, 2048, 37.000000, 3323872, 3717472, 62784
free, 32, 29.000000, 3323808, 3717472, 62784
free, 256, 35.000000, 3323552, 3717472, 62784
free, 2048, 38.000000, 3321504, 3717472, 62784
free, 32, 46.000000, 3321472, 3717472, 62752
free, 256, 30.000000, 3321216, 3717472, 62752
free, 2048, 37.000000, 3319168, 3717472, 62752
free, 32, 27.000000, 3319136, 3717472, 62720
free, 256, 35.000000, 3318880, 3717472, 62720
free, 2048, 37.000000, 3316832, 3717472, 62720
free, 32, 21.000000, 3316800, 3717472, 62720
free, 256, 35.000000, 3316544, 3717472, 62720
free, 2048, 39.000000, 3314496, 3717472, 62720
free, 32, 29.000000, 3314432, 3717472, 62688
free, 256, 41.000000, 3314176, 3717472, 62688
free, 2048, 29.000000, 3312128, 3717472, 62688
free, 32, 32.000000, 3312096, 3717472, 62688
free, 256, 42.000000, 3311840, 3717472, 62656
free, 2048, 30.000000, 3309792, 3717472, 62656
free, 32, 26.000000, 3309728, 3717472, 62624
free, 256, 31.000000, 3309472, 3717472, 62624
free, 2048, 30.000000, 3307424, 3717472, 62624
free, 32, 33.000000, 3307392, 3717472, 62624
free, 256, 37.000000, 3307136, 3717472, 62624
free, 2048, 24.000000, 3305088, 3717472, 62624
free, 32, 28.000000, 3305024, 3717472, 62592
free, 256, 36.000000, 3304768, 3717472, 62592
free, 2048, 35.000000, 3302720, 3717472, 62592
free, 32, 34.000000, 3302688, 3717472, 62592
free, 256, 24.000000, 3302432, 3717472, 62592
free, 2048, 35.000000, 3300384, 3717472, 62592
free, 32, 30.000000, 3300320, 3717472, 62560
free, 256, 27.000000, 3300064, 3717472, 62560
free, 2048, 39.000000, 3298016, 3717472, 62560
free, 32, 23.000000, 3297984, 3717472, 62560
free, 256, 26.000000, 3297728, 3717472, 62560
free, 2048, 36.000000, 3295680, 3717472, 62560
free, 32, 27.000000, 3295648, 3717472, 62528
free, 256, 30.000000, 3295392, 3717472, 62528
free, 2048, 38.000000, 3293344, 3717472, 62528
free, 32, 25.000000, 3293312, 3717472, 62496
free, 256, 27.000000, 3293056, 3717472, 62496
free, 2048, 39.000000, 3291008, 3717472, 62496
free, 32, 30.000000, 3290944, 3717472, 62464
free, 256, 33.000000, 3290688, 3717472, 62464
free, 2048, 41.000000, 3288640, 3717472, 62464
free, 32, 48.000000, 3288608, 3717472, 62432
free, 256, 37.000000, 3288352, 3717472, 62432
free, 2048, 37.000000, 3286304, 3717472, 62432
free, 32, 30.000000, 3286272, 3717472, 62432
free, 256, 26.000000, 3286016, 3717472, 62400
free, 2048, 35.000000, 3283968, 3717472, 62400
free, 32, 28.000000, 3283904, 3717472, 62400
free, 256, 28.000000, 3283648, 3717472, 62368
free, 2048, 37.000000, 3281600, 3717472, 62368
free, 32, 37.000000, 3281536, 3717472, 62368
free, 256, 25.000000, 3281280, 3717472, 62368
free, 2048, 38.000000, 3279232, 3717472, 62368
free, 32, 48.000000, 3279200, 3717472, 62336
free, 256, 30.000000, 3278944, 3717472, 62336
free, 2048, 37.000000, 3276896, 3717472, 62336
free, 32, 25.000000, 3276864, 3717472, 62304
free, 256, 35.000000, 3276608, 3717472, 62304
free, 2048, 34.000000, 3274560, 3717472, 62304
free, 32, 20.000000, 3274528, 3717472, 62304
free, 256, 28.000000, 3274272, 3717472, 62272
free, 2048, 37.000000, 3272224, 3717472, 62272
free, 32, 29.000000, 3272160, 3717472, 62240
free, 256, 25.000000, 3271904, 3717472, 62240
free, 2048, 39.000000, 3269856, 3717472, 62240
free, 32, 32.000000, 3269824, 3717472, 62240
free, 256, 43.000000, 3269568, 3717472, 62208
free, 2048, 28.000000, 3267520, 3717472, 62208
free, 32, 29.000000, 3267456, 3717472, 62176
free, 256, 27.000000, 3267200, 3717472, 62144
free, 2048, 38.000000, 3265152, 3717472, 62144
free, 32, 29.000000, 3265120, 3717472, 62144
free, 256, 34.000000, 3264864, 3717472, 62144
free, 2048, 24.000000, 3262816, 3717472, 62144
free, 32, 29.000000, 3262752, 3717472, 62112
free, 256, 48.000000, 3262496, 3717472, 62112
free, 2048, 41.000000, 3260448, 3717472, 62112
free, 32, 31.000000, 3260416, 3717472, 62112
free, 256, 26.000000, 3260160, 3717472, 62112
free, 2048, 38.000000, 3258112, 3717472, 62112
free, 32, 30.000000, 3258048, 3717472, 62080
free, 256, 38.000000, 3257792, 3717472, 62080
free, 2048, 40.000000, 3255744, 3717472, 62080
free, 32, 27.000000, 3255712, 3717472, 62048
free, 256, 38.000000, 3255456, 3717472, 62048
free, 2048, 33.000000, 3253408, 3717472, 62048
free, 32, 20.000000, 3253376, 3717472, 62048
free, 256, 35.000000, 3253120, 3717472, 62048
free, 2048, 39.000000, 3251072, 3717472, 62048
free, 32, 47.000000, 3251040, 3717472, 61984
free, 256, 39.000000, 3250784, 3717472, 61984
free, 2048, 39.000000, 3248736, 3717472, 61984
free, 32, 35.000000, 3248704, 3717472, 61984
free, 256, 44.000000, 3248448, 3717472, 61952
free, 2048, 38.000000, 3246400, 3717472, 61952
free, 32, 27.000000, 3246336, 3717472, 61920
free, 256, 32.000000, 3246080, 3717472, 61920
free, 2048, 38.000000, 3244032, 3717472, 61920
free, 32, 34.000000, 3244000, 3717472, 61920
free, 256, 34.000000, 3243744, 3717472, 61920
free, 2048, 37.000000, 3241696, 3717472, 61920
free, 32, 45.000000, 3241632, 3717472, 61888
free, 256, 35.000000, 3241376, 3717472, 61888
free, 2048, 39.000000, 3239328, 3717472, 61888
free, 32, 33.000000, 3239296, 3717472, 61888
free, 256, 32.000000, 3239040, 3717472, 61888
free, 2048, 37.000000, 3236992, 3717472, 61888
free, 32, 29.000000, 3236928, 3717472, 61856
free, 256, 34.000000, 3236672, 3717472, 61856
free, 2048, 36.000000, 3234624, 3717472, 61856
free, 32, 27.000000, 3234592, 3717472, 61824
free, 256, 38.000000, 3234336, 3717472, 61824
free, 2048, 35.000000, 3232288, 3717472, 61824
free, 32, 29.000000, 3232224, 3717472, 61824
free, 256, 35.000000, 3231968, 3717472, 61824
free, 2048, 34.000000, 3229920, 3717472, 61824
free, 32, 39.000000, 3229888, 3717472, 61824
free, 256, 34.000000, 3229632, 3717472, 61824
free, 2048, 29.000000, 3227584, 3717472, 61824
free, 32, 30.000000, 3227520, 3717472, 61824
free, 256, 58.000000, 3227264, 3717472, 61792
free, 2048, 36.000000, 3225216, 3717472, 61792
free, 32, 30.000000, 3225184, 3717472, 61792
free, 256, 31.000000, 3224928, 3717472, 61792
free, 2048, 39.000000, 3222880, 3717472, 61792
free, 32, 35.000000, 3222816, 3717472, 61792
free, 256, 35.000000, 3222560, 3717472, 61792
free, 2048, 27.000000, 3220512, 3717472, 61792
free, 32, 38.000000, 3220480, 3717472, 61792
free, 256, 32.000000, 3220224, 3717472, 61792
free, 2048, 35.000000, 3218176, 3717472, 61792
free, 32, 18.000000, 3218112, 3717472, 61792
free, 256, 24.000000, 3217856, 3717472, 61792
free, 2048, 39.000000, 3215808, 3717472, 61792
free, 32, 38.000000, 3215776, 3717472, 61792
free, 256, 27.000000, 3215520, 3717472, 61792
free, 2048, 37.000000, 3213472, 3717472, 61792
free, 32, 23.000000, 3213440, 3717472, 61792
free, 256, 25.000000, 3213184, 3717472, 61792
free, 2048, 39.000000, 3211136, 3717472, 61792
free, 32, 30.000000, 3211104, 3717472, 61760
free, 256, 28.000000, 3210848, 3717472, 61760
free, 2048, 36.000000, 3208800, 3717472, 61760
free, 32, 38.000000, 3208768, 3717472, 61728
free, 256, 33.000000, 3208512, 3717472, 61728
free, 2048, 43.000000, 3206464, 3717472, 61728
free, 32, 50.000000, 3206432, 3717472, 61696
free, 256, 31.000000, 3206176, 3717472, 61696
free, 2048, 37.000000, 3204128, 3717472, 61696
free, 32, 27.000000, 3204096, 3717472, 61664
free, 256, 37.000000, 3203840, 3717472, 61664
free, 2048, 36.000000, 3201792, 3717472, 61664
free, 32, 19.000000, 3201760, 3717472, 61664
free, 256, 26.000000, 3201504, 3717472, 61632
free, 2048, 40.000000, 3199456, 3717472, 61632
free, 32, 47.000000, 3199424, 3717472, 61568
free, 256, 27.000000, 3199168, 3717472, 61568
free, 2048, 36.000000, 3197120, 3717472, 61568
free, 32, 30.000000, 3197088, 3717472, 61568
free, 256, 37.000000, 3196832, 3717472, 61568
free, 2048, 37.000000, 3194784, 3717472, 61568
free, 32, 27.000000, 3194720, 3717472, 61536
free, 256, 30.000000, 3194464, 3717472, 61536
free, 2048, 38.000000, 3192416, 3717472, 61536
free, 32, 27.000000, 3192384, 3717472, 61504
free, 256, 32.000000, 3192128, 3717472, 61504
free, 2048, 37.000000, 3190080, 3717472, 61504
free, 32, 30.000000, 3190016, 3717472, 61504
free, 256, 30.000000, 3189760, 3717472, 61472
free, 2048, 36.000000, 3187712, 3717472, 61472
free, 32, 29.000000, 3187680, 3717472, 61472
free, 256, 26.000000, 3187424, 3717472, 61472
free, 2048, 35.000000, 3185376, 3717472, 61472
free, 32, 27.000000, 3185312, 3717472, 61472
free, 256, 40.000000, 3185056, 3717472, 61440
free, 2048, 37.000000, 3183008, 3717472, 61440
free, 32, 27.000000, 3182976, 3717472, 61408
free, 256, 27.000000, 3182720, 3717472, 61376
free, 2048, 29.000000, 3180672, 3717472, 61376
free, 32, 39.000000, 3180608, 3717472, 61376
free, 256, 40.000000, 3180352, 3717472, 61376
free, 2048, 28.000000, 3178304, 3717472, 61376
free, 32, 27.000000, 3178272, 3717472, 61376
free, 256, 38.000000, 3178016, 3717472, 61376
free, 2048, 39.000000, 3175968, 3717472, 61376
free, 32, 26.000000, 3175904, 3717472, 61376
free, 256, 31.000000, 3175648, 3717472, 61376
free, 2048, 37.000000, 3173600, 3717472, 61376
free, 32, 26.000000, 3173568, 3717472, 61376
free, 256, 28.000000, 3173312, 3717472, 61376
free, 2048, 38.000000, 3171264, 3717472, 61376
free, 32, 30.000000, 3171232, 3717472, 61344
free, 256, 37.000000, 3170976, 3717472, 61344
free, 2048, 36.000000, 3168928, 3717472, 61344
free, 32, 41.000000, 3168896, 3717472, 61312
free, 256, 41.000000, 3168640, 3717472, 61312
free, 2048, 37.000000, 3166592, 3717472, 61312
free, 32, 34.000000, 3166560, 3717472, 61312
free, 256, 34.000000, 3166304, 3717472, 61312
free, 2048, 36.000000, 3164256, 3717472, 61312
free, 32, 19.000000, 3164192, 3717472, 61312
free, 256, 40.000000, 3163936, 3717472, 61280
free, 2048, 40.000000, 3161888, 3717472, 61280
free, 32, 35.000000, 3161856, 3717472, 61280
free, 256, 38.000000, 3161600, 3717472, 61280
free, 2048, 41.000000, 3159552, 3717472, 61280
free, 32, 30.000000, 3159488, 3717472, 61280
free, 256, 32.000000, 3159232, 3717472, 61280
free, 2048, 39.000000, 3157184, 3717472, 61280
free, 32, 34.000000, 3157152, 3717472, 61280
free, 256, 27.000000, 3156896, 3717472, 61280
free, 2048, 36.000000, 3154848, 3717472, 61280
free, 32, 18.000000, 3154784, 3717472, 61280
free, 256, 36.000000, 3154528, 3717472, 61280
free, 2048, 37.000000, 3152480, 3717472, 61280
free, 32, 30.000000, 3152448, 3717472, 61280
free, 256, 30.000000, 3152192, 3717472, 61280
free, 2048, 34.000000, 3150144, 3717472, 61280
free, 32, 27.000000, 3150112, 3717472, 61248
free, 256, 34.000000, 3149856, 3717472, 61248
free, 2048, 38.000000, 3147808, 3717472, 61248
free, 32, 56.000000, 3147776, 3717472, 61184
free, 256, 33.000000, 3147520, 3717472, 61184
free, 2048, 35.000000, 3145472, 3717472, 61184
free, 32, 32.000000, 3145440, 3717472, 61184
free, 256, 33.000000, 3145184, 3717472, 61184
free, 2048, 38.000000, 3143136, 3717472, 61184
free, 32, 28.000000, 3143072, 3717472, 61152
free, 256, 31.000000, 3142816, 3717472, 61152
free, 2048, 37.000000, 3140768, 3717472, 61152
free, 32, 24.000000, 3140736, 3717472, 61152
free, 256, 36.000000, 3140480, 3717472, 61152
free, 2048, 35.000000, 3138432, 3717472, 61152
free, 32, 28.000000, 3138368, 3717472, 61152
free, 256, 39.000000, 3138112, 3717472, 61152
free, 2048, 28.000000, 3136064, 3717472, 61152
free, 32, 28.000000, 3136000, 3717472, 61152
free, 256, 34.000000, 3135744, 3717472, 61152
free, 2048, 46.000000, 3133696, 3717472, 61152
free, 32, 48.000000, 3133664, 3717472, 61120
free, 256, 26.000000, 3133408, 3717472, 61120
free, 2048, 38.000000, 3131360, 3717472, 61120
free, 32, 39.000000, 3131328, 3717472, 61120
free, 256, 25.000000, 3131072, 3717472, 61120
free, 2048, 40.000000, 3129024, 3717472, 61120
free, 32, 26.000000, 3128992, 3717472, 61120
free, 256, 24.000000, 3128736, 3717472, 61120
free, 2048, 42.000000, 3126688, 3717472, 61120
free, 32, 26.000000, 3126656, 3717472, 61088
free, 256, 31.000000, 3126400, 3717472, 61088
free, 2048, 36.000000, 3124352, 3717472, 61088
free, 32, 32.000000, 3124320, 3717472, 61088
free, 256, 37.000000, 3124064, 3717472, 61088
free, 2048, 40.000000, 3122016, 3717472, 61088
free, 32, 43.000000, 3121984, 3717472, 61056
free, 256, 44.000000, 3121728, 3717472, 61024
free, 2048, 39.000000, 3119680, 3717472, 61024
free, 32, 35.000000, 3119648, 3717472, 61024
free, 256, 37.000000, 3119392, 3717472, 61024
free, 2048, 39.000000, 3117344, 3717472, 61024
free, 32, 28.000000, 3117280, 3717472, 61024
free, 256, 26.000000, 3117024, 3717472, 60992
free, 2048, 49.000000, 3114976, 3717472, 60960
free, 32, 34.000000, 3114944, 3717472, 60960
malloc, 80, 97.000000, 3115024, 3717472, 60992
malloc, 528, 150.000000, 3115552, 3717472, 61024
malloc, 4112, 20879.000000, 3119664, 3717472, 61056
malloc, 80, 72.000000, 3119744, 3717472, 61088
malloc, 528, 137.000000, 3120272, 3717472, 61120
malloc, 4112, 21910.000000, 3124384, 3725760, 61184
malloc, 80, 124.000000, 3124464, 3725760, 61216
malloc, 528, 137.000000, 3124992, 3725760, 61248
malloc, 4112, 21660.000000, 3129104, 3734048, 61312
malloc, 80, 126.000000, 3129184, 3734048, 61344
malloc, 528, 222.000000, 3129712, 3734048, 61376
malloc, 4112, 22668.000000, 3133824, 3742336, 61440
malloc, 80, 151.000000, 3133904, 3742336, 61472
malloc, 528, 218.000000, 3134432, 3742336, 61504
malloc, 4112, 22367.000000, 3138544, 3750624, 61568
malloc, 80, 161.000000, 3138624, 3750624, 61600
malloc, 528, 225.000000, 3139152, 3750624, 61632
malloc, 4112, 21788.000000, 3143264, 3758912, 61696
malloc, 80, 152.000000, 3143344, 3758912, 61728
malloc, 528, 313.000000, 3143872, 3758912, 61760
malloc, 4112, 21723.000000, 3147984, 3767200, 61824
malloc, 80, 214.000000, 3148064, 3767200, 61856
malloc, 528, 288.000000, 3148592, 3767200, 61888
malloc, 4112, 21703.000000, 3152704, 3775488, 61952
malloc, 80, 207.000000, 3152784, 3775488, 61984
malloc, 528, 296.000000, 3153312, 3775488, 62016
malloc, 4112, 21793.000000, 3157424, 3783776, 62080
malloc, 80, 226.000000, 3157504, 3783776, 62112
malloc, 528, 393.000000, 3158032, 3783776, 62144
malloc, 4112, 21770.000000, 3162144, 3792064, 62208
malloc, 80, 329.000000, 3162224, 3792064, 62240
malloc, 528, 356.000000, 3162752, 3792064, 62272
malloc, 4112, 23077.000000, 3166864, 3800352, 62336
malloc, 80, 352.000000, 3166944, 3800352, 62368
malloc, 528, 409.000000, 3167472, 3800352, 62400
malloc, 4112, 23590.000000, 3171584, 3808640, 62464
malloc, 80, 362.000000, 3171664, 3808640, 62496
malloc, 528, 454.000000, 3172192, 3808640, 62528
malloc, 4112, 22188.000000, 3176304, 3816928, 62592
malloc, 80, 354.000000, 3176384, 3816928, 62624
malloc, 528, 432.000000, 3176912, 3816928, 62656
malloc, 4112, 22041.000000, 3181024, 3825216, 62720
malloc, 80, 325.000000, 3181104, 3825216, 62752
malloc, 528, 435.000000, 3181632, 3825216, 62784
malloc, 4112, 25385.000000, 3185744, 3833504, 62848
malloc, 80, 1337.000000, 3185824, 3833504, 62880
malloc, 528, 552.000000, 3186352, 3833504, 62912
malloc, 4112, 22260.000000, 3190464, 3841792, 62976
malloc, 80, 421.000000, 3190544, 3841792, 63008
malloc, 528, 516.000000, 3191072, 3841792, 63040
malloc, 4112, 22005.000000, 3195184, 3850080, 63104
malloc, 80, 426.000000, 3195264, 3850080, 63136
malloc, 528, 529.000000, 3195792, 3850080, 63168
malloc, 4112, 22956.000000, 3199904, 3858368, 63232
malloc, 80, 438.000000, 3199984, 3858368, 63264
malloc, 528, 479.000000, 3200512, 3858368, 63296
malloc, 4112, 22082.000000, 3204624, 3866656, 63360
malloc, 80, 442.000000, 3204704, 3866656, 63392
malloc, 528, 556.000000, 3205232, 3866656, 63424
malloc, 4112, 22095.000000, 3209344, 3874944, 63488
malloc, 80, 445.000000, 3209424, 3874944, 63520
malloc, 528, 566.000000, 3209952, 3874944, 63552
malloc, 4112, 22051.000000, 3214064, 3883232, 63616
malloc, 80, 1269.000000, 3214144, 3883232, 63648
malloc, 528, 598.000000, 3214672, 3883232, 63680
malloc, 4112, 22218.000000, 3218784, 3891520, 63744
malloc, 80, 576.000000, 3218864, 3891520, 63776
malloc, 528, 545.000000, 3219392, 3891520, 63808
malloc, 4112, 22182.000000, 3223504, 3899808, 63872
malloc, 80, 556.000000, 3223584, 3899808, 63904
malloc, 528, 632.000000, 3224112, 3899808, 63936
malloc, 4112, 22162.000000, 3228224, 3908096, 64000
malloc, 80, 571.000000, 3228304, 3908096, 64032
malloc, 528, 653.000000, 3228832, 3908096, 64064
malloc, 4112, 23217.000000, 3232944, 3916384, 64128
malloc, 80, 584.000000, 3233024, 3916384, 64160
malloc, 528, 638.000000, 3233552, 3916384, 64192
malloc, 4112, 22293.000000, 3237664, 3924672, 64256
malloc, 80, 579.000000, 3237744, 3924672, 64288
malloc, 528, 749.000000, 3238272, 3924672, 64320
malloc, 4112, 22341.000000, 3242384, 3932960, 64384
malloc, 80, 665.000000, 3242464, 3932960, 64416
malloc, 528, 696.000000, 3242992, 3932960, 64448
malloc, 4112, 22255.000000, 3247104, 3941248, 64512
malloc, 80, 692.000000, 3247184, 3941248, 64544
malloc, 528, 722.000000, 3247712, 3941248, 64576
malloc, 4112, 22357.000000, 3251824, 3949536, 64640
malloc, 80, 677.000000, 3251904, 3949536, 64672
malloc, 528, 786.000000, 3252432, 3949536, 64704
malloc, 4112, 22204.000000, 3256544, 3957824, 64768
malloc, 80, 1051.000000, 3256624, 3957824, 64800
malloc, 528, 659.000000, 3257152, 3957824, 64832
malloc, 4112, 22478.000000, 3261264, 3966112, 64896
malloc, 80, 1004.000000, 3261344, 3966112, 64928
malloc, 528, 617.000000, 3261872, 3966112, 64960
malloc, 4112, 23447.000000, 3265984, 3974400, 65024
malloc, 80, 1006.000000, 3266064, 3974400, 65056
malloc, 528, 715.000000, 3266592, 3974400, 65088
malloc, 4112, 22457.000000, 3270704, 3982688, 65152
malloc, 80, 1031.000000, 3270784, 3982688, 65184
malloc, 528, 726.000000, 3271312, 3982688, 65216
malloc, 4112, 90193.000000, 3275424, 3990976, 65280
malloc, 80, 1089.000000, 3275504, 3990976, 65312
malloc, 528, 760.000000, 3276032, 3990976, 65344
malloc, 4112, 23471.000000, 3280144, 3999264, 65408
malloc, 80, 1053.000000, 3280224, 3999264, 65440
malloc, 528, 821.000000, 3280752, 3999264, 65472
malloc, 4112, 22467.000000, 3284864, 4007552, 65536
malloc, 80, 1061.000000, 3284944, 4007552, 65568
malloc, 528, 821.000000, 3285472, 4007552, 65600
malloc, 4112, 22579.000000, 3289584, 4015840, 65664
malloc, 80, 1111.000000, 3289664, 4015840, 65696
malloc, 528, 810.000000, 3290192, 4015840, 65728
malloc, 4112, 22484.000000, 3294304, 4024128, 65792
malloc, 80, 1078.000000, 3294384, 4024128, 65824
malloc, 528, 807.000000, 3294912, 4024128, 65856
malloc, 4112, 22374.000000, 3299024, 4032416, 65920
malloc, 80, 1077.000000, 3299104, 4032416, 65952
malloc, 528, 897.000000, 3299632, 4032416, 65984
malloc, 4112, 23365.000000, 3303744, 4040704, 66048
malloc, 80, 1147.000000, 3303824, 4040704, 66080
malloc, 528, 860.000000, 3304352, 4040704, 66112
malloc, 4112, 22529.000000, 3308464, 4048992, 66176
malloc, 80, 1157.000000, 3308544, 4048992, 66208
malloc, 528, 879.000000, 3309072, 4048992, 66240
malloc, 4112, 22973.000000, 3313184, 4057280, 66304
malloc, 80, 1248.000000, 3313264, 4057280, 66336
malloc, 528, 941.000000, 3313792, 4057280, 66368
malloc, 4112, 22576.000000, 3317904, 4065568, 66432
malloc, 80, 1210.000000, 3317984, 4065568, 66464
malloc, 528, 989.000000, 3318512, 4065568, 66496
malloc, 4112, 22646.000000, 3322624, 4073856, 66560
malloc, 80, 1238.000000, 3322704, 4073856, 66592
malloc, 528, 955.000000, 3323232, 4073856, 66624
malloc, 4112, 23130.000000, 3327344, 4082144, 66688
malloc, 80, 1246.000000, 3327424, 4082144, 66720
malloc, 528, 963.000000, 3327952, 4082144, 66752
malloc, 4112, 22576.000000, 3332064, 4090432, 66816
malloc, 80, 1257.000000, 3332144, 4090432, 66848
malloc, 528, 1016.000000, 3332672, 4090432, 66880
malloc, 4112, 23663.000000, 3336784, 4098720, 66944
malloc, 80, 1283.000000, 3336864, 4098720, 66976
malloc, 528, 1059.000000, 3337392, 4098720, 67008
malloc, 4112, 22848.000000, 3341504, 4107008, 67072
malloc, 80, 1353.000000, 3341584, 4107008, 67104
malloc, 528, 1031.000000, 3342112, 4107008, 67136
malloc, 4112, 22788.000000, 3346224, 4115296, 67200
malloc, 80, 1344.000000, 3346304, 4115296, 67232
malloc, 528, 1143.000000, 3346832, 4115296, 67264
malloc, 4112, 22931.000000, 3350944, 4123584, 67328
malloc, 80, 1348.000000, 3351024, 4123584, 67360
malloc, 528, 1139.000000, 3351552, 4123584, 67392
malloc, 4112, 26032.000000, 3355664, 4131872, 67456
malloc, 80, 2370.000000, 3355744, 4131872, 67488
malloc, 528, 1393.000000, 3356272, 4131872, 67520
malloc, 4112, 23455.000000, 3360384, 4140160, 67584
malloc, 80, 1624.000000, 3360464, 4140160, 67616
malloc, 528, 1224.000000, 3360992, 4140160, 67648
malloc, 4112, 23127.000000, 3365104, 4148448, 67712
malloc, 80, 1554.000000, 3365184, 4148448, 67744
malloc, 528, 1227.000000, 3365712, 4148448, 67776
malloc, 4112, 23965.000000, 3369824, 4156736, 67840
malloc, 80, 1588.000000, 3369904, 4156736, 67872
malloc, 528, 1244.000000, 3370432, 4156736, 67904
malloc, 4112, 23071.000000, 3374544, 4165024, 67968
malloc, 80, 1580.000000, 3374624, 4165024, 68000
malloc, 528, 1376.000000, 3375152, 4165024, 68032
malloc, 4112, 23094.000000, 3379264, 4173312, 68096
malloc, 80, 1559.000000, 3379344, 4173312, 68128
malloc, 528, 1389.000000, 3379872, 4173312, 68160
malloc, 4112, 23098.000000, 3383984, 4181600, 68224
malloc, 80, 1816.000000, 3384064, 4181600, 68256
malloc, 528, 1440.000000, 3384592, 4181600, 68288
malloc, 4112, 23203.000000, 3388704, 4189888, 68352
malloc, 80, 1744.000000, 3388784, 4189888, 68384
malloc, 528, 1494.000000, 3389312, 4189888, 68416
malloc, 4112, 23100.000000, 3393424, 4198176, 68480
malloc, 80, 1751.000000, 3393504, 4198176, 68512
malloc, 528, 1912.000000, 3394032, 4198176, 68544
malloc, 4112, 23805.000000, 3398144, 4206464, 68608
malloc, 80, 1834.000000, 3398224, 4206464, 68640
malloc, 528, 1506.000000, 3398752, 4206464, 68672
malloc, 4112, 24407.000000, 3402864, 4214752, 68736
malloc, 80, 1871.000000, 3402944, 4214752, 68768
malloc, 528, 1573.000000, 3403472, 4214752, 68800
malloc, 4112, 23396.000000, 3407584, 4223040, 68864
malloc, 80, 1915.000000, 3407664, 4223040, 68896
malloc, 528, 1595.000000, 3408192, 4223040, 68928
malloc, 4112, 23455.000000, 3412304, 4231328, 68992
malloc, 80, 1863.000000, 3412384, 4231328, 69024
malloc, 528, 1583.000000, 3412912, 4231328, 69056
malloc, 4112, 23355.000000, 3417024, 4239616, 69120
malloc, 80, 1882.000000, 3417104, 4239616, 69152
malloc, 528, 1657.000000, 3417632, 4239616, 69184
malloc, 4112, 23378.000000, 3421744, 4247904, 69248
malloc, 80, 1949.000000, 3421824, 4247904, 69280
malloc, 528, 1738.000000, 3422352, 4247904, 69312
malloc, 4112, 23422.000000, 3426464, 4256192, 69376
malloc, 80, 1940.000000, 3426544, 4256192, 69408
malloc, 528, 1671.000000, 3427072, 4256192, 69440
malloc, 4112, 23466.000000, 3431184, 4264480, 69504
malloc, 80, 1994.000000, 3431264, 4264480, 69536
malloc, 528, 1820.000000, 3431792, 4264480, 69568
malloc, 4112, 24317.000000, 3435904, 4272768, 69632
malloc, 80, 1996.000000, 3435984, 4272768, 69664
malloc, 528, 1860.000000, 3436512, 4272768, 69696
malloc, 4112, 23631.000000, 3440624, 4281056, 69760
malloc, 80, 1954.000000, 3440704, 4281056, 69792
malloc, 528, 1854.000000, 3441232, 4281056, 69824
malloc, 4112, 23515.000000, 3445344, 4289344, 69888
malloc, 80, 1990.000000, 3445424, 4289344, 69920
malloc, 528, 1968.000000, 3445952, 4289344, 69952
malloc, 4112, 23652.000000, 3450064, 4297632, 70016
malloc, 80, 2078.000000, 3450144, 4297632, 70048
malloc, 528, 1946.000000, 3450672, 4297632, 70080
malloc, 4112, 23605.000000, 3454784, 4305920, 70144
malloc, 80, 2060.000000, 3454864, 4305920, 70176
malloc, 528, 1986.000000, 3455392, 4305920, 70208
malloc, 4112, 23497.000000, 3459504, 4314208, 70272
malloc, 80, 2074.000000, 3459584, 4314208, 70304
malloc, 528, 2051.000000, 3460112, 4314208, 70336
malloc, 4112, 23693.000000, 3464224, 4322496, 70400
malloc, 80, 2100.000000, 3464304, 4322496, 70432
malloc, 528, 2040.000000, 3464832, 4322496, 70464
malloc, 4112, 23780.000000, 3468944, 4330784, 70528
malloc, 80, 2140.000000, 3469024, 4330784, 70560
malloc, 528, 1987.000000, 3469552, 4330784, 70592
malloc, 4112, 24792.000000, 3473664, 4339072, 70656
malloc, 80, 2133.000000, 3473744, 4339072, 70688
malloc, 528, 2180.000000, 3474272, 4339072, 70720
malloc, 4112, 23757.000000, 3478384, 4347360, 70784
malloc, 80, 2209.000000, 3478464, 4347360, 70816
malloc, 528, 2131.000000, 3478992, 4347360, 70848
malloc, 4112, 23799.000000, 3483104, 4355648, 70912
malloc, 80, 2190.000000, 3483184, 4355648, 70944
malloc, 528, 2167.000000, 3483712, 4355648, 70976
malloc, 4112, 23843.000000, 3487824, 4363936, 71040
malloc, 80, 2202.000000, 3487904, 4363936, 71072
malloc, 528, 2261.000000, 3488432, 4363936, 71104
malloc, 4112, 23857.000000, 3492544, 4372224, 71168
malloc, 80, 2296.000000, 3492624, 4372224, 71200
malloc, 528, 2303.000000, 3493152, 4372224, 71232
malloc, 4112, 25949.000000, 3497264, 4380512, 71296
malloc, 80, 2365.000000, 3497344, 4380512, 71328
malloc, 528, 2309.000000, 3497872, 4380512, 71360
malloc, 4112, 24113.000000, 3501984, 4388800, 71424
malloc, 80, 2303.000000, 3502064, 4388800, 71456
malloc, 528, 2449.000000, 3502592, 4388800, 71488
malloc, 4112, 25074.000000, 3506704, 4397088, 71552
malloc, 80, 2361.000000, 3506784, 4397088, 71584
malloc, 528, 2394.000000, 3507312, 4397088, 71616
malloc, 4112, 24068.000000, 3511424, 4405376, 71680
malloc, 80, 2297.000000, 3511504, 4405376, 71712
malloc, 528, 2437.000000, 3512032, 4405376, 71744
malloc, 4112, 27006.000000, 3516144, 4413664, 71808
malloc, 80, 2605.000000, 3516224, 4413664, 71840
malloc, 528, 3067.000000, 3516752, 4413664, 71872
malloc, 4112, 25364.000000, 3520864, 4421952, 71936
malloc, 80, 3404.000000, 3520944, 4421952, 71968
malloc, 528, 2640.000000, 3521472, 4421952, 72000
malloc, 4112, 24491.000000, 3525584, 4430240, 72064
malloc, 80, 2481.000000, 3525664, 4430240, 72096
malloc, 528, 2527.000000, 3526192, 4430240, 72128
malloc, 4112, 24259.000000, 3530304, 4438528, 72192
malloc, 80, 2491.000000, 3530384, 4438528, 72224
malloc, 528, 2636.000000, 3530912, 4438528, 72256
malloc, 4112, 24427.000000, 3535024, 4446816, 72320
malloc, 80, 2453.000000, 3535104, 4446816, 72352
malloc, 528, 2650.000000, 3535632, 4446816, 72384
malloc, 4112, 25236.000000, 3539744, 4455104, 72448
malloc, 80, 2485.000000, 3539824, 4455104, 72480
malloc, 528, 2635.000000, 3540352, 4455104, 72512
malloc, 4112, 24468.000000, 3544464, 4463392, 72576
malloc, 80, 2472.000000, 3544544, 4463392, 72608
malloc, 528, 2753.000000, 3545072, 4463392, 72640
malloc, 4112, 24402.000000, 3549184, 4471680, 72704
malloc, 80, 2544.000000, 3549264, 4471680, 72736
malloc, 528, 2670.000000, 3549792, 4471680, 72768
malloc, 4112, 24618.000000, 3553904, 4479968, 72832
malloc, 80, 2585.000000, 3553984, 4479968, 72864
malloc, 528, 2761.000000, 3554512, 4479968, 72896
malloc, 4112, 24590.000000, 3558624, 4488256, 72960
malloc, 80, 2605.000000, 3558704, 4488256, 72992
malloc, 528, 2829.000000, 3559232, 4488256, 73024
malloc, 4112, 24453.000000, 3563344, 4496544, 73088
malloc, 80, 2628.000000, 3563424, 4496544, 73120
malloc, 528, 2806.000000, 3563952, 4496544, 73152
malloc, 4112, 24486.000000, 3568064, 4504832, 73216
malloc, 80, 2642.000000, 3568144, 4504832, 73248
malloc, 528, 2836.000000, 3568672, 4504832, 73280
malloc, 4112, 24587.000000, 3572784, 4513120, 73344
malloc, 80, 2816.000000, 3572864, 4513120, 73376
malloc, 528, 2998.000000, 3573392, 4513120, 73408
malloc, 4112, 25566.000000, 3577504, 4521408, 73472
malloc, 80, 2784.000000, 3577584, 4521408, 73504
malloc, 528, 2964.000000, 3578112, 4521408, 73536
malloc, 4112, 24822.000000, 3582224, 4529696, 73600
malloc, 80, 2714.000000, 3582304, 4529696, 73632
malloc, 528, 2968.000000, 3582832, 4529696, 73664
malloc, 4112, 25211.000000, 3586944, 4537984, 73728
malloc, 80, 2773.000000, 3587024, 4537984, 73760
malloc, 528, 3109.000000, 3587552, 4537984, 73792
malloc, 4112, 24580.000000, 3591664, 4546272, 73856
malloc, 80, 2757.000000, 3591744, 4546272, 73888
malloc, 528, 3063.000000, 3592272, 4546272, 73920
malloc, 4112, 24582.000000, 3596384, 4554560, 73984
malloc, 80, 2885.000000, 3596464, 4554560, 74016
malloc, 528, 3043.000000, 3596992, 4554560, 74048
malloc, 4112, 24865.000000, 3601104, 4562848, 74112
malloc, 80, 2899.000000, 3601184, 4562848, 74144
malloc, 528, 3154.000000, 3601712, 4562848, 74176
malloc, 4112, 24799.000000, 3605824, 4571136, 74240
malloc, 80, 2827.000000, 3605904, 4571136, 74272
malloc, 528, 3176.000000, 3606432, 4571136, 74304
malloc, 4112, 25803.000000, 3610544, 4579424, 74368
malloc, 80, 3060.000000, 3610624, 4579424, 74400
malloc, 528, 3147.000000, 3611152, 4579424, 74432
malloc, 4112, 24812.000000, 3615264, 4587712, 74496
malloc, 80, 3022.000000, 3615344, 4587712, 74528
malloc, 528, 3324.000000, 3615872, 4587712, 74560
malloc, 4112, 24732.000000, 3619984, 4596000, 74624
malloc, 80, 3011.000000, 3620064, 4596000, 74656
malloc, 528, 3218.000000, 3620592, 4596000, 74688
malloc, 4112, 24907.000000, 3624704, 4604288, 74752
malloc, 80, 3040.000000, 3624784, 4604288, 74784
malloc, 528, 3273.000000, 3625312, 4604288, 74816
malloc, 4112, 24859.000000, 3629424, 4612576, 74880
malloc, 80, 3024.000000, 3629504, 4612576, 74912
malloc, 528, 3385.000000, 3630032, 4612576, 74944
malloc, 4112, 24862.000000, 3634144, 4620864, 75008
malloc, 80, 3108.000000, 3634224, 4620864, 75040
malloc, 528, 3429.000000, 3634752, 4620864, 75072
malloc, 4112, 24770.000000, 3638864, 4629152, 75136
malloc, 80, 3144.000000, 3638944, 4629152, 75168
malloc, 528, 3385.000000, 3639472, 4629152, 75200
malloc, 4112, 25165.000000, 3643584, 4637440, 75264
malloc, 80, 3156.000000, 3643664, 4637440, 75296
malloc, 528, 3417.000000, 3644192, 4637440, 75328
malloc, 4112, 25973.000000, 3648304, 4645728, 75392
malloc, 80, 3188.000000, 3648384, 4645728, 75424
malloc, 528, 3507.000000, 3648912, 4645728, 75456
malloc, 4112, 26663.000000, 3653024, 4654016, 75520
malloc, 80, 3227.000000, 3653104, 4654016, 75552
malloc, 528, 3563.000000, 3653632, 4654016, 75584
malloc, 4112, 25388.000000, 3657744, 4662304, 75648
malloc, 80, 3219.000000, 3657824, 4662304, 75680
malloc, 528, 3564.000000, 3658352, 4662304, 75712
malloc, 4112, 29695.000000, 3662464, 4670592, 75776
malloc, 80, 3389.000000, 3662544, 4670592, 75808
malloc, 528, 3671.000000, 3663072, 4670592, 75840
malloc, 4112, 25533.000000, 3667184, 4678880, 75904
malloc, 80, 3233.000000, 3667264, 4678880, 75936
malloc, 528, 3639.000000, 3667792, 4678880, 75968
malloc, 4112, 25404.000000, 3671904, 4687168, 76032
malloc, 80, 3243.000000, 3671984, 4687168, 76064
malloc, 528, 3686.000000, 3672512, 4687168, 76096
malloc, 4112, 26300.000000, 3676624, 4695456, 76160
malloc, 80, 3343.000000, 3676704, 4695456, 76192
malloc, 528, 3727.000000, 3677232, 4695456, 76224
malloc, 4112, 25875.000000, 3681344, 4703744, 76288
malloc, 80, 3320.000000, 3681424, 4703744, 76320
malloc, 528, 3724.000000, 3681952, 4703744, 76352
malloc, 4112, 25186.000000, 3686064, 4712032, 76416
malloc, 80, 3227.000000, 3686144, 4712032, 76448
malloc, 528, 3815.000000, 3686672, 4712032, 76480
malloc, 4112, 25182.000000, 3690784, 4720320, 76544
malloc, 80, 4201.000000, 3690864, 4720320, 76576
malloc, 528, 4015.000000, 3691392, 4720320, 76608
malloc, 4112, 25588.000000, 3695504, 4728608, 76672
malloc, 80, 3448.000000, 3695584, 4728608, 76704
malloc, 528, 3897.000000, 3696112, 4728608, 76736
malloc, 4112, 25499.000000, 3700224, 4736896, 76800
malloc, 80, 3425.000000, 3700304, 4736896, 76832
malloc, 528, 3940.000000, 3700832, 4736896, 76864
malloc, 4112, 25471.000000, 3704944, 4745184, 76928
malloc, 80, 3428.000000, 3705024, 4745184, 76960
malloc, 528, 4027.000000, 3705552, 4745184, 76992
malloc, 4112, 26396.000000, 3709664, 4753472, 77056
malloc, 80, 3515.000000, 3709744, 4753472, 77088
malloc, 528, 3992.000000, 3710272, 4753472, 77120
malloc, 4112, 25606.000000, 3714384, 4761760, 77184
malloc, 80, 3426.000000, 3714464, 4761760, 77216
malloc, 528, 4107.000000, 3714992, 4761760, 77248
malloc, 4112, 25622.000000, 3719104, 4770048, 77312
malloc, 80, 3551.000000, 3719184, 4770048, 77344
malloc, 528, 4103.000000, 3719712, 4770048, 77376
malloc, 4112, 27742.000000, 3723824, 4778336, 77440
malloc, 80, 3665.000000, 3723904, 4778336, 77472
malloc, 528, 4221.000000, 3724432, 4778336, 77504
malloc, 4112, 25853.000000, 3728544, 4786624, 77568
malloc, 80, 3611.000000, 3728624, 4786624, 77600
malloc, 528, 4116.000000, 3729152, 4786624, 77632
malloc, 4112, 25701.000000, 3733264, 4794912, 77696
malloc, 80, 4487.000000, 3733344, 4794912, 77728
malloc, 528, 4353.000000, 3733872, 4794912, 77760
malloc, 4112, 25730.000000, 3737984, 4803200, 77824
malloc, 80, 3665.000000, 3738064, 4803200, 77856
malloc, 528, 4249.000000, 3738592, 4803200, 77888
malloc, 4112, 26738.000000, 3742704, 4811488, 77952
malloc, 80, 3726.000000, 3742784, 4811488, 77984
malloc, 528, 4267.000000, 3743312, 4811488, 78016
malloc, 4112, 25772.000000, 3747424, 4819776, 78080
malloc, 80, 3696.000000, 3747504, 4819776, 78112
malloc, 528, 4229.000000, 3748032, 4819776, 78144
malloc, 4112, 25832.000000, 3752144, 4828064, 78208
malloc, 80, 3723.000000, 3752224, 4828064, 78240
malloc, 528, 4289.000000, 3752752, 4828064, 78272
malloc, 4112, 25855.000000, 3756864, 4836352, 78336
malloc, 80, 3754.000000, 3756944, 4836352, 78368
malloc, 528, 4328.000000, 3757472, 4836352, 78400
malloc, 4112, 26290.000000, 3761584, 4844640, 78464
malloc, 80, 3797.000000, 3761664, 4844640, 78496
malloc, 528, 4374.000000, 3762192, 4844640, 78528
malloc, 4112, 25825.000000, 3766304, 4852928, 78592
malloc, 80, 3801.000000, 3766384, 4852928, 78624
malloc, 528, 4490.000000, 3766912, 4852928, 78656
malloc, 4112, 25990.000000, 3771024, 4861216, 78720
malloc, 80, 3786.000000, 3771104, 4861216, 78752
malloc, 528, 4561.000000, 3771632, 4861216, 78784
malloc, 4112, 26191.000000, 3775744, 4869504, 78848
malloc, 80, 3843.000000, 3775824, 4869504, 78880
malloc, 528, 4516.000000, 3776352, 4869504, 78912
malloc, 4112, 27078.000000, 3780464, 4877792, 78976
malloc, 80, 3890.000000, 3780544, 4877792, 79008
malloc, 528, 4622.000000, 3781072, 4877792, 79040
malloc, 4112, 26121.000000, 3785184, 4886080, 79104
malloc, 80, 3919.000000, 3785264, 4886080, 79136
malloc, 528, 4807.000000, 3785792, 4886080, 79168
malloc, 4112, 26238.000000, 3789904, 4894368, 79232
malloc, 80, 3854.000000, 3789984, 4894368, 79264
malloc, 528, 4664.000000, 3790512, 4894368, 79296
malloc, 4112, 31132.000000, 3794624, 4902656, 79360
malloc, 80, 4057.000000, 3794704, 4902656, 79392
malloc, 528, 4781.000000, 3795232, 4902656, 79424
malloc, 4112, 26863.000000, 3799344, 4910944, 79488
malloc, 80, 3935.000000, 3799424, 4910944, 79520
malloc, 528, 4759.000000, 3799952, 4910944, 79552
malloc, 4112, 26459.000000, 3804064, 4919232, 79616
malloc, 80, 3960.000000, 3804144, 4919232, 79648
malloc, 528, 4757.000000, 3804672, 4919232, 79680
malloc, 4112, 26262.000000, 3808784, 4927520, 79744
malloc, 80, 4913.000000, 3808864, 4927520, 79776
malloc, 528, 4914.000000, 3809392, 4927520, 79808
malloc, 4112, 27334.000000, 3813504, 4935808, 79872
malloc, 80, 4160.000000, 3813584, 4935808, 79904
malloc, 528, 4821.000000, 3814112, 4935808, 79936
malloc, 4112, 26249.000000, 3818224, 4944096, 80000
malloc, 80, 4125.000000, 3818304, 4944096, 80032
malloc, 528, 4846.000000, 3818832, 4944096, 80064
malloc, 4112, 26285.000000, 3822944, 4952384, 80128
malloc, 80, 4117.000000, 3823024, 4952384, 80160
malloc, 528, 4846.000000, 3823552, 4952384, 80192
malloc, 4112, 26168.000000, 3827664, 4960672, 80256
malloc, 80, 4141.000000, 3827744, 4960672, 80288
malloc, 528, 4900.000000, 3828272, 4960672, 80320
malloc, 4112, 26326.000000, 3832384, 4968960, 80384
malloc, 80, 4151.000000, 3832464, 4968960, 80416
malloc, 528, 4869.000000, 3832992, 4968960, 80448
malloc, 4112, 26470.000000, 3837104, 4977248, 80512
malloc, 80, 4240.000000, 3837184, 4977248, 80544
malloc, 528, 4976.000000, 3837712, 4977248, 80576
malloc, 4112, 26546.000000, 3841824, 4985536, 80640
malloc, 80, 4210.000000, 3841904, 4985536, 80672
malloc, 528, 4977.000000, 3842432, 4985536, 80704
malloc, 4112, 27494.000000, 3846544, 4993824, 80768
malloc, 80, 4239.000000, 3846624, 4993824, 80800
malloc, 528, 5118.000000, 3847152, 4993824, 80832
malloc, 4112, 26849.000000, 3851264, 5002112, 80896
malloc, 80, 5174.000000, 3851344, 5002112, 80928
malloc, 528, 5241.000000, 3851872, 5002112, 80960
malloc, 4112, 26646.000000, 3855984, 5010400, 81024
malloc, 80, 4360.000000, 3856064, 5010400, 81056
malloc, 528, 5059.000000, 3856592, 5010400, 81088
malloc, 4112, 26657.000000, 3860704, 5018688, 81152
malloc, 80, 4386.000000, 3860784, 5018688, 81184
malloc, 528, 5213.000000, 3861312, 5018688, 81216
malloc, 4112, 26561.000000, 3865424, 5026976, 81280
malloc, 80, 4414.000000, 3865504, 5026976, 81312
malloc, 528, 5176.000000, 3866032, 5026976, 81344
malloc, 4112, 26708.000000, 3870144, 5035264, 81408
malloc, 80, 4352.000000, 3870224, 5035264, 81440
malloc, 528, 5157.000000, 3870752, 5035264, 81472
malloc, 4112, 26934.000000, 3874864, 5043552, 81536
malloc, 80, 4374.000000, 3874944, 5043552, 81568
malloc, 528, 5234.000000, 3875472, 5043552, 81600
malloc, 4112, 27725.000000, 3879584, 5051840, 81664
malloc, 80, 4504.000000, 3879664, 5051840, 81696
malloc, 528, 5221.000000, 3880192, 5051840, 81728
malloc, 4112, 26784.000000, 3884304, 5060128, 81792
malloc, 80, 4558.000000, 3884384, 5060128, 81824
malloc, 528, 5264.000000, 3884912, 5060128, 81856
malloc, 4112, 27060.000000, 3889024, 5068416, 81920
malloc, 80, 4538.000000, 3889104, 5068416, 81952
malloc, 528, 5386.000000, 3889632, 5068416, 81984
malloc, 4112, 27044.000000, 3893744, 5076704, 82048
malloc, 80, 4596.000000, 3893824, 5076704, 82080
malloc, 528, 5440.000000, 3894352, 5076704, 82112
malloc, 4112, 27062.000000, 3898464, 5084992, 82176
malloc, 80, 4536.000000, 3898544, 5084992, 82208
malloc, 528, 5450.000000, 3899072, 5084992, 82240
malloc, 4112, 27144.000000, 3903184, 5093280, 82304
malloc, 80, 4637.000000, 3903264, 5093280, 82336
malloc, 528, 5534.000000, 3903792, 5093280, 82368
malloc, 4112, 28577.000000, 3907904, 5101568, 82432
malloc, 80, 4880.000000, 3907984, 5101568, 82464
malloc, 528, 5731.000000, 3908512, 5101568, 82496
malloc, 4112, 28908.000000, 3912624, 5109856, 82560
malloc, 80, 4691.000000, 3912704, 5109856, 82592
malloc, 528, 5524.000000, 3913232, 5109856, 82624
malloc, 4112, 30444.000000, 3917344, 5118144, 82688
malloc, 80, 4745.000000, 3917424, 5118144, 82720
malloc, 528, 5755.000000, 3917952, 5118144, 82752
malloc, 4112, 27809.000000, 3922064, 5126432, 82816
malloc, 80, 4731.000000, 3922144, 5126432, 82848
malloc, 528, 5642.000000, 3922672, 5126432, 82880
malloc, 4112, 27452.000000, 3926784, 5134720, 82944
malloc, 80, 4684.000000, 3926864, 5134720, 82976
malloc, 528, 5690.000000, 3927392, 5134720, 83008
malloc, 4112, 27461.000000, 3931504, 5143008, 83072
malloc, 80, 4785.000000, 3931584, 5143008, 83104
malloc, 528, 5690.000000, 3932112, 5143008, 83136
malloc, 4112, 27521.000000, 3936224, 5151296, 83200
malloc, 80, 4779.000000, 3936304, 5151296, 83232
malloc, 528, 5819.000000, 3936832, 5151296, 83264
malloc, 4112, 27438.000000, 3940944, 5159584, 83328
malloc, 80, 4650.000000, 3941024, 5159584, 83360
malloc, 528, 5817.000000, 3941552, 5159584, 83392
malloc, 4112, 28416.000000, 3945664, 5167872, 83456
malloc, 80, 4777.000000, 3945744, 5167872, 83488
malloc, 528, 5940.000000, 3946272, 5167872, 83520
malloc, 4112, 27501.000000, 3950384, 5176160, 83584
malloc, 80, 4815.000000, 3950464, 5176160, 83616
malloc, 528, 5991.000000, 3950992, 5176160, 83648
malloc, 4112, 27655.000000, 3955104, 5184448, 83712
malloc, 80, 4749.000000, 3955184, 5184448, 83744
malloc, 528, 5868.000000, 3955712, 5184448, 83776
malloc, 4112, 27478.000000, 3959824, 5192736, 83840
malloc, 80, 4782.000000, 3959904, 5192736, 83872
malloc, 528, 6045.000000, 3960432, 5192736, 83904
malloc, 4112, 27556.000000, 3964544, 5201024, 83968
malloc, 80, 4849.000000, 3964624, 5201024, 84000
malloc, 528, 6027.000000, 3965152, 5201024, 84032
malloc, 4112, 27582.000000, 3969264, 5209312, 84096
malloc, 80, 4801.000000, 3969344, 5209312, 84128
malloc, 528, 5978.000000, 3969872, 5209312, 84160
malloc, 4112, 27695.000000, 3973984, 5217600, 84224
malloc, 80, 4971.000000, 3974064, 5217600, 84256
malloc, 528, 6071.000000, 3974592, 5217600, 84288
malloc, 4112, 27723.000000, 3978704, 5225888, 84352
malloc, 80, 5024.000000, 3978784, 5225888, 84384
malloc, 528, 6117.000000, 3979312, 5225888, 84416
malloc, 4112, 28635.000000, 3983424, 5234176, 84480
malloc, 80, 5022.000000, 3983504, 5234176, 84512
malloc, 528, 6062.000000, 3984032, 5234176, 84544
malloc, 4112, 28126.000000, 3988144, 5242464, 84608
malloc, 80, 5186.000000, 3988224, 5242464, 84640
malloc, 528, 6229.000000, 3988752, 5242464, 84672
malloc, 4112, 28195.000000, 3992864, 5250752, 84736
malloc, 80, 5045.000000, 3992944, 5250752, 84768
malloc, 528, 6260.000000, 3993472, 5250752, 84800
malloc, 4112, 28159.000000, 3997584, 5259040, 84864
malloc, 80, 5225.000000, 3997664, 5259040, 84896
malloc, 528, 6151.000000, 3998192, 5259040, 84928
malloc, 4112, 27983.000000, 4002304, 5267328, 84992
malloc, 80, 5231.000000, 4002384, 5267328, 85024
malloc, 528, 6322.000000, 4002912, 5267328, 85056
malloc, 4112, 28243.000000, 4007024, 5275616, 85120
malloc, 80, 5218.000000, 4007104, 5275616, 85152
malloc, 528, 6353.000000, 4007632, 5275616, 85184
malloc, 4112, 28338.000000, 4011744, 5283904, 85248
malloc, 80, 5194.000000, 4011824, 5283904, 85280
malloc, 528, 6274.000000, 4012352, 5283904, 85312
malloc, 4112, 29512.000000, 4016464, 5292192, 85376
malloc, 80, 5237.000000, 4016544, 5292192, 85408
malloc, 528, 6486.000000, 4017072, 5292192, 85440
malloc, 4112, 28722.000000, 4021184, 5300480, 85504
malloc, 80, 5331.000000, 4021264, 5300480, 85536
malloc, 528, 6311.000000, 4021792, 5300480, 85568
malloc, 4112, 28586.000000, 4025904, 5308768, 85632
malloc, 80, 5354.000000, 4025984, 5308768, 85664
malloc, 528, 6431.000000, 4026512, 5308768, 85696
malloc, 4112, 28487.000000, 4030624, 5317056, 85760
malloc, 80, 5343.000000, 4030704, 5317056, 85792
malloc, 528, 6488.000000, 4031232, 5317056, 85824
malloc, 4112, 32734.000000, 4035344, 5325344, 85888
malloc, 80, 5549.000000, 4035424, 5325344, 85920
malloc, 528, 6722.000000, 4035952, 5325344, 85952
malloc, 4112, 29113.000000, 4040064, 5333632, 86016
malloc, 80, 5411.000000, 4040144, 5333632, 86048
malloc, 528, 6698.000000, 4040672, 5333632, 86080
malloc, 4112, 28835.000000, 4044784, 5341920, 86144
malloc, 80, 5431.000000, 4044864, 5341920, 86176
malloc, 528, 6757.000000, 4045392, 5341920, 86208
malloc, 4112, 28996.000000, 4049504, 5350208, 86272
malloc, 80, 5463.000000, 4049584, 5350208, 86304
malloc, 528, 6789.000000, 4050112, 5350208, 86336
malloc, 4112, 29916.000000, 4054224, 5358496, 86400
malloc, 80, 5549.000000, 4054304, 5358496, 86432
malloc, 528, 6838.000000, 4054832, 5358496, 86464
malloc, 4112, 28954.000000, 4058944, 5366784, 86528
malloc, 80, 5763.000000, 4059024, 5366784, 86560
malloc, 528, 6803.000000, 4059552, 5366784, 86592
malloc, 4112, 28821.000000, 4063664, 5375072, 86656
malloc, 80, 5816.000000, 4063744, 5375072, 86688
malloc, 528, 6833.000000, 4064272, 5375072, 86720
malloc, 4112, 29085.000000, 4068384, 5383360, 86784
malloc, 80, 5837.000000, 4068464, 5383360, 86816
malloc, 528, 6770.000000, 4068992, 5383360, 86848
malloc, 4112, 29127.000000, 4073104, 5391648, 86912
malloc, 80, 5697.000000, 4073184, 5391648, 86944
malloc, 528, 6879.000000, 4073712, 5391648, 86976
malloc, 4112, 29079.000000, 4077824, 5399936, 87040
malloc, 80, 5813.000000, 4077904, 5399936, 87072
malloc, 528, 6883.000000, 4078432, 5399936, 87104
malloc, 4112, 31588.000000, 4082544, 5408224, 87168
malloc, 80, 6084.000000, 4082624, 5408224, 87200
malloc, 528, 7177.000000, 4083152, 5408224, 87232
malloc, 4112, 30560.000000, 4087264, 5416512, 87296
malloc, 80, 5936.000000, 4087344, 5416512, 87328
malloc, 528, 7122.000000, 4087872, 5416512, 87360
malloc, 4112, 30620.000000, 4091984, 5424800, 87424
malloc, 80, 6891.000000, 4092064, 5424800, 87456
malloc, 528, 7393.000000, 4092592, 5424800, 87488
malloc, 4112, 29595.000000, 4096704, 5433088, 87552
malloc, 80, 6043.000000, 4096784, 5433088, 87584
malloc, 528, 7148.000000, 4097312, 5433088, 87616
malloc, 4112, 29522.000000, 4101424, 5441376, 87680
malloc, 80, 5973.000000, 4101504, 5441376, 87712
malloc, 528, 7194.000000, 4102032, 5441376, 87744
malloc, 4112, 29594.000000, 4106144, 5449664, 87808
malloc, 80, 5989.000000, 4106224, 5449664, 87840
malloc, 528, 7186.000000, 4106752, 5449664, 87872
malloc, 4112, 29570.000000, 4110864, 5457952, 87936
malloc, 80, 6017.000000, 4110944, 5457952, 87968
malloc, 528, 7220.000000, 4111472, 5457952, 88000
malloc, 4112, 29561.000000, 4115584, 5466240, 88064
malloc, 80, 6038.000000, 4115664, 5466240, 88096
malloc, 528, 7375.000000, 4116192, 5466240, 88128
malloc, 4112, 30806.000000, 4120304, 5474528, 88192
malloc, 80, 6153.000000, 4120384, 5474528, 88224
malloc, 528, 7319.000000, 4120912, 5474528, 88256
malloc, 4112, 29718.000000, 4125024, 5482816, 88320
malloc, 80, 6178.000000, 4125104, 5482816, 88352
malloc, 528, 7364.000000, 4125632, 5482816, 88384
malloc, 4112, 29715.000000, 4129744, 5491104, 88448
malloc, 80, 6148.000000, 4129824, 5491104, 88480
malloc, 528, 7454.000000, 4130352, 5491104, 88512
malloc, 4112, 29907.000000, 4134464, 5499392, 88576
malloc, 80, 7052.000000, 4134544, 5499392, 88608
malloc, 528, 7586.000000, 4135072, 5499392, 88640
malloc, 4112, 34444.000000, 4139184, 5507680, 88704
malloc, 80, 7013.000000, 4139264, 5507680, 88736
malloc, 528, 7591.000000, 4139792, 5507680, 88768
malloc, 4112, 30629.000000, 4143904, 5515968, 88832
malloc, 80, 6457.000000, 4143984, 5515968, 88864
malloc, 528, 7572.000000, 4144512, 5515968, 88896
malloc, 4112, 30046.000000, 4148624, 5524256, 88960
malloc, 80, 6432.000000, 4148704, 5524256, 88992
malloc, 528, 7553.000000, 4149232, 5524256, 89024
malloc, 4112, 30996.000000, 4153344, 5532544, 89088
malloc, 80, 6502.000000, 4153424, 5532544, 89120
malloc, 528, 7610.000000, 4153952, 5532544, 89152
malloc, 4112, 30227.000000, 4158064, 5540832, 89216
malloc, 80, 6413.000000, 4158144, 5540832, 89248
malloc, 528, 7768.000000, 4158672, 5540832, 89280
malloc, 4112, 30045.000000, 4162784, 5549120, 89344
malloc, 80, 6374.000000, 4162864, 5549120, 89376
free, 32, 47.000000, 4162784, 5549120, 89376
free, 64, 53.000000, 4162720, 5549120, 89344
free, 128, 43.000000, 4162592, 5549120, 89280
free, 256, 63.000000, 4162064, 5549120, 89280
free, 512, 42.000000, 4161552, 5549120, 89248
free, 1024, 39.000000, 4160528, 5549120, 89184
free, 2048, 66.000000, 4156416, 5549120, 89152
free, 4096, 63.000000, 4152320, 5549120, 89152
free, 8192, 48.000000, 4144128, 5549120, 89152
free, 32, 40.000000, 4144048, 5549120, 89088
free, 64, 29.000000, 4143984, 5549120, 89056
free, 128, 22.000000, 4143856, 5549120, 89024
free, 256, 23.000000, 4143328, 5549120, 88992
free, 512, 51.000000, 4142816, 5549120, 88928
free, 1024, 36.000000, 4141792, 5549120, 88896
free, 2048, 61.000000, 4137680, 5549120, 88864
free, 4096, 30.000000, 4133584, 5549120, 88832
free, 8192, 50.000000, 4125392, 5549120, 88832
free, 32, 25.000000, 4125312, 5549120, 88800
free, 64, 25.000000, 4125248, 5549120, 88768
free, 128, 24.000000, 4125120, 5549120, 88736
free, 256, 24.000000, 4124592, 5549120, 88704
free, 512, 32.000000, 4124080, 5549120, 88672
free, 1024, 28.000000, 4123056, 5549120, 88640
free, 2048, 44.000000, 4118944, 5549120, 88608
free, 4096, 35.000000, 4114848, 5549120, 88576
free, 8192, 39.000000, 4106656, 5549120, 88576
free, 32, 42.000000, 4106576, 5549120, 88512
free, 64, 29.000000, 4106512, 5549120, 88480
free, 128, 23.000000, 4106384, 5549120, 88448
free, 256, 33.000000, 4105856, 5549120, 88416
free, 512, 38.000000, 4105344, 5549120, 88384
free, 1024, 40.000000, 4104320, 5549120, 88352
free, 2048, 53.000000, 4100208, 5549120, 88320
free, 4096, 30.000000, 4096112, 5549120, 88288
free, 8192, 47.000000, 4087920, 5549120, 88288
free, 32, 25.000000, 4087840, 5549120, 88256
free, 64, 38.000000, 4087776, 5549120, 88192
free, 128, 24.000000, 4087648, 5549120, 88160
free, 256, 28.000000, 4087120, 5549120, 88128
free, 512, 25.000000, 4086608, 5549120, 88096
free, 1024, 30.000000, 4085584, 5549120, 88064
free, 2048, 53.000000, 4081472, 5549120, 88032
free, 4096, 33.000000, 4077376, 5549120, 88000
free, 8192, 48.000000, 4069184, 5549120, 88000
free, 32, 24.000000, 4069104, 5549120, 87968
free, 64, 30.000000, 4069040, 5549120, 87936
free, 128, 22.000000, 4068912, 5549120, 87904
free, 256, 21.000000, 4068384, 5549120, 87872
free, 512, 42.000000, 4067872, 5549120, 87840
free, 1024, 26.000000, 4066848, 5549120, 87808
free, 2048, 41.000000, 4062736, 5549120, 87776
free, 4096, 35.000000, 4058640, 5549120, 87744
free, 8192, 39.000000, 4050448, 5549120, 87744
free, 32, 43.000000, 4050368, 5549120, 87680
free, 64, 24.000000, 4050304, 5549120, 87648
free, 128, 29.000000, 4050176, 5549120, 87616
free, 256, 34.000000, 4049648, 5549120, 87584
free, 512, 29.000000, 4049136, 5549120, 87552
free, 1024, 20.000000, 4048112, 5549120, 87520
free, 2048, 45.000000, 4044000, 5549120, 87488
free, 4096, 31.000000, 4039904, 5549120, 87456
free, 8192, 37.000000, 4031712, 5549120, 87456
free, 32, 22.000000, 4031632, 5549120, 87424
free, 64, 59.000000, 4031536, 5549120, 87392
free, 128, 46.000000, 4031408, 5549120, 87328
free, 256, 33.000000, 4030880, 5549120, 87296
free, 512, 28.000000, 4030368, 5549120, 87264
free, 1024, 20.000000, 4029344, 5549120, 87232
free, 2048, 49.000000, 4025232, 5549120, 87200
free, 4096, 31.000000, 4021136, 5549120, 87168
free, 8192, 36.000000, 4012944, 5549120, 87168
free, 32, 30.000000, 4012864, 5549120, 87136
free, 64, 37.000000, 4012768, 5549120, 87104
free, 128, 40.000000, 4012640, 5549120, 87072
free, 256, 30.000000, 4012112, 5549120, 87040
free, 512, 29.000000, 4011600, 5549120, 87008
free, 1024, 24.000000, 4010576, 5549120, 86976
free, 2048, 42.000000, 4006464, 5549120, 86944
free, 4096, 31.000000, 4002368, 5549120, 86912
free, 8192, 40.000000, 3994176, 5549120, 86912
free, 32, 38.000000, 3994096, 5549120, 86848
free, 64, 42.000000, 3994000, 5549120, 86816
free, 128, 23.000000, 3993872, 5549120, 86784
free, 256, 33.000000, 3993344, 5549120, 86752
free, 512, 39.000000, 3992800, 5549120, 86720
free, 1024, 23.000000, 3991776, 5549120, 86688
free, 2048, 46.000000, 3987664, 5549120, 86656
free, 4096, 33.000000, 3983568, 5549120, 86624
free, 8192, 45.000000, 3975376, 5549120, 86624
free, 32, 22.000000, 3975296, 5549120, 86592
free, 64, 28.000000, 3975232, 5549120, 86560
free, 128, 23.000000, 3975104, 5549120, 86528
free, 256, 29.000000, 3974576, 5549120, 86496
free, 512, 37.000000, 3974064, 5549120, 86464
free, 1024, 26.000000, 3973040, 5549120, 86432
free, 2048, 46.000000, 3968928, 5549120, 86400
free, 4096, 33.000000, 3964832, 5549120, 86368
free, 8192, 39.000000, 3956640, 5549120, 86368
free, 32, 21.000000, 3956560, 5549120, 86336
free, 64, 24.000000, 3956496, 5549120, 86304
free, 128, 38.000000, 3956336, 5549120, 86272
free, 256, 26.000000, 3955808, 5549120, 86240
free, 512, 37.000000, 3955296, 5549120, 86208
free, 1024, 23.000000, 3954272, 5549120, 86176
free, 2048, 46.000000, 3950160, 5549120, 86144
free, 4096, 31.000000, 3946064, 5549120, 86112
free, 8192, 46.000000, 3937872, 5549120, 86112
free, 32, 40.000000, 3937792, 5549120, 86048
free, 64, 22.000000, 3937728, 5549120, 86016
free, 128, 20.000000, 3937600, 5549120, 85984
free, 256, 37.000000, 3937072, 5549120, 85952
free, 512, 24.000000, 3936560, 5549120, 85920
free, 1024, 22.000000, 3935536, 5549120, 85888
free, 2048, 60.000000, 3931424, 5549120, 85856
free, 4096, 35.000000, 3927328, 5549120, 85824
free, 8192, 35.000000, 3919136, 5549120, 85824
free, 32, 21.000000, 3919056, 5549120, 85792
free, 64, 36.000000, 3918960, 5549120, 85760
free, 128, 37.000000, 3918832, 5549120, 85728
free, 256, 31.000000, 3918304, 5549120, 85696
free, 512, 27.000000, 3917792, 5549120, 85664
free, 1024, 22.000000, 3916768, 5549120, 85632
free, 2048, 48.000000, 3912656, 5549120, 85600
free, 4096, 36.000000, 3908560, 5549120, 85568
free, 8192, 49.000000, 3900368, 5549120, 85568
free, 32, 41.000000, 3900288, 5549120, 85504
free, 64, 22.000000, 3900224, 5549120, 85472
free, 128, 39.000000, 3900096, 5549120, 85408
free, 256, 27.000000, 3899568, 5549120, 85376
free, 512, 24.000000, 3899056, 5549120, 85344
free, 1024, 21.000000, 3898032, 5549120, 85312
free, 2048, 50.000000, 3893920, 5549120, 85280
free, 4096, 33.000000, 3889824, 5549120, 85248
free, 8192, 46.000000, 3881632, 5549120, 85248
free, 32, 43.000000, 3881552, 5549120, 85184
free, 64, 40.000000, 3881488, 5549120, 85120
free, 128, 40.000000, 3881360, 5549120, 85088
free, 256, 41.000000, 3880832, 5549120, 85056
free, 512, 23.000000, 3880320, 5549120, 85024
free, 1024, 23.000000, 3879296, 5549120, 84992
free, 2048, 49.000000, 3875184, 5549120, 84960
free, 4096, 38.000000, 3871088, 5549120, 84928
free, 8192, 44.000000, 3862896, 5549120, 84928
free, 32, 25.000000, 3862816, 5549120, 84896
free, 64, 38.000000, 3862720, 5549120, 84864
free, 128, 43.000000, 3862592, 5549120, 84800
free, 256, 28.000000, 3862064, 5549120, 84768
free, 512, 25.000000, 3861552, 5549120, 84736
free, 1024, 25.000000, 3860528, 5549120, 84704
free, 2048, 50.000000, 3856416, 5549120, 84672
free, 4096, 32.000000, 3852320, 5549120, 84640
free, 8192, 43.000000, 3844128, 5549120, 84640
free, 32, 28.000000, 3844048, 5549120, 84608
free, 64, 36.000000, 3843952, 5549120, 84576
free, 128, 22.000000, 3843824, 5549120, 84544
free, 256, 21.000000, 3843296, 5549120, 84512
free, 512, 40.000000, 3842784, 5549120, 84480
free, 1024, 23.000000, 3841760, 5549120, 84448
free, 2048, 48.000000, 3837648, 5549120, 84416
free, 4096, 31.000000, 3833552, 5549120, 84384
free, 8192, 49.000000, 3825360, 5549120, 84384
free, 32, 42.000000, 3825280, 5549120, 84320
free, 64, 23.000000, 3825216, 5549120, 84288
free, 128, 21.000000, 3825088, 5549120, 84256
free, 256, 37.000000, 3824560, 5549120, 84192
free, 512, 44.000000, 3824048, 5549120, 84128
free, 1024, 28.000000, 3823024, 5549120, 84096
free, 2048, 57.000000, 3818912, 5549120, 84064
free, 4096, 38.000000, 3814816, 5549120, 84032
free, 8192, 44.000000, 3806624, 5549120, 84032
free, 32, 25.000000, 3806544, 5549120, 84000
free, 64, 24.000000, 3806480, 5549120, 83968
free, 128, 22.000000, 3806352, 5549120, 83936
free, 256, 37.000000, 3805824, 5549120, 83904
free, 512, 29.000000, 3805312, 5549120, 83872
free, 1024, 24.000000, 3804288, 5549120, 83840
free, 2048, 63.000000, 3800176, 5549120, 83808
free, 4096, 34.000000, 3796080, 5549120, 83776
free, 8192, 47.000000, 3787888, 5549120, 83776
free, 32, 45.000000, 3787808, 5549120, 83712
free, 64, 40.000000, 3787744, 5549120, 83680
free, 128, 37.000000, 3787584, 5549120, 83648
free, 256, 28.000000, 3787056, 5549120, 83616
free, 512, 33.000000, 3786544, 5549120, 83584
free, 1024, 25.000000, 3785520, 5549120, 83552
free, 2048, 49.000000, 3781408, 5549120, 83520
free, 4096, 31.000000, 3777312, 5549120, 83488
free, 8192, 44.000000, 3769120, 5549120, 83488
free, 32, 53.000000, 3769040, 5549120, 83424
free, 64, 30.000000, 3768976, 5549120, 83392
free, 128, 30.000000, 3768848, 5549120, 83360
free, 256, 24.000000, 3768320, 5549120, 83328
free, 512, 38.000000, 3767808, 5549120, 83296
free, 1024, 20.000000, 3766784, 5549120, 83264
free, 2048, 44.000000, 3762672, 5549120, 83232
free, 4096, 36.000000, 3758576, 5549120, 83200
free, 8192, 41.000000, 3750384, 5549120, 83200
free, 32, 24.000000, 3750304, 5549120, 83168
free, 64, 40.000000, 3750208, 5549120, 83136
free, 128, 20.000000, 3750080, 5549120, 83104
free, 256, 41.000000, 3749552, 5549120, 83040
free, 512, 32.000000, 3749040, 5549120, 83008
free, 1024, 25.000000, 3748016, 5549120, 82976
free, 2048, 41.000000, 3743904, 5549120, 82944
free, 4096, 33.000000, 3739808, 5549120, 82912
free, 8192, 46.000000, 3731616, 5549120, 82912
free, 32, 26.000000, 3731536, 5549120, 82880
free, 64, 32.000000, 3731472, 5549120, 82848
free, 128, 41.000000, 3731344, 5549120, 82784
free, 256, 36.000000, 3730816, 5549120, 82752
free, 512, 34.000000, 3730304, 5549120, 82720
free, 1024, 24.000000, 3729280, 5549120, 82688
free, 2048, 44.000000, 3725168, 5549120, 82656
free, 4096, 37.000000, 3721072, 5549120, 82624
free, 8192, 45.000000, 3712880, 5549120, 82624
free, 32, 42.000000, 3712800, 5549120, 82560
free, 64, 38.000000, 3712736, 5549120, 82496
free, 128, 31.000000, 3712608, 5549120, 82464
free, 256, 31.000000, 3712080, 5549120, 82432
free, 512, 23.000000, 3711568, 5549120, 82400
free, 1024, 21.000000, 3710544, 5549120, 82368
free, 2048, 44.000000, 3706432, 5549120, 82336
free, 4096, 40.000000, 3702336, 5549120, 82304
free, 8192, 43.000000, 3694144, 5549120, 82304
free, 32, 23.000000, 3694064, 5549120, 82272
free, 64, 52.000000, 3693968, 5549120, 82240
free, 128, 41.000000, 3693840, 5549120, 82176
free, 256, 26.000000, 3693312, 5549120, 82144
free, 512, 29.000000, 3692800, 5549120, 82112
free, 1024, 31.000000, 3691776, 5549120, 82048
free, 2048, 50.000000, 3687664, 5549120, 82016
free, 4096, 36.000000, 3683568, 5549120, 81984
free, 8192, 49.000000, 3675376, 5549120, 81984
free, 32, 36.000000, 3675296, 5549120, 81920
free, 64, 43.000000, 3675200, 5549120, 81888
free, 128, 28.000000, 3675072, 5549120, 81856
free, 256, 37.000000, 3674544, 5549120, 81824
free, 512, 32.000000, 3674032, 5549120, 81792
free, 1024, 24.000000, 3673008, 5549120, 81760
free, 2048, 53.000000, 3668896, 5549120, 81728
free, 4096, 32.000000, 3664800, 5549120, 81696
free, 8192, 44.000000, 3656608, 5549120, 81696
free, 32, 26.000000, 3656528, 5549120, 81664
free, 64, 21.000000, 3656464, 5549120, 81632
free, 128, 23.000000, 3656336, 5549120, 81600
free, 256, 23.000000, 3655808, 5549120, 81568
free, 512, 20.000000, 3655296, 5549120, 81536
free, 1024, 22.000000, 3654272, 5549120, 81504
free, 2048, 50.000000, 3650160, 5549120, 81472
free, 4096, 25.000000, 3646064, 5549120, 81440
free, 8192, 46.000000, 3637872, 5549120, 81440
free, 32, 26.000000, 3637792, 5549120, 81408
free, 64, 42.000000, 3637728, 5549120, 81376
free, 128, 21.000000, 3637600, 5549120, 81344
free, 256, 24.000000, 3637072, 5549120, 81312
free, 512, 30.000000, 3636560, 5549120, 81280
free, 1024, 23.000000, 3635536, 5549120, 81248
free, 2048, 44.000000, 3631424, 5549120, 81216
free, 4096, 41.000000, 3627328, 5549120, 81184
free, 8192, 42.000000, 3619136, 5549120, 81184
free, 32, 42.000000, 3619056, 5549120, 81120
free, 64, 37.000000, 3618960, 5549120, 81088
free, 128, 32.000000, 3618832, 5549120, 81056
free, 256, 34.000000, 3618304, 5549120, 81024
free, 512, 22.000000, 3617792, 5549120, 80992
free, 1024, 23.000000, 3616768, 5549120, 80960
free, 2048, 45.000000, 3612656, 5549120, 80928
free, 4096, 27.000000, 3608560, 5549120, 80896
free, 8192, 42.000000, 3600368, 5549120, 80896
free, 32, 25.000000, 3600288, 5549120, 80864
free, 64, 30.000000, 3600224, 5549120, 80832
free, 128, 25.000000, 3600096, 5549120, 80800
free, 256, 33.000000, 3599568, 5549120, 80768
free, 512, 32.000000, 3599056, 5549120, 80736
free, 1024, 20.000000, 3598032, 5549120, 80704
free, 2048, 43.000000, 3593920, 5549120, 80672
free, 4096, 43.000000, 3589824, 5549120, 80640
free, 8192, 47.000000, 3581632, 5549120, 80640
free, 32, 23.000000, 3581552, 5549120, 80608
free, 64, 42.000000, 3581456, 5549120, 80576
free, 128, 25.000000, 3581328, 5549120, 80544
free, 256, 32.000000, 3580800, 5549120, 80512
free, 512, 35.000000, 3580288, 5549120, 80480
free, 1024, 29.000000, 3579264, 5549120, 80448
free, 2048, 45.000000, 3575152, 5549120, 80416
free, 4096, 31.000000, 3571056, 5549120, 80384
free, 8192, 40.000000, 3562864, 5549120, 80384
free, 32, 41.000000, 3562784, 5549120, 80320
free, 64, 33.000000, 3562720, 5549120, 80288
free, 128, 21.000000, 3562592, 5549120, 80256
free, 256, 31.000000, 3562064, 5549120, 80224
free, 512, 27.000000, 3561552, 5549120, 80192
free, 1024, 26.000000, 3560528, 5549120, 80160
free, 2048, 42.000000, 3556416, 5549120, 80128
free, 4096, 44.000000, 3552320, 5549120, 80096
free, 8192, 44.000000, 3544128, 5549120, 80096
free, 32, 23.000000, 3544048, 5549120, 80064
free, 64, 41.000000, 3543952, 5549120, 80032
free, 128, 30.000000, 3543824, 5549120, 80000
free, 256, 30.000000, 3543296, 5549120, 79968
free, 512, 24.000000, 3542784, 5549120, 79936
free, 1024, 27.000000, 3541760, 5549120, 79904
free, 2048, 47.000000, 3537648, 5549120, 79872
free, 4096, 41.000000, 3533552, 5549120, 79840
free, 8192, 42.000000, 3525360, 5549120, 79840
free, 32, 41.000000, 3525280, 5549120, 79776
free, 64, 28.000000, 3525216, 5549120, 79744
free, 128, 21.000000, 3525088, 5549120, 79712
free, 256, 20.000000, 3524560, 5549120, 79680
free, 512, 25.000000, 3524048, 5549120, 79648
free, 1024, 27.000000, 3523024, 5549120, 79616
free, 2048, 78.000000, 3518912, 5549120, 79584
free, 4096, 50.000000, 3514816, 5549120, 79584
free, 8192, 41.000000, 3506624, 5549120, 79584
free, 32, 25.000000, 3506544, 5549120, 79552
free, 64, 37.000000, 3506448, 5549120, 79520
free, 128, 34.000000, 3506320, 5549120, 79488
free, 256, 32.000000, 3505792, 5549120, 79456
free, 512, 38.000000, 3505280, 5549120, 79424
free, 1024, 26.000000, 3504256, 5549120, 79392
free, 2048, 44.000000, 3500144, 5549120, 79360
free, 4096, 27.000000, 3496048, 5549120, 79328
free, 8192, 49.000000, 3487856, 5549120, 79328
free, 32, 41.000000, 3487776, 5549120, 79264
free, 64, 23.000000, 3487712, 5549120, 79232
free, 128, 23.000000, 3487584, 5549120, 79200
free, 256, 30.000000, 3487056, 5549120, 79168
free, 512, 50.000000, 3486544, 5549120, 79104
free, 1024, 31.000000, 3485520, 5549120, 79072
free, 2048, 45.000000, 3481408, 5549120, 79040
free, 4096, 36.000000, 3477312, 5549120, 79008
free, 8192, 48.000000, 3469120, 5549120, 79008
free, 32, 26.000000, 3469040, 5549120, 78976
free, 64, 24.000000, 3468976, 5549120, 78944
free, 128, 20.000000, 3468848, 5549120, 78912
free, 256, 31.000000, 3468320, 5549120, 78880
free, 512, 26.000000, 3467808, 5549120, 78848
free, 1024, 37.000000, 3466784, 5549120, 78816
free, 2048, 46.000000, 3462672, 5549120, 78784
free, 4096, 31.000000, 3458576, 5549120, 78752
free, 8192, 49.000000, 3450384, 5549120, 78752
free, 32, 24.000000, 3450304, 5549120, 78720
free, 64, 24.000000, 3450240, 5549120, 78688
free, 128, 39.000000, 3450080, 5549120, 78656
free, 256, 40.000000, 3449552, 5549120, 78592
free, 512, 22.000000, 3449040, 5549120, 78560
free, 1024, 31.000000, 3448016, 5549120, 78528
free, 2048, 47.000000, 3443904, 5549120, 78496
free, 4096, 37.000000, 3439808, 5549120, 78464
free, 8192, 42.000000, 3431616, 5549120, 78464
free, 32, 43.000000, 3431536, 5549120, 78400
free, 64, 24.000000, 3431472, 5549120, 78368
free, 128, 21.000000, 3431344, 5549120, 78336
free, 256, 28.000000, 3430816, 5549120, 78304
free, 512, 41.000000, 3430304, 5549120, 78240
free, 1024, 32.000000, 3429280, 5549120, 78208
free, 2048, 53.000000, 3425168, 5549120, 78176
free, 4096, 41.000000, 3421072, 5549120, 78144
free, 8192, 44.000000, 3412880, 5549120, 78144
free, 32, 32.000000, 3412800, 5549120, 78112
free, 64, 46.000000, 3412736, 5549120, 78048
free, 128, 24.000000, 3412608, 5549120, 78016
free, 256, 26.000000, 3412080, 5549120, 77984
free, 512, 24.000000, 3411568, 5549120, 77952
free, 1024, 30.000000, 3410544, 5549120, 77920
free, 2048, 43.000000, 3406432, 5549120, 77888
free, 4096, 31.000000, 3402336, 5549120, 77856
free, 8192, 42.000000, 3394144, 5549120, 77856
free, 32, 41.000000, 3394064, 5549120, 77792
free, 64, 24.000000, 3394000, 5549120, 77760
free, 128, 40.000000, 3393872, 5549120, 77696
free, 256, 28.000000, 3393344, 5549120, 77664
free, 512, 29.000000, 3392832, 5549120, 77632
free, 1024, 22.000000, 3391808, 5549120, 77600
free, 2048, 47.000000, 3387696, 5549120, 77568
free, 4096, 34.000000, 3383600, 5549120, 77536
free, 8192, 37.000000, 3375408, 5549120, 77536
free, 32, 27.000000, 3375328, 5549120, 77504
free, 64, 41.000000, 3375264, 5549120, 77440
free, 128, 31.000000, 3375136, 5549120, 77408
free, 256, 32.000000, 3374608, 5549120, 77376
free, 512, 36.000000, 3374096, 5549120, 77344
free, 1024, 18.000000, 3373072, 5549120, 77312
free, 2048, 51.000000, 3368960, 5549120, 77280
free, 4096, 31.000000, 3364864, 5549120, 77248
free, 8192, 49.000000, 3356672, 5549120, 77248
free, 32, 23.000000, 3356592, 5549120, 77216
free, 64, 49.000000, 3356496, 5549120, 77184
free, 128, 41.000000, 3356368, 5549120, 77120
free, 256, 25.000000, 3355840, 5549120, 77088
free, 512, 29.000000, 3355328, 5549120, 77056
free, 1024, 36.000000, 3354304, 5549120, 76992
free, 2048, 48.000000, 3350192, 5549120, 76960
free, 4096, 36.000000, 3346096, 5549120, 76928
free, 8192, 43.000000, 3337904, 5549120, 76928
free, 32, 40.000000, 3337824, 5549120, 76864
free, 64, 39.000000, 3337728, 5549120, 76832
free, 128, 30.000000, 3337600, 5549120, 76800
free, 256, 30.000000, 3337072, 5549120, 76768
free, 512, 22.000000, 3336560, 5549120, 76736
free, 1024, 22.000000, 3335536, 5549120, 76704
free, 2048, 43.000000, 3331424, 5549120, 76672
free, 4096, 34.000000, 3327328, 5549120, 76640
free, 8192, 45.000000, 3319136, 5549120, 76640
free, 32, 24.000000, 3319056, 5549120, 76608
free, 64, 23.000000, 3318992, 5549120, 76576
free, 128, 22.000000, 3318864, 5549120, 76544
free, 256, 41.000000, 3318336, 5549120, 76480
free, 512, 24.000000, 3317824, 5549120, 76448
free, 1024, 22.000000, 3316800, 5549120, 76416
free, 2048, 50.000000, 3312688, 5549120, 76384
free, 4096, 31.000000, 3308592, 5549120, 76352
free, 8192, 41.000000, 3300400, 5549120, 76352
free, 32, 27.000000, 3300320, 5549120, 76320
free, 64, 23.000000, 3300256, 5549120, 76288
free, 128, 24.000000, 3300128, 5549120, 76256
free, 256, 26.000000, 3299600, 5549120, 76224
free, 512, 33.000000, 3299088, 5549120, 76192
free, 1024, 21.000000, 3298064, 5549120, 76160
free, 2048, 46.000000, 3293952, 5549120, 76128
free, 4096, 32.000000, 3289856, 5549120, 76096
free, 8192, 42.000000, 3281664, 5549120, 76096
free, 32, 42.000000, 3281584, 5549120, 76032
free, 64, 37.000000, 3281488, 5549120, 76000
free, 128, 34.000000, 3281360, 5549120, 75968
free, 256, 28.000000, 3280832, 5549120, 75936
free, 512, 24.000000, 3280320, 5549120, 75904
free, 1024, 24.000000, 3279296, 5549120, 75872
free, 2048, 41.000000, 3275184, 5549120, 75840
free, 4096, 33.000000, 3271088, 5549120, 75808
free, 8192, 47.000000, 3262896, 5549120, 75808
free, 32, 26.000000, 3262816, 5549120, 75776
free, 64, 23.000000, 3262752, 5549120, 75744
free, 128, 25.000000, 3262624, 5549120, 75712
free, 256, 29.000000, 3262096, 5549120, 75680
free, 512, 29.000000, 3261584, 5549120, 75648
free, 1024, 27.000000, 3260560, 5549120, 75616
free, 2048, 43.000000, 3256448, 5549120, 75584
free, 4096, 31.000000, 3252352, 5549120, 75552
free, 8192, 41.000000, 3244160, 5549120, 75552
free, 32, 24.000000, 3244080, 5549120, 75520
free, 64, 39.000000, 3243984, 5549120, 75488
free, 128, 28.000000, 3243856, 5549120, 75456
free, 256, 32.000000, 3243328, 5549120, 75424
free, 512, 27.000000, 3242816, 5549120, 75392
free, 1024, 33.000000, 3241792, 5549120, 75360
free, 2048, 46.000000, 3237680, 5549120, 75328
free, 4096, 32.000000, 3233584, 5549120, 75296
free, 8192, 44.000000, 3225392, 5549120, 75296
free, 32, 47.000000, 3225312, 5549120, 75232
free, 64, 41.000000, 3225248, 5549120, 75200
free, 128, 41.000000, 3225120, 5549120, 75136
free, 256, 20.000000, 3224592, 5549120, 75104
free, 512, 29.000000, 3224080, 5549120, 75072
free, 1024, 32.000000, 3223056, 5549120, 75040
free, 2048, 46.000000, 3218944, 5549120, 75008
free, 4096, 51.000000, 3214848, 5549120, 74944
free, 8192, 60.000000, 3206656, 5549120, 74944
free, 32, 45.000000, 3206576, 5549120, 74880
free, 64, 39.000000, 3206480, 5549120, 74848
free, 128, 36.000000, 3206352, 5549120, 74816
free, 256, 27.000000, 3205824, 5549120, 74784
free, 512, 30.000000, 3205312, 5549120, 74752
free, 1024, 24.000000, 3204288, 5549120, 74720
free, 2048, 44.000000, 3200176, 5549120, 74688
free, 4096, 34.000000, 3196080, 5549120, 74656
free, 8192, 46.000000, 3187888, 5549120, 74656
free, 32, 28.000000, 3187808, 5549120, 74624
free, 64, 39.000000, 3187744, 5549120, 74560
free, 128, 42.000000, 3187616, 5549120, 74496
free, 256, 37.000000, 3187088, 5549120, 74464
free, 512, 26.000000, 3186576, 5549120, 74432
free, 1024, 26.000000, 3185552, 5549120, 74400
free, 2048, 51.000000, 3181440, 5549120, 74368
free, 4096, 43.000000, 3177344, 5549120, 74336
free, 8192, 59.000000, 3169152, 5549120, 74336
free, 32, 23.000000, 3169072, 5549120, 74304
free, 64, 41.000000, 3168976, 5549120, 74272
free, 128, 43.000000, 3168848, 5549120, 74208
free, 256, 30.000000, 3168320, 5549120, 74176
free, 512, 32.000000, 3167808, 5549120, 74144
free, 1024, 29.000000, 3166784, 5549120, 74112
free, 2048, 53.000000, 3162672, 5549120, 74080
free, 4096, 42.000000, 3158576, 5549120, 74048
free, 8192, 42.000000, 3150384, 5549120, 74048
free, 32, 41.000000, 3150304, 5549120, 73984
free, 64, 25.000000, 3150240, 5549120, 73952
free, 128, 30.000000, 3150112, 5549120, 73888
free, 256, 29.000000, 3149584, 5549120, 73856
free, 512, 33.000000, 3149072, 5549120, 73792
free, 1024, 26.000000, 3148048, 5549120, 73760
free, 2048, 53.000000, 3143936, 5549120, 73728
free, 4096, 39.000000, 3139840, 5549120, 73696
free, 8192, 43.000000, 3131648, 5549120, 73696
free, 32, 30.000000, 3131568, 5549120, 73664
free, 64, 22.000000, 3131504, 5549120, 73632
free, 128, 33.000000, 3131376, 5549120, 73568
free, 256, 38.000000, 3130848, 5549120, 73536
free, 512, 29.000000, 3130336, 5549120, 73504
free, 1024, 42.000000, 3129312, 5549120, 73440
free, 2048, 53.000000, 3125200, 5549120, 73408
free, 4096, 43.000000, 3121104, 5549120, 73376
free, 8192, 44.000000, 3112912, 5549120, 73376
free, 32, 34.000000, 3112832, 5549120, 73312
free, 64, 39.000000, 3112736, 5549120, 73280
free, 128, 27.000000, 3112608, 5549120, 73248
free, 256, 24.000000, 3112080, 5549120, 73216
free, 512, 20.000000, 3111568, 5549120, 73184
free, 1024, 27.000000, 3110544, 5549120, 73152
free, 2048, 55.000000, 3106432, 5549120, 73120
free, 4096, 39.000000, 3102336, 5549120, 73088
free, 8192, 43.000000, 3094144, 5549120, 73088
free, 32, 26.000000, 3094064, 5549120, 73056
free, 64, 29.000000, 3094000, 5549120, 72992
free, 128, 39.000000, 3093872, 5549120, 72928
free, 256, 29.000000, 3093344, 5549120, 72896
free, 512, 29.000000, 3092832, 5549120, 72864
free, 1024, 29.000000, 3091808, 5549120, 72832
free, 2048, 45.000000, 3087696, 5549120, 72800
free, 4096, 44.000000, 3083600, 5549120, 72768
free, 8192, 43.000000, 3075408, 5549120, 72768
free, 32, 32.000000, 3075328, 5549120, 72736
free, 64, 39.000000, 3075232, 5549120, 72704
free, 128, 36.000000, 3075104, 5549120, 72640
free, 256, 42.000000, 3074576, 5549120, 72608
free, 512, 30.000000, 3074064, 5549120, 72576
free, 1024, 44.000000, 3073040, 5549120, 72512
free, 2048, 52.000000, 3068928, 5549120, 72480
free, 4096, 38.000000, 3064832, 5549120, 72448
free, 8192, 42.000000, 3056640, 5549120, 72448
free, 32, 58.000000, 3056560, 5549120, 72384
free, 64, 29.000000, 3056496, 5549120, 72352
free, 128, 35.000000, 3056368, 5549120, 72288
free, 256, 34.000000, 3055840, 5549120, 72256
free, 512, 34.000000, 3055328, 5549120, 72224
free, 1024, 28.000000, 3054304, 5549120, 72192
free, 2048, 50.000000, 3050192, 5549120, 72160
free, 4096, 61.000000, 3046096, 5549120, 72096
free, 8192, 41.000000, 3037904, 5549120, 72096
free, 32, 32.000000, 3037824, 5549120, 72064
free, 64, 50.000000, 3037728, 5549120, 72032
free, 128, 28.000000, 3037600, 5549120, 72000
free, 256, 24.000000, 3037072, 5549120, 71968
free, 512, 29.000000, 3036560, 5549120, 71936
free, 1024, 19.000000, 3035536, 5549120, 71904
free, 2048, 49.000000, 3031424, 5549120, 71872
free, 4096, 41.000000, 3027328, 5549120, 71840
free, 8192, 40.000000, 3019136, 5549120, 71840
free, 32, 38.000000, 3019056, 5549120, 71776
free, 64, 34.000000, 3018992, 5549120, 71712
free, 128, 41.000000, 3018864, 5549120, 71648
free, 256, 42.000000, 3018336, 5549120, 71616
free, 512, 29.000000, 3017824, 5549120, 71584
free, 1024, 28.000000, 3016800, 5549120, 71552
free, 2048, 48.000000, 3012688, 5549120, 71520
free, 4096, 49.000000, 3008592, 5549120, 71488
free, 8192, 42.000000, 3000400, 5549120, 71488
free, 32, 21.000000, 3000320, 5549120, 71456
free, 64, 36.000000, 3000224, 5549120, 71424
free, 128, 37.000000, 3000096, 5549120, 71360
free, 256, 29.000000, 2999568, 5549120, 71328
free, 512, 39.000000, 2999024, 5549120, 71296
free, 1024, 26.000000, 2998000, 5549120, 71264
free, 2048, 45.000000, 2993888, 5549120, 71232
free, 4096, 42.000000, 2989792, 5549120, 71200
free, 8192, 42.000000, 2981600, 5549120, 71200
free, 32, 26.000000, 2981520, 5549120, 71168
free, 64, 22.000000, 2981456, 5549120, 71136
free, 128, 36.000000, 2981328, 5549120, 71072
free, 256, 30.000000, 2980800, 5549120, 71040
free, 512, 40.000000, 2980288, 5549120, 70976
free, 1024, 31.000000, 2979264, 5549120, 70944
free, 2048, 49.000000, 2975152, 5549120, 70912
free, 4096, 44.000000, 2971056, 5549120, 70880
free, 8192, 49.000000, 2962864, 5549120, 70880
free, 32, 39.000000, 2962784, 5549120, 70816
free, 64, 22.000000, 2962720, 5549120, 70784
free, 128, 31.000000, 2962592, 5549120, 70720
free, 256, 40.000000, 2962064, 5549120, 70688
free, 512, 30.000000, 2961552, 5549120, 70656
free, 1024, 28.000000, 2960528, 5549120, 70624
free, 2048, 53.000000, 2956416, 5549120, 70592
free, 4096, 57.000000, 2952320, 5549120, 70528
free, 8192, 54.000000, 2944128, 5549120, 70528
free, 32, 35.000000, 2944048, 5549120, 70496
free, 64, 40.000000, 2943952, 5549120, 70464
free, 128, 41.000000, 2943824, 5549120, 70400
free, 256, 30.000000, 2943296, 5549120, 70368
free, 512, 18.000000, 2942784, 5549120, 70336
free, 1024, 31.000000, 2941760, 5549120, 70304
free, 2048, 50.000000, 2937648, 5549120, 70272
free, 4096, 41.000000, 2933552, 5549120, 70240
free, 8192, 49.000000, 2925360, 5549120, 70240
free, 32, 32.000000, 2925280, 5549120, 70176
free, 64, 34.000000, 2925216, 5549120, 70112
free, 128, 40.000000, 2925088, 5549120, 70048
free, 256, 29.000000, 2924560, 5549120, 70016
free, 512, 29.000000, 2924048, 5549120, 69984
free, 1024, 28.000000, 2923024, 5549120, 69952
free, 2048, 49.000000, 2918912, 5549120, 69920
free, 4096, 48.000000, 2914816, 5549120, 69856
free, 8192, 44.000000, 2906624, 5549120, 69856
free, 32, 23.000000, 2906544, 5549120, 69824
free, 64, 39.000000, 2906448, 5549120, 69792
free, 128, 33.000000, 2906320, 5549120, 69728
free, 256, 42.000000, 2905792, 5549120, 69696
free, 512, 28.000000, 2905280, 5549120, 69664
free, 1024, 23.000000, 2904256, 5549120, 69632
free, 2048, 52.000000, 2900144, 5549120, 69600
free, 4096, 51.000000, 2896048, 5549120, 69536
free, 8192, 39.000000, 2887856, 5549120, 69536
free, 32, 22.000000, 2887776, 5549120, 69504
free, 64, 29.000000, 2887712, 5549120, 69472
free, 128, 31.000000, 2887584, 5549120, 69408
free, 256, 29.000000, 2887056, 5549120, 69376
free, 512, 30.000000, 2886544, 5549120, 69344
free, 1024, 29.000000, 2885520, 5549120, 69312
free, 2048, 44.000000, 2881408, 5549120, 69280
free, 4096, 42.000000, 2877312, 5549120, 69248
free, 8192, 59.000000, 2869120, 5549120, 69216
free, 32, 28.000000, 2869040, 5549120, 69184
free, 64, 38.000000, 2868944, 5549120, 69152
free, 128, 44.000000, 2868816, 5549120, 69088
free, 256, 19.000000, 2868288, 5549120, 69056
free, 512, 30.000000, 2867776, 5549120, 69024
free, 1024, 32.000000, 2866752, 5549120, 68992
free, 2048, 47.000000, 2862640, 5549120, 68960
free, 4096, 54.000000, 2858544, 5549120, 68928
free, 8192, 41.000000, 2850352, 5549120, 68928
free, 32, 35.000000, 2850272, 5549120, 68864
free, 64, 32.000000, 2850208, 5549120, 68800
free, 128, 34.000000, 2850080, 5549120, 68736
free, 256, 42.000000, 2849552, 5549120, 68704
free, 512, 30.000000, 2849040, 5549120, 68672
free, 1024, 29.000000, 2848016, 5549120, 68640
free, 2048, 54.000000, 2843904, 5549120, 68608
free, 4096, 57.000000, 2839808, 5549120, 68608
free, 8192, 44.000000, 2831616, 5549120, 68608
free, 32, 35.000000, 2831536, 5549120, 68576
free, 64, 39.000000, 2831440, 5549120, 68544
free, 128, 46.000000, 2831312, 5549120, 68480
free, 256, 32.000000, 2830784, 5549120, 68448
free, 512, 29.000000, 2830272, 5549120, 68416
free, 1024, 38.000000, 2829248, 5549120, 68352
free, 2048, 61.000000, 2825136, 5549120, 68320
free, 4096, 42.000000, 2821040, 5549120, 68256
free, 8192, 46.000000, 2812848, 5549120, 68256
free, 32, 35.000000, 2812768, 5549120, 68192
free, 64, 23.000000, 2812704, 5549120, 68160
free, 128, 33.000000, 2812576, 5549120, 68096
free, 256, 27.000000, 2812048, 5549120, 68064
free, 512, 42.000000, 2811536, 5549120, 68000
free, 1024, 36.000000, 2810512, 5549120, 67968
free, 2048, 46.000000, 2806400, 5549120, 67936
free, 4096, 48.000000, 2802304, 5549120, 67872
free, 8192, 55.000000, 2794112, 5549120, 67872
free, 32, 25.000000, 2794032, 5549120, 67840
free, 64, 23.000000, 2793968, 5549120, 67808
free, 128, 34.000000, 2793840, 5549120, 67744
free, 256, 45.000000, 2793312, 5549120, 67712
free, 512, 28.000000, 2792800, 5549120, 67680
free, 1024, 40.000000, 2791776, 5549120, 67616
free, 2048, 49.000000, 2787664, 5549120, 67584
free, 4096, 45.000000, 2783568, 5549120, 67520
free, 8192, 39.000000, 2775376, 5549120, 67520
free, 32, 31.000000, 2775296, 5549120, 67456
free, 64, 31.000000, 2775232, 5549120, 67392
free, 128, 36.000000, 2775104, 5549120, 67360
free, 256, 28.000000, 2774576, 5549120, 67328
free, 512, 34.000000, 2774064, 5549120, 67264
free, 1024, 43.000000, 2773040, 5549120, 67200
free, 2048, 37.000000, 2768928, 5549120, 67168
free, 4096, 45.000000, 2764832, 5549120, 67104
free, 8192, 54.000000, 2756640, 5549120, 67104
free, 32, 29.000000, 2756560, 5549120, 67072
free, 64, 29.000000, 2756496, 5549120, 67040
free, 128, 37.000000, 2756336, 5549120, 67008
free, 256, 35.000000, 2755808, 5549120, 66976
free, 512, 22.000000, 2755296, 5549120, 66944
free, 1024, 27.000000, 2754272, 5549120, 66912
free, 2048, 48.000000, 2750160, 5549120, 66880
free, 4096, 48.000000, 2746064, 5549120, 66816
free, 8192, 54.000000, 2737872, 5549120, 66816
free, 32, 38.000000, 2737792, 5549120, 66752
free, 64, 40.000000, 2737696, 5549120, 66720
free, 128, 34.000000, 2737568, 5549120, 66656
free, 256, 45.000000, 2737040, 5549120, 66624
free, 512, 41.000000, 2736528, 5549120, 66592
free, 1024, 31.000000, 2735504, 5549120, 66528
free, 2048, 40.000000, 2731392, 5549120, 66496
free, 4096, 34.000000, 2727296, 5549120, 66432
free, 8192, 53.000000, 2719104, 5549120, 66432
free, 32, 34.000000, 2719024, 5549120, 66400
free, 64, 31.000000, 2718960, 5549120, 66368
free, 128, 41.000000, 2718832, 5549120, 66304
free, 256, 41.000000, 2718304, 5549120, 66272
free, 512, 28.000000, 2717792, 5549120, 66240
free, 1024, 28.000000, 2716768, 5549120, 66208
free, 2048, 52.000000, 2712656, 5549120, 66176
free, 4096, 47.000000, 2708560, 5549120, 66112
free, 8192, 44.000000, 2700368, 5549120, 66112
free, 32, 21.000000, 2700288, 5549120, 66080
free, 64, 39.000000, 2700192, 5549120, 66048
free, 128, 30.000000, 2700064, 5549120, 66016
free, 256, 33.000000, 2699536, 5549120, 65984
free, 512, 32.000000, 2699024, 5549120, 65952
free, 1024, 20.000000, 2698000, 5549120, 65920
free, 2048, 43.000000, 2693888, 5549120, 65888
free, 4096, 46.000000, 2689792, 5549120, 65856
free, 8192, 41.000000, 2681600, 5549120, 65856
free, 32, 51.000000, 2681520, 5549120, 65792
free, 64, 41.000000, 2681456, 5549120, 65728
free, 128, 42.000000, 2681328, 5549120, 65664
free, 256, 39.000000, 2680800, 5549120, 65632
free, 512, 28.000000, 2680288, 5549120, 65600
free, 1024, 42.000000, 2679264, 5549120, 65536
free, 2048, 59.000000, 2675152, 5549120, 65504
free, 4096, 31.000000, 2671056, 5549120, 65472
free, 8192, 48.000000, 2662864, 5549120, 65472
free, 32, 28.000000, 2662784, 5549120, 65440
free, 64, 41.000000, 2662688, 5549120, 65408
free, 128, 32.000000, 2662560, 5549120, 65344
free, 256, 27.000000, 2662032, 5549120, 65312
free, 512, 36.000000, 2661488, 5549120, 65280
free, 1024, 41.000000, 2660464, 5549120, 65216
free, 2048, 47.000000, 2656352, 5549120, 65184
free, 4096, 44.000000, 2652256, 5549120, 65152
free, 8192, 46.000000, 2644064, 5549120, 65152
free, 32, 28.000000, 2643984, 5549120, 65120
free, 64, 30.000000, 2643920, 5549120, 65088
free, 128, 34.000000, 2643792, 5549120, 65024
free, 256, 30.000000, 2643264, 5549120, 64992
free, 512, 40.000000, 2642752, 5549120, 64928
free, 1024, 39.000000, 2641728, 5549120, 64864
free, 2048, 50.000000, 2637616, 5549120, 64832
free, 4096, 34.000000, 2633520, 5549120, 64800
free, 8192, 45.000000, 2625328, 5549120, 64800
free, 32, 41.000000, 2625248, 5549120, 64736
free, 64, 24.000000, 2625184, 5549120, 64704
free, 128, 31.000000, 2625056, 5549120, 64640
free, 256, 42.000000, 2624528, 5549120, 64608
free, 512, 31.000000, 2624016, 5549120, 64576
free, 1024, 38.000000, 2622992, 5549120, 64512
free, 2048, 48.000000, 2618880, 5549120, 64480
free, 4096, 43.000000, 2614784, 5549120, 64448
free, 8192, 45.000000, 2606592, 5549120, 64448
free, 32, 29.000000, 2606512, 5549120, 64416
free, 64, 38.000000, 2606416, 5549120, 64384
free, 128, 39.000000, 2606288, 5549120, 64320
free, 256, 26.000000, 2605760, 5549120, 64288
free, 512, 22.000000, 2605248, 5549120, 64256
free, 1024, 39.000000, 2604224, 5549120, 64192
free, 2048, 47.000000, 2600112, 5549120, 64160
free, 4096, 33.000000, 2596016, 5549120, 64128
free, 8192, 50.000000, 2587824, 5549120, 64128
free, 32, 20.000000, 2587744, 5549120, 64096
free, 64, 31.000000, 2587680, 5549120, 64032
free, 128, 42.000000, 2587552, 5549120, 63968
free, 256, 26.000000, 2587024, 5549120, 63936
free, 512, 28.000000, 2586512, 5549120, 63904
free, 1024, 39.000000, 2585488, 5549120, 63840
free, 2048, 49.000000, 2581376, 5549120, 63808
free, 4096, 29.000000, 2577280, 5549120, 63776
free, 8192, 43.000000, 2569088, 5549120, 63776
free, 32, 34.000000, 2569008, 5549120, 63712
free, 64, 38.000000, 2568912, 5549120, 63680
free, 128, 36.000000, 2568784, 5549120, 63616
free, 256, 42.000000, 2568256, 5549120, 63584
free, 512, 29.000000, 2567744, 5549120, 63552
free, 1024, 42.000000, 2566720, 5549120, 63488
free, 2048, 52.000000, 2562608, 5549120, 63456
free, 4096, 41.000000, 2558512, 5549120, 63424
free, 8192, 42.000000, 2550320, 5549120, 63424
free, 32, 46.000000, 2550240, 5549120, 63360
free, 64, 28.000000, 2550176, 5549120, 63328
free, 128, 32.000000, 2550048, 5549120, 63264
free, 256, 28.000000, 2549520, 5549120, 63232
free, 512, 29.000000, 2549008, 5549120, 63200
free, 1024, 40.000000, 2547984, 5549120, 63136
free, 2048, 52.000000, 2543872, 5549120, 63104
free, 4096, 45.000000, 2539776, 5549120, 63040
free, 8192, 52.000000, 2531584, 5549120, 63040
free, 32, 25.000000, 2531504, 5549120, 63008
free, 64, 36.000000, 2531408, 5549120, 62976
free, 128, 42.000000, 2531280, 5549120, 62912
free, 256, 39.000000, 2530752, 5549120, 62880
free, 512, 22.000000, 2530240, 5549120, 62848
free, 1024, 37.000000, 2529216, 5549120, 62784
free, 2048, 52.000000, 2525104, 5549120, 62752
free, 4096, 48.000000, 2521008, 5549120, 62720
free, 8192, 58.000000, 2512816, 5549120, 62688
free, 32, 37.000000, 2512736, 5549120, 62656
free, 64, 35.000000, 2512672, 5549120, 62592
free, 128, 23.000000, 2512544, 5549120, 62528
free, 256, 42.000000, 2512016, 5549120, 62496
free, 512, 30.000000, 2511504, 5549120, 62464
free, 1024, 29.000000, 2510480, 5549120, 62432
free, 2048, 45.000000, 2506368, 5549120, 62400
free, 4096, 34.000000, 2502272, 5549120, 62368
free, 8192, 58.000000, 2494080, 5549120, 62336
free, 32, 40.000000, 2494000, 5549120, 62272
free, 64, 29.000000, 2493904, 5549120, 62240
free, 128, 26.000000, 2493776, 5549120, 62176
free, 256, 39.000000, 2493248, 5549120, 62144
free, 512, 39.000000, 2492736, 5549120, 62080
free, 1024, 35.000000, 2491712, 5549120, 62048
free, 2048, 47.000000, 2487600, 5549120, 62016
free, 4096, 38.000000, 2483504, 5549120, 61984
free, 8192, 46.000000, 2475312, 5549120, 61952
free, 32, 39.000000, 2475232, 5549120, 61920
free, 64, 32.000000, 2475168, 5549120, 61888
free, 128, 32.000000, 2475040, 5549120, 61824
free, 256, 34.000000, 2474512, 5549120, 61792
free, 512, 38.000000, 2474000, 5549120, 61728
free, 1024, 38.000000, 2472976, 5549120, 61696
free, 2048, 54.000000, 2468864, 5549120, 61664
free, 4096, 41.000000, 2464768, 5549120, 61632
free, 8192, 83.000000, 2456576, 5549120, 61600
free, 32, 28.000000, 2456496, 5549120, 61536
free, 64, 31.000000, 2456432, 5549120, 61504
free, 128, 33.000000, 2456304, 5549120, 61440
free, 256, 38.000000, 2455776, 5549120, 61408
free, 512, 30.000000, 2455264, 5549120, 61376
free, 1024, 38.000000, 2454240, 5549120, 61312
free, 2048, 52.000000, 2450128, 5549120, 61280
free, 4096, 38.000000, 2446032, 5549120, 61248
free, 8192, 45.000000, 2437840, 5549120, 61216
free, 32, 33.000000, 2437760, 5549120, 61184
free, 64, 30.000000, 2437664, 5549120, 61152
free, 128, 42.000000, 2437536, 5549120, 61088
free, 256, 41.000000, 2437008, 5549120, 61056
free, 512, 30.000000, 2436496, 5549120, 61024
free, 1024, 38.000000, 2435472, 5549120, 60992
free, 2048, 61.000000, 2431360, 5549120, 60960
free, 4096, 39.000000, 2427264, 5549120, 60928
free, 8192, 63.000000, 2419072, 5549120, 60896
free, 32, 30.000000, 2418992, 5549120, 60864
free, 64, 35.000000, 2418928, 5549120, 60800
free, 128, 24.000000, 2418800, 5549120, 60736
free, 256, 36.000000, 2418272, 5549120, 60704
free, 512, 38.000000, 2417760, 5549120, 60672
free, 1024, 41.000000, 2416736, 5549120, 60608
free, 2048, 40.000000, 2412624, 5549120, 60576
free, 4096, 36.000000, 2408528, 5549120, 60544
free, 8192, 44.000000, 2400336, 5549120, 60512
free, 32, 33.000000, 2400256, 5549120, 60448
free, 64, 32.000000, 2400160, 5549120, 60416
free, 128, 25.000000, 2400032, 5549120, 60352
free, 256, 37.000000, 2399504, 5549120, 60320
free, 512, 30.000000, 2398992, 5549120, 60288
free, 1024, 42.000000, 2397968, 5549120, 60224
free, 2048, 38.000000, 2393856, 5549120, 60192
free, 4096, 41.000000, 2389760, 5549120, 60160
free, 8192, 44.000000, 2381568, 5549120, 60128
free, 32, 33.000000, 2381488, 5549120, 60096
free, 64, 32.000000, 2381424, 5549120, 60064
free, 128, 32.000000, 2381296, 5549120, 60000
free, 256, 36.000000, 2380768, 5549120, 59968
free, 512, 41.000000, 2380256, 5549120, 59936
free, 1024, 36.000000, 2379232, 5549120, 59904
free, 2048, 50.000000, 2375120, 5549120, 59872
free, 4096, 33.000000, 2371024, 5549120, 59808
free, 8192, 43.000000, 2362832, 5549120, 59776
free, 32, 27.000000, 2362752, 5549120, 59712
free, 64, 31.000000, 2362656, 5549120, 59680
free, 128, 23.000000, 2362528, 5549120, 59616
free, 256, 39.000000, 2362000, 5549120, 59584
free, 512, 40.000000, 2361488, 5549120, 59552
free, 1024, 29.000000, 2360464, 5549120, 59520
free, 2048, 35.000000, 2356352, 5549120, 59488
free, 4096, 39.000000, 2352256, 5549120, 59456
free, 8192, 62.000000, 2344064, 5549120, 59456
free, 32, 26.000000, 2343984, 5549120, 59424
free, 64, 33.000000, 2343920, 5549120, 59360
free, 128, 42.000000, 2343792, 5549120, 59296
free, 256, 37.000000, 2343264, 5549120, 59264
free, 512, 29.000000, 2342752, 5549120, 59232
free, 1024, 32.000000, 2341728, 5549120, 59168
free, 2048, 52.000000, 2337616, 5549120, 59136
free, 4096, 43.000000, 2333520, 5549120, 59072
free, 8192, 54.000000, 2325328, 5549120, 59072
free, 32, 36.000000, 2325248, 5549120, 59040
free, 64, 42.000000, 2325152, 5549120, 59008
free, 128, 25.000000, 2325024, 5549120, 58944
free, 256, 37.000000, 2324496, 5549120, 58912
free, 512, 33.000000, 2323952, 5549120, 58880
free, 1024, 34.000000, 2322928, 5549120, 58816
free, 2048, 55.000000, 2318816, 5549120, 58784
free, 4096, 38.000000, 2314720, 5549120, 58752
free, 8192, 54.000000, 2306528, 5549120, 58752
free, 32, 36.000000, 2306448, 5549120, 58688
free, 64, 36.000000, 2306384, 5549120, 58656
free, 128, 32.000000, 2306256, 5549120, 58592
free, 256, 41.000000, 2305728, 5549120, 58560
free, 512, 24.000000, 2305216, 5549120, 58496
free, 1024, 33.000000, 2304192, 5549120, 58432
free, 2048, 33.000000, 2300080, 5549120, 58400
free, 4096, 38.000000, 2295984, 5549120, 58368
free, 8192, 52.000000, 2287792, 5549120, 58368
free, 32, 37.000000, 2287712, 5549120, 58336
free, 64, 36.000000, 2287648, 5549120, 58304
free, 128, 36.000000, 2287488, 5549120, 58272
free, 256, 39.000000, 2286960, 5549120, 58240
free, 512, 25.000000, 2286448, 5549120, 58208
free, 1024, 39.000000, 2285424, 5549120, 58144
free, 2048, 60.000000, 2281312, 5549120, 58112
free, 4096, 32.000000, 2277216, 5549120, 58048
free, 8192, 53.000000, 2269024, 5549120, 58048
free, 32, 32.000000, 2268944, 5549120, 57984
free, 64, 33.000000, 2268880, 5549120, 57952
free, 128, 24.000000, 2268752, 5549120, 57888
free, 256, 35.000000, 2268224, 5549120, 57856
free, 512, 28.000000, 2267712, 5549120, 57824
free, 1024, 45.000000, 2266688, 5549120, 57760
free, 2048, 37.000000, 2262576, 5549120, 57728
free, 4096, 37.000000, 2258480, 5549120, 57696
free, 8192, 62.000000, 2250288, 5549120, 57696
free, 32, 27.000000, 2250208, 5549120, 57664
free, 64, 38.000000, 2250112, 5549120, 57632
free, 128, 35.000000, 2249984, 5549120, 57568
free, 256, 39.000000, 2249456, 5549120, 57536
free, 512, 30.000000, 2248944, 5549120, 57504
free, 1024, 34.000000, 2247920, 5549120, 57440
free, 2048, 53.000000, 2243808, 5549120, 57408
free, 4096, 33.000000, 2239712, 5549120, 57344
free, 8192, 55.000000, 2231520, 5549120, 57344
free, 32, 35.000000, 2231440, 5549120, 57312
free, 64, 23.000000, 2231376, 5549120, 57280
free, 128, 34.000000, 2231248, 5549120, 57216
free, 256, 36.000000, 2230720, 5549120, 57184
free, 512, 25.000000, 2230208, 5549120, 57152
free, 1024, 44.000000, 2229184, 5549120, 57088
free, 2048, 53.000000, 2225072, 5549120, 57056
free, 4096, 33.000000, 2220976, 5549120, 57024
free, 8192, 71.000000, 2212784, 5549120, 56992
free, 32, 45.000000, 2212704, 5549120, 56928
free, 64, 25.000000, 2212640, 5549120, 56864
free, 128, 38.000000, 2212512, 5549120, 56832
free, 256, 37.000000, 2211984, 5549120, 56800
free, 512, 30.000000, 2211472, 5549120, 56768
free, 1024, 42.000000, 2210448, 5549120, 56704
free, 2048, 54.000000, 2206336, 5549120, 56672
free, 4096, 40.000000, 2202240, 5549120, 56640
free, 8192, 60.000000, 2194048, 5549120, 56608
free, 32, 37.000000, 2193968, 5549120, 56576
free, 64, 38.000000, 2193872, 5549120, 56544
free, 128, 26.000000, 2193744, 5549120, 56480
free, 256, 39.000000, 2193216, 5549120, 56448
free, 512, 36.000000, 2192704, 5549120, 56416
free, 1024, 43.000000, 2191680, 5549120, 56352
free, 2048, 37.000000, 2187568, 5549120, 56320
free, 4096, 34.000000, 2183472, 5549120, 56256
free, 8192, 42.000000, 2175280, 5549120, 56256
free, 32, 30.000000, 2175200, 5549120, 56224
free, 64, 32.000000, 2175104, 5549120, 56192
free, 128, 26.000000, 2174976, 5549120, 56128
free, 256, 43.000000, 2174448, 5549120, 56096
free, 512, 40.000000, 2173936, 5549120, 56064
free, 1024, 36.000000, 2172912, 5549120, 56000
free, 2048, 34.000000, 2168800, 5549120, 55968
free, 4096, 50.000000, 2164704, 5549120, 55936
free, 8192, 52.000000, 2156512, 5549120, 55936
free, 32, 27.000000, 2156432, 5549120, 55872
free, 64, 33.000000, 2156368, 5549120, 55840
free, 128, 23.000000, 2156240, 5549120, 55776
free, 256, 41.000000, 2155712, 5549120, 55744
free, 512, 39.000000, 2155200, 5549120, 55712
free, 1024, 31.000000, 2154176, 5549120, 55648
free, 2048, 36.000000, 2150064, 5549120, 55616
free, 4096, 31.000000, 2145968, 5549120, 55552
free, 8192, 54.000000, 2137776, 5549120, 55552
free, 32, 37.000000, 2137696, 5549120, 55520
free, 64, 33.000000, 2137632, 5549120, 55488
free, 128, 24.000000, 2137504, 5549120, 55424
free, 256, 38.000000, 2136976, 5549120, 55392
free, 512, 40.000000, 2136464, 5549120, 55328
free, 1024, 37.000000, 2135440, 5549120, 55296
free, 2048, 37.000000, 2131328, 5549120, 55264
free, 4096, 33.000000, 2127232, 5549120, 55200
free, 8192, 53.000000, 2119040, 5549120, 55200
free, 32, 28.000000, 2118960, 5549120, 55136
free, 64, 32.000000, 2118896, 5549120, 55104
free, 128, 25.000000, 2118768, 5549120, 55040
free, 256, 44.000000, 2118240, 5549120, 55008
free, 512, 37.000000, 2117728, 5549120, 54976
free, 1024, 31.000000, 2116704, 5549120, 54912
free, 2048, 38.000000, 2112592, 5549120, 54880
free, 4096, 36.000000, 2108496, 5549120, 54816
free, 8192, 54.000000, 2100304, 5549120, 54816
free, 32, 40.000000, 2100224, 5549120, 54784
free, 64, 31.000000, 2100128, 5549120, 54752
free, 128, 27.000000, 2100000, 5549120, 54688
free, 256, 38.000000, 2099472, 5549120, 54656
free, 512, 31.000000, 2098960, 5549120, 54624
free, 1024, 36.000000, 2097936, 5549120, 54592
free, 2048, 35.000000, 2093824, 5549120, 54560
free, 4096, 34.000000, 2089728, 5549120, 54496
free, 8192, 54.000000, 2081536, 5549120, 54496
free, 32, 31.000000, 2081456, 5549120, 54464
free, 64, 33.000000, 2081392, 5549120, 54400
free, 128, 25.000000, 2081264, 5549120, 54336
free, 256, 40.000000, 2080736, 5549120, 54304
free, 512, 37.000000, 2080224, 5549120, 54272
free, 1024, 32.000000, 2079200, 5549120, 54208
free, 2048, 40.000000, 2075088, 5549120, 54176
free, 4096, 34.000000, 2070992, 5549120, 54112
free, 8192, 57.000000, 2062800, 5549120, 54112
free, 32, 29.000000, 2062720, 5549120, 54048
free, 64, 31.000000, 2062624, 5549120, 54016
free, 128, 22.000000, 2062496, 5549120, 53952
free, 256, 45.000000, 2061968, 5549120, 53920
free, 512, 35.000000, 2061456, 5549120, 53888
free, 1024, 33.000000, 2060432, 5549120, 53824
free, 2048, 41.000000, 2056320, 5549120, 53792
free, 4096, 37.000000, 2052224, 5549120, 53728
free, 8192, 66.000000, 2044032, 5549120, 53728
free, 32, 37.000000, 2043952, 5549120, 53696
free, 64, 30.000000, 2043888, 5549120, 53664
free, 128, 22.000000, 2043760, 5549120, 53600
free, 256, 41.000000, 2043232, 5549120, 53568
free, 512, 37.000000, 2042720, 5549120, 53536
free, 1024, 31.000000, 2041696, 5549120, 53504
free, 2048, 52.000000, 2037584, 5549120, 53472
free, 4096, 47.000000, 2033488, 5549120, 53408
free, 8192, 56.000000, 2025296, 5549120, 53408
free, 32, 38.000000, 2025216, 5549120, 53344
free, 64, 33.000000, 2025120, 5549120, 53312
free, 128, 42.000000, 2024992, 5549120, 53248
free, 256, 31.000000, 2024464, 5549120, 53216
free, 512, 35.000000, 2023952, 5549120, 53184
free, 1024, 28.000000, 2022928, 5549120, 53152
free, 2048, 49.000000, 2018816, 5549120, 53120
free, 4096, 38.000000, 2014720, 5549120, 53088
free, 8192, 43.000000, 2006528, 5549120, 53088
free, 32, 26.000000, 2006448, 5549120, 53056
free, 64, 32.000000, 2006384, 5549120, 52992
free, 128, 40.000000, 2006256, 5549120, 52928
free, 256, 47.000000, 2005728, 5549120, 52896
free, 512, 33.000000, 2005216, 5549120, 52864
free, 1024, 42.000000, 2004192, 5549120, 52800
free, 2048, 49.000000, 2000080, 5549120, 52768
free, 4096, 31.000000, 1995984, 5549120, 52736
free, 8192, 45.000000, 1987792, 5549120, 52736
free, 32, 24.000000, 1987712, 5549120, 52704
free, 64, 41.000000, 1987616, 5549120, 52672
free, 128, 43.000000, 1987488, 5549120, 52608
free, 256, 26.000000, 1986960, 5549120, 52576
free, 512, 39.000000, 1986416, 5549120, 52544
free, 1024, 41.000000, 1985392, 5549120, 52480
free, 2048, 48.000000, 1981280, 5549120, 52448
free, 4096, 43.000000, 1977184, 5549120, 52416
free, 8192, 47.000000, 1968992, 5549120, 52416
free, 32, 40.000000, 1968912, 5549120, 52352
free, 64, 28.000000, 1968848, 5549120, 52320
free, 128, 32.000000, 1968720, 5549120, 52256
free, 256, 23.000000, 1968192, 5549120, 52224
free, 512, 32.000000, 1967680, 5549120, 52160
free, 1024, 41.000000, 1966656, 5549120, 52096
free, 2048, 53.000000, 1962544, 5549120, 52064
free, 4096, 43.000000, 1958448, 5549120, 52032
free, 8192, 53.000000, 1950256, 5549120, 52032
free, 32, 25.000000, 1950176, 5549120, 52000
free, 64, 27.000000, 1950112, 5549120, 51968
free, 128, 57.000000, 1949952, 5549120, 51936
free, 256, 45.000000, 1949424, 5549120, 51904
free, 512, 35.000000, 1948912, 5549120, 51872
free, 1024, 50.000000, 1947888, 5549120, 51808
free, 2048, 61.000000, 1943776, 5549120, 51776
free, 4096, 35.000000, 1939680, 5549120, 51744
free, 8192, 45.000000, 1931488, 5549120, 51744
free, 32, 36.000000, 1931408, 5549120, 51680
free, 64, 27.000000, 1931344, 5549120, 51648
free, 128, 31.000000, 1931216, 5549120, 51584
free, 256, 28.000000, 1930688, 5549120, 51552
free, 512, 21.000000, 1930176, 5549120, 51520
free, 1024, 39.000000, 1929152, 5549120, 51456
free, 2048, 49.000000, 1925040, 5549120, 51424
free, 4096, 35.000000, 1920944, 5549120, 51392
free, 8192, 46.000000, 1912752, 5549120, 51392
free, 32, 22.000000, 1912672, 5549120, 51360
free, 64, 38.000000, 1912576, 5549120, 51328
free, 128, 40.000000, 1912448, 5549120, 51264
free, 256, 31.000000, 1911920, 5549120, 51232
free, 512, 32.000000, 1911408, 5549120, 51200
free, 1024, 39.000000, 1910384, 5549120, 51136
free, 2048, 49.000000, 1906272, 5549120, 51104
free, 4096, 31.000000, 1902176, 5549120, 51072
free, 8192, 52.000000, 1893984, 5549120, 51072
free, 32, 36.000000, 1893904, 5549120, 51008
free, 64, 22.000000, 1893840, 5549120, 50976
free, 128, 33.000000, 1893712, 5549120, 50912
free, 256, 45.000000, 1893184, 5549120, 50880
free, 512, 27.000000, 1892672, 5549120, 50848
free, 1024, 39.000000, 1891648, 5549120, 50784
free, 2048, 49.000000, 1887536, 5549120, 50752
free, 4096, 44.000000, 1883440, 5549120, 50688
free, 8192, 41.000000, 1875248, 5549120, 50688
free, 32, 45.000000, 1875168, 5549120, 50624
free, 64, 33.000000, 1875104, 5549120, 50560
free, 128, 34.000000, 1874976, 5549120, 50528
free, 256, 27.000000, 1874448, 5549120, 50496
free, 512, 24.000000, 1873936, 5549120, 50464
free, 1024, 39.000000, 1872912, 5549120, 50400
free, 2048, 50.000000, 1868800, 5549120, 50368
free, 4096, 45.000000, 1864704, 5549120, 50304
free, 8192, 61.000000, 1856512, 5549120, 50304
free, 32, 31.000000, 1856432, 5549120, 50272
free, 64, 38.000000, 1856336, 5549120, 50240
free, 128, 36.000000, 1856208, 5549120, 50176
free, 256, 35.000000, 1855680, 5549120, 50144
free, 512, 27.000000, 1855168, 5549120, 50112
free, 1024, 30.000000, 1854144, 5549120, 50048
free, 2048, 53.000000, 1850032, 5549120, 50016
free, 4096, 43.000000, 1845936, 5549120, 49984
free, 8192, 60.000000, 1837744, 5549120, 49952
free, 32, 38.000000, 1837664, 5549120, 49920
free, 64, 37.000000, 1837568, 5549120, 49888
free, 128, 24.000000, 1837440, 5549120, 49824
free, 256, 48.000000, 1836912, 5549120, 49792
free, 512, 33.000000, 1836400, 5549120, 49760
free, 1024, 27.000000, 1835376, 5549120, 49728
free, 2048, 62.000000, 1831264, 5549120, 49696
free, 4096, 29.000000, 1827168, 5549120, 49664
free, 8192, 58.000000, 1818976, 5549120, 49632
free, 32, 35.000000, 1818896, 5549120, 49568
free, 64, 30.000000, 1818832, 5549120, 49536
free, 128, 35.000000, 1818704, 5549120, 49472
free, 256, 38.000000, 1818176, 5549120, 49440
free, 512, 41.000000, 1817664, 5549120, 49376
free, 1024, 41.000000, 1816640, 5549120, 49344
free, 2048, 51.000000, 1812528, 5549120, 49312
free, 4096, 37.000000, 1808432, 5549120, 49280
free, 8192, 63.000000, 1800240, 5549120, 49248
free, 32, 36.000000, 1800160, 5549120, 49216
free, 64, 25.000000, 1800096, 5549120, 49184
free, 128, 33.000000, 1799968, 5549120, 49120
free, 256, 36.000000, 1799440, 5549120, 49088
free, 512, 30.000000, 1798928, 5549120, 49024
free, 1024, 38.000000, 1797904, 5549120, 48992
free, 2048, 51.000000, 1793792, 5549120, 48960
free, 4096, 41.000000, 1789696, 5549120, 48928
free, 8192, 54.000000, 1781504, 5549120, 48896
free, 32, 33.000000, 1781424, 5549120, 48832
free, 64, 30.000000, 1781360, 5549120, 48800
free, 128, 39.000000, 1781200, 5549120, 48768
free, 256, 45.000000, 1780672, 5549120, 48736
free, 512, 28.000000, 1780160, 5549120, 48704
free, 1024, 38.000000, 1779136, 5549120, 48640
free, 2048, 37.000000, 1775024, 5549120, 48608
free, 4096, 38.000000, 1770928, 5549120, 48576
free, 8192, 58.000000, 1762736, 5549120, 48544
free, 32, 42.000000, 1762656, 5549120, 48512
free, 64, 24.000000, 1762592, 5549120, 48480
free, 128, 31.000000, 1762464, 5549120, 48416
free, 256, 39.000000, 1761936, 5549120, 48384
free, 512, 20.000000, 1761424, 5549120, 48352
free, 1024, 29.000000, 1760400, 5549120, 48320
free, 2048, 54.000000, 1756288, 5549120, 48288
free, 4096, 29.000000, 1752192, 5549120, 48256
free, 8192, 55.000000, 1744000, 5549120, 48224
free, 32, 25.000000, 1743920, 5549120, 48192
free, 64, 40.000000, 1743824, 5549120, 48160
free, 128, 33.000000, 1743696, 5549120, 48096
free, 256, 23.000000, 1743168, 5549120, 48064
free, 512, 29.000000, 1742656, 5549120, 48032
free, 1024, 37.000000, 1741632, 5549120, 47968
free, 2048, 54.000000, 1737520, 5549120, 47936
free, 4096, 45.000000, 1733424, 5549120, 47904
free, 8192, 56.000000, 1725232, 5549120, 47872
free, 32, 38.000000, 1725152, 5549120, 47808
free, 64, 31.000000, 1725088, 5549120, 47776
free, 128, 32.000000, 1724960, 5549120, 47712
free, 256, 41.000000, 1724432, 5549120, 47648
free, 512, 40.000000, 1723920, 5549120, 47616
free, 1024, 29.000000, 1722896, 5549120, 47584
free, 2048, 47.000000, 1718784, 5549120, 47552
free, 4096, 34.000000, 1714688, 5549120, 47488
free, 8192, 43.000000, 1706496, 5549120, 47456
free, 32, 34.000000, 1706416, 5549120, 47392
free, 64, 25.000000, 1706352, 5549120, 47328
free, 128, 37.000000, 1706224, 5549120, 47296
free, 256, 49.000000, 1705696, 5549120, 47264
free, 512, 38.000000, 1705184, 5549120, 47232
free, 1024, 20.000000, 1704160, 5549120, 47200
free, 2048, 51.000000, 1700048, 5549120, 47168
free, 4096, 33.000000, 1695952, 5549120, 47104
free, 8192, 47.000000, 1687760, 5549120, 47072
free, 32, 38.000000, 1687680, 5549120, 47040
free, 64, 31.000000, 1687584, 5549120, 47008
free, 128, 25.000000, 1687456, 5549120, 46944
free, 256, 37.000000, 1686928, 5549120, 46912
free, 512, 35.000000, 1686416, 5549120, 46880
free, 1024, 34.000000, 1685392, 5549120, 46816
free, 2048, 33.000000, 1681280, 5549120, 46784
free, 4096, 42.000000, 1677184, 5549120, 46752
free, 8192, 68.000000, 1668992, 5549120, 46752
free, 32, 32.000000, 1668912, 5549120, 46720
free, 64, 38.000000, 1668816, 5549120, 46688
free, 128, 34.000000, 1668688, 5549120, 46624
free, 256, 33.000000, 1668160, 5549120, 46592
free, 512, 36.000000, 1667648, 5549120, 46560
free, 1024, 40.000000, 1666624, 5549120, 46496
free, 2048, 36.000000, 1662512, 5549120, 46464
free, 4096, 35.000000, 1658416, 5549120, 46432
free, 8192, 56.000000, 1650224, 5549120, 46432
free, 32, 29.000000, 1650144, 5549120, 46368
free, 64, 35.000000, 1650080, 5549120, 46336
free, 128, 35.000000, 1649952, 5549120, 46272
free, 256, 29.000000, 1649424, 5549120, 46208
free, 512, 30.000000, 1648912, 5549120, 46144
free, 1024, 35.000000, 1647888, 5549120, 46080
free, 2048, 37.000000, 1643776, 5549120, 46048
free, 4096, 38.000000, 1639680, 5549120, 46016
free, 8192, 55.000000, 1631488, 5549120, 46016
free, 32, 33.000000, 1631408, 5549120, 45984
free, 64, 35.000000, 1631344, 5549120, 45952
free, 128, 31.000000, 1631216, 5549120, 45888
free, 256, 50.000000, 1630688, 5549120, 45856
free, 512, 32.000000, 1630176, 5549120, 45824
free, 1024, 47.000000, 1629152, 5549120, 45760
free, 2048, 42.000000, 1625040, 5549120, 45728
free, 4096, 36.000000, 1620944, 5549120, 45664
free, 8192, 57.000000, 1612752, 5549120, 45664
free, 32, 27.000000, 1612672, 5549120, 45600
free, 64, 30.000000, 1612576, 5549120, 45568
free, 128, 40.000000, 1612448, 5549120, 45536
free, 256, 37.000000, 1611920, 5549120, 45504
free, 512, 32.000000, 1611408, 5549120, 45472
free, 1024, 48.000000, 1610384, 5549120, 45408
free, 2048, 37.000000, 1606272, 5549120, 45376
free, 4096, 39.000000, 1602176, 5549120, 45344
free, 8192, 54.000000, 1593984, 5549120, 45344
free, 32, 28.000000, 1593904, 5549120, 45312
free, 64, 33.000000, 1593840, 5549120, 45248
free, 128, 40.000000, 1593712, 5549120, 45184
free, 256, 36.000000, 1593184, 5549120, 45152
free, 512, 29.000000, 1592672, 5549120, 45120
free, 1024, 41.000000, 1591648, 5549120, 45056
free, 2048, 49.000000, 1587536, 5549120, 45024
free, 4096, 37.000000, 1583440, 5549120, 44992
free, 8192, 61.000000, 1575248, 5549120, 44992
free, 32, 34.000000, 1575168, 5549120, 44960
free, 64, 51.000000, 1575072, 5549120, 44928
free, 128, 33.000000, 1574944, 5549120, 44864
free, 256, 44.000000, 1574416, 5549120, 44832
free, 512, 31.000000, 1573904, 5549120, 44800
free, 1024, 41.000000, 1572880, 5549120, 44736
free, 2048, 60.000000, 1568768, 5549120, 44704
free, 4096, 46.000000, 1564672, 5549120, 44640
free, 8192, 54.000000, 1556480, 5549120, 44640
free, 32, 32.000000, 1556400, 5549120, 44576
free, 64, 38.000000, 1556336, 5549120, 44544
free, 128, 23.000000, 1556208, 5549120, 44480
free, 256, 38.000000, 1555680, 5549120, 44448
free, 512, 38.000000, 1555168, 5549120, 44416
free, 1024, 33.000000, 1554144, 5549120, 44352
free, 2048, 49.000000, 1550032, 5549120, 44320
free, 4096, 38.000000, 1545936, 5549120, 44288
free, 8192, 49.000000, 1537744, 5549120, 44256
free, 32, 36.000000, 1537664, 5549120, 44224
free, 64, 30.000000, 1537568, 5549120, 44192
free, 128, 37.000000, 1537440, 5549120, 44160
free, 256, 30.000000, 1536912, 5549120, 44128
free, 512, 26.000000, 1536400, 5549120, 44096
free, 1024, 38.000000, 1535376, 5549120, 44032
free, 2048, 47.000000, 1531264, 5549120, 44000
free, 4096, 38.000000, 1527168, 5549120, 43968
free, 8192, 37.000000, 1518976, 5549120, 43968
free, 32, 31.000000, 1518896, 5549120, 43904
free, 64, 34.000000, 1518832, 5549120, 43840
free, 128, 35.000000, 1518704, 5549120, 43776
free, 256, 44.000000, 1518176, 5549120, 43744
free, 512, 34.000000, 1517664, 5549120, 43712
free, 1024, 35.000000, 1516640, 5549120, 43648
free, 2048, 34.000000, 1512528, 5549120, 43616
free, 4096, 47.000000, 1508432, 5549120, 43584
free, 8192, 60.000000, 1500240, 5549120, 43584
free, 32, 28.000000, 1500160, 5549120, 43552
free, 64, 31.000000, 1500064, 5549120, 43520
free, 128, 28.000000, 1499936, 5549120, 43456
free, 256, 37.000000, 1499408, 5549120, 43424
free, 512, 40.000000, 1498896, 5549120, 43392
free, 1024, 38.000000, 1497872, 5549120, 43360
free, 2048, 52.000000, 1493760, 5549120, 43328
free, 4096, 39.000000, 1489664, 5549120, 43264
free, 8192, 52.000000, 1481472, 5549120, 43264
free, 32, 24.000000, 1481392, 5549120, 43200
free, 64, 28.000000, 1481328, 5549120, 43168
free, 128, 26.000000, 1481200, 5549120, 43104
free, 256, 35.000000, 1480672, 5549120, 43072
free, 512, 40.000000, 1480160, 5549120, 43008
free, 1024, 37.000000, 1479136, 5549120, 42976
free, 2048, 37.000000, 1475024, 5549120, 42944
free, 4096, 34.000000, 1470928, 5549120, 42880
free, 8192, 67.000000, 1462736, 5549120, 42880
free, 32, 41.000000, 1462656, 5549120, 42848
free, 64, 33.000000, 1462592, 5549120, 42816
free, 128, 32.000000, 1462464, 5549120, 42752
free, 256, 49.000000, 1461936, 5549120, 42720
free, 512, 34.000000, 1461424, 5549120, 42656
free, 1024, 36.000000, 1460400, 5549120, 42624
free, 2048, 51.000000, 1456288, 5549120, 42592
free, 4096, 37.000000, 1452192, 5549120, 42528
free, 8192, 59.000000, 1444000, 5549120, 42528
free, 32, 33.000000, 1443920, 5549120, 42496
free, 64, 24.000000, 1443856, 5549120, 42464
free, 128, 37.000000, 1443696, 5549120, 42432
free, 256, 28.000000, 1443168, 5549120, 42400
free, 512, 30.000000, 1442656, 5549120, 42368
free, 1024, 38.000000, 1441632, 5549120, 42304
free, 2048, 50.000000, 1437520, 5549120, 42272
free, 4096, 46.000000, 1433424, 5549120, 42208
free, 8192, 53.000000, 1425232, 5549120, 42208
free, 32, 35.000000, 1425152, 5549120, 42144
free, 64, 29.000000, 1425088, 5549120, 42112
free, 128, 22.000000, 1424960, 5549120, 42080
free, 256, 29.000000, 1424432, 5549120, 42048
free, 512, 33.000000, 1423920, 5549120, 41984
free, 1024, 28.000000, 1422896, 5549120, 41952
free, 2048, 51.000000, 1418784, 5549120, 41920
free, 4096, 48.000000, 1414688, 5549120, 41856
free, 8192, 44.000000, 1406496, 5549120, 41856
free, 32, 46.000000, 1406416, 5549120, 41792
free, 64, 35.000000, 1406352, 5549120, 41728
free, 128, 25.000000, 1406224, 5549120, 41664
free, 256, 32.000000, 1405696, 5549120, 41600
free, 512, 38.000000, 1405184, 5549120, 41568
free, 1024, 33.000000, 1404160, 5549120, 41504
free, 2048, 34.000000, 1400048, 5549120, 41472
free, 4096, 36.000000, 1395952, 5549120, 41408
free, 8192, 54.000000, 1387760, 5549120, 41408
free, 32, 34.000000, 1387680, 5549120, 41376
free, 64, 35.000000, 1387616, 5549120, 41344
free, 128, 24.000000, 1387488, 5549120, 41280
free, 256, 41.000000, 1386960, 5549120, 41248
free, 512, 36.000000, 1386448, 5549120, 41216
free, 1024, 30.000000, 1385424, 5549120, 41184
free, 2048, 48.000000, 1381312, 5549120, 41152
free, 4096, 50.000000, 1377216, 5549120, 41088
free, 8192, 52.000000, 1369024, 5549120, 41088
free, 32, 24.000000, 1368944, 5549120, 41056
free, 64, 35.000000, 1368880, 5549120, 40992
free, 128, 30.000000, 1368752, 5549120, 40960
free, 256, 34.000000, 1368224, 5549120, 40928
free, 512, 29.000000, 1367712, 5549120, 40896
free, 1024, 22.000000, 1366688, 5549120, 40864
free, 2048, 51.000000, 1362576, 5549120, 40832
free, 4096, 45.000000, 1358480, 5549120, 40768
free, 8192, 52.000000, 1350288, 5549120, 40768
free, 32, 38.000000, 1350208, 5549120, 40704
free, 64, 42.000000, 1350112, 5549120, 40672
free, 128, 33.000000, 1349984, 5549120, 40608
free, 256, 32.000000, 1349456, 5549120, 40576
free, 512, 33.000000, 1348944, 5549120, 40544
free, 1024, 32.000000, 1347920, 5549120, 40480
free, 2048, 50.000000, 1343808, 5549120, 40448
free, 4096, 36.000000, 1339712, 5549120, 40416
free, 8192, 48.000000, 1331520, 5549120, 40416
free, 32, 31.000000, 1331440, 5549120, 40384
free, 64, 38.000000, 1331344, 5549120, 40352
free, 128, 40.000000, 1331216, 5549120, 40288
free, 256, 40.000000, 1330688, 5549120, 40256
free, 512, 29.000000, 1330176, 5549120, 40224
free, 1024, 38.000000, 1329152, 5549120, 40160
free, 2048, 49.000000, 1325040, 5549120, 40128
free, 4096, 31.000000, 1320944, 5549120, 40096
free, 8192, 42.000000, 1312752, 5549120, 40096
free, 32, 44.000000, 1312672, 5549120, 40032
free, 64, 22.000000, 1312608, 5549120, 40000
free, 128, 34.000000, 1312480, 5549120, 39936
free, 256, 30.000000, 1311952, 5549120, 39904
free, 512, 39.000000, 1311440, 5549120, 39840
free, 1024, 41.000000, 1310416, 5549120, 39776
free, 2048, 51.000000, 1306304, 5549120, 39744
free, 4096, 46.000000, 1302208, 5549120, 39712
free, 8192, 47.000000, 1294016, 5549120, 39712
free, 32, 33.000000, 1293936, 5549120, 39680
free, 64, 20.000000, 1293872, 5549120, 39648
free, 128, 30.000000, 1293744, 5549120, 39584
free, 256, 44.000000, 1293216, 5549120, 39520
free, 512, 26.000000, 1292704, 5549120, 39488
free, 1024, 40.000000, 1291680, 5549120, 39424
free, 2048, 49.000000, 1287568, 5549120, 39392
free, 4096, 31.000000, 1283472, 5549120, 39360
free, 8192, 52.000000, 1275280, 5549120, 39360
free, 32, 23.000000, 1275200, 5549120, 39328
free, 64, 39.000000, 1275104, 5549120, 39296
free, 128, 29.000000, 1274976, 5549120, 39264
free, 256, 41.000000, 1274448, 5549120, 39232
free, 512, 23.000000, 1273936, 5549120, 39200
free, 1024, 41.000000, 1272912, 5549120, 39136
free, 2048, 49.000000, 1268800, 5549120, 39104
free, 4096, 33.000000, 1264704, 5549120, 39072
free, 8192, 49.000000, 1256512, 5549120, 39072
free, 32, 33.000000, 1256432, 5549120, 39008
free, 64, 34.000000, 1256368, 5549120, 38944
free, 128, 42.000000, 1256240, 5549120, 38880
free, 256, 30.000000, 1255712, 5549120, 38848
free, 512, 34.000000, 1255200, 5549120, 38816
free, 1024, 37.000000, 1254176, 5549120, 38752
free, 2048, 52.000000, 1250064, 5549120, 38720
free, 4096, 36.000000, 1245968, 5549120, 38688
free, 8192, 43.000000, 1237776, 5549120, 38688
free, 32, 42.000000, 1237696, 5549120, 38624
free, 64, 37.000000, 1237600, 5549120, 38592
free, 128, 34.000000, 1237472, 5549120, 38528
free, 256, 27.000000, 1236944, 5549120, 38496
free, 512, 29.000000, 1236432, 5549120, 38464
free, 1024, 37.000000, 1235408, 5549120, 38400
free, 2048, 52.000000, 1231296, 5549120, 38368
free, 4096, 46.000000, 1227200, 5549120, 38336
free, 8192, 47.000000, 1219008, 5549120, 38336
free, 32, 34.000000, 1218928, 5549120, 38304
free, 64, 33.000000, 1218864, 5549120, 38272
free, 128, 33.000000, 1218736, 5549120, 38208
free, 256, 40.000000, 1218208, 5549120, 38144
free, 512, 32.000000, 1217696, 5549120, 38112
free, 1024, 55.000000, 1216672, 5549120, 38048
free, 2048, 56.000000, 1212560, 5549120, 38016
free, 4096, 51.000000, 1208464, 5549120, 37952
free, 8192, 52.000000, 1200272, 5549120, 37952
free, 32, 37.000000, 1200192, 5549120, 37888
free, 64, 43.000000, 1200096, 5549120, 37856
free, 128, 40.000000, 1199968, 5549120, 37824
free, 256, 41.000000, 1199440, 5549120, 37792
free, 512, 28.000000, 1198928, 5549120, 37760
free, 1024, 41.000000, 1197904, 5549120, 37696
free, 2048, 49.000000, 1193792, 5549120, 37664
free, 4096, 33.000000, 1189696, 5549120, 37632
free, 8192, 56.000000, 1181504, 5549120, 37600
free, 32, 29.000000, 1181424, 5549120, 37568
free, 64, 35.000000, 1181360, 5549120, 37504
free, 128, 34.000000, 1181232, 5549120, 37440
free, 256, 41.000000, 1180704, 5549120, 37408
free, 512, 29.000000, 1180192, 5549120, 37376
free, 1024, 30.000000, 1179168, 5549120, 37344
free, 2048, 53.000000, 1175056, 5549120, 37312
free, 4096, 31.000000, 1170960, 5549120, 37280
free, 8192, 54.000000, 1162768, 5549120, 37248
free, 32, 23.000000, 1162688, 5549120, 37216
free, 64, 40.000000, 1162592, 5549120, 37184
free, 128, 34.000000, 1162464, 5549120, 37120
free, 256, 36.000000, 1161936, 5549120, 37056
free, 512, 38.000000, 1161424, 5549120, 37024
free, 1024, 29.000000, 1160400, 5549120, 36992
free, 2048, 52.000000, 1156288, 5549120, 36960
free, 4096, 35.000000, 1152192, 5549120, 36928
free, 8192, 59.000000, 1144000, 5549120, 36896
free, 32, 36.000000, 1143920, 5549120, 36832
free, 64, 31.000000, 1143856, 5549120, 36800
free, 128, 34.000000, 1143728, 5549120, 36736
free, 256, 39.000000, 1143200, 5549120, 36704
free, 512, 32.000000, 1142688, 5549120, 36640
free, 1024, 36.000000, 1141664, 5549120, 36608
free, 2048, 54.000000, 1137552, 5549120, 36576
free, 4096, 37.000000, 1133456, 5549120, 36544
free, 8192, 52.000000, 1125264, 5549120, 36512
free, 32, 41.000000, 1125184, 5549120, 36480
free, 64, 24.000000, 1125120, 5549120, 36448
free, 128, 31.000000, 1124992, 5549120, 36384
free, 256, 32.000000, 1124464, 5549120, 36352
free, 512, 27.000000, 1123952, 5549120, 36320
free, 1024, 40.000000, 1122928, 5549120, 36256
free, 2048, 45.000000, 1118816, 5549120, 36224
free, 4096, 28.000000, 1114720, 5549120, 36192
free, 8192, 58.000000, 1106528, 5549120, 36160
free, 32, 36.000000, 1106448, 5549120, 36096
free, 64, 30.000000, 1106352, 5549120, 36064
free, 128, 37.000000, 1106224, 5549120, 36032
free, 256, 35.000000, 1105696, 5549120, 35968
free, 512, 29.000000, 1105184, 5549120, 35936
free, 1024, 37.000000, 1104160, 5549120, 35904
free, 2048, 49.000000, 1100048, 5549120, 35872
free, 4096, 45.000000, 1095952, 5549120, 35840
free, 8192, 66.000000, 1087760, 5549120, 35808
free, 32, 40.000000, 1087680, 5549120, 35776
free, 64, 32.000000, 1087616, 5549120, 35712
free, 128, 34.000000, 1087488, 5549120, 35648
free, 256, 46.000000, 1086960, 5549120, 35616
free, 512, 36.000000, 1086448, 5549120, 35584
free, 1024, 28.000000, 1085424, 5549120, 35552
free, 2048, 49.000000, 1081312, 5549120, 35520
free, 4096, 33.000000, 1077216, 5549120, 35488
free, 8192, 56.000000, 1069024, 5549120, 35456
free, 32, 26.000000, 1068944, 5549120, 35424
free, 64, 39.000000, 1068848, 5549120, 35392
free, 128, 32.000000, 1068720, 5549120, 35328
free, 256, 39.000000, 1068192, 5549120, 35296
free, 512, 31.000000, 1067680, 5549120, 35264
free, 1024, 38.000000, 1066656, 5549120, 35200
free, 2048, 56.000000, 1062544, 5549120, 35168
free, 4096, 36.000000, 1058448, 5549120, 35136
free, 8192, 62.000000, 1050256, 5549120, 35104
free, 32, 35.000000, 1050176, 5549120, 35040
free, 64, 34.000000, 1050112, 5549120, 35008
free, 128, 25.000000, 1049984, 5549120, 34944
free, 256, 37.000000, 1049456, 5549120, 34880
free, 512, 37.000000, 1048944, 5549120, 34848
free, 1024, 37.000000, 1047920, 5549120, 34816
free, 2048, 40.000000, 1043808, 5549120, 34784
free, 4096, 33.000000, 1039712, 5549120, 34720
free, 8192, 46.000000, 1031520, 5549120, 34688
free, 32, 35.000000, 1031440, 5549120, 34656
free, 64, 31.000000, 1031344, 5549120, 34624
free, 128, 32.000000, 1031216, 5549120, 34592
free, 256, 64.000000, 1030688, 5549120, 34560
free, 512, 35.000000, 1030176, 5549120, 34528
free, 1024, 21.000000, 1029152, 5549120, 34496
free, 2048, 53.000000, 1025040, 5549120, 34464
free, 4096, 34.000000, 1020944, 5549120, 34432
free, 8192, 46.000000, 1012752, 5549120, 34432
free, 32, 35.000000, 1012672, 5549120, 34368
free, 64, 33.000000, 1012608, 5549120, 34304
free, 128, 41.000000, 1012480, 5549120, 34240
free, 256, 38.000000, 1011952, 5549120, 34208
free, 512, 29.000000, 1011440, 5549120, 34176
free, 1024, 40.000000, 1010416, 5549120, 34112
free, 2048, 45.000000, 1006304, 5549120, 34080
free, 4096, 47.000000, 1002208, 5549120, 34048
free, 8192, 43.000000, 994016, 5549120, 34048
free, 32, 30.000000, 993936, 5549120, 34016
free, 64, 40.000000, 993840, 5549120, 33984
free, 128, 35.000000, 993712, 5549120, 33920
free, 256, 37.000000, 993184, 5549120, 33856
free, 512, 29.000000, 992640, 5549120, 33824
free, 1024, 45.000000, 991616, 5549120, 33760
free, 2048, 35.000000, 987504, 5549120, 33728
free, 4096, 41.000000, 983408, 5549120, 33696
free, 8192, 57.000000, 975216, 5549120, 33696
free, 32, 26.000000, 975136, 5549120, 33632
free, 64, 29.000000, 975072, 5549120, 33600
free, 128, 29.000000, 974944, 5549120, 33536
free, 256, 48.000000, 974416, 5549120, 33504
free, 512, 32.000000, 973904, 5549120, 33440
free, 1024, 30.000000, 972880, 5549120, 33376
free, 2048, 50.000000, 968768, 5549120, 33344
free, 4096, 39.000000, 964672, 5549120, 33312
free, 8192, 56.000000, 956480, 5549120, 33312
free, 32, 32.000000, 956400, 5549120, 33280
free, 64, 31.000000, 956336, 5549120, 33248
free, 128, 32.000000, 956208, 5549120, 33184
free, 256, 38.000000, 955680, 5549120, 33152
free, 512, 33.000000, 955168, 5549120, 33120
free, 1024, 37.000000, 954144, 5549120, 33056
free, 2048, 62.000000, 950032, 5549120, 33024
free, 4096, 32.000000, 945936, 5549120, 32960
free, 8192, 54.000000, 937744, 5549120, 32960
free, 32, 37.000000, 937664, 5549120, 32896
free, 64, 31.000000, 937568, 5549120, 32864
free, 128, 25.000000, 937440, 5549120, 32800
free, 256, 31.000000, 936912, 5549120, 32736
free, 512, 30.000000, 936400, 5549120, 32704
free, 1024, 33.000000, 935376, 5549120, 32640
free, 2048, 34.000000, 931264, 5549120, 32608
free, 4096, 38.000000, 927168, 5549120, 32576
free, 8192, 55.000000, 918976, 5549120, 32576
free, 32, 40.000000, 918896, 5549120, 32544
free, 64, 24.000000, 918832, 5549120, 32480
free, 128, 28.000000, 918704, 5549120, 32416
free, 256, 43.000000, 918176, 5549120, 32384
free, 512, 44.000000, 917664, 5549120, 32352
free, 1024, 26.000000, 916640, 5549120, 32288
free, 2048, 57.000000, 912528, 5549120, 32256
free, 4096, 36.000000, 908432, 5549120, 32192
free, 8192, 73.000000, 900240, 5549120, 32192
free, 32, 31.000000, 900160, 5549120, 32160
free, 64, 30.000000, 900064, 5549120, 32128
free, 128, 23.000000, 899936, 5549120, 32064
free, 256, 38.000000, 899408, 5549120, 32032
free, 512, 37.000000, 898896, 5549120, 32000
free, 1024, 29.000000, 897872, 5549120, 31936
free, 2048, 54.000000, 893760, 5549120, 31904
free, 4096, 32.000000, 889664, 5549120, 31840
free, 8192, 52.000000, 881472, 5549120, 31840
free, 32, 25.000000, 881392, 5549120, 31776
free, 64, 37.000000, 881328, 5549120, 31744
free, 128, 23.000000, 881200, 5549120, 31680
free, 256, 34.000000, 880672, 5549120, 31616
free, 512, 36.000000, 880160, 5549120, 31584
free, 1024, 34.000000, 879136, 5549120, 31520
free, 2048, 49.000000, 875024, 5549120, 31488
free, 4096, 41.000000, 870928, 5549120, 31456
free, 8192, 48.000000, 862736, 5549120, 31424
free, 32, 32.000000, 862656, 5549120, 31392
free, 64, 30.000000, 862560, 5549120, 31360
free, 128, 32.000000, 862432, 5549120, 31296
free, 256, 50.000000, 861904, 5549120, 31264
free, 512, 36.000000, 861392, 5549120, 31232
free, 1024, 35.000000, 860368, 5549120, 31168
free, 2048, 47.000000, 856256, 5549120, 31136
free, 4096, 42.000000, 852160, 5549120, 31104
free, 8192, 52.000000, 843968, 5549120, 31104
free, 32, 32.000000, 843888, 5549120, 31072
free, 64, 33.000000, 843824, 5549120, 31008
free, 128, 26.000000, 843696, 5549120, 30944
free, 256, 40.000000, 843168, 5549120, 30912
free, 512, 43.000000, 842656, 5549120, 30880
free, 1024, 33.000000, 841632, 5549120, 30816
free, 2048, 56.000000, 837520, 5549120, 30784
free, 4096, 50.000000, 833424, 5549120, 30752
free, 8192, 62.000000, 825232, 5549120, 30752
free, 32, 35.000000, 825152, 5549120, 30688
free, 64, 46.000000, 825056, 5549120, 30656
free, 128, 27.000000, 824928, 5549120, 30592
free, 256, 35.000000, 824400, 5549120, 30528
free, 512, 36.000000, 823888, 5549120, 30496
free, 1024, 32.000000, 822864, 5549120, 30432
free, 2048, 40.000000, 818752, 5549120, 30400
free, 4096, 36.000000, 814656, 5549120, 30336
free, 8192, 65.000000, 806464, 5549120, 30336
free, 32, 39.000000, 806384, 5549120, 30304
free, 64, 31.000000, 806320, 5549120, 30272
free, 128, 25.000000, 806192, 5549120, 30208
free, 256, 42.000000, 805664, 5549120, 30176
free, 512, 29.000000, 805152, 5549120, 30112
free, 1024, 39.000000, 804128, 5549120, 30080
free, 2048, 37.000000, 800016, 5549120, 30048
free, 4096, 36.000000, 795920, 5549120, 29984
free, 8192, 52.000000, 787728, 5549120, 29984
free, 32, 30.000000, 787648, 5549120, 29952
free, 64, 32.000000, 787584, 5549120, 29920
free, 128, 37.000000, 787456, 5549120, 29856
free, 256, 38.000000, 786928, 5549120, 29824
free, 512, 32.000000, 786416, 5549120, 29792
free, 1024, 38.000000, 785392, 5549120, 29728
free, 2048, 49.000000, 781280, 5549120, 29696
free, 4096, 29.000000, 777184, 5549120, 29632
free, 8192, 58.000000, 768992, 5549120, 29632
free, 32, 34.000000, 768912, 5549120, 29568
free, 64, 25.000000, 768848, 5549120, 29504
free, 128, 31.000000, 768720, 5549120, 29472
free, 256, 34.000000, 768192, 5549120, 29408
free, 512, 24.000000, 767680, 5549120, 29344
free, 1024, 36.000000, 766656, 5549120, 29280
free, 2048, 40.000000, 762544, 5549120, 29248
free, 4096, 48.000000, 758448, 5549120, 29184
free, 8192, 60.000000, 750256, 5549120, 29184
free, 32, 39.000000, 750176, 5549120, 29152
free, 64, 39.000000, 750112, 5549120, 29120
free, 128, 29.000000, 749952, 5549120, 29088
free, 256, 50.000000, 749424, 5549120, 29056
free, 512, 31.000000, 748912, 5549120, 29024
free, 1024, 27.000000, 747888, 5549120, 28992
free, 2048, 46.000000, 743776, 5549120, 28960
free, 4096, 48.000000, 739680, 5549120, 28896
free, 8192, 62.000000, 731488, 5549120, 28896
free, 32, 21.000000, 731408, 5549120, 28864
free, 64, 37.000000, 731312, 5549120, 28832
free, 128, 35.000000, 731184, 5549120, 28768
free, 256, 35.000000, 730656, 5549120, 28736
free, 512, 30.000000, 730144, 5549120, 28704
free, 1024, 32.000000, 729120, 5549120, 28640
free, 2048, 50.000000, 725008, 5549120, 28608
free, 4096, 33.000000, 720912, 5549120, 28544
free, 8192, 54.000000, 712720, 5549120, 28544
free, 32, 35.000000, 712640, 5549120, 28480
free, 64, 32.000000, 712576, 5549120, 28448
free, 128, 24.000000, 712448, 5549120, 28384
free, 256, 31.000000, 711920, 5549120, 28320
free, 512, 41.000000, 711408, 5549120, 28288
free, 1024, 36.000000, 710384, 5549120, 28256
free, 2048, 34.000000, 706272, 5549120, 28224
free, 4096, 38.000000, 702176, 5549120, 28160
free, 8192, 51.000000, 693984, 5549120, 28160
free, 32, 33.000000, 693904, 5549120, 28128
free, 64, 29.000000, 693808, 5549120, 28096
free, 128, 37.000000, 693680, 5549120, 28064
free, 256, 44.000000, 693152, 5549120, 28032
free, 512, 33.000000, 692640, 5549120, 28000
free, 1024, 20.000000, 691616, 5549120, 27968
free, 2048, 50.000000, 687504, 5549120, 27936
free, 4096, 35.000000, 683408, 5549120, 27904
free, 8192, 49.000000, 675216, 5549120, 27904
free, 32, 34.000000, 675136, 5549120, 27840
free, 64, 33.000000, 675072, 5549120, 27776
free, 128, 38.000000, 674944, 5549120, 27712
free, 256, 31.000000, 674416, 5549120, 27680
free, 512, 30.000000, 673904, 5549120, 27648
free, 1024, 37.000000, 672880, 5549120, 27584
free, 2048, 55.000000, 668768, 5549120, 27552
free, 4096, 31.000000, 664672, 5549120, 27520
free, 8192, 44.000000, 656480, 5549120, 27520
free, 32, 28.000000, 656400, 5549120, 27488
free, 64, 39.000000, 656304, 5549120, 27456
free, 128, 35.000000, 656176, 5549120, 27392
free, 256, 44.000000, 655648, 5549120, 27328
free, 512, 40.000000, 655104, 5549120, 27296
free, 1024, 32.000000, 654080, 5549120, 27232
free, 2048, 52.000000, 649968, 5549120, 27200
free, 4096, 41.000000, 645872, 5549120, 27168
free, 8192, 58.000000, 637680, 5549120, 27168
free, 32, 33.000000, 637600, 5549120, 27136
free, 64, 31.000000, 637536, 5549120, 27104
free, 128, 34.000000, 637408, 5549120, 27040
free, 256, 42.000000, 636880, 5549120, 27008
free, 512, 41.000000, 636368, 5549120, 26944
free, 1024, 42.000000, 635344, 5549120, 26880
free, 2048, 36.000000, 631232, 5549120, 26848
free, 4096, 45.000000, 627136, 5549120, 26816
free, 8192, 57.000000, 618944, 5549120, 26816
free, 32, 37.000000, 618864, 5549120, 26752
free, 64, 35.000000, 618800, 5549120, 26720
free, 128, 31.000000, 618672, 5549120, 26656
free, 256, 37.000000, 618144, 5549120, 26624
free, 512, 29.000000, 617632, 5549120, 26592
free, 1024, 39.000000, 616608, 5549120, 26528
free, 2048, 51.000000, 612496, 5549120, 26496
free, 4096, 57.000000, 608400, 5549120, 26464
free, 8192, 44.000000, 600208, 5549120, 26464
free, 32, 24.000000, 600128, 5549120, 26432
free, 64, 40.000000, 600032, 5549120, 26400
free, 128, 38.000000, 599904, 5549120, 26336
free, 256, 43.000000, 599376, 5549120, 26272
free, 512, 30.000000, 598864, 5549120, 26240
free, 1024, 44.000000, 597840, 5549120, 26176
free, 2048, 34.000000, 593728, 5549120, 26144
free, 4096, 43.000000, 589632, 5549120, 26112
free, 8192, 55.000000, 581440, 5549120, 26112
free, 32, 34.000000, 581360, 5549120, 26048
free, 64, 24.000000, 581296, 5549120, 25984
free, 128, 43.000000, 581168, 5549120, 25920
free, 256, 48.000000, 580640, 5549120, 25888
free, 512, 37.000000, 580128, 5549120, 25856
free, 1024, 29.000000, 579104, 5549120, 25792
free, 2048, 39.000000, 574992, 5549120, 25760
free, 4096, 40.000000, 570896, 5549120, 25728
free, 8192, 51.000000, 562704, 5549120, 25728
free, 32, 39.000000, 562624, 5549120, 25696
free, 64, 39.000000, 562528, 5549120, 25664
free, 128, 26.000000, 562400, 5549120, 25600
free, 256, 38.000000, 561872, 5549120, 25568
free, 512, 38.000000, 561360, 5549120, 25536
free, 1024, 43.000000, 560336, 5549120, 25472
free, 2048, 36.000000, 556224, 5549120, 25440
free, 4096, 56.000000, 552128, 5549120, 25408
free, 8192, 55.000000, 543936, 5549120, 25408
free, 32, 24.000000, 543856, 5549120, 25376
free, 64, 31.000000, 543792, 5549120, 25344
free, 128, 31.000000, 543664, 5549120, 25280
free, 256, 37.000000, 543136, 5549120, 25216
free, 512, 30.000000, 542624, 5549120, 25184
free, 1024, 38.000000, 541600, 5549120, 25120
free, 2048, 49.000000, 537488, 5549120, 25088
free, 4096, 33.000000, 533392, 5549120, 25024
free, 8192, 48.000000, 525200, 5549120, 25024
free, 32, 25.000000, 525120, 5549120, 24960
free, 64, 31.000000, 525024, 5549120, 24928
free, 128, 30.000000, 524896, 5549120, 24864
free, 256, 43.000000, 524368, 5549120, 24832
free, 512, 40.000000, 523856, 5549120, 24800
free, 1024, 41.000000, 522832, 5549120, 24736
free, 2048, 33.000000, 518720, 5549120, 24704
free, 4096, 39.000000, 514624, 5549120, 24672
free, 8192, 51.000000, 506432, 5549120, 24640
free, 32, 31.000000, 506352, 5549120, 24608
free, 64, 27.000000, 506288, 5549120, 24544
free, 128, 25.000000, 506160, 5549120, 24480
free, 256, 36.000000, 505632, 5549120, 24448
free, 512, 37.000000, 505120, 5549120, 24416
free, 1024, 37.000000, 504096, 5549120, 24384
free, 2048, 36.000000, 499984, 5549120, 24352
free, 4096, 47.000000, 495888, 5549120, 24320
free, 8192, 50.000000, 487696, 5549120, 24288
free, 32, 26.000000, 487616, 5549120, 24224
free, 64, 33.000000, 487520, 5549120, 24192
free, 128, 27.000000, 487392, 5549120, 24128
free, 256, 33.000000, 486864, 5549120, 24064
free, 512, 31.000000, 486352, 5549120, 24000
free, 1024, 40.000000, 485328, 5549120, 23968
free, 2048, 40.000000, 481216, 5549120, 23936
free, 4096, 37.000000, 477120, 5549120, 23904
free, 8192, 43.000000, 468928, 5549120, 23872
free, 32, 40.000000, 468848, 5549120, 23840
free, 64, 32.000000, 468784, 5549120, 23808
free, 128, 25.000000, 468656, 5549120, 23744
free, 256, 46.000000, 468128, 5549120, 23712
free, 512, 34.000000, 467616, 5549120, 23648
free, 1024, 36.000000, 466592, 5549120, 23616
free, 2048, 65.000000, 462480, 5549120, 23584
free, 4096, 41.000000, 458384, 5549120, 23552
free, 8192, 50.000000, 450192, 5549120, 23520
free, 32, 41.000000, 450112, 5549120, 23488
free, 64, 34.000000, 450048, 5549120, 23456
free, 128, 24.000000, 449920, 5549120, 23392
free, 256, 38.000000, 449392, 5549120, 23360
free, 512, 34.000000, 448880, 5549120, 23328
free, 1024, 45.000000, 447856, 5549120, 23264
free, 2048, 32.000000, 443744, 5549120, 23232
free, 4096, 43.000000, 439648, 5549120, 23200
free, 8192, 44.000000, 431456, 5549120, 23168
free, 32, 32.000000, 431376, 5549120, 23104
free, 64, 32.000000, 431280, 5549120, 23072
free, 128, 25.000000, 431152, 5549120, 23008
free, 256, 33.000000, 430624, 5549120, 22944
free, 512, 31.000000, 430112, 5549120, 22912
free, 1024, 37.000000, 429088, 5549120, 22880
free, 2048, 37.000000, 424976, 5549120, 22848
free, 4096, 39.000000, 420880, 5549120, 22816
free, 8192, 44.000000, 412688, 5549120, 22784
free, 32, 37.000000, 412608, 5549120, 22752
free, 64, 24.000000, 412544, 5549120, 22688
free, 128, 31.000000, 412416, 5549120, 22624
free, 256, 39.000000, 411888, 5549120, 22592
free, 512, 39.000000, 411376, 5549120, 22560
free, 1024, 39.000000, 410352, 5549120, 22496
free, 2048, 55.000000, 406240, 5549120, 22464
free, 4096, 43.000000, 402144, 5549120, 22432
free, 8192, 49.000000, 393952, 5549120, 22400
free, 32, 30.000000, 393872, 5549120, 22368
free, 64, 31.000000, 393776, 5549120, 22336
free, 128, 26.000000, 393648, 5549120, 22272
free, 256, 36.000000, 393120, 5549120, 22240
free, 512, 37.000000, 392608, 5549120, 22208
free, 1024, 33.000000, 391584, 5549120, 22144
free, 2048, 34.000000, 387472, 5549120, 22112
free, 4096, 40.000000, 383376, 5549120, 22080
free, 8192, 58.000000, 375184, 5549120, 22048
free, 32, 26.000000, 375104, 5549120, 21984
free, 64, 31.000000, 375040, 5549120, 21952
free, 128, 22.000000, 374912, 5549120, 21888
free, 256, 27.000000, 374384, 5549120, 21824
free, 512, 39.000000, 373872, 5549120, 21792
free, 1024, 38.000000, 372848, 5549120, 21760
free, 2048, 36.000000, 368736, 5549120, 21728
free, 4096, 35.000000, 364640, 5549120, 21664
free, 8192, 42.000000, 356448, 5549120, 21632
free, 32, 33.000000, 356368, 5549120, 21600
free, 64, 30.000000, 356272, 5549120, 21568
free, 128, 35.000000, 356144, 5549120, 21504
free, 256, 46.000000, 355616, 5549120, 21472
free, 512, 31.000000, 355104, 5549120, 21440
free, 1024, 29.000000, 354080, 5549120, 21408
free, 2048, 35.000000, 349968, 5549120, 21376
free, 4096, 38.000000, 345872, 5549120, 21344
free, 8192, 53.000000, 337680, 5549120, 21344
free, 32, 31.000000, 337600, 5549120, 21280
free, 64, 24.000000, 337536, 5549120, 21216
free, 128, 30.000000, 337408, 5549120, 21152
free, 256, 38.000000, 336880, 5549120, 21120
free, 512, 37.000000, 336368, 5549120, 21088
free, 1024, 30.000000, 335344, 5549120, 21024
free, 2048, 36.000000, 331232, 5549120, 20992
free, 4096, 34.000000, 327136, 5549120, 20928
free, 8192, 60.000000, 318944, 5549120, 20928
free, 32, 30.000000, 318864, 5549120, 20896
free, 64, 30.000000, 318768, 5549120, 20864
free, 128, 24.000000, 318640, 5549120, 20800
free, 256, 37.000000, 318112, 5549120, 20736
free, 512, 28.000000, 317568, 5549120, 20704
free, 1024, 35.000000, 316544, 5549120, 20640
free, 2048, 33.000000, 312432, 5549120, 20608
free, 4096, 39.000000, 308336, 5549120, 20576
free, 8192, 51.000000, 300144, 5549120, 20576
free, 32, 29.000000, 300064, 5549120, 20512
free, 64, 33.000000, 300000, 5549120, 20480
free, 128, 31.000000, 299872, 5549120, 20416
free, 256, 50.000000, 299344, 5549120, 20384
free, 512, 27.000000, 298832, 5549120, 20320
free, 1024, 33.000000, 297808, 5549120, 20256
free, 2048, 41.000000, 293696, 5549120, 20224
free, 4096, 36.000000, 289600, 5549120, 20192
free, 8192, 57.000000, 281408, 5549120, 20192
free, 32, 35.000000, 281328, 5549120, 20128
free, 64, 32.000000, 281264, 5549120, 20096
free, 128, 30.000000, 281104, 5549120, 20064
free, 256, 41.000000, 280576, 5549120, 20032
free, 512, 37.000000, 280064, 5549120, 20000
free, 1024, 31.000000, 279040, 5549120, 19936
free, 2048, 38.000000, 274928, 5549120, 19904
free, 4096, 31.000000, 270832, 5549120, 19840
free, 8192, 53.000000, 262640, 5549120, 19840
free, 32, 34.000000, 262560, 5549120, 19808
free, 64, 34.000000, 262496, 5549120, 19776
free, 128, 25.000000, 262368, 5549120, 19712
free, 256, 35.000000, 261840, 5549120, 19648
free, 512, 28.000000, 261328, 5549120, 19616
free, 1024, 34.000000, 260304, 5549120, 19552
free, 2048, 52.000000, 256192, 5549120, 19520
free, 4096, 48.000000, 252096, 5549120, 19488
free, 8192, 56.000000, 243904, 5549120, 19488
free, 32, 35.000000, 243824, 5549120, 19456
free, 64, 32.000000, 243728, 5549120, 19424
free, 128, 25.000000, 243600, 5549120, 19360
free, 256, 43.000000, 243072, 5549120, 19328
free, 512, 39.000000, 242560, 5549120, 19296
free, 1024, 41.000000, 241536, 5549120, 19232
free, 2048, 40.000000, 237424, 5549120, 19200
free, 4096, 33.000000, 233328, 5549120, 19136
free, 8192, 53.000000, 225136, 5549120, 19136
free, 32, 23.000000, 225056, 5549120, 19072
free, 64, 31.000000, 224992, 5549120, 19040
free, 128, 26.000000, 224864, 5549120, 18976
free, 256, 40.000000, 224336, 5549120, 18944
free, 512, 38.000000, 223824, 5549120, 18912
free, 1024, 31.000000, 222800, 5549120, 18848
free, 2048, 35.000000, 218688, 5549120, 18816
free, 4096, 36.000000, 214592, 5549120, 18784
free, 8192, 43.000000, 206400, 5549120, 18752
free, 32, 30.000000, 206320, 5549120, 18720
free, 64, 24.000000, 206256, 5549120, 18656
free, 128, 37.000000, 206128, 5549120, 18624
free, 256, 42.000000, 205600, 5549120, 18560
free, 512, 37.000000, 205088, 5549120, 18528
free, 1024, 33.000000, 204064, 5549120, 18464
free, 2048, 68.000000, 199952, 5549120, 18432
free, 4096, 40.000000, 195856, 5549120, 18400
free, 8192, 41.000000, 187664, 5549120, 18368
free, 32, 26.000000, 187584, 5549120, 18304
free, 64, 32.000000, 187488, 5549120, 18272
free, 128, 22.000000, 187360, 5549120, 18208
free, 256, 43.000000, 186832, 5549120, 18176
free, 512, 40.000000, 186320, 5549120, 18144
free, 1024, 30.000000, 185296, 5549120, 18080
free, 2048, 35.000000, 181184, 5549120, 18048
free, 4096, 32.000000, 177088, 5549120, 17984
free, 8192, 41.000000, 168896, 5549120, 17984
free, 32, 33.000000, 168816, 5549120, 17952
free, 64, 31.000000, 168720, 5549120, 17920
free, 128, 25.000000, 168592, 5549120, 17856
free, 256, 34.000000, 168064, 5549120, 17824
free, 512, 38.000000, 167552, 5549120, 17792
free, 1024, 36.000000, 166528, 5549120, 17728
free, 2048, 39.000000, 162416, 5549120, 17696
free, 4096, 44.000000, 158320, 5549120, 17664
free, 8192, 68.000000, 150128, 5549120, 17664
free, 32, 31.000000, 150048, 5549120, 17632
free, 64, 33.000000, 149984, 5549120, 17600
free, 128, 36.000000, 149856, 5549120, 17536
free, 256, 38.000000, 149328, 5549120, 17472
free, 512, 40.000000, 148816, 5549120, 17440
free, 1024, 34.000000, 147792, 5549120, 17376
free, 2048, 35.000000, 143680, 5549120, 17344
free, 4096, 33.000000, 139584, 5549120, 17280
free, 8192, 54.000000, 131392, 5549120, 17280
free, 32, 25.000000, 131312, 5549120, 17216
free, 64, 30.000000, 131248, 5549120, 17184
free, 128, 25.000000, 131120, 5549120, 17120
free, 256, 40.000000, 130592, 5549120, 17088
free, 512, 29.000000, 130080, 5549120, 17024
free, 1024, 36.000000, 129056, 5549120, 16992
free, 2048, 39.000000, 124944, 5549120, 16960
free, 4096, 37.000000, 120848, 5549120, 16896
free, 8192, 52.000000, 112656, 5549120, 16896
free, 32, 37.000000, 112576, 5549120, 16832
free, 64, 35.000000, 112512, 5549120, 16800
free, 128, 25.000000, 112384, 5549120, 16736
free, 256, 41.000000, 111856, 5549120, 16704
free, 512, 37.000000, 111344, 5549120, 16672
free, 1024, 31.000000, 110320, 5549120, 16608
free, 2048, 38.000000, 106208, 5549120, 16576
free, 4096, 35.000000, 102112, 5549120, 16512
free, 8192, 56.000000, 93920, 5549120, 16512
free, 32, 40.000000, 93840, 5549120, 16480
free, 64, 30.000000, 93744, 5549120, 16448
free, 128, 27.000000, 93616, 5549120, 16384
free, 256, 29.000000, 93088, 5549120, 16320
free, 512, 31.000000, 92576, 5549120, 16288
free, 1024, 40.000000, 91552, 5549120, 16256
free, 2048, 50.000000, 87440, 5549120, 16224
free, 4096, 37.000000, 83344, 5549120, 16160
free, 8192, 71.000000, 75152, 5549120, 16160
free, 32, 43.000000, 75072, 5549120, 16128
free, 64, 39.000000, 75008, 5549120, 16064
free, 128, 29.000000, 74880, 5549120, 16000
free, 256, 43.000000, 74352, 5549120, 15968
free, 512, 51.000000, 73840, 5549120, 15936
free, 1024, 31.000000, 72816, 5549120, 15872
free, 2048, 50.000000, 68704, 5549120, 15840
free, 4096, 35.000000, 64608, 5549120, 15776
free, 8192, 58.000000, 56416, 5549120, 15776
free, 32, 27.000000, 56336, 5549120, 15712
free, 64, 34.000000, 56240, 5549120, 15680
free, 128, 24.000000, 56112, 5549120, 15616
free, 256, 40.000000, 55584, 5549120, 15584
free, 512, 35.000000, 55072, 5549120, 15552
free, 1024, 33.000000, 54048, 5549120, 15488
free, 2048, 38.000000, 49936, 5549120, 15456
free, 4096, 35.000000, 45840, 5549120, 15392
free, 8192, 53.000000, 37648, 5549120, 15392
free, 32, 36.000000, 37568, 5549120, 15360
free, 64, 32.000000, 37504, 5549120, 15328
free, 128, 25.000000, 37376, 5549120, 15264
free, 256, 34.000000, 36848, 5549120, 15200
free, 512, 41.000000, 36336, 5549120, 15168
free, 1024, 35.000000, 35312, 5549120, 15136
free, 2048, 37.000000, 31200, 5549120, 15104
free, 4096, 37.000000, 27104, 5549120, 15040
free, 8192, 53.000000, 18912, 5549120, 15040
free, 32, 26.000000, 18832, 5549120, 14976
free, 64, 35.000000, 18736, 5549120, 14944
free, 128, 24.000000, 18608, 5549120, 14880
free, 256, 43.000000, 18080, 5549120, 14816
free, 512, 36.000000, 17568, 5549120, 14784
free, 1024, 23.000000, 16544, 5549120, 14720
free, 2048, 56.000000, 12432, 5549120, 14688
free, 4096, 50.000000, 8336, 5549120, 14624
free, 8192, 31.000000, 144, 5549120, 14592
free, 32, 28.000000, 64, 5549120, 14528
free, 64, 25.000000, 0, 5549120, 14464
