malloc, 64, 143.000000, 64, 4128, 64
malloc, 64, 112.000000, 128, 4128, 96
malloc, 64, 110.000000, 192, 4128, 128
malloc, 64, 75.000000, 256, 4128, 160
malloc, 64, 99.000000, 320, 4128, 192
malloc, 64, 76.000000, 384, 4128, 224
malloc, 64, 70.000000, 448, 4128, 256
malloc, 64, 85.000000, 512, 4128, 288
malloc, 64, 68.000000, 576, 4128, 320
malloc, 64, 73.000000, 640, 4128, 352
malloc, 64, 79.000000, 704, 4128, 384
malloc, 64, 83.000000, 768, 4128, 416
malloc, 64, 81.000000, 832, 4128, 448
malloc, 64, 81.000000, 896, 4128, 480
malloc, 64, 78.000000, 960, 4128, 512
malloc, 64, 87.000000, 1024, 4128, 544
malloc, 64, 95.000000, 1088, 4128, 576
malloc, 64, 93.000000, 1152, 4128, 608
malloc, 64, 99.000000, 1216, 4128, 640
malloc, 64, 92.000000, 1280, 4128, 672
malloc, 64, 85.000000, 1344, 4128, 704
malloc, 64, 86.000000, 1408, 4128, 736
malloc, 64, 91.000000, 1472, 4128, 768
malloc, 64, 93.000000, 1536, 4128, 800
malloc, 64, 94.000000, 1600, 4128, 832
malloc, 64, 96.000000, 1664, 4128, 864
malloc, 64, 96.000000, 1728, 4128, 896
malloc, 64, 97.000000, 1792, 4128, 928
malloc, 64, 104.000000, 1856, 4128, 960
malloc, 64, 103.000000, 1920, 4128, 992
malloc, 64, 104.000000, 1984, 4128, 1024
malloc, 64, 117.000000, 2048, 4128, 1056
malloc, 64, 110.000000, 2112, 4128, 1088
malloc, 64, 111.000000, 2176, 4128, 1120
malloc, 64, 126.000000, 2240, 4128, 1152
malloc, 64, 117.000000, 2304, 4128, 1184
malloc, 64, 117.000000, 2368, 4128, 1216
malloc, 64, 122.000000, 2432, 4128, 1248
malloc, 64, 119.000000, 2496, 4128, 1280
malloc, 64, 124.000000, 2560, 4128, 1312
malloc, 64, 124.000000, 2624, 4128, 1344
malloc, 64, 127.000000, 2688, 4128, 1376
malloc, 64, 5545.000000, 2752, 8224, 1440
malloc, 64, 202.000000, 2816, 8224, 1472
malloc, 64, 147.000000, 2880, 8224, 1504
malloc, 64, 145.000000, 2944, 8224, 1536
malloc, 64, 140.000000, 3008, 8224, 1568
malloc, 64, 142.000000, 3072, 8224, 1600
malloc, 64, 142.000000, 3136, 8224, 1632
malloc, 64, 143.000000, 3200, 8224, 1664
malloc, 64, 146.000000, 3264, 8224, 1696
malloc, 64, 146.000000, 3328, 8224, 1728
malloc, 64, 154.000000, 3392, 8224, 1760
malloc, 64, 153.000000, 3456, 8224, 1792
malloc, 64, 153.000000, 3520, 8224, 1824
malloc, 64, 159.000000, 3584, 8224, 1856
malloc, 64, 163.000000, 3648, 8224, 1888
malloc, 64, 159.000000, 3712, 8224, 1920
malloc, 64, 163.000000, 3776, 8224, 1952
malloc, 64, 167.000000, 3840, 8224, 1984
malloc, 64, 167.000000, 3904, 8224, 2016
malloc, 64, 172.000000, 3968, 8224, 2048
malloc, 64, 171.000000, 4032, 8224, 2080
malloc, 64, 174.000000, 4096, 8224, 2112
malloc, 64, 179.000000, 4160, 8224, 2144
malloc, 64, 178.000000, 4224, 8224, 2176
malloc, 64, 177.000000, 4288, 8224, 2208
malloc, 64, 184.000000, 4352, 8224, 2240
malloc, 64, 183.000000, 4416, 8224, 2272
malloc, 64, 186.000000, 4480, 8224, 2304
malloc, 64, 189.000000, 4544, 8224, 2336
malloc, 64, 194.000000, 4608, 8224, 2368
malloc, 64, 189.000000, 4672, 8224, 2400
malloc, 64, 193.000000, 4736, 8224, 2432
malloc, 64, 195.000000, 4800, 8224, 2464
malloc, 64, 193.000000, 4864, 8224, 2496
malloc, 64, 200.000000, 4928, 8224, 2528
malloc, 64, 201.000000, 4992, 8224, 2560
malloc, 64, 202.000000, 5056, 8224, 2592
malloc, 64, 206.000000, 5120, 8224, 2624
malloc, 64, 207.000000, 5184, 8224, 2656
malloc, 64, 212.000000, 5248, 8224, 2688
malloc, 64, 225.000000, 5312, 8224, 2720
malloc, 64, 215.000000, 5376, 8224, 2752
malloc, 64, 2240.000000, 5440, 12320, 2816
malloc, 64, 359.000000, 5504, 12320, 2848
malloc, 64, 227.000000, 5568, 12320, 2880
malloc, 64, 240.000000, 5632, 12320, 2912
malloc, 64, 229.000000, 5696, 12320, 2944
malloc, 64, 229.000000, 5760, 12320, 2976
malloc, 64, 229.000000, 5824, 12320, 3008
malloc, 64, 237.000000, 5888, 12320, 3040
malloc, 64, 236.000000, 5952, 12320, 3072
malloc, 64, 236.000000, 6016, 12320, 3104
malloc, 64, 241.000000, 6080, 12320, 3136
malloc, 64, 240.000000, 6144, 12320, 3168
malloc, 64, 240.000000, 6208, 12320, 3200
malloc, 64, 250.000000, 6272, 12320, 3232
malloc, 64, 253.000000, 6336, 12320, 3264
malloc, 64, 250.000000, 6400, 12320, 3296
malloc, 64, 255.000000, 6464, 12320, 3328
malloc, 64, 251.000000, 6528, 12320, 3360
malloc, 64, 256.000000, 6592, 12320, 3392
malloc, 64, 270.000000, 6656, 12320, 3424
malloc, 64, 260.000000, 6720, 12320, 3456
malloc, 64, 263.000000, 6784, 12320, 3488
malloc, 64, 277.000000, 6848, 12320, 3520
malloc, 64, 268.000000, 6912, 12320, 3552
malloc, 64, 265.000000, 6976, 12320, 3584
malloc, 64, 274.000000, 7040, 12320, 3616
malloc, 64, 275.000000, 7104, 12320, 3648
malloc, 64, 278.000000, 7168, 12320, 3680
malloc, 64, 279.000000, 7232, 12320, 3712
malloc, 64, 277.000000, 7296, 12320, 3744
malloc, 64, 279.000000, 7360, 12320, 3776
malloc, 64, 287.000000, 7424, 12320, 3808
malloc, 64, 289.000000, 7488, 12320, 3840
malloc, 64, 285.000000, 7552, 12320, 3872
malloc, 64, 292.000000, 7616, 12320, 3904
malloc, 64, 291.000000, 7680, 12320, 3936
malloc, 64, 292.000000, 7744, 12320, 3968
malloc, 64, 299.000000, 7808, 12320, 4000
malloc, 64, 296.000000, 7872, 12320, 4032
malloc, 64, 303.000000, 7936, 12320, 4064
malloc, 64, 304.000000, 8000, 12320, 4096
malloc, 64, 304.000000, 8064, 12320, 4128
malloc, 64, 1926.000000, 8128, 16416, 4192
malloc, 64, 531.000000, 8192, 16416, 4224
malloc, 64, 318.000000, 8256, 16416, 4256
malloc, 64, 329.000000, 8320, 16416, 4288
malloc, 64, 318.000000, 8384, 16416, 4320
malloc, 64, 319.000000, 8448, 16416, 4352
malloc, 64, 320.000000, 8512, 16416, 4384
malloc, 64, 336.000000, 8576, 16416, 4416
malloc, 64, 327.000000, 8640, 16416, 4448
malloc, 64, 330.000000, 8704, 16416, 4480
malloc, 64, 332.000000, 8768, 16416, 4512
malloc, 64, 333.000000, 8832, 16416, 4544
malloc, 64, 336.000000, 8896, 16416, 4576
malloc, 64, 338.000000, 8960, 16416, 4608
malloc, 64, 352.000000, 9024, 16416, 4640
malloc, 64, 353.000000, 9088, 16416, 4672
malloc, 64, 357.000000, 9152, 16416, 4704
malloc, 64, 358.000000, 9216, 16416, 4736
malloc, 64, 356.000000, 9280, 16416, 4768
malloc, 64, 364.000000, 9344, 16416, 4800
malloc, 64, 365.000000, 9408, 16416, 4832
malloc, 64, 367.000000, 9472, 16416, 4864
malloc, 64, 373.000000, 9536, 16416, 4896
malloc, 64, 372.000000, 9600, 16416, 4928
malloc, 64, 376.000000, 9664, 16416, 4960
malloc, 64, 377.000000, 9728, 16416, 4992
malloc, 64, 376.000000, 9792, 16416, 5024
malloc, 64, 382.000000, 9856, 16416, 5056
malloc, 64, 384.000000, 9920, 16416, 5088
malloc, 64, 383.000000, 9984, 16416, 5120
malloc, 64, 389.000000, 10048, 16416, 5152
malloc, 64, 388.000000, 10112, 16416, 5184
malloc, 64, 390.000000, 10176, 16416, 5216
malloc, 64, 384.000000, 10240, 16416, 5248
malloc, 64, 394.000000, 10304, 16416, 5280
malloc, 64, 395.000000, 10368, 16416, 5312
malloc, 64, 399.000000, 10432, 16416, 5344
malloc, 64, 412.000000, 10496, 16416, 5376
malloc, 64, 403.000000, 10560, 16416, 5408
malloc, 64, 405.000000, 10624, 16416, 5440
malloc, 64, 408.000000, 10688, 16416, 5472
malloc, 64, 422.000000, 10752, 16416, 5504
malloc, 64, 2000.000000, 10816, 20512, 5568
malloc, 64, 692.000000, 10880, 20512, 5600
malloc, 64, 417.000000, 10944, 20512, 5632
malloc, 64, 422.000000, 11008, 20512, 5664
malloc, 64, 421.000000, 11072, 20512, 5696
malloc, 64, 418.000000, 11136, 20512, 5728
malloc, 64, 425.000000, 11200, 20512, 5760
malloc, 64, 427.000000, 11264, 20512, 5792
malloc, 64, 431.000000, 11328, 20512, 5824
malloc, 64, 432.000000, 11392, 20512, 5856
malloc, 64, 436.000000, 11456, 20512, 5888
malloc, 64, 437.000000, 11520, 20512, 5920
malloc, 64, 439.000000, 11584, 20512, 5952
malloc, 64, 442.000000, 11648, 20512, 5984
malloc, 64, 443.000000, 11712, 20512, 6016
malloc, 64, 446.000000, 11776, 20512, 6048
malloc, 64, 455.000000, 11840, 20512, 6080
malloc, 64, 455.000000, 11904, 20512, 6112
malloc, 64, 454.000000, 11968, 20512, 6144
malloc, 64, 461.000000, 12032, 20512, 6176
malloc, 64, 458.000000, 12096, 20512, 6208
malloc, 64, 453.000000, 12160, 20512, 6240
malloc, 64, 464.000000, 12224, 20512, 6272
malloc, 64, 466.000000, 12288, 20512, 6304
malloc, 64, 467.000000, 12352, 20512, 6336
malloc, 64, 473.000000, 12416, 20512, 6368
malloc, 64, 474.000000, 12480, 20512, 6400
malloc, 64, 475.000000, 12544, 20512, 6432
malloc, 64, 468.000000, 12608, 20512, 6464
malloc, 64, 481.000000, 12672, 20512, 6496
malloc, 64, 960.000000, 12736, 20512, 6528
malloc, 64, 507.000000, 12800, 20512, 6560
malloc, 64, 505.000000, 12864, 20512, 6592
malloc, 64, 493.000000, 12928, 20512, 6624
malloc, 64, 510.000000, 12992, 20512, 6656
malloc, 64, 520.000000, 13056, 20512, 6688
malloc, 64, 494.000000, 13120, 20512, 6720
malloc, 64, 501.000000, 13184, 20512, 6752
malloc, 64, 503.000000, 13248, 20512, 6784
malloc, 64, 512.000000, 13312, 20512, 6816
malloc, 64, 507.000000, 13376, 20512, 6848
malloc, 64, 516.000000, 13440, 20512, 6880
malloc, 64, 2794.000000, 13504, 24608, 6944
malloc, 64, 830.000000, 13568, 24608, 6976
malloc, 64, 520.000000, 13632, 24608, 7008
malloc, 64, 529.000000, 13696, 24608, 7040
malloc, 64, 525.000000, 13760, 24608, 7072
malloc, 64, 528.000000, 13824, 24608, 7104
malloc, 64, 531.000000, 13888, 24608, 7136
malloc, 64, 538.000000, 13952, 24608, 7168
malloc, 64, 535.000000, 14016, 24608, 7200
malloc, 64, 540.000000, 14080, 24608, 7232
malloc, 64, 542.000000, 14144, 24608, 7264
malloc, 64, 546.000000, 14208, 24608, 7296
malloc, 64, 546.000000, 14272, 24608, 7328
malloc, 64, 550.000000, 14336, 24608, 7360
malloc, 64, 551.000000, 14400, 24608, 7392
malloc, 64, 554.000000, 14464, 24608, 7424
malloc, 64, 554.000000, 14528, 24608, 7456
malloc, 64, 557.000000, 14592, 24608, 7488
malloc, 64, 558.000000, 14656, 24608, 7520
malloc, 64, 564.000000, 14720, 24608, 7552
malloc, 64, 562.000000, 14784, 24608, 7584
malloc, 64, 563.000000, 14848, 24608, 7616
malloc, 64, 567.000000, 14912, 24608, 7648
malloc, 64, 571.000000, 14976, 24608, 7680
malloc, 64, 568.000000, 15040, 24608, 7712
malloc, 64, 573.000000, 15104, 24608, 7744
malloc, 64, 576.000000, 15168, 24608, 7776
malloc, 64, 578.000000, 15232, 24608, 7808
malloc, 64, 583.000000, 15296, 24608, 7840
malloc, 64, 578.000000, 15360, 24608, 7872
malloc, 64, 588.000000, 15424, 24608, 7904
malloc, 64, 589.000000, 15488, 24608, 7936
malloc, 64, 586.000000, 15552, 24608, 7968
malloc, 64, 587.000000, 15616, 24608, 8000
malloc, 64, 595.000000, 15680, 24608, 8032
malloc, 64, 588.000000, 15744, 24608, 8064
malloc, 64, 594.000000, 15808, 24608, 8096
malloc, 64, 616.000000, 15872, 24608, 8128
malloc, 64, 598.000000, 15936, 24608, 8160
malloc, 64, 598.000000, 16000, 24608, 8192
malloc, 64, 603.000000, 16064, 24608, 8224
malloc, 64, 599.000000, 16128, 24608, 8256
malloc, 64, 2393.000000, 16192, 28704, 8320
malloc, 64, 1033.000000, 16256, 28704, 8352
malloc, 64, 618.000000, 16320, 28704, 8384
malloc, 64, 630.000000, 16384, 28704, 8416
malloc, 64, 633.000000, 16448, 28704, 8448
malloc, 64, 648.000000, 16512, 28704, 8480
malloc, 64, 643.000000, 16576, 28704, 8512
malloc, 64, 668.000000, 16640, 28704, 8544
malloc, 64, 673.000000, 16704, 28704, 8576
malloc, 64, 683.000000, 16768, 28704, 8608
malloc, 64, 691.000000, 16832, 28704, 8640
malloc, 64, 676.000000, 16896, 28704, 8672
malloc, 64, 687.000000, 16960, 28704, 8704
malloc, 64, 681.000000, 17024, 28704, 8736
malloc, 64, 686.000000, 17088, 28704, 8768
malloc, 64, 698.000000, 17152, 28704, 8800
malloc, 64, 697.000000, 17216, 28704, 8832
malloc, 64, 693.000000, 17280, 28704, 8864
malloc, 64, 689.000000, 17344, 28704, 8896
malloc, 64, 710.000000, 17408, 28704, 8928
malloc, 64, 705.000000, 17472, 28704, 8960
malloc, 64, 696.000000, 17536, 28704, 8992
malloc, 64, 699.000000, 17600, 28704, 9024
malloc, 64, 714.000000, 17664, 28704, 9056
malloc, 64, 699.000000, 17728, 28704, 9088
malloc, 64, 716.000000, 17792, 28704, 9120
malloc, 64, 717.000000, 17856, 28704, 9152
malloc, 64, 715.000000, 17920, 28704, 9184
malloc, 64, 727.000000, 17984, 28704, 9216
malloc, 64, 725.000000, 18048, 28704, 9248
malloc, 64, 724.000000, 18112, 28704, 9280
malloc, 64, 724.000000, 18176, 28704, 9312
malloc, 64, 750.000000, 18240, 28704, 9344
malloc, 64, 746.000000, 18304, 28704, 9376
malloc, 64, 764.000000, 18368, 28704, 9408
malloc, 64, 753.000000, 18432, 28704, 9440
malloc, 64, 772.000000, 18496, 28704, 9472
malloc, 64, 783.000000, 18560, 28704, 9504
malloc, 64, 786.000000, 18624, 28704, 9536
malloc, 64, 787.000000, 18688, 28704, 9568
malloc, 64, 790.000000, 18752, 28704, 9600
malloc, 64, 797.000000, 18816, 28704, 9632
malloc, 64, 2479.000000, 18880, 32800, 9696
malloc, 64, 1250.000000, 18944, 32800, 9728
malloc, 64, 827.000000, 19008, 32800, 9760
malloc, 64, 845.000000, 19072, 32800, 9792
malloc, 64, 858.000000, 19136, 32800, 9824
malloc, 64, 878.000000, 19200, 32800, 9856
malloc, 64, 894.000000, 19264, 32800, 9888
malloc, 64, 900.000000, 19328, 32800, 9920
malloc, 64, 919.000000, 19392, 32800, 9952
malloc, 64, 917.000000, 19456, 32800, 9984
malloc, 64, 930.000000, 19520, 32800, 10016
malloc, 64, 960.000000, 19584, 32800, 10048
malloc, 64, 990.000000, 19648, 32800, 10080
malloc, 64, 989.000000, 19712, 32800, 10112
malloc, 64, 1003.000000, 19776, 32800, 10144
malloc, 64, 1005.000000, 19840, 32800, 10176
malloc, 64, 1024.000000, 19904, 32800, 10208
malloc, 64, 1049.000000, 19968, 32800, 10240
malloc, 64, 1063.000000, 20032, 32800, 10272
malloc, 64, 1032.000000, 20096, 32800, 10304
malloc, 64, 1055.000000, 20160, 32800, 10336
malloc, 64, 1054.000000, 20224, 32800, 10368
malloc, 64, 1051.000000, 20288, 32800, 10400
malloc, 64, 1054.000000, 20352, 32800, 10432
malloc, 64, 1075.000000, 20416, 32800, 10464
malloc, 64, 1082.000000, 20480, 32800, 10496
malloc, 64, 1081.000000, 20544, 32800, 10528
malloc, 64, 1082.000000, 20608, 32800, 10560
malloc, 64, 1077.000000, 20672, 32800, 10592
malloc, 64, 1097.000000, 20736, 32800, 10624
malloc, 64, 1090.000000, 20800, 32800, 10656
malloc, 64, 1120.000000, 20864, 32800, 10688
malloc, 64, 1139.000000, 20928, 32800, 10720
malloc, 64, 1141.000000, 20992, 32800, 10752
malloc, 64, 1143.000000, 21056, 32800, 10784
malloc, 64, 1163.000000, 21120, 32800, 10816
malloc, 64, 1169.000000, 21184, 32800, 10848
malloc, 64, 1163.000000, 21248, 32800, 10880
malloc, 64, 1195.000000, 21312, 32800, 10912
malloc, 64, 1186.000000, 21376, 32800, 10944
malloc, 64, 1211.000000, 21440, 32800, 10976
malloc, 64, 1217.000000, 21504, 32800, 11008
malloc, 64, 2975.000000, 21568, 36896, 11072
malloc, 64, 1437.000000, 21632, 36896, 11104
malloc, 64, 1220.000000, 21696, 36896, 11136
malloc, 64, 1241.000000, 21760, 36896, 11168
malloc, 64, 1227.000000, 21824, 36896, 11200
malloc, 64, 1245.000000, 21888, 36896, 11232
malloc, 64, 1252.000000, 21952, 36896, 11264
malloc, 64, 1245.000000, 22016, 36896, 11296
malloc, 64, 1250.000000, 22080, 36896, 11328
malloc, 64, 1251.000000, 22144, 36896, 11360
malloc, 64, 1251.000000, 22208, 36896, 11392
malloc, 64, 1252.000000, 22272, 36896, 11424
malloc, 64, 1261.000000, 22336, 36896, 11456
malloc, 64, 1259.000000, 22400, 36896, 11488
malloc, 64, 1276.000000, 22464, 36896, 11520
malloc, 64, 1282.000000, 22528, 36896, 11552
malloc, 64, 1274.000000, 22592, 36896, 11584
malloc, 64, 1274.000000, 22656, 36896, 11616
malloc, 64, 1284.000000, 22720, 36896, 11648
malloc, 64, 1307.000000, 22784, 36896, 11680
malloc, 64, 1322.000000, 22848, 36896, 11712
malloc, 64, 1329.000000, 22912, 36896, 11744
malloc, 64, 1343.000000, 22976, 36896, 11776
malloc, 64, 1363.000000, 23040, 36896, 11808
malloc, 64, 1373.000000, 23104, 36896, 11840
malloc, 64, 1391.000000, 23168, 36896, 11872
malloc, 64, 1424.000000, 23232, 36896, 11904
malloc, 64, 1447.000000, 23296, 36896, 11936
malloc, 64, 1454.000000, 23360, 36896, 11968
malloc, 64, 1456.000000, 23424, 36896, 12000
malloc, 64, 1460.000000, 23488, 36896, 12032
malloc, 64, 1454.000000, 23552, 36896, 12064
malloc, 64, 1466.000000, 23616, 36896, 12096
malloc, 64, 1476.000000, 23680, 36896, 12128
malloc, 64, 1479.000000, 23744, 36896, 12160
malloc, 64, 1485.000000, 23808, 36896, 12192
malloc, 64, 1483.000000, 23872, 36896, 12224
malloc, 64, 1473.000000, 23936, 36896, 12256
malloc, 64, 1496.000000, 24000, 36896, 12288
malloc, 64, 1493.000000, 24064, 36896, 12320
malloc, 64, 1486.000000, 24128, 36896, 12352
malloc, 64, 1507.000000, 24192, 36896, 12384
malloc, 64, 3363.000000, 24256, 40992, 12448
malloc, 64, 1588.000000, 24320, 40992, 12480
malloc, 64, 1527.000000, 24384, 40992, 12512
malloc, 64, 1546.000000, 24448, 40992, 12544
malloc, 64, 1534.000000, 24512, 40992, 12576
malloc, 64, 1542.000000, 24576, 40992, 12608
malloc, 64, 1547.000000, 24640, 40992, 12640
malloc, 64, 1666.000000, 24704, 40992, 12672
malloc, 64, 1564.000000, 24768, 40992, 12704
malloc, 64, 1567.000000, 24832, 40992, 12736
malloc, 64, 1567.000000, 24896, 40992, 12768
malloc, 64, 1557.000000, 24960, 40992, 12800
malloc, 64, 1575.000000, 25024, 40992, 12832
malloc, 64, 1569.000000, 25088, 40992, 12864
malloc, 64, 1590.000000, 25152, 40992, 12896
malloc, 64, 1591.000000, 25216, 40992, 12928
malloc, 64, 1600.000000, 25280, 40992, 12960
malloc, 64, 1599.000000, 25344, 40992, 12992
malloc, 64, 1576.000000, 25408, 40992, 13024
malloc, 64, 1601.000000, 25472, 40992, 13056
malloc, 64, 1611.000000, 25536, 40992, 13088
malloc, 64, 1609.000000, 25600, 40992, 13120
malloc, 64, 1604.000000, 25664, 40992, 13152
malloc, 64, 1614.000000, 25728, 40992, 13184
malloc, 64, 1600.000000, 25792, 40992, 13216
malloc, 64, 1616.000000, 25856, 40992, 13248
malloc, 64, 1627.000000, 25920, 40992, 13280
malloc, 64, 1620.000000, 25984, 40992, 13312
malloc, 64, 1627.000000, 26048, 40992, 13344
malloc, 64, 1646.000000, 26112, 40992, 13376
malloc, 64, 1652.000000, 26176, 40992, 13408
malloc, 64, 1638.000000, 26240, 40992, 13440
malloc, 64, 1661.000000, 26304, 40992, 13472
malloc, 64, 1665.000000, 26368, 40992, 13504
malloc, 64, 1647.000000, 26432, 40992, 13536
malloc, 64, 1672.000000, 26496, 40992, 13568
malloc, 64, 1666.000000, 26560, 40992, 13600
malloc, 64, 1655.000000, 26624, 40992, 13632
malloc, 64, 1658.000000, 26688, 40992, 13664
malloc, 64, 1653.000000, 26752, 40992, 13696
malloc, 64, 1683.000000, 26816, 40992, 13728
malloc, 64, 1670.000000, 26880, 40992, 13760
malloc, 64, 5032.000000, 26944, 45088, 13824
malloc, 64, 1829.000000, 27008, 45088, 13856
malloc, 64, 1693.000000, 27072, 45088, 13888
malloc, 64, 1710.000000, 27136, 45088, 13920
malloc, 64, 1704.000000, 27200, 45088, 13952
malloc, 64, 1715.000000, 27264, 45088, 13984
malloc, 64, 1727.000000, 27328, 45088, 14016
malloc, 64, 1707.000000, 27392, 45088, 14048
malloc, 64, 1730.000000, 27456, 45088, 14080
malloc, 64, 1733.000000, 27520, 45088, 14112
malloc, 64, 1726.000000, 27584, 45088, 14144
malloc, 64, 1732.000000, 27648, 45088, 14176
malloc, 64, 1724.000000, 27712, 45088, 14208
malloc, 64, 1731.000000, 27776, 45088, 14240
malloc, 64, 1733.000000, 27840, 45088, 14272
malloc, 64, 1733.000000, 27904, 45088, 14304
malloc, 64, 1750.000000, 27968, 45088, 14336
malloc, 64, 1772.000000, 28032, 45088, 14368
malloc, 64, 1770.000000, 28096, 45088, 14400
malloc, 64, 1758.000000, 28160, 45088, 14432
malloc, 64, 1780.000000, 28224, 45088, 14464
malloc, 64, 1758.000000, 28288, 45088, 14496
malloc, 64, 1768.000000, 28352, 45088, 14528
malloc, 64, 1780.000000, 28416, 45088, 14560
malloc, 64, 1785.000000, 28480, 45088, 14592
malloc, 64, 1776.000000, 28544, 45088, 14624
malloc, 64, 1787.000000, 28608, 45088, 14656
malloc, 64, 1800.000000, 28672, 45088, 14688
malloc, 64, 1782.000000, 28736, 45088, 14720
malloc, 64, 1807.000000, 28800, 45088, 14752
malloc, 64, 1801.000000, 28864, 45088, 14784
malloc, 64, 1803.000000, 28928, 45088, 14816
malloc, 64, 1829.000000, 28992, 45088, 14848
malloc, 64, 1806.000000, 29056, 45088, 14880
malloc, 64, 1815.000000, 29120, 45088, 14912
malloc, 64, 1824.000000, 29184, 45088, 14944
malloc, 64, 1829.000000, 29248, 45088, 14976
malloc, 64, 1821.000000, 29312, 45088, 15008
malloc, 64, 1851.000000, 29376, 45088, 15040
malloc, 64, 1845.000000, 29440, 45088, 15072
malloc, 64, 1824.000000, 29504, 45088, 15104
malloc, 64, 1857.000000, 29568, 45088, 15136
malloc, 64, 3562.000000, 29632, 49184, 15200
malloc, 64, 1942.000000, 29696, 49184, 15232
malloc, 64, 1860.000000, 29760, 49184, 15264
malloc, 64, 1873.000000, 29824, 49184, 15296
malloc, 64, 1858.000000, 29888, 49184, 15328
malloc, 64, 1890.000000, 29952, 49184, 15360
malloc, 64, 1865.000000, 30016, 49184, 15392
malloc, 64, 1877.000000, 30080, 49184, 15424
malloc, 64, 1897.000000, 30144, 49184, 15456
malloc, 64, 1893.000000, 30208, 49184, 15488
malloc, 64, 1882.000000, 30272, 49184, 15520
malloc, 64, 1894.000000, 30336, 49184, 15552
malloc, 64, 1907.000000, 30400, 49184, 15584
malloc, 64, 1896.000000, 30464, 49184, 15616
malloc, 64, 1910.000000, 30528, 49184, 15648
malloc, 64, 1923.000000, 30592, 49184, 15680
malloc, 64, 1912.000000, 30656, 49184, 15712
malloc, 64, 1913.000000, 30720, 49184, 15744
malloc, 64, 1934.000000, 30784, 49184, 15776
malloc, 64, 1938.000000, 30848, 49184, 15808
malloc, 64, 1943.000000, 30912, 49184, 15840
malloc, 64, 1943.000000, 30976, 49184, 15872
malloc, 64, 1937.000000, 31040, 49184, 15904
malloc, 64, 1945.000000, 31104, 49184, 15936
malloc, 64, 1953.000000, 31168, 49184, 15968
malloc, 64, 1941.000000, 31232, 49184, 16000
malloc, 64, 1965.000000, 31296, 49184, 16032
malloc, 64, 1967.000000, 31360, 49184, 16064
malloc, 64, 1951.000000, 31424, 49184, 16096
malloc, 64, 1979.000000, 31488, 49184, 16128
malloc, 64, 1974.000000, 31552, 49184, 16160
malloc, 64, 1972.000000, 31616, 49184, 16192
malloc, 64, 1994.000000, 31680, 49184, 16224
malloc, 64, 1996.000000, 31744, 49184, 16256
malloc, 64, 1966.000000, 31808, 49184, 16288
malloc, 64, 1999.000000, 31872, 49184, 16320
malloc, 64, 2002.000000, 31936, 49184, 16352
malloc, 64, 1979.000000, 32000, 49184, 16384
malloc, 64, 2007.000000, 32064, 49184, 16416
malloc, 64, 2006.000000, 32128, 49184, 16448
malloc, 64, 1991.000000, 32192, 49184, 16480
malloc, 64, 2026.000000, 32256, 49184, 16512
malloc, 64, 4003.000000, 32320, 53280, 16576
malloc, 64, 2096.000000, 32384, 53280, 16608
malloc, 64, 2017.000000, 32448, 53280, 16640
malloc, 64, 2053.000000, 32512, 53280, 16672
malloc, 64, 2028.000000, 32576, 53280, 16704
malloc, 64, 2044.000000, 32640, 53280, 16736
malloc, 64, 2045.000000, 32704, 53280, 16768
malloc, 64, 2034.000000, 32768, 53280, 16800
malloc, 64, 2060.000000, 32832, 53280, 16832
malloc, 64, 2057.000000, 32896, 53280, 16864
malloc, 64, 2044.000000, 32960, 53280, 16896
malloc, 64, 2070.000000, 33024, 53280, 16928
malloc, 64, 2079.000000, 33088, 53280, 16960
malloc, 64, 2093.000000, 33152, 53280, 16992
malloc, 64, 2063.000000, 33216, 53280, 17024
malloc, 64, 2083.000000, 33280, 53280, 17056
malloc, 64, 2074.000000, 33344, 53280, 17088
malloc, 64, 2099.000000, 33408, 53280, 17120
malloc, 64, 2093.000000, 33472, 53280, 17152
malloc, 64, 2070.000000, 33536, 53280, 17184
malloc, 64, 2078.000000, 33600, 53280, 17216
malloc, 64, 2108.000000, 33664, 53280, 17248
malloc, 64, 2086.000000, 33728, 53280, 17280
malloc, 64, 2116.000000, 33792, 53280, 17312
malloc, 64, 2117.000000, 33856, 53280, 17344
malloc, 64, 2101.000000, 33920, 53280, 17376
malloc, 64, 2135.000000, 33984, 53280, 17408
malloc, 64, 2131.000000, 34048, 53280, 17440
malloc, 64, 2123.000000, 34112, 53280, 17472
malloc, 64, 2147.000000, 34176, 53280, 17504
malloc, 64, 2146.000000, 34240, 53280, 17536
malloc, 64, 2129.000000, 34304, 53280, 17568
malloc, 64, 2146.000000, 34368, 53280, 17600
malloc, 64, 2134.000000, 34432, 53280, 17632
malloc, 64, 2133.000000, 34496, 53280, 17664
malloc, 64, 2159.000000, 34560, 53280, 17696
malloc, 64, 2163.000000, 34624, 53280, 17728
malloc, 64, 2145.000000, 34688, 53280, 17760
malloc, 64, 2157.000000, 34752, 53280, 17792
malloc, 64, 2194.000000, 34816, 53280, 17824
malloc, 64, 2157.000000, 34880, 53280, 17856
malloc, 64, 2189.000000, 34944, 53280, 17888
malloc, 64, 3915.000000, 35008, 57376, 17952
malloc, 64, 2282.000000, 35072, 57376, 17984
malloc, 64, 2184.000000, 35136, 57376, 18016
malloc, 64, 2200.000000, 35200, 57376, 18048
malloc, 64, 2182.000000, 35264, 57376, 18080
malloc, 64, 2184.000000, 35328, 57376, 18112
malloc, 64, 2219.000000, 35392, 57376, 18144
malloc, 64, 2222.000000, 35456, 57376, 18176
malloc, 64, 2205.000000, 35520, 57376, 18208
malloc, 64, 2200.000000, 35584, 57376, 18240
malloc, 64, 2219.000000, 35648, 57376, 18272
malloc, 64, 2244.000000, 35712, 57376, 18304
malloc, 64, 2211.000000, 35776, 57376, 18336
malloc, 64, 2225.000000, 35840, 57376, 18368
malloc, 64, 2223.000000, 35904, 57376, 18400
malloc, 64, 2247.000000, 35968, 57376, 18432
malloc, 64, 2228.000000, 36032, 57376, 18464
malloc, 64, 2230.000000, 36096, 57376, 18496
malloc, 64, 2254.000000, 36160, 57376, 18528
malloc, 64, 2246.000000, 36224, 57376, 18560
malloc, 64, 2280.000000, 36288, 57376, 18592
malloc, 64, 2425.000000, 36352, 57376, 18624
malloc, 64, 2291.000000, 36416, 57376, 18656
malloc, 64, 2264.000000, 36480, 57376, 18688
malloc, 64, 2283.000000, 36544, 57376, 18720
malloc, 64, 2270.000000, 36608, 57376, 18752
malloc, 64, 2289.000000, 36672, 57376, 18784
malloc, 64, 2260.000000, 36736, 57376, 18816
malloc, 64, 2274.000000, 36800, 57376, 18848
malloc, 64, 2277.000000, 36864, 57376, 18880
malloc, 64, 2289.000000, 36928, 57376, 18912
malloc, 64, 2286.000000, 36992, 57376, 18944
malloc, 64, 2322.000000, 37056, 57376, 18976
malloc, 64, 2302.000000, 37120, 57376, 19008
malloc, 64, 2307.000000, 37184, 57376, 19040
malloc, 64, 2294.000000, 37248, 57376, 19072
malloc, 64, 2331.000000, 37312, 57376, 19104
malloc, 64, 2301.000000, 37376, 57376, 19136
malloc, 64, 2336.000000, 37440, 57376, 19168
malloc, 64, 2340.000000, 37504, 57376, 19200
malloc, 64, 2344.000000, 37568, 57376, 19232
malloc, 64, 2359.000000, 37632, 57376, 19264
malloc, 64, 4394.000000, 37696, 61472, 19328
malloc, 64, 2467.000000, 37760, 61472, 19360
malloc, 64, 2351.000000, 37824, 61472, 19392
malloc, 64, 2373.000000, 37888, 61472, 19424
malloc, 64, 2353.000000, 37952, 61472, 19456
malloc, 64, 2372.000000, 38016, 61472, 19488
malloc, 64, 2385.000000, 38080, 61472, 19520
malloc, 64, 2361.000000, 38144, 61472, 19552
malloc, 64, 2391.000000, 38208, 61472, 19584
malloc, 64, 2393.000000, 38272, 61472, 19616
malloc, 64, 2380.000000, 38336, 61472, 19648
malloc, 64, 2408.000000, 38400, 61472, 19680
malloc, 64, 2410.000000, 38464, 61472, 19712
malloc, 64, 2387.000000, 38528, 61472, 19744
malloc, 64, 2429.000000, 38592, 61472, 19776
malloc, 64, 2407.000000, 38656, 61472, 19808
malloc, 64, 2426.000000, 38720, 61472, 19840
malloc, 64, 2417.000000, 38784, 61472, 19872
malloc, 64, 2629.000000, 38848, 61472, 19904
malloc, 64, 2449.000000, 38912, 61472, 19936
malloc, 64, 2403.000000, 38976, 61472, 19968
malloc, 64, 2410.000000, 39040, 61472, 20000
malloc, 64, 2429.000000, 39104, 61472, 20032
malloc, 64, 2422.000000, 39168, 61472, 20064
malloc, 64, 2424.000000, 39232, 61472, 20096
malloc, 64, 2431.000000, 39296, 61472, 20128
malloc, 64, 2454.000000, 39360, 61472, 20160
malloc, 64, 2436.000000, 39424, 61472, 20192
malloc, 64, 2432.000000, 39488, 61472, 20224
malloc, 64, 2460.000000, 39552, 61472, 20256
malloc, 64, 2474.000000, 39616, 61472, 20288
malloc, 64, 2450.000000, 39680, 61472, 20320
malloc, 64, 2487.000000, 39744, 61472, 20352
malloc, 64, 2491.000000, 39808, 61472, 20384
malloc, 64, 2458.000000, 39872, 61472, 20416
malloc, 64, 2499.000000, 39936, 61472, 20448
malloc, 64, 2494.000000, 40000, 61472, 20480
malloc, 64, 2469.000000, 40064, 61472, 20512
malloc, 64, 2473.000000, 40128, 61472, 20544
malloc, 64, 2510.000000, 40192, 61472, 20576
malloc, 64, 2480.000000, 40256, 61472, 20608
malloc, 64, 2516.000000, 40320, 61472, 20640
malloc, 64, 4618.000000, 40384, 65568, 20704
malloc, 64, 2683.000000, 40448, 65568, 20736
malloc, 64, 2513.000000, 40512, 65568, 20768
malloc, 64, 2537.000000, 40576, 65568, 20800
malloc, 64, 2517.000000, 40640, 65568, 20832
malloc, 64, 2530.000000, 40704, 65568, 20864
malloc, 64, 2542.000000, 40768, 65568, 20896
malloc, 64, 2512.000000, 40832, 65568, 20928
malloc, 64, 2547.000000, 40896, 65568, 20960
malloc, 64, 2528.000000, 40960, 65568, 20992
malloc, 64, 2535.000000, 41024, 65568, 21024
malloc, 64, 2549.000000, 41088, 65568, 21056
malloc, 64, 2578.000000, 41152, 65568, 21088
malloc, 64, 2556.000000, 41216, 65568, 21120
malloc, 64, 2578.000000, 41280, 65568, 21152
malloc, 64, 2582.000000, 41344, 65568, 21184
malloc, 64, 2567.000000, 41408, 65568, 21216
malloc, 64, 2565.000000, 41472, 65568, 21248
malloc, 64, 2586.000000, 41536, 65568, 21280
malloc, 64, 2582.000000, 41600, 65568, 21312
malloc, 64, 2592.000000, 41664, 65568, 21344
malloc, 64, 2612.000000, 41728, 65568, 21376
malloc, 64, 2582.000000, 41792, 65568, 21408
malloc, 64, 2613.000000, 41856, 65568, 21440
malloc, 64, 2611.000000, 41920, 65568, 21472
malloc, 64, 2595.000000, 41984, 65568, 21504
malloc, 64, 2589.000000, 42048, 65568, 21536
malloc, 64, 2626.000000, 42112, 65568, 21568
malloc, 64, 2602.000000, 42176, 65568, 21600
malloc, 64, 2625.000000, 42240, 65568, 21632
malloc, 64, 2640.000000, 42304, 65568, 21664
malloc, 64, 2617.000000, 42368, 65568, 21696
malloc, 64, 2653.000000, 42432, 65568, 21728
malloc, 64, 2659.000000, 42496, 65568, 21760
malloc, 64, 2629.000000, 42560, 65568, 21792
malloc, 64, 2624.000000, 42624, 65568, 21824
malloc, 64, 2657.000000, 42688, 65568, 21856
malloc, 64, 2635.000000, 42752, 65568, 21888
malloc, 64, 2667.000000, 42816, 65568, 21920
malloc, 64, 2635.000000, 42880, 65568, 21952
malloc, 64, 2653.000000, 42944, 65568, 21984
malloc, 64, 2683.000000, 43008, 65568, 22016
malloc, 64, 4510.000000, 43072, 69664, 22080
malloc, 64, 2853.000000, 43136, 69664, 22112
malloc, 64, 2670.000000, 43200, 69664, 22144
malloc, 64, 2675.000000, 43264, 69664, 22176
malloc, 64, 2676.000000, 43328, 69664, 22208
malloc, 64, 2710.000000, 43392, 69664, 22240
malloc, 64, 2706.000000, 43456, 69664, 22272
malloc, 64, 2711.000000, 43520, 69664, 22304
malloc, 64, 2686.000000, 43584, 69664, 22336
malloc, 64, 2727.000000, 43648, 69664, 22368
malloc, 64, 2734.000000, 43712, 69664, 22400
malloc, 64, 2736.000000, 43776, 69664, 22432
malloc, 64, 2720.000000, 43840, 69664, 22464
malloc, 64, 2718.000000, 43904, 69664, 22496
malloc, 64, 2732.000000, 43968, 69664, 22528
malloc, 64, 2753.000000, 44032, 69664, 22560
malloc, 64, 2712.000000, 44096, 69664, 22592
malloc, 64, 2750.000000, 44160, 69664, 22624
malloc, 64, 2759.000000, 44224, 69664, 22656
malloc, 64, 2735.000000, 44288, 69664, 22688
malloc, 64, 2756.000000, 44352, 69664, 22720
malloc, 64, 2779.000000, 44416, 69664, 22752
malloc, 64, 2749.000000, 44480, 69664, 22784
malloc, 64, 2775.000000, 44544, 69664, 22816
malloc, 64, 2778.000000, 44608, 69664, 22848
malloc, 64, 2757.000000, 44672, 69664, 22880
malloc, 64, 2784.000000, 44736, 69664, 22912
malloc, 64, 2782.000000, 44800, 69664, 22944
malloc, 64, 2765.000000, 44864, 69664, 22976
malloc, 64, 2802.000000, 44928, 69664, 23008
malloc, 64, 2813.000000, 44992, 69664, 23040
malloc, 64, 2775.000000, 45056, 69664, 23072
malloc, 64, 2825.000000, 45120, 69664, 23104
malloc, 64, 2794.000000, 45184, 69664, 23136
malloc, 64, 2793.000000, 45248, 69664, 23168
malloc, 64, 2822.000000, 45312, 69664, 23200
malloc, 64, 2821.000000, 45376, 69664, 23232
malloc, 64, 2804.000000, 45440, 69664, 23264
malloc, 64, 2830.000000, 45504, 69664, 23296
malloc, 64, 2839.000000, 45568, 69664, 23328
malloc, 64, 2816.000000, 45632, 69664, 23360
malloc, 64, 2858.000000, 45696, 69664, 23392
malloc, 64, 4571.000000, 45760, 73760, 23456
malloc, 64, 2986.000000, 45824, 73760, 23488
malloc, 64, 2837.000000, 45888, 73760, 23520
malloc, 64, 2860.000000, 45952, 73760, 23552
malloc, 64, 2841.000000, 46016, 73760, 23584
malloc, 64, 2887.000000, 46080, 73760, 23616
malloc, 64, 2878.000000, 46144, 73760, 23648
malloc, 64, 2857.000000, 46208, 73760, 23680
malloc, 64, 2892.000000, 46272, 73760, 23712
malloc, 64, 2897.000000, 46336, 73760, 23744
malloc, 64, 2863.000000, 46400, 73760, 23776
malloc, 64, 2901.000000, 46464, 73760, 23808
malloc, 64, 2897.000000, 46528, 73760, 23840
malloc, 64, 2872.000000, 46592, 73760, 23872
malloc, 64, 2908.000000, 46656, 73760, 23904
malloc, 64, 2912.000000, 46720, 73760, 23936
malloc, 64, 2891.000000, 46784, 73760, 23968
malloc, 64, 2927.000000, 46848, 73760, 24000
malloc, 64, 2933.000000, 46912, 73760, 24032
malloc, 64, 2908.000000, 46976, 73760, 24064
malloc, 64, 2926.000000, 47040, 73760, 24096
malloc, 64, 2930.000000, 47104, 73760, 24128
malloc, 64, 2958.000000, 47168, 73760, 24160
malloc, 64, 2952.000000, 47232, 73760, 24192
malloc, 64, 2954.000000, 47296, 73760, 24224
malloc, 64, 2961.000000, 47360, 73760, 24256
malloc, 64, 2955.000000, 47424, 73760, 24288
malloc, 64, 2925.000000, 47488, 73760, 24320
malloc, 64, 2970.000000, 47552, 73760, 24352
malloc, 64, 2967.000000, 47616, 73760, 24384
malloc, 64, 2974.000000, 47680, 73760, 24416
malloc, 64, 2947.000000, 47744, 73760, 24448
malloc, 64, 2937.000000, 47808, 73760, 24480
malloc, 64, 2979.000000, 47872, 73760, 24512
malloc, 64, 2956.000000, 47936, 73760, 24544
malloc, 64, 3282.000000, 48000, 73760, 24576
malloc, 64, 3030.000000, 48064, 73760, 24608
malloc, 64, 2978.000000, 48128, 73760, 24640
malloc, 64, 3005.000000, 48192, 73760, 24672
malloc, 64, 3008.000000, 48256, 73760, 24704
malloc, 64, 2980.000000, 48320, 73760, 24736
malloc, 64, 2979.000000, 48384, 73760, 24768
malloc, 64, 4938.000000, 48448, 77856, 24832
malloc, 64, 3249.000000, 48512, 77856, 24864
malloc, 64, 3010.000000, 48576, 77856, 24896
malloc, 64, 3043.000000, 48640, 77856, 24928
malloc, 64, 3024.000000, 48704, 77856, 24960
malloc, 64, 3035.000000, 48768, 77856, 24992
malloc, 64, 3042.000000, 48832, 77856, 25024
malloc, 64, 3004.000000, 48896, 77856, 25056
malloc, 64, 3023.000000, 48960, 77856, 25088
malloc, 64, 3051.000000, 49024, 77856, 25120
malloc, 64, 3065.000000, 49088, 77856, 25152
malloc, 64, 3065.000000, 49152, 77856, 25184
malloc, 64, 3042.000000, 49216, 77856, 25216
malloc, 64, 3043.000000, 49280, 77856, 25248
malloc, 64, 3053.000000, 49344, 77856, 25280
malloc, 64, 3075.000000, 49408, 77856, 25312
malloc, 64, 3045.000000, 49472, 77856, 25344
malloc, 64, 3093.000000, 49536, 77856, 25376
malloc, 64, 3084.000000, 49600, 77856, 25408
malloc, 64, 3073.000000, 49664, 77856, 25440
malloc, 64, 3103.000000, 49728, 77856, 25472
malloc, 64, 3102.000000, 49792, 77856, 25504
malloc, 64, 3100.000000, 49856, 77856, 25536
malloc, 64, 3115.000000, 49920, 77856, 25568
malloc, 64, 3107.000000, 49984, 77856, 25600
malloc, 64, 3080.000000, 50048, 77856, 25632
malloc, 64, 3105.000000, 50112, 77856, 25664
malloc, 64, 3106.000000, 50176, 77856, 25696
malloc, 64, 3095.000000, 50240, 77856, 25728
malloc, 64, 3136.000000, 50304, 77856, 25760
malloc, 64, 3140.000000, 50368, 77856, 25792
malloc, 64, 3112.000000, 50432, 77856, 25824
malloc, 64, 3119.000000, 50496, 77856, 25856
malloc, 64, 3145.000000, 50560, 77856, 25888
malloc, 64, 3114.000000, 50624, 77856, 25920
malloc, 64, 3141.000000, 50688, 77856, 25952
malloc, 64, 3156.000000, 50752, 77856, 25984
malloc, 64, 3127.000000, 50816, 77856, 26016
malloc, 64, 3168.000000, 50880, 77856, 26048
malloc, 64, 3212.000000, 50944, 77856, 26080
malloc, 64, 3144.000000, 51008, 77856, 26112
malloc, 64, 3176.000000, 51072, 77856, 26144
malloc, 64, 5012.000000, 51136, 81952, 26208
malloc, 64, 3352.000000, 51200, 81952, 26240
malloc, 64, 3170.000000, 51264, 81952, 26272
malloc, 64, 3198.000000, 51328, 81952, 26304
malloc, 64, 3160.000000, 51392, 81952, 26336
malloc, 64, 3216.000000, 51456, 81952, 26368
malloc, 64, 3216.000000, 51520, 81952, 26400
malloc, 64, 3179.000000, 51584, 81952, 26432
malloc, 64, 3181.000000, 51648, 81952, 26464
malloc, 64, 3197.000000, 51712, 81952, 26496
malloc, 64, 3186.000000, 51776, 81952, 26528
malloc, 64, 3232.000000, 51840, 81952, 26560
malloc, 64, 3230.000000, 51904, 81952, 26592
malloc, 64, 3219.000000, 51968, 81952, 26624
malloc, 64, 3251.000000, 52032, 81952, 26656
malloc, 64, 3263.000000, 52096, 81952, 26688
malloc, 64, 3225.000000, 52160, 81952, 26720
malloc, 64, 3257.000000, 52224, 81952, 26752
malloc, 64, 3253.000000, 52288, 81952, 26784
malloc, 64, 3236.000000, 52352, 81952, 26816
malloc, 64, 3265.000000, 52416, 81952, 26848
malloc, 64, 3276.000000, 52480, 81952, 26880
malloc, 64, 3249.000000, 52544, 81952, 26912
malloc, 64, 3294.000000, 52608, 81952, 26944
malloc, 64, 3288.000000, 52672, 81952, 26976
malloc, 64, 3249.000000, 52736, 81952, 27008
malloc, 64, 3246.000000, 52800, 81952, 27040
malloc, 64, 3300.000000, 52864, 81952, 27072
malloc, 64, 3258.000000, 52928, 81952, 27104
malloc, 64, 3307.000000, 52992, 81952, 27136
malloc, 64, 3269.000000, 53056, 81952, 27168
malloc, 64, 3273.000000, 53120, 81952, 27200
malloc, 64, 3313.000000, 53184, 81952, 27232
malloc, 64, 3324.000000, 53248, 81952, 27264
malloc, 64, 3278.000000, 53312, 81952, 27296
malloc, 64, 3320.000000, 53376, 81952, 27328
malloc, 64, 3286.000000, 53440, 81952, 27360
malloc, 64, 3294.000000, 53504, 81952, 27392
malloc, 64, 3299.000000, 53568, 81952, 27424
malloc, 64, 3311.000000, 53632, 81952, 27456
malloc, 64, 3319.000000, 53696, 81952, 27488
malloc, 64, 3362.000000, 53760, 81952, 27520
malloc, 64, 5130.000000, 53824, 86048, 27584
malloc, 64, 3504.000000, 53888, 86048, 27616
malloc, 64, 3327.000000, 53952, 86048, 27648
malloc, 64, 3369.000000, 54016, 86048, 27680
malloc, 64, 3337.000000, 54080, 86048, 27712
malloc, 64, 3374.000000, 54144, 86048, 27744
malloc, 64, 3396.000000, 54208, 86048, 27776
malloc, 64, 3353.000000, 54272, 86048, 27808
malloc, 64, 3403.000000, 54336, 86048, 27840
malloc, 64, 3386.000000, 54400, 86048, 27872
malloc, 64, 3343.000000, 54464, 86048, 27904
malloc, 64, 3392.000000, 54528, 86048, 27936
malloc, 64, 3416.000000, 54592, 86048, 27968
malloc, 64, 3364.000000, 54656, 86048, 28000
malloc, 64, 3420.000000, 54720, 86048, 28032
malloc, 64, 3382.000000, 54784, 86048, 28064
malloc, 64, 3410.000000, 54848, 86048, 28096
malloc, 64, 3427.000000, 54912, 86048, 28128
malloc, 64, 3425.000000, 54976, 86048, 28160
malloc, 64, 3394.000000, 55040, 86048, 28192
malloc, 64, 3407.000000, 55104, 86048, 28224
malloc, 64, 3450.000000, 55168, 86048, 28256
malloc, 64, 3408.000000, 55232, 86048, 28288
malloc, 64, 3452.000000, 55296, 86048, 28320
malloc, 64, 3439.000000, 55360, 86048, 28352
malloc, 64, 3425.000000, 55424, 86048, 28384
malloc, 64, 3406.000000, 55488, 86048, 28416
malloc, 64, 3462.000000, 55552, 86048, 28448
malloc, 64, 3416.000000, 55616, 86048, 28480
malloc, 64, 3472.000000, 55680, 86048, 28512
malloc, 64, 3479.000000, 55744, 86048, 28544
malloc, 64, 3461.000000, 55808, 86048, 28576
malloc, 64, 3485.000000, 55872, 86048, 28608
malloc, 64, 3491.000000, 55936, 86048, 28640
malloc, 64, 3442.000000, 56000, 86048, 28672
malloc, 64, 3485.000000, 56064, 86048, 28704
malloc, 64, 3477.000000, 56128, 86048, 28736
malloc, 64, 3450.000000, 56192, 86048, 28768
malloc, 64, 3503.000000, 56256, 86048, 28800
malloc, 64, 3517.000000, 56320, 86048, 28832
malloc, 64, 3469.000000, 56384, 86048, 28864
malloc, 64, 3529.000000, 56448, 86048, 28896
malloc, 64, 6371.000000, 56512, 90144, 28960
malloc, 64, 3852.000000, 56576, 90144, 28992
malloc, 64, 3507.000000, 56640, 90144, 29024
malloc, 64, 3526.000000, 56704, 90144, 29056
malloc, 64, 3501.000000, 56768, 90144, 29088
malloc, 64, 3549.000000, 56832, 90144, 29120
malloc, 64, 3541.000000, 56896, 90144, 29152
malloc, 64, 3513.000000, 56960, 90144, 29184
malloc, 64, 3548.000000, 57024, 90144, 29216
malloc, 64, 3549.000000, 57088, 90144, 29248
malloc, 64, 5738.000000, 57152, 90144, 29280
malloc, 64, 3740.000000, 57216, 90144, 29312
malloc, 64, 3582.000000, 57280, 90144, 29344
malloc, 64, 3567.000000, 57344, 90144, 29376
malloc, 64, 3535.000000, 57408, 90144, 29408
malloc, 64, 3581.000000, 57472, 90144, 29440
malloc, 64, 3529.000000, 57536, 90144, 29472
malloc, 64, 3567.000000, 57600, 90144, 29504
malloc, 64, 3586.000000, 57664, 90144, 29536
malloc, 64, 3545.000000, 57728, 90144, 29568
malloc, 64, 3603.000000, 57792, 90144, 29600
malloc, 64, 3596.000000, 57856, 90144, 29632
malloc, 64, 3577.000000, 57920, 90144, 29664
malloc, 64, 3565.000000, 57984, 90144, 29696
malloc, 64, 3602.000000, 58048, 90144, 29728
malloc, 64, 3577.000000, 58112, 90144, 29760
malloc, 64, 3616.000000, 58176, 90144, 29792
malloc, 64, 3628.000000, 58240, 90144, 29824
malloc, 64, 3595.000000, 58304, 90144, 29856
malloc, 64, 3620.000000, 58368, 90144, 29888
malloc, 64, 3637.000000, 58432, 90144, 29920
malloc, 64, 3596.000000, 58496, 90144, 29952
malloc, 64, 3631.000000, 58560, 90144, 29984
malloc, 64, 3588.000000, 58624, 90144, 30016
malloc, 64, 3609.000000, 58688, 90144, 30048
malloc, 64, 3652.000000, 58752, 90144, 30080
malloc, 64, 3626.000000, 58816, 90144, 30112
malloc, 64, 3617.000000, 58880, 90144, 30144
malloc, 64, 3668.000000, 58944, 90144, 30176
malloc, 64, 3672.000000, 59008, 90144, 30208
malloc, 64, 3621.000000, 59072, 90144, 30240
malloc, 64, 3678.000000, 59136, 90144, 30272
malloc, 64, 5688.000000, 59200, 94240, 30336
malloc, 64, 4053.000000, 59264, 94240, 30368
malloc, 64, 3712.000000, 59328, 94240, 30400
malloc, 64, 3747.000000, 59392, 94240, 30432
malloc, 64, 3703.000000, 59456, 94240, 30464
malloc, 64, 3745.000000, 59520, 94240, 30496
malloc, 64, 3779.000000, 59584, 94240, 30528
malloc, 64, 3993.000000, 59648, 94240, 30560
malloc, 64, 3847.000000, 59712, 94240, 30592
malloc, 64, 3792.000000, 59776, 94240, 30624
malloc, 64, 3780.000000, 59840, 94240, 30656
malloc, 64, 3800.000000, 59904, 94240, 30688
malloc, 64, 3808.000000, 59968, 94240, 30720
malloc, 64, 3761.000000, 60032, 94240, 30752
malloc, 64, 3813.000000, 60096, 94240, 30784
malloc, 64, 3807.000000, 60160, 94240, 30816
malloc, 64, 3782.000000, 60224, 94240, 30848
malloc, 64, 3805.000000, 60288, 94240, 30880
malloc, 64, 3813.000000, 60352, 94240, 30912
malloc, 64, 3823.000000, 60416, 94240, 30944
malloc, 64, 3815.000000, 60480, 94240, 30976
malloc, 64, 3839.000000, 60544, 94240, 31008
malloc, 64, 3806.000000, 60608, 94240, 31040
malloc, 64, 3863.000000, 60672, 94240, 31072
malloc, 64, 3829.000000, 60736, 94240, 31104
malloc, 64, 3802.000000, 60800, 94240, 31136
malloc, 64, 3838.000000, 60864, 94240, 31168
malloc, 64, 3847.000000, 60928, 94240, 31200
malloc, 64, 3815.000000, 60992, 94240, 31232
malloc, 64, 3851.000000, 61056, 94240, 31264
malloc, 64, 3867.000000, 61120, 94240, 31296
malloc, 64, 3838.000000, 61184, 94240, 31328
malloc, 64, 3839.000000, 61248, 94240, 31360
malloc, 64, 3873.000000, 61312, 94240, 31392
malloc, 64, 3830.000000, 61376, 94240, 31424
malloc, 64, 3878.000000, 61440, 94240, 31456
malloc, 64, 3862.000000, 61504, 94240, 31488
malloc, 64, 3845.000000, 61568, 94240, 31520
malloc, 64, 3909.000000, 61632, 94240, 31552
malloc, 64, 3906.000000, 61696, 94240, 31584
malloc, 64, 3869.000000, 61760, 94240, 31616
malloc, 64, 3898.000000, 61824, 94240, 31648
malloc, 64, 5934.000000, 61888, 98336, 31712
malloc, 64, 4234.000000, 61952, 98336, 31744
malloc, 64, 3868.000000, 62016, 98336, 31776
malloc, 64, 3930.000000, 62080, 98336, 31808
malloc, 64, 3956.000000, 62144, 98336, 31840
malloc, 64, 3930.000000, 62208, 98336, 31872
malloc, 64, 3941.000000, 62272, 98336, 31904
malloc, 64, 3945.000000, 62336, 98336, 31936
malloc, 64, 3975.000000, 62400, 98336, 31968
malloc, 64, 3888.000000, 62464, 98336, 32000
malloc, 64, 3922.000000, 62528, 98336, 32032
malloc, 64, 3960.000000, 62592, 98336, 32064
malloc, 64, 3981.000000, 62656, 98336, 32096
malloc, 64, 3943.000000, 62720, 98336, 32128
malloc, 64, 3967.000000, 62784, 98336, 32160
malloc, 64, 3975.000000, 62848, 98336, 32192
malloc, 64, 3929.000000, 62912, 98336, 32224
malloc, 64, 4000.000000, 62976, 98336, 32256
malloc, 64, 3982.000000, 63040, 98336, 32288
malloc, 64, 3958.000000, 63104, 98336, 32320
malloc, 64, 3939.000000, 63168, 98336, 32352
malloc, 64, 3994.000000, 63232, 98336, 32384
malloc, 64, 3956.000000, 63296, 98336, 32416
malloc, 64, 4000.000000, 63360, 98336, 32448
malloc, 64, 4018.000000, 63424, 98336, 32480
malloc, 64, 3996.000000, 63488, 98336, 32512
malloc, 64, 4023.000000, 63552, 98336, 32544
malloc, 64, 4019.000000, 63616, 98336, 32576
malloc, 64, 4033.000000, 63680, 98336, 32608
malloc, 64, 4028.000000, 63744, 98336, 32640
malloc, 64, 4039.000000, 63808, 98336, 32672
malloc, 64, 4000.000000, 63872, 98336, 32704
malloc, 64, 4062.000000, 63936, 98336, 32736
malloc, 64, 4049.000000, 64000, 98336, 32768
malloc, 64, 4009.000000, 64064, 98336, 32800
malloc, 64, 4036.000000, 64128, 98336, 32832
malloc, 64, 3996.000000, 64192, 98336, 32864
malloc, 64, 4010.000000, 64256, 98336, 32896
malloc, 64, 4060.000000, 64320, 98336, 32928
malloc, 64, 4068.000000, 64384, 98336, 32960
malloc, 64, 4048.000000, 64448, 98336, 32992
malloc, 64, 4030.000000, 64512, 98336, 33024
malloc, 64, 5894.000000, 64576, 102432, 33088
malloc, 64, 4237.000000, 64640, 102432, 33120
malloc, 64, 4081.000000, 64704, 102432, 33152
malloc, 64, 4143.000000, 64768, 102432, 33184
malloc, 64, 4076.000000, 64832, 102432, 33216
malloc, 64, 4138.000000, 64896, 102432, 33248
malloc, 64, 4144.000000, 64960, 102432, 33280
malloc, 64, 4118.000000, 65024, 102432, 33312
malloc, 64, 4114.000000, 65088, 102432, 33344
malloc, 64, 4119.000000, 65152, 102432, 33376
malloc, 64, 4086.000000, 65216, 102432, 33408
malloc, 64, 4168.000000, 65280, 102432, 33440
malloc, 64, 4157.000000, 65344, 102432, 33472
malloc, 64, 4136.000000, 65408, 102432, 33504
malloc, 64, 4106.000000, 65472, 102432, 33536
malloc, 64, 4166.000000, 65536, 102432, 33568
malloc, 64, 4128.000000, 65600, 102432, 33600
malloc, 64, 4190.000000, 65664, 102432, 33632
malloc, 64, 4192.000000, 65728, 102432, 33664
malloc, 64, 4145.000000, 65792, 102432, 33696
malloc, 64, 4173.000000, 65856, 102432, 33728
malloc, 64, 4194.000000, 65920, 102432, 33760
malloc, 64, 4192.000000, 65984, 102432, 33792
malloc, 64, 4196.000000, 66048, 102432, 33824
malloc, 64, 4207.000000, 66112, 102432, 33856
malloc, 64, 4220.000000, 66176, 102432, 33888
malloc, 64, 4205.000000, 66240, 102432, 33920
malloc, 64, 4211.000000, 66304, 102432, 33952
malloc, 64, 4206.000000, 66368, 102432, 33984
malloc, 64, 4230.000000, 66432, 102432, 34016
malloc, 64, 4168.000000, 66496, 102432, 34048
malloc, 64, 4183.000000, 66560, 102432, 34080
malloc, 64, 4225.000000, 66624, 102432, 34112
malloc, 64, 4258.000000, 66688, 102432, 34144
malloc, 64, 4184.000000, 66752, 102432, 34176
malloc, 64, 4225.000000, 66816, 102432, 34208
malloc, 64, 4183.000000, 66880, 102432, 34240
malloc, 64, 4231.000000, 66944, 102432, 34272
malloc, 64, 4259.000000, 67008, 102432, 34304
malloc, 64, 4280.000000, 67072, 102432, 34336
malloc, 64, 4222.000000, 67136, 102432, 34368
malloc, 64, 4223.000000, 67200, 102432, 34400
malloc, 64, 6026.000000, 67264, 106528, 34464
malloc, 64, 4539.000000, 67328, 106528, 34496
malloc, 64, 4210.000000, 67392, 106528, 34528
malloc, 64, 4270.000000, 67456, 106528, 34560
malloc, 64, 4262.000000, 67520, 106528, 34592
malloc, 64, 4277.000000, 67584, 106528, 34624
malloc, 64, 4286.000000, 67648, 106528, 34656
malloc, 64, 4315.000000, 67712, 106528, 34688
malloc, 64, 4299.000000, 67776, 106528, 34720
malloc, 64, 4314.000000, 67840, 106528, 34752
malloc, 64, 4259.000000, 67904, 106528, 34784
malloc, 64, 4319.000000, 67968, 106528, 34816
malloc, 64, 4300.000000, 68032, 106528, 34848
malloc, 64, 4255.000000, 68096, 106528, 34880
malloc, 64, 4312.000000, 68160, 106528, 34912
malloc, 64, 4339.000000, 68224, 106528, 34944
malloc, 64, 4282.000000, 68288, 106528, 34976
malloc, 64, 4342.000000, 68352, 106528, 35008
malloc, 64, 4316.000000, 68416, 106528, 35040
malloc, 64, 4308.000000, 68480, 106528, 35072
malloc, 64, 4321.000000, 68544, 106528, 35104
malloc, 64, 4355.000000, 68608, 106528, 35136
malloc, 64, 4342.000000, 68672, 106528, 35168
malloc, 64, 4380.000000, 68736, 106528, 35200
malloc, 64, 4347.000000, 68800, 106528, 35232
malloc, 64, 4362.000000, 68864, 106528, 35264
malloc, 64, 4352.000000, 68928, 106528, 35296
malloc, 64, 4375.000000, 68992, 106528, 35328
malloc, 64, 4325.000000, 69056, 106528, 35360
malloc, 64, 4387.000000, 69120, 106528, 35392
malloc, 64, 4387.000000, 69184, 106528, 35424
malloc, 64, 4394.000000, 69248, 106528, 35456
malloc, 64, 4380.000000, 69312, 106528, 35488
malloc, 64, 4347.000000, 69376, 106528, 35520
malloc, 64, 4353.000000, 69440, 106528, 35552
malloc, 64, 4409.000000, 69504, 106528, 35584
malloc, 64, 4403.000000, 69568, 106528, 35616
malloc, 64, 4409.000000, 69632, 106528, 35648
malloc, 64, 4355.000000, 69696, 106528, 35680
malloc, 64, 4414.000000, 69760, 106528, 35712
malloc, 64, 4396.000000, 69824, 106528, 35744
malloc, 64, 4374.000000, 69888, 106528, 35776
malloc, 64, 6264.000000, 69952, 110624, 35840
malloc, 64, 4606.000000, 70016, 110624, 35872
malloc, 64, 4409.000000, 70080, 110624, 35904
malloc, 64, 4457.000000, 70144, 110624, 35936
malloc, 64, 4393.000000, 70208, 110624, 35968
malloc, 64, 4469.000000, 70272, 110624, 36000
malloc, 64, 4415.000000, 70336, 110624, 36032
malloc, 64, 4433.000000, 70400, 110624, 36064
malloc, 64, 4473.000000, 70464, 110624, 36096
malloc, 64, 4439.000000, 70528, 110624, 36128
malloc, 64, 4422.000000, 70592, 110624, 36160
malloc, 64, 4425.000000, 70656, 110624, 36192
malloc, 64, 4412.000000, 70720, 110624, 36224
malloc, 64, 4456.000000, 70784, 110624, 36256
malloc, 64, 4452.000000, 70848, 110624, 36288
malloc, 64, 4506.000000, 70912, 110624, 36320
malloc, 64, 4438.000000, 70976, 110624, 36352
malloc, 64, 4510.000000, 71040, 110624, 36384
malloc, 64, 4469.000000, 71104, 110624, 36416
malloc, 64, 6490.000000, 71168, 110624, 36448
malloc, 64, 4803.000000, 71232, 110624, 36480
malloc, 64, 4500.000000, 71296, 110624, 36512
malloc, 64, 4464.000000, 71360, 110624, 36544
malloc, 64, 4508.000000, 71424, 110624, 36576
malloc, 64, 4508.000000, 71488, 110624, 36608
malloc, 64, 4550.000000, 71552, 110624, 36640
malloc, 64, 4475.000000, 71616, 110624, 36672
malloc, 64, 4526.000000, 71680, 110624, 36704
malloc, 64, 4527.000000, 71744, 110624, 36736
malloc, 64, 4474.000000, 71808, 110624, 36768
malloc, 64, 4534.000000, 71872, 110624, 36800
malloc, 64, 4518.000000, 71936, 110624, 36832
malloc, 64, 4564.000000, 72000, 110624, 36864
malloc, 64, 4536.000000, 72064, 110624, 36896
malloc, 64, 4505.000000, 72128, 110624, 36928
malloc, 64, 4547.000000, 72192, 110624, 36960
malloc, 64, 4555.000000, 72256, 110624, 36992
malloc, 64, 4507.000000, 72320, 110624, 37024
malloc, 64, 4539.000000, 72384, 110624, 37056
malloc, 64, 4509.000000, 72448, 110624, 37088
malloc, 64, 4544.000000, 72512, 110624, 37120
malloc, 64, 4576.000000, 72576, 110624, 37152
malloc, 64, 6798.000000, 72640, 114720, 37216
malloc, 64, 5000.000000, 72704, 114720, 37248
malloc, 64, 4568.000000, 72768, 114720, 37280
malloc, 64, 4628.000000, 72832, 114720, 37312
malloc, 64, 4579.000000, 72896, 114720, 37344
malloc, 64, 4600.000000, 72960, 114720, 37376
malloc, 64, 4587.000000, 73024, 114720, 37408
malloc, 64, 4625.000000, 73088, 114720, 37440
malloc, 64, 4544.000000, 73152, 114720, 37472
malloc, 64, 4633.000000, 73216, 114720, 37504
malloc, 64, 4591.000000, 73280, 114720, 37536
malloc, 64, 4590.000000, 73344, 114720, 37568
malloc, 64, 4616.000000, 73408, 114720, 37600
malloc, 64, 4585.000000, 73472, 114720, 37632
malloc, 64, 4638.000000, 73536, 114720, 37664
malloc, 64, 4674.000000, 73600, 114720, 37696
malloc, 64, 4625.000000, 73664, 114720, 37728
malloc, 64, 4652.000000, 73728, 114720, 37760
malloc, 64, 4662.000000, 73792, 114720, 37792
malloc, 64, 4620.000000, 73856, 114720, 37824
malloc, 64, 4667.000000, 73920, 114720, 37856
malloc, 64, 4661.000000, 73984, 114720, 37888
malloc, 64, 4637.000000, 74048, 114720, 37920
malloc, 64, 4700.000000, 74112, 114720, 37952
malloc, 64, 4635.000000, 74176, 114720, 37984
malloc, 64, 4665.000000, 74240, 114720, 38016
malloc, 64, 4711.000000, 74304, 114720, 38048
malloc, 64, 4750.000000, 74368, 114720, 38080
malloc, 64, 4722.000000, 74432, 114720, 38112
malloc, 64, 4783.000000, 74496, 114720, 38144
malloc, 64, 4719.000000, 74560, 114720, 38176
malloc, 64, 4692.000000, 74624, 114720, 38208
malloc, 64, 4748.000000, 74688, 114720, 38240
malloc, 64, 4730.000000, 74752, 114720, 38272
malloc, 64, 4744.000000, 74816, 114720, 38304
malloc, 64, 4768.000000, 74880, 114720, 38336
malloc, 64, 4713.000000, 74944, 114720, 38368
malloc, 64, 4694.000000, 75008, 114720, 38400
malloc, 64, 4730.000000, 75072, 114720, 38432
malloc, 64, 4787.000000, 75136, 114720, 38464
malloc, 64, 4730.000000, 75200, 114720, 38496
malloc, 64, 4769.000000, 75264, 114720, 38528
malloc, 64, 6583.000000, 75328, 118816, 38592
malloc, 64, 5011.000000, 75392, 118816, 38624
malloc, 64, 4753.000000, 75456, 118816, 38656
malloc, 64, 4808.000000, 75520, 118816, 38688
malloc, 64, 4762.000000, 75584, 118816, 38720
malloc, 64, 4752.000000, 75648, 118816, 38752
malloc, 64, 4781.000000, 75712, 118816, 38784
malloc, 64, 4735.000000, 75776, 118816, 38816
malloc, 64, 4771.000000, 75840, 118816, 38848
malloc, 64, 4786.000000, 75904, 118816, 38880
malloc, 64, 4801.000000, 75968, 118816, 38912
malloc, 64, 4774.000000, 76032, 118816, 38944
malloc, 64, 4758.000000, 76096, 118816, 38976
malloc, 64, 4775.000000, 76160, 118816, 39008
malloc, 64, 4805.000000, 76224, 118816, 39040
malloc, 64, 4790.000000, 76288, 118816, 39072
malloc, 64, 4797.000000, 76352, 118816, 39104
malloc, 64, 4832.000000, 76416, 118816, 39136
malloc, 64, 4826.000000, 76480, 118816, 39168
malloc, 64, 4793.000000, 76544, 118816, 39200
malloc, 64, 4830.000000, 76608, 118816, 39232
malloc, 64, 4847.000000, 76672, 118816, 39264
malloc, 64, 4818.000000, 76736, 118816, 39296
malloc, 64, 4881.000000, 76800, 118816, 39328
malloc, 64, 4852.000000, 76864, 118816, 39360
malloc, 64, 4832.000000, 76928, 118816, 39392
malloc, 64, 4802.000000, 76992, 118816, 39424
malloc, 64, 4878.000000, 77056, 118816, 39456
malloc, 64, 4823.000000, 77120, 118816, 39488
malloc, 64, 4903.000000, 77184, 118816, 39520
malloc, 64, 4875.000000, 77248, 118816, 39552
malloc, 64, 4826.000000, 77312, 118816, 39584
malloc, 64, 4870.000000, 77376, 118816, 39616
malloc, 64, 4904.000000, 77440, 118816, 39648
malloc, 64, 4872.000000, 77504, 118816, 39680
malloc, 64, 4886.000000, 77568, 118816, 39712
malloc, 64, 4897.000000, 77632, 118816, 39744
malloc, 64, 4864.000000, 77696, 118816, 39776
malloc, 64, 4859.000000, 77760, 118816, 39808
malloc, 64, 4922.000000, 77824, 118816, 39840
malloc, 64, 4878.000000, 77888, 118816, 39872
malloc, 64, 4920.000000, 77952, 118816, 39904
malloc, 64, 7156.000000, 78016, 122912, 39968
malloc, 64, 5444.000000, 78080, 122912, 40000
malloc, 64, 4920.000000, 78144, 122912, 40032
malloc, 64, 4943.000000, 78208, 122912, 40064
malloc, 64, 4897.000000, 78272, 122912, 40096
malloc, 64, 4962.000000, 78336, 122912, 40128
malloc, 64, 4954.000000, 78400, 122912, 40160
malloc, 64, 4915.000000, 78464, 122912, 40192
malloc, 64, 4893.000000, 78528, 122912, 40224
malloc, 64, 4906.000000, 78592, 122912, 40256
malloc, 64, 4915.000000, 78656, 122912, 40288
malloc, 64, 4963.000000, 78720, 122912, 40320
malloc, 64, 4966.000000, 78784, 122912, 40352
malloc, 64, 4919.000000, 78848, 122912, 40384
malloc, 64, 4972.000000, 78912, 122912, 40416
malloc, 64, 4981.000000, 78976, 122912, 40448
malloc, 64, 4989.000000, 79040, 122912, 40480
malloc, 64, 4946.000000, 79104, 122912, 40512
malloc, 64, 4983.000000, 79168, 122912, 40544
malloc, 64, 4919.000000, 79232, 122912, 40576
malloc, 64, 4939.000000, 79296, 122912, 40608
malloc, 64, 5003.000000, 79360, 122912, 40640
malloc, 64, 4971.000000, 79424, 122912, 40672
malloc, 64, 5026.000000, 79488, 122912, 40704
malloc, 64, 4984.000000, 79552, 122912, 40736
malloc, 64, 4980.000000, 79616, 122912, 40768
malloc, 64, 5095.000000, 79680, 122912, 40800
malloc, 64, 5032.000000, 79744, 122912, 40832
malloc, 64, 5040.000000, 79808, 122912, 40864
malloc, 64, 5028.000000, 79872, 122912, 40896
malloc, 64, 4984.000000, 79936, 122912, 40928
malloc, 64, 4992.000000, 80000, 122912, 40960
malloc, 64, 5073.000000, 80064, 122912, 40992
malloc, 64, 5069.000000, 80128, 122912, 41024
malloc, 64, 5036.000000, 80192, 122912, 41056
malloc, 64, 5053.000000, 80256, 122912, 41088
malloc, 64, 5045.000000, 80320, 122912, 41120
malloc, 64, 5010.000000, 80384, 122912, 41152
malloc, 64, 5066.000000, 80448, 122912, 41184
malloc, 64, 5065.000000, 80512, 122912, 41216
malloc, 64, 5027.000000, 80576, 122912, 41248
malloc, 64, 5069.000000, 80640, 122912, 41280
malloc, 64, 6800.000000, 80704, 127008, 41344
malloc, 64, 5339.000000, 80768, 127008, 41376
malloc, 64, 5102.000000, 80832, 127008, 41408
malloc, 64, 5132.000000, 80896, 127008, 41440
malloc, 64, 5071.000000, 80960, 127008, 41472
malloc, 64, 5112.000000, 81024, 127008, 41504
malloc, 64, 5071.000000, 81088, 127008, 41536
malloc, 64, 5141.000000, 81152, 127008, 41568
malloc, 64, 5135.000000, 81216, 127008, 41600
malloc, 64, 5152.000000, 81280, 127008, 41632
malloc, 64, 5096.000000, 81344, 127008, 41664
malloc, 64, 5119.000000, 81408, 127008, 41696
malloc, 64, 5147.000000, 81472, 127008, 41728
malloc, 64, 5099.000000, 81536, 127008, 41760
malloc, 64, 5178.000000, 81600, 127008, 41792
malloc, 64, 5150.000000, 81664, 127008, 41824
malloc, 64, 5102.000000, 81728, 127008, 41856
malloc, 64, 5091.000000, 81792, 127008, 41888
malloc, 64, 5101.000000, 81856, 127008, 41920
malloc, 64, 5107.000000, 81920, 127008, 41952
malloc, 64, 5187.000000, 81984, 127008, 41984
malloc, 64, 5172.000000, 82048, 127008, 42016
malloc, 64, 5117.000000, 82112, 127008, 42048
malloc, 64, 5179.000000, 82176, 127008, 42080
malloc, 64, 5186.000000, 82240, 127008, 42112
malloc, 64, 5147.000000, 82304, 127008, 42144
malloc, 64, 5238.000000, 82368, 127008, 42176
malloc, 64, 5194.000000, 82432, 127008, 42208
malloc, 64, 5151.000000, 82496, 127008, 42240
malloc, 64, 5638.000000, 82560, 127008, 42272
malloc, 64, 5389.000000, 82624, 127008, 42304
malloc, 64, 5190.000000, 82688, 127008, 42336
malloc, 64, 5272.000000, 82752, 127008, 42368
malloc, 64, 5217.000000, 82816, 127008, 42400
malloc, 64, 5179.000000, 82880, 127008, 42432
malloc, 64, 5191.000000, 82944, 127008, 42464
malloc, 64, 5271.000000, 83008, 127008, 42496
malloc, 64, 7027.000000, 83072, 127008, 42528
malloc, 64, 5586.000000, 83136, 127008, 42560
malloc, 64, 5261.000000, 83200, 127008, 42592
malloc, 64, 5212.000000, 83264, 127008, 42624
malloc, 64, 5263.000000, 83328, 127008, 42656
malloc, 64, 7566.000000, 83392, 131104, 42720
malloc, 64, 5836.000000, 83456, 131104, 42752
malloc, 64, 5302.000000, 83520, 131104, 42784
malloc, 64, 5295.000000, 83584, 131104, 42816
malloc, 64, 5280.000000, 83648, 131104, 42848
malloc, 64, 5311.000000, 83712, 131104, 42880
malloc, 64, 5329.000000, 83776, 131104, 42912
malloc, 64, 5244.000000, 83840, 131104, 42944
malloc, 64, 5311.000000, 83904, 131104, 42976
malloc, 64, 5341.000000, 83968, 131104, 43008
malloc, 64, 5287.000000, 84032, 131104, 43040
malloc, 64, 5367.000000, 84096, 131104, 43072
malloc, 64, 5340.000000, 84160, 131104, 43104
malloc, 64, 5333.000000, 84224, 131104, 43136
malloc, 64, 5346.000000, 84288, 131104, 43168
malloc, 64, 5357.000000, 84352, 131104, 43200
malloc, 64, 5302.000000, 84416, 131104, 43232
malloc, 64, 5340.000000, 84480, 131104, 43264
malloc, 64, 5351.000000, 84544, 131104, 43296
malloc, 64, 5296.000000, 84608, 131104, 43328
malloc, 64, 5399.000000, 84672, 131104, 43360
malloc, 64, 5378.000000, 84736, 131104, 43392
malloc, 64, 5294.000000, 84800, 131104, 43424
malloc, 64, 5354.000000, 84864, 131104, 43456
malloc, 64, 5388.000000, 84928, 131104, 43488
malloc, 64, 5325.000000, 84992, 131104, 43520
malloc, 64, 5404.000000, 85056, 131104, 43552
malloc, 64, 5399.000000, 85120, 131104, 43584
malloc, 64, 5424.000000, 85184, 131104, 43616
malloc, 64, 5392.000000, 85248, 131104, 43648
malloc, 64, 5446.000000, 85312, 131104, 43680
malloc, 64, 5339.000000, 85376, 131104, 43712
malloc, 64, 5452.000000, 85440, 131104, 43744
malloc, 64, 5416.000000, 85504, 131104, 43776
malloc, 64, 5366.000000, 85568, 131104, 43808
malloc, 64, 5373.000000, 85632, 131104, 43840
malloc, 64, 5446.000000, 85696, 131104, 43872
malloc, 64, 5416.000000, 85760, 131104, 43904
malloc, 64, 5465.000000, 85824, 131104, 43936
malloc, 64, 5444.000000, 85888, 131104, 43968
malloc, 64, 5393.000000, 85952, 131104, 44000
malloc, 64, 5390.000000, 86016, 131104, 44032
malloc, 64, 7528.000000, 86080, 135200, 44096
malloc, 64, 5849.000000, 86144, 135200, 44128
malloc, 64, 5486.000000, 86208, 135200, 44160
malloc, 64, 5492.000000, 86272, 135200, 44192
malloc, 64, 5443.000000, 86336, 135200, 44224
malloc, 64, 5509.000000, 86400, 135200, 44256
malloc, 64, 5569.000000, 86464, 135200, 44288
malloc, 64, 5481.000000, 86528, 135200, 44320
malloc, 64, 5539.000000, 86592, 135200, 44352
malloc, 64, 5473.000000, 86656, 135200, 44384
malloc, 64, 5506.000000, 86720, 135200, 44416
malloc, 64, 5557.000000, 86784, 135200, 44448
malloc, 64, 5566.000000, 86848, 135200, 44480
malloc, 64, 5480.000000, 86912, 135200, 44512
malloc, 64, 5560.000000, 86976, 135200, 44544
malloc, 64, 5559.000000, 87040, 135200, 44576
malloc, 64, 5529.000000, 87104, 135200, 44608
malloc, 64, 5554.000000, 87168, 135200, 44640
malloc, 64, 5562.000000, 87232, 135200, 44672
malloc, 64, 5535.000000, 87296, 135200, 44704
malloc, 64, 5577.000000, 87360, 135200, 44736
malloc, 64, 5583.000000, 87424, 135200, 44768
malloc, 64, 5530.000000, 87488, 135200, 44800
malloc, 64, 5550.000000, 87552, 135200, 44832
malloc, 64, 5601.000000, 87616, 135200, 44864
malloc, 64, 5598.000000, 87680, 135200, 44896
malloc, 64, 5542.000000, 87744, 135200, 44928
malloc, 64, 5606.000000, 87808, 135200, 44960
malloc, 64, 5551.000000, 87872, 135200, 44992
malloc, 64, 5621.000000, 87936, 135200, 45024
malloc, 64, 5611.000000, 88000, 135200, 45056
malloc, 64, 5602.000000, 88064, 135200, 45088
malloc, 64, 5632.000000, 88128, 135200, 45120
malloc, 64, 5615.000000, 88192, 135200, 45152
malloc, 64, 5567.000000, 88256, 135200, 45184
malloc, 64, 5570.000000, 88320, 135200, 45216
malloc, 64, 5629.000000, 88384, 135200, 45248
malloc, 64, 5666.000000, 88448, 135200, 45280
malloc, 64, 5657.000000, 88512, 135200, 45312
malloc, 64, 5642.000000, 88576, 135200, 45344
malloc, 64, 5625.000000, 88640, 135200, 45376
malloc, 64, 5640.000000, 88704, 135200, 45408
malloc, 64, 7677.000000, 88768, 139296, 45472
malloc, 64, 6041.000000, 88832, 139296, 45504
malloc, 64, 5684.000000, 88896, 139296, 45536
malloc, 64, 5688.000000, 88960, 139296, 45568
malloc, 64, 5649.000000, 89024, 139296, 45600
malloc, 64, 5665.000000, 89088, 139296, 45632
malloc, 64, 5707.000000, 89152, 139296, 45664
malloc, 64, 5610.000000, 89216, 139296, 45696
malloc, 64, 5623.000000, 89280, 139296, 45728
malloc, 64, 5668.000000, 89344, 139296, 45760
malloc, 64, 5616.000000, 89408, 139296, 45792
malloc, 64, 5660.000000, 89472, 139296, 45824
malloc, 64, 5701.000000, 89536, 139296, 45856
malloc, 64, 5704.000000, 89600, 139296, 45888
malloc, 64, 5702.000000, 89664, 139296, 45920
malloc, 64, 5703.000000, 89728, 139296, 45952
malloc, 64, 5740.000000, 89792, 139296, 45984
malloc, 64, 5713.000000, 89856, 139296, 46016
malloc, 64, 5718.000000, 89920, 139296, 46048
malloc, 64, 5712.000000, 89984, 139296, 46080
malloc, 64, 5713.000000, 90048, 139296, 46112
malloc, 64, 5751.000000, 90112, 139296, 46144
malloc, 64, 5692.000000, 90176, 139296, 46176
malloc, 64, 5688.000000, 90240, 139296, 46208
malloc, 64, 5748.000000, 90304, 139296, 46240
malloc, 64, 5683.000000, 90368, 139296, 46272
malloc, 64, 5761.000000, 90432, 139296, 46304
malloc, 64, 5787.000000, 90496, 139296, 46336
malloc, 64, 5701.000000, 90560, 139296, 46368
malloc, 64, 5702.000000, 90624, 139296, 46400
malloc, 64, 5779.000000, 90688, 139296, 46432
malloc, 64, 5782.000000, 90752, 139296, 46464
malloc, 64, 5724.000000, 90816, 139296, 46496
malloc, 64, 5839.000000, 90880, 139296, 46528
malloc, 64, 5726.000000, 90944, 139296, 46560
malloc, 64, 5768.000000, 91008, 139296, 46592
malloc, 64, 5830.000000, 91072, 139296, 46624
malloc, 64, 5745.000000, 91136, 139296, 46656
malloc, 64, 5768.000000, 91200, 139296, 46688
malloc, 64, 5827.000000, 91264, 139296, 46720
malloc, 64, 5792.000000, 91328, 139296, 46752
malloc, 64, 5786.000000, 91392, 139296, 46784
malloc, 64, 7800.000000, 91456, 143392, 46848
malloc, 64, 6275.000000, 91520, 143392, 46880
malloc, 64, 5812.000000, 91584, 143392, 46912
malloc, 64, 5896.000000, 91648, 143392, 46944
malloc, 64, 5844.000000, 91712, 143392, 46976
malloc, 64, 5827.000000, 91776, 143392, 47008
malloc, 64, 5862.000000, 91840, 143392, 47040
malloc, 64, 5831.000000, 91904, 143392, 47072
malloc, 64, 5870.000000, 91968, 143392, 47104
malloc, 64, 5912.000000, 92032, 143392, 47136
malloc, 64, 5916.000000, 92096, 143392, 47168
malloc, 64, 5889.000000, 92160, 143392, 47200
malloc, 64, 5914.000000, 92224, 143392, 47232
malloc, 64, 5941.000000, 92288, 143392, 47264
malloc, 64, 5849.000000, 92352, 143392, 47296
malloc, 64, 5938.000000, 92416, 143392, 47328
malloc, 64, 5927.000000, 92480, 143392, 47360
malloc, 64, 5840.000000, 92544, 143392, 47392
malloc, 64, 5913.000000, 92608, 143392, 47424
malloc, 64, 5868.000000, 92672, 143392, 47456
malloc, 64, 5947.000000, 92736, 143392, 47488
malloc, 64, 5881.000000, 92800, 143392, 47520
malloc, 64, 5858.000000, 92864, 143392, 47552
malloc, 64, 5879.000000, 92928, 143392, 47584
malloc, 64, 5966.000000, 92992, 143392, 47616
malloc, 64, 5886.000000, 93056, 143392, 47648
malloc, 64, 5886.000000, 93120, 143392, 47680
malloc, 64, 5943.000000, 93184, 143392, 47712
malloc, 64, 5883.000000, 93248, 143392, 47744
malloc, 64, 5893.000000, 93312, 143392, 47776
malloc, 64, 5987.000000, 93376, 143392, 47808
malloc, 64, 5987.000000, 93440, 143392, 47840
malloc, 64, 7727.000000, 93504, 143392, 47872
malloc, 64, 6338.000000, 93568, 143392, 47904
malloc, 64, 6023.000000, 93632, 143392, 47936
malloc, 64, 5995.000000, 93696, 143392, 47968
malloc, 64, 6014.000000, 93760, 143392, 48000
malloc, 64, 5934.000000, 93824, 143392, 48032
malloc, 64, 5995.000000, 93888, 143392, 48064
malloc, 64, 6269.000000, 93952, 143392, 48096
malloc, 64, 6109.000000, 94016, 143392, 48128
malloc, 64, 5933.000000, 94080, 143392, 48160
malloc, 64, 8299.000000, 94144, 147488, 48224
malloc, 64, 6513.000000, 94208, 147488, 48256
malloc, 64, 5993.000000, 94272, 147488, 48288
malloc, 64, 6073.000000, 94336, 147488, 48320
malloc, 64, 5983.000000, 94400, 147488, 48352
malloc, 64, 6020.000000, 94464, 147488, 48384
malloc, 64, 6093.000000, 94528, 147488, 48416
malloc, 64, 5988.000000, 94592, 147488, 48448
malloc, 64, 6068.000000, 94656, 147488, 48480
malloc, 64, 6025.000000, 94720, 147488, 48512
malloc, 64, 6014.000000, 94784, 147488, 48544
malloc, 64, 6092.000000, 94848, 147488, 48576
malloc, 64, 6100.000000, 94912, 147488, 48608
malloc, 64, 6003.000000, 94976, 147488, 48640
malloc, 64, 6027.000000, 95040, 147488, 48672
malloc, 64, 6070.000000, 95104, 147488, 48704
malloc, 64, 6035.000000, 95168, 147488, 48736
malloc, 64, 6043.000000, 95232, 147488, 48768
malloc, 64, 6089.000000, 95296, 147488, 48800
malloc, 64, 6011.000000, 95360, 147488, 48832
malloc, 64, 6138.000000, 95424, 147488, 48864
malloc, 64, 6117.000000, 95488, 147488, 48896
malloc, 64, 6041.000000, 95552, 147488, 48928
malloc, 64, 6027.000000, 95616, 147488, 48960
malloc, 64, 6131.000000, 95680, 147488, 48992
malloc, 64, 6141.000000, 95744, 147488, 49024
malloc, 64, 6058.000000, 95808, 147488, 49056
malloc, 64, 6126.000000, 95872, 147488, 49088
malloc, 64, 6077.000000, 95936, 147488, 49120
malloc, 64, 6104.000000, 96000, 147488, 49152
malloc, 64, 6153.000000, 96064, 147488, 49184
malloc, 64, 6129.000000, 96128, 147488, 49216
malloc, 64, 6172.000000, 96192, 147488, 49248
malloc, 64, 6130.000000, 96256, 147488, 49280
malloc, 64, 6088.000000, 96320, 147488, 49312
malloc, 64, 6163.000000, 96384, 147488, 49344
malloc, 64, 6196.000000, 96448, 147488, 49376
malloc, 64, 6101.000000, 96512, 147488, 49408
malloc, 64, 6175.000000, 96576, 147488, 49440
malloc, 64, 6245.000000, 96640, 147488, 49472
malloc, 64, 6164.000000, 96704, 147488, 49504
malloc, 64, 6229.000000, 96768, 147488, 49536
malloc, 64, 8034.000000, 96832, 151584, 49600
malloc, 64, 6470.000000, 96896, 151584, 49632
malloc, 64, 6351.000000, 96960, 151584, 49664
malloc, 64, 6350.000000, 97024, 151584, 49696
malloc, 64, 6256.000000, 97088, 151584, 49728
malloc, 64, 6349.000000, 97152, 151584, 49760
malloc, 64, 6316.000000, 97216, 151584, 49792
malloc, 64, 6256.000000, 97280, 151584, 49824
malloc, 64, 6402.000000, 97344, 151584, 49856
malloc, 64, 6379.000000, 97408, 151584, 49888
malloc, 64, 6333.000000, 97472, 151584, 49920
malloc, 64, 6294.000000, 97536, 151584, 49952
malloc, 64, 6339.000000, 97600, 151584, 49984
malloc, 64, 6368.000000, 97664, 151584, 50016
malloc, 64, 6389.000000, 97728, 151584, 50048
malloc, 64, 6383.000000, 97792, 151584, 50080
malloc, 64, 6350.000000, 97856, 151584, 50112
malloc, 64, 6436.000000, 97920, 151584, 50144
malloc, 64, 6393.000000, 97984, 151584, 50176
malloc, 64, 6302.000000, 98048, 151584, 50208
malloc, 64, 6361.000000, 98112, 151584, 50240
malloc, 64, 6412.000000, 98176, 151584, 50272
malloc, 64, 6336.000000, 98240, 151584, 50304
malloc, 64, 6385.000000, 98304, 151584, 50336
malloc, 64, 6430.000000, 98368, 151584, 50368
malloc, 64, 6419.000000, 98432, 151584, 50400
malloc, 64, 6454.000000, 98496, 151584, 50432
malloc, 64, 6419.000000, 98560, 151584, 50464
malloc, 64, 6339.000000, 98624, 151584, 50496
malloc, 64, 6421.000000, 98688, 151584, 50528
malloc, 64, 6408.000000, 98752, 151584, 50560
malloc, 64, 6341.000000, 98816, 151584, 50592
malloc, 64, 6382.000000, 98880, 151584, 50624
malloc, 64, 6450.000000, 98944, 151584, 50656
malloc, 64, 6390.000000, 99008, 151584, 50688
malloc, 64, 6471.000000, 99072, 151584, 50720
malloc, 64, 6477.000000, 99136, 151584, 50752
malloc, 64, 6334.000000, 99200, 151584, 50784
malloc, 64, 6462.000000, 99264, 151584, 50816
malloc, 64, 6401.000000, 99328, 151584, 50848
malloc, 64, 6356.000000, 99392, 151584, 50880
malloc, 64, 6430.000000, 99456, 151584, 50912
malloc, 64, 8317.000000, 99520, 155680, 50976
malloc, 64, 6794.000000, 99584, 155680, 51008
malloc, 64, 6445.000000, 99648, 155680, 51040
malloc, 64, 6417.000000, 99712, 155680, 51072
malloc, 64, 6514.000000, 99776, 155680, 51104
malloc, 64, 6462.000000, 99840, 155680, 51136
malloc, 64, 6509.000000, 99904, 155680, 51168
malloc, 64, 6533.000000, 99968, 155680, 51200
malloc, 64, 6542.000000, 100032, 155680, 51232
malloc, 64, 6472.000000, 100096, 155680, 51264
malloc, 64, 6545.000000, 100160, 155680, 51296
malloc, 64, 6487.000000, 100224, 155680, 51328
malloc, 64, 6546.000000, 100288, 155680, 51360
malloc, 64, 6452.000000, 100352, 155680, 51392
malloc, 64, 6564.000000, 100416, 155680, 51424
malloc, 64, 6544.000000, 100480, 155680, 51456
malloc, 64, 6559.000000, 100544, 155680, 51488
malloc, 64, 6468.000000, 100608, 155680, 51520
malloc, 64, 6544.000000, 100672, 155680, 51552
malloc, 64, 6483.000000, 100736, 155680, 51584
malloc, 64, 6571.000000, 100800, 155680, 51616
malloc, 64, 6583.000000, 100864, 155680, 51648
malloc, 64, 6494.000000, 100928, 155680, 51680
malloc, 64, 6550.000000, 100992, 155680, 51712
malloc, 64, 6569.000000, 101056, 155680, 51744
malloc, 64, 6595.000000, 101120, 155680, 51776
malloc, 64, 6619.000000, 101184, 155680, 51808
malloc, 64, 6566.000000, 101248, 155680, 51840
malloc, 64, 6495.000000, 101312, 155680, 51872
malloc, 64, 6589.000000, 101376, 155680, 51904
malloc, 64, 6562.000000, 101440, 155680, 51936
malloc, 64, 6581.000000, 101504, 155680, 51968
malloc, 64, 6524.000000, 101568, 155680, 52000
malloc, 64, 6599.000000, 101632, 155680, 52032
malloc, 64, 6568.000000, 101696, 155680, 52064
malloc, 64, 6652.000000, 101760, 155680, 52096
malloc, 64, 6645.000000, 101824, 155680, 52128
malloc, 64, 6635.000000, 101888, 155680, 52160
malloc, 64, 6552.000000, 101952, 155680, 52192
malloc, 64, 6642.000000, 102016, 155680, 52224
malloc, 64, 6592.000000, 102080, 155680, 52256
malloc, 64, 6598.000000, 102144, 155680, 52288
malloc, 64, 8535.000000, 102208, 159776, 52352
malloc, 64, 6945.000000, 102272, 159776, 52384
malloc, 64, 6569.000000, 102336, 159776, 52416
malloc, 64, 6638.000000, 102400, 159776, 52448
malloc, 64, 6695.000000, 102464, 159776, 52480
malloc, 64, 6671.000000, 102528, 159776, 52512
malloc, 64, 6678.000000, 102592, 159776, 52544
malloc, 64, 6626.000000, 102656, 159776, 52576
malloc, 64, 6651.000000, 102720, 159776, 52608
malloc, 64, 6643.000000, 102784, 159776, 52640
malloc, 64, 7044.000000, 102848, 159776, 52672
malloc, 64, 6640.000000, 102912, 159776, 52704
malloc, 64, 6578.000000, 102976, 159776, 52736
malloc, 64, 6692.000000, 103040, 159776, 52768
malloc, 64, 6686.000000, 103104, 159776, 52800
malloc, 64, 6733.000000, 103168, 159776, 52832
malloc, 64, 6701.000000, 103232, 159776, 52864
malloc, 64, 6647.000000, 103296, 159776, 52896
malloc, 64, 6699.000000, 103360, 159776, 52928
malloc, 64, 6717.000000, 103424, 159776, 52960
malloc, 64, 6724.000000, 103488, 159776, 52992
malloc, 64, 6612.000000, 103552, 159776, 53024
malloc, 64, 6708.000000, 103616, 159776, 53056
malloc, 64, 6723.000000, 103680, 159776, 53088
malloc, 64, 6723.000000, 103744, 159776, 53120
malloc, 64, 6625.000000, 103808, 159776, 53152
malloc, 64, 6670.000000, 103872, 159776, 53184
malloc, 64, 6638.000000, 103936, 159776, 53216
malloc, 64, 6707.000000, 104000, 159776, 53248
malloc, 64, 6704.000000, 104064, 159776, 53280
malloc, 64, 6729.000000, 104128, 159776, 53312
malloc, 64, 6720.000000, 104192, 159776, 53344
malloc, 64, 6748.000000, 104256, 159776, 53376
malloc, 64, 6723.000000, 104320, 159776, 53408
malloc, 64, 6789.000000, 104384, 159776, 53440
malloc, 64, 6764.000000, 104448, 159776, 53472
malloc, 64, 6779.000000, 104512, 159776, 53504
malloc, 64, 6722.000000, 104576, 159776, 53536
malloc, 64, 6709.000000, 104640, 159776, 53568
malloc, 64, 6795.000000, 104704, 159776, 53600
malloc, 64, 6683.000000, 104768, 159776, 53632
malloc, 64, 6754.000000, 104832, 159776, 53664
malloc, 64, 8938.000000, 104896, 163872, 53728
malloc, 64, 7263.000000, 104960, 163872, 53760
malloc, 64, 6782.000000, 105024, 163872, 53792
malloc, 64, 6823.000000, 105088, 163872, 53824
malloc, 64, 6762.000000, 105152, 163872, 53856
malloc, 64, 7085.000000, 105216, 163872, 53888
malloc, 64, 6882.000000, 105280, 163872, 53920
malloc, 64, 6815.000000, 105344, 163872, 53952
malloc, 64, 6881.000000, 105408, 163872, 53984
malloc, 64, 6865.000000, 105472, 163872, 54016
malloc, 64, 6871.000000, 105536, 163872, 54048
malloc, 64, 6855.000000, 105600, 163872, 54080
malloc, 64, 6894.000000, 105664, 163872, 54112
malloc, 64, 6733.000000, 105728, 163872, 54144
malloc, 64, 6783.000000, 105792, 163872, 54176
malloc, 64, 6845.000000, 105856, 163872, 54208
malloc, 64, 6787.000000, 105920, 163872, 54240
malloc, 64, 6757.000000, 105984, 163872, 54272
malloc, 64, 6869.000000, 106048, 163872, 54304
malloc, 64, 6771.000000, 106112, 163872, 54336
malloc, 64, 6839.000000, 106176, 163872, 54368
malloc, 64, 6859.000000, 106240, 163872, 54400
malloc, 64, 6841.000000, 106304, 163872, 54432
malloc, 64, 6768.000000, 106368, 163872, 54464
malloc, 64, 6920.000000, 106432, 163872, 54496
malloc, 64, 6778.000000, 106496, 163872, 54528
malloc, 64, 6871.000000, 106560, 163872, 54560
malloc, 64, 6917.000000, 106624, 163872, 54592
malloc, 64, 6928.000000, 106688, 163872, 54624
malloc, 64, 6859.000000, 106752, 163872, 54656
malloc, 64, 6977.000000, 106816, 163872, 54688
malloc, 64, 6941.000000, 106880, 163872, 54720
malloc, 64, 6937.000000, 106944, 163872, 54752
malloc, 64, 6796.000000, 107008, 163872, 54784
malloc, 64, 6852.000000, 107072, 163872, 54816
malloc, 64, 6804.000000, 107136, 163872, 54848
malloc, 64, 6880.000000, 107200, 163872, 54880
malloc, 64, 6858.000000, 107264, 163872, 54912
malloc, 64, 6928.000000, 107328, 163872, 54944
malloc, 64, 6995.000000, 107392, 163872, 54976
malloc, 64, 6988.000000, 107456, 163872, 55008
malloc, 64, 6918.000000, 107520, 163872, 55040
malloc, 64, 9081.000000, 107584, 167968, 55104
malloc, 64, 7375.000000, 107648, 167968, 55136
malloc, 64, 6963.000000, 107712, 167968, 55168
malloc, 64, 6994.000000, 107776, 167968, 55200
malloc, 64, 7035.000000, 107840, 167968, 55232
malloc, 64, 6976.000000, 107904, 167968, 55264
malloc, 64, 7020.000000, 107968, 167968, 55296
malloc, 64, 6976.000000, 108032, 167968, 55328
malloc, 64, 7083.000000, 108096, 167968, 55360
malloc, 64, 6978.000000, 108160, 167968, 55392
malloc, 64, 6939.000000, 108224, 167968, 55424
malloc, 64, 7066.000000, 108288, 167968, 55456
malloc, 64, 7027.000000, 108352, 167968, 55488
malloc, 64, 7021.000000, 108416, 167968, 55520
malloc, 64, 7028.000000, 108480, 167968, 55552
malloc, 64, 7060.000000, 108544, 167968, 55584
malloc, 64, 7040.000000, 108608, 167968, 55616
malloc, 64, 7008.000000, 108672, 167968, 55648
malloc, 64, 7097.000000, 108736, 167968, 55680
malloc, 64, 7008.000000, 108800, 167968, 55712
malloc, 64, 7097.000000, 108864, 167968, 55744
malloc, 64, 6982.000000, 108928, 167968, 55776
malloc, 64, 7090.000000, 108992, 167968, 55808
malloc, 64, 6930.000000, 109056, 167968, 55840
malloc, 64, 7076.000000, 109120, 167968, 55872
malloc, 64, 6955.000000, 109184, 167968, 55904
malloc, 64, 7059.000000, 109248, 167968, 55936
malloc, 64, 7072.000000, 109312, 167968, 55968
malloc, 64, 7004.000000, 109376, 167968, 56000
malloc, 64, 7093.000000, 109440, 167968, 56032
malloc, 64, 7109.000000, 109504, 167968, 56064
malloc, 64, 7077.000000, 109568, 167968, 56096
malloc, 64, 7115.000000, 109632, 167968, 56128
malloc, 64, 7060.000000, 109696, 167968, 56160
malloc, 64, 7037.000000, 109760, 167968, 56192
malloc, 64, 7145.000000, 109824, 167968, 56224
malloc, 64, 7118.000000, 109888, 167968, 56256
malloc, 64, 7142.000000, 109952, 167968, 56288
malloc, 64, 7122.000000, 110016, 167968, 56320
malloc, 64, 7148.000000, 110080, 167968, 56352
malloc, 64, 7073.000000, 110144, 167968, 56384
malloc, 64, 7148.000000, 110208, 167968, 56416
malloc, 64, 10239.000000, 110272, 172064, 56480
malloc, 64, 7644.000000, 110336, 172064, 56512
malloc, 64, 7145.000000, 110400, 172064, 56544
malloc, 64, 7177.000000, 110464, 172064, 56576
malloc, 64, 7119.000000, 110528, 172064, 56608
malloc, 64, 7198.000000, 110592, 172064, 56640
malloc, 64, 7207.000000, 110656, 172064, 56672
malloc, 64, 7095.000000, 110720, 172064, 56704
malloc, 64, 7121.000000, 110784, 172064, 56736
malloc, 64, 7204.000000, 110848, 172064, 56768
malloc, 64, 7124.000000, 110912, 172064, 56800
malloc, 64, 7123.000000, 110976, 172064, 56832
malloc, 64, 7222.000000, 111040, 172064, 56864
malloc, 64, 7148.000000, 111104, 172064, 56896
malloc, 64, 7207.000000, 111168, 172064, 56928
malloc, 64, 7195.000000, 111232, 172064, 56960
malloc, 64, 7126.000000, 111296, 172064, 56992
malloc, 64, 8867.000000, 111360, 172064, 57024
malloc, 64, 7464.000000, 111424, 172064, 57056
malloc, 64, 7208.000000, 111488, 172064, 57088
malloc, 64, 7161.000000, 111552, 172064, 57120
malloc, 64, 7291.000000, 111616, 172064, 57152
malloc, 64, 7270.000000, 111680, 172064, 57184
malloc, 64, 7236.000000, 111744, 172064, 57216
malloc, 64, 7113.000000, 111808, 172064, 57248
malloc, 64, 7143.000000, 111872, 172064, 57280
malloc, 64, 7191.000000, 111936, 172064, 57312
malloc, 64, 7238.000000, 112000, 172064, 57344
malloc, 64, 7204.000000, 112064, 172064, 57376
malloc, 64, 7220.000000, 112128, 172064, 57408
malloc, 64, 7260.000000, 112192, 172064, 57440
malloc, 64, 7208.000000, 112256, 172064, 57472
malloc, 64, 7265.000000, 112320, 172064, 57504
malloc, 64, 7296.000000, 112384, 172064, 57536
malloc, 64, 7235.000000, 112448, 172064, 57568
malloc, 64, 7317.000000, 112512, 172064, 57600
malloc, 64, 7310.000000, 112576, 172064, 57632
malloc, 64, 7256.000000, 112640, 172064, 57664
malloc, 64, 7330.000000, 112704, 172064, 57696
malloc, 64, 7239.000000, 112768, 172064, 57728
malloc, 64, 7298.000000, 112832, 172064, 57760
malloc, 64, 7354.000000, 112896, 172064, 57792
malloc, 64, 9553.000000, 112960, 176160, 57856
malloc, 64, 7721.000000, 113024, 176160, 57888
malloc, 64, 7335.000000, 113088, 176160, 57920
malloc, 64, 7392.000000, 113152, 176160, 57952
malloc, 64, 7322.000000, 113216, 176160, 57984
malloc, 64, 7319.000000, 113280, 176160, 58016
malloc, 64, 7382.000000, 113344, 176160, 58048
malloc, 64, 7363.000000, 113408, 176160, 58080
malloc, 64, 7306.000000, 113472, 176160, 58112
malloc, 64, 7397.000000, 113536, 176160, 58144
malloc, 64, 7293.000000, 113600, 176160, 58176
malloc, 64, 7299.000000, 113664, 176160, 58208
malloc, 64, 7421.000000, 113728, 176160, 58240
malloc, 64, 7383.000000, 113792, 176160, 58272
malloc, 64, 7406.000000, 113856, 176160, 58304
malloc, 64, 7329.000000, 113920, 176160, 58336
malloc, 64, 7314.000000, 113984, 176160, 58368
malloc, 64, 7396.000000, 114048, 176160, 58400
malloc, 64, 7373.000000, 114112, 176160, 58432
malloc, 64, 7416.000000, 114176, 176160, 58464
malloc, 64, 7426.000000, 114240, 176160, 58496
malloc, 64, 7446.000000, 114304, 176160, 58528
malloc, 64, 7329.000000, 114368, 176160, 58560
malloc, 64, 7393.000000, 114432, 176160, 58592
malloc, 64, 7433.000000, 114496, 176160, 58624
malloc, 64, 7387.000000, 114560, 176160, 58656
malloc, 64, 7418.000000, 114624, 176160, 58688
malloc, 64, 7430.000000, 114688, 176160, 58720
malloc, 64, 7340.000000, 114752, 176160, 58752
malloc, 64, 7407.000000, 114816, 176160, 58784
malloc, 64, 7436.000000, 114880, 176160, 58816
malloc, 64, 7415.000000, 114944, 176160, 58848
malloc, 64, 7448.000000, 115008, 176160, 58880
malloc, 64, 7471.000000, 115072, 176160, 58912
malloc, 64, 7460.000000, 115136, 176160, 58944
malloc, 64, 7496.000000, 115200, 176160, 58976
malloc, 64, 7505.000000, 115264, 176160, 59008
malloc, 64, 7486.000000, 115328, 176160, 59040
malloc, 64, 7460.000000, 115392, 176160, 59072
malloc, 64, 7526.000000, 115456, 176160, 59104
malloc, 64, 7497.000000, 115520, 176160, 59136
malloc, 64, 7397.000000, 115584, 176160, 59168
malloc, 64, 9496.000000, 115648, 180256, 59232
malloc, 64, 7994.000000, 115712, 180256, 59264
malloc, 64, 7523.000000, 115776, 180256, 59296
malloc, 64, 7558.000000, 115840, 180256, 59328
malloc, 64, 7451.000000, 115904, 180256, 59360
malloc, 64, 7468.000000, 115968, 180256, 59392
malloc, 64, 7535.000000, 116032, 180256, 59424
malloc, 64, 7486.000000, 116096, 180256, 59456
malloc, 64, 7470.000000, 116160, 180256, 59488
malloc, 64, 7544.000000, 116224, 180256, 59520
malloc, 64, 7488.000000, 116288, 180256, 59552
malloc, 64, 7470.000000, 116352, 180256, 59584
malloc, 64, 7901.000000, 116416, 180256, 59616
malloc, 64, 7573.000000, 116480, 180256, 59648
malloc, 64, 7578.000000, 116544, 180256, 59680
malloc, 64, 7626.000000, 116608, 180256, 59712
malloc, 64, 7558.000000, 116672, 180256, 59744
malloc, 64, 7583.000000, 116736, 180256, 59776
malloc, 64, 7625.000000, 116800, 180256, 59808
malloc, 64, 7568.000000, 116864, 180256, 59840
malloc, 64, 7592.000000, 116928, 180256, 59872
malloc, 64, 7624.000000, 116992, 180256, 59904
malloc, 64, 7624.000000, 117056, 180256, 59936
malloc, 64, 7526.000000, 117120, 180256, 59968
malloc, 64, 7611.000000, 117184, 180256, 60000
malloc, 64, 7525.000000, 117248, 180256, 60032
malloc, 64, 7550.000000, 117312, 180256, 60064
malloc, 64, 7525.000000, 117376, 180256, 60096
malloc, 64, 7596.000000, 117440, 180256, 60128
malloc, 64, 7547.000000, 117504, 180256, 60160
malloc, 64, 7564.000000, 117568, 180256, 60192
malloc, 64, 7533.000000, 117632, 180256, 60224
malloc, 64, 7644.000000, 117696, 180256, 60256
malloc, 64, 7662.000000, 117760, 180256, 60288
malloc, 64, 7677.000000, 117824, 180256, 60320
malloc, 64, 7576.000000, 117888, 180256, 60352
malloc, 64, 7659.000000, 117952, 180256, 60384
malloc, 64, 7577.000000, 118016, 180256, 60416
malloc, 64, 7595.000000, 118080, 180256, 60448
malloc, 64, 7667.000000, 118144, 180256, 60480
malloc, 64, 7571.000000, 118208, 180256, 60512
malloc, 64, 7612.000000, 118272, 180256, 60544
malloc, 64, 9806.000000, 118336, 184352, 60608
malloc, 64, 8185.000000, 118400, 184352, 60640
malloc, 64, 7673.000000, 118464, 184352, 60672
malloc, 64, 7713.000000, 118528, 184352, 60704
malloc, 64, 7656.000000, 118592, 184352, 60736
malloc, 64, 7738.000000, 118656, 184352, 60768
malloc, 64, 7708.000000, 118720, 184352, 60800
malloc, 64, 7748.000000, 118784, 184352, 60832
malloc, 64, 7712.000000, 118848, 184352, 60864
malloc, 64, 7709.000000, 118912, 184352, 60896
malloc, 64, 7686.000000, 118976, 184352, 60928
malloc, 64, 7664.000000, 119040, 184352, 60960
malloc, 64, 7665.000000, 119104, 184352, 60992
malloc, 64, 7673.000000, 119168, 184352, 61024
malloc, 64, 7764.000000, 119232, 184352, 61056
malloc, 64, 7798.000000, 119296, 184352, 61088
malloc, 64, 9500.000000, 119360, 184352, 61120
malloc, 64, 7757.000000, 119424, 184352, 61152
malloc, 64, 7693.000000, 119488, 184352, 61184
malloc, 64, 7687.000000, 119552, 184352, 61216
malloc, 64, 7671.000000, 119616, 184352, 61248
malloc, 64, 7758.000000, 119680, 184352, 61280
malloc, 64, 7689.000000, 119744, 184352, 61312
malloc, 64, 7737.000000, 119808, 184352, 61344
malloc, 64, 7825.000000, 119872, 184352, 61376
malloc, 64, 7724.000000, 119936, 184352, 61408
malloc, 64, 7745.000000, 120000, 184352, 61440
malloc, 64, 7807.000000, 120064, 184352, 61472
malloc, 64, 7793.000000, 120128, 184352, 61504
malloc, 64, 7752.000000, 120192, 184352, 61536
malloc, 64, 7832.000000, 120256, 184352, 61568
malloc, 64, 7747.000000, 120320, 184352, 61600
malloc, 64, 7723.000000, 120384, 184352, 61632
malloc, 64, 7840.000000, 120448, 184352, 61664
malloc, 64, 7845.000000, 120512, 184352, 61696
malloc, 64, 7729.000000, 120576, 184352, 61728
malloc, 64, 7814.000000, 120640, 184352, 61760
malloc, 64, 7844.000000, 120704, 184352, 61792
malloc, 64, 7807.000000, 120768, 184352, 61824
malloc, 64, 7862.000000, 120832, 184352, 61856
malloc, 64, 7859.000000, 120896, 184352, 61888
malloc, 64, 7751.000000, 120960, 184352, 61920
malloc, 64, 9995.000000, 121024, 188448, 61984
malloc, 64, 8368.000000, 121088, 188448, 62016
malloc, 64, 7817.000000, 121152, 188448, 62048
malloc, 64, 7935.000000, 121216, 188448, 62080
malloc, 64, 7850.000000, 121280, 188448, 62112
malloc, 64, 7799.000000, 121344, 188448, 62144
malloc, 64, 7892.000000, 121408, 188448, 62176
malloc, 64, 7954.000000, 121472, 188448, 62208
malloc, 64, 7821.000000, 121536, 188448, 62240
malloc, 64, 7867.000000, 121600, 188448, 62272
malloc, 64, 7790.000000, 121664, 188448, 62304
malloc, 64, 7854.000000, 121728, 188448, 62336
malloc, 64, 7907.000000, 121792, 188448, 62368
malloc, 64, 7904.000000, 121856, 188448, 62400
malloc, 64, 7854.000000, 121920, 188448, 62432
malloc, 64, 7960.000000, 121984, 188448, 62464
malloc, 64, 7929.000000, 122048, 188448, 62496
malloc, 64, 7801.000000, 122112, 188448, 62528
malloc, 64, 7967.000000, 122176, 188448, 62560
malloc, 64, 7933.000000, 122240, 188448, 62592
malloc, 64, 7895.000000, 122304, 188448, 62624
malloc, 64, 7932.000000, 122368, 188448, 62656
malloc, 64, 8015.000000, 122432, 188448, 62688
malloc, 64, 7997.000000, 122496, 188448, 62720
malloc, 64, 7971.000000, 122560, 188448, 62752
malloc, 64, 7886.000000, 122624, 188448, 62784
malloc, 64, 7881.000000, 122688, 188448, 62816
malloc, 64, 7991.000000, 122752, 188448, 62848
malloc, 64, 7976.000000, 122816, 188448, 62880
malloc, 64, 7997.000000, 122880, 188448, 62912
malloc, 64, 7954.000000, 122944, 188448, 62944
malloc, 64, 7997.000000, 123008, 188448, 62976
malloc, 64, 7899.000000, 123072, 188448, 63008
malloc, 64, 8000.000000, 123136, 188448, 63040
malloc, 64, 8016.000000, 123200, 188448, 63072
malloc, 64, 7902.000000, 123264, 188448, 63104
malloc, 64, 8005.000000, 123328, 188448, 63136
malloc, 64, 7973.000000, 123392, 188448, 63168
malloc, 64, 7969.000000, 123456, 188448, 63200
malloc, 64, 8017.000000, 123520, 188448, 63232
malloc, 64, 7957.000000, 123584, 188448, 63264
malloc, 64, 7946.000000, 123648, 188448, 63296
malloc, 64, 9970.000000, 123712, 192544, 63360
malloc, 64, 8513.000000, 123776, 192544, 63392
malloc, 64, 7988.000000, 123840, 192544, 63424
malloc, 64, 8093.000000, 123904, 192544, 63456
malloc, 64, 8002.000000, 123968, 192544, 63488
malloc, 64, 7976.000000, 124032, 192544, 63520
malloc, 64, 7995.000000, 124096, 192544, 63552
malloc, 64, 8023.000000, 124160, 192544, 63584
malloc, 64, 7920.000000, 124224, 192544, 63616
malloc, 64, 8082.000000, 124288, 192544, 63648
malloc, 64, 8047.000000, 124352, 192544, 63680
malloc, 64, 8029.000000, 124416, 192544, 63712
malloc, 64, 8043.000000, 124480, 192544, 63744
malloc, 64, 8050.000000, 124544, 192544, 63776
malloc, 64, 8018.000000, 124608, 192544, 63808
malloc, 64, 8059.000000, 124672, 192544, 63840
malloc, 64, 7973.000000, 124736, 192544, 63872
malloc, 64, 8001.000000, 124800, 192544, 63904
malloc, 64, 8135.000000, 124864, 192544, 63936
malloc, 64, 8013.000000, 124928, 192544, 63968
malloc, 64, 8043.000000, 124992, 192544, 64000
malloc, 64, 8065.000000, 125056, 192544, 64032
malloc, 64, 8120.000000, 125120, 192544, 64064
malloc, 64, 7993.000000, 125184, 192544, 64096
malloc, 64, 8096.000000, 125248, 192544, 64128
malloc, 64, 8055.000000, 125312, 192544, 64160
malloc, 64, 8010.000000, 125376, 192544, 64192
malloc, 64, 8113.000000, 125440, 192544, 64224
malloc, 64, 7971.000000, 125504, 192544, 64256
malloc, 64, 8066.000000, 125568, 192544, 64288
malloc, 64, 7990.000000, 125632, 192544, 64320
malloc, 64, 8026.000000, 125696, 192544, 64352
malloc, 64, 8004.000000, 125760, 192544, 64384
malloc, 64, 8160.000000, 125824, 192544, 64416
malloc, 64, 8008.000000, 125888, 192544, 64448
malloc, 64, 8083.000000, 125952, 192544, 64480
malloc, 64, 8152.000000, 126016, 192544, 64512
malloc, 64, 8074.000000, 126080, 192544, 64544
malloc, 64, 8040.000000, 126144, 192544, 64576
malloc, 64, 8034.000000, 126208, 192544, 64608
malloc, 64, 8081.000000, 126272, 192544, 64640
malloc, 64, 8069.000000, 126336, 192544, 64672
malloc, 64, 10123.000000, 126400, 196640, 64736
malloc, 64, 8559.000000, 126464, 196640, 64768
malloc, 64, 8166.000000, 126528, 196640, 64800
malloc, 64, 8195.000000, 126592, 196640, 64832
malloc, 64, 8108.000000, 126656, 196640, 64864
malloc, 64, 8119.000000, 126720, 196640, 64896
malloc, 64, 8108.000000, 126784, 196640, 64928
malloc, 64, 8086.000000, 126848, 196640, 64960
malloc, 64, 10340.000000, 126912, 196640, 64992
malloc, 64, 8301.000000, 126976, 196640, 65024
malloc, 64, 8166.000000, 127040, 196640, 65056
malloc, 64, 8214.000000, 127104, 196640, 65088
malloc, 64, 8223.000000, 127168, 196640, 65120
malloc, 64, 8169.000000, 127232, 196640, 65152
malloc, 64, 8170.000000, 127296, 196640, 65184
malloc, 64, 8218.000000, 127360, 196640, 65216
malloc, 64, 8163.000000, 127424, 196640, 65248
malloc, 64, 8196.000000, 127488, 196640, 65280
malloc, 64, 8625.000000, 127552, 196640, 65312
malloc, 64, 8273.000000, 127616, 196640, 65344
malloc, 64, 8265.000000, 127680, 196640, 65376
malloc, 64, 8277.000000, 127744, 196640, 65408
malloc, 64, 8285.000000, 127808, 196640, 65440
malloc, 64, 8207.000000, 127872, 196640, 65472
malloc, 64, 8311.000000, 127936, 196640, 65504
malloc, 64, 8312.000000, 128000, 196640, 65536
malloc, 64, 8190.000000, 128064, 196640, 65568
malloc, 64, 8280.000000, 128128, 196640, 65600
malloc, 64, 8206.000000, 128192, 196640, 65632
malloc, 64, 8191.000000, 128256, 196640, 65664
malloc, 64, 8306.000000, 128320, 196640, 65696
malloc, 64, 8233.000000, 128384, 196640, 65728
malloc, 64, 8308.000000, 128448, 196640, 65760
malloc, 64, 8279.000000, 128512, 196640, 65792
malloc, 64, 8317.000000, 128576, 196640, 65824
malloc, 64, 8280.000000, 128640, 196640, 65856
malloc, 64, 8318.000000, 128704, 196640, 65888
malloc, 64, 8238.000000, 128768, 196640, 65920
malloc, 64, 8343.000000, 128832, 196640, 65952
malloc, 64, 8329.000000, 128896, 196640, 65984
malloc, 64, 8257.000000, 128960, 196640, 66016
malloc, 64, 8353.000000, 129024, 196640, 66048
malloc, 64, 10591.000000, 129088, 200736, 66112
malloc, 64, 8941.000000, 129152, 200736, 66144
malloc, 64, 8334.000000, 129216, 200736, 66176
malloc, 64, 8393.000000, 129280, 200736, 66208
malloc, 64, 8301.000000, 129344, 200736, 66240
malloc, 64, 8361.000000, 129408, 200736, 66272
malloc, 64, 8410.000000, 129472, 200736, 66304
malloc, 64, 8415.000000, 129536, 200736, 66336
malloc, 64, 8273.000000, 129600, 200736, 66368
malloc, 64, 8370.000000, 129664, 200736, 66400
malloc, 64, 8337.000000, 129728, 200736, 66432
malloc, 64, 8436.000000, 129792, 200736, 66464
malloc, 64, 8283.000000, 129856, 200736, 66496
malloc, 64, 8408.000000, 129920, 200736, 66528
malloc, 64, 8423.000000, 129984, 200736, 66560
malloc, 64, 8339.000000, 130048, 200736, 66592
malloc, 64, 8315.000000, 130112, 200736, 66624
malloc, 64, 8340.000000, 130176, 200736, 66656
malloc, 64, 8438.000000, 130240, 200736, 66688
malloc, 64, 8341.000000, 130304, 200736, 66720
malloc, 64, 8406.000000, 130368, 200736, 66752
malloc, 64, 8455.000000, 130432, 200736, 66784
malloc, 64, 8378.000000, 130496, 200736, 66816
malloc, 64, 8370.000000, 130560, 200736, 66848
malloc, 64, 8479.000000, 130624, 200736, 66880
malloc, 64, 8356.000000, 130688, 200736, 66912
malloc, 64, 8380.000000, 130752, 200736, 66944
malloc, 64, 8438.000000, 130816, 200736, 66976
malloc, 64, 8400.000000, 130880, 200736, 67008
malloc, 64, 8389.000000, 130944, 200736, 67040
malloc, 64, 8439.000000, 131008, 200736, 67072
malloc, 64, 8383.000000, 131072, 200736, 67104
malloc, 64, 8410.000000, 131136, 200736, 67136
malloc, 64, 8476.000000, 131200, 200736, 67168
malloc, 64, 8485.000000, 131264, 200736, 67200
malloc, 64, 8415.000000, 131328, 200736, 67232
malloc, 64, 8445.000000, 131392, 200736, 67264
malloc, 64, 8384.000000, 131456, 200736, 67296
malloc, 64, 8377.000000, 131520, 200736, 67328
malloc, 64, 8421.000000, 131584, 200736, 67360
malloc, 64, 8459.000000, 131648, 200736, 67392
malloc, 64, 8394.000000, 131712, 200736, 67424
malloc, 64, 10611.000000, 131776, 204832, 67488
malloc, 64, 9104.000000, 131840, 204832, 67520
malloc, 64, 8524.000000, 131904, 204832, 67552
malloc, 64, 8438.000000, 131968, 204832, 67584
malloc, 64, 8490.000000, 132032, 204832, 67616
malloc, 64, 8546.000000, 132096, 204832, 67648
malloc, 64, 8625.000000, 132160, 204832, 67680
malloc, 64, 8607.000000, 132224, 204832, 67712
malloc, 64, 8641.000000, 132288, 204832, 67744
malloc, 64, 8545.000000, 132352, 204832, 67776
malloc, 64, 8461.000000, 132416, 204832, 67808
malloc, 64, 8620.000000, 132480, 204832, 67840
malloc, 64, 8597.000000, 132544, 204832, 67872
malloc, 64, 8487.000000, 132608, 204832, 67904
malloc, 64, 8586.000000, 132672, 204832, 67936
malloc, 64, 8649.000000, 132736, 204832, 67968
malloc, 64, 8582.000000, 132800, 204832, 68000
malloc, 64, 8639.000000, 132864, 204832, 68032
malloc, 64, 8617.000000, 132928, 204832, 68064
malloc, 64, 8521.000000, 132992, 204832, 68096
malloc, 64, 8608.000000, 133056, 204832, 68128
malloc, 64, 8622.000000, 133120, 204832, 68160
malloc, 64, 8563.000000, 133184, 204832, 68192
malloc, 64, 8657.000000, 133248, 204832, 68224
malloc, 64, 8628.000000, 133312, 204832, 68256
malloc, 64, 8611.000000, 133376, 204832, 68288
malloc, 64, 8679.000000, 133440, 204832, 68320
malloc, 64, 8622.000000, 133504, 204832, 68352
malloc, 64, 8560.000000, 133568, 204832, 68384
malloc, 64, 8647.000000, 133632, 204832, 68416
malloc, 64, 8555.000000, 133696, 204832, 68448
malloc, 64, 8557.000000, 133760, 204832, 68480
malloc, 64, 8663.000000, 133824, 204832, 68512
malloc, 64, 8679.000000, 133888, 204832, 68544
malloc, 64, 8551.000000, 133952, 204832, 68576
malloc, 64, 10548.000000, 134016, 204832, 68608
malloc, 64, 8788.000000, 134080, 204832, 68640
malloc, 64, 8610.000000, 134144, 204832, 68672
malloc, 64, 8697.000000, 134208, 204832, 68704
malloc, 64, 8682.000000, 134272, 204832, 68736
malloc, 64, 8612.000000, 134336, 204832, 68768
malloc, 64, 8678.000000, 134400, 204832, 68800
malloc, 64, 10977.000000, 134464, 208928, 68864
malloc, 64, 9310.000000, 134528, 208928, 68896
malloc, 64, 8650.000000, 134592, 208928, 68928
malloc, 64, 8676.000000, 134656, 208928, 68960
malloc, 64, 8645.000000, 134720, 208928, 68992
malloc, 64, 8636.000000, 134784, 208928, 69024
malloc, 64, 8693.000000, 134848, 208928, 69056
malloc, 64, 8750.000000, 134912, 208928, 69088
malloc, 64, 8740.000000, 134976, 208928, 69120
malloc, 64, 8643.000000, 135040, 208928, 69152
malloc, 64, 8611.000000, 135104, 208928, 69184
malloc, 64, 8627.000000, 135168, 208928, 69216
malloc, 64, 8779.000000, 135232, 208928, 69248
malloc, 64, 8723.000000, 135296, 208928, 69280
malloc, 64, 8692.000000, 135360, 208928, 69312
malloc, 64, 8771.000000, 135424, 208928, 69344
malloc, 64, 8653.000000, 135488, 208928, 69376
malloc, 64, 8654.000000, 135552, 208928, 69408
malloc, 64, 8756.000000, 135616, 208928, 69440
malloc, 64, 8656.000000, 135680, 208928, 69472
malloc, 64, 8624.000000, 135744, 208928, 69504
malloc, 64, 8661.000000, 135808, 208928, 69536
malloc, 64, 8671.000000, 135872, 208928, 69568
malloc, 64, 8759.000000, 135936, 208928, 69600
malloc, 64, 8762.000000, 136000, 208928, 69632
malloc, 64, 8668.000000, 136064, 208928, 69664
malloc, 64, 8779.000000, 136128, 208928, 69696
malloc, 64, 8745.000000, 136192, 208928, 69728
malloc, 64, 8662.000000, 136256, 208928, 69760
malloc, 64, 8750.000000, 136320, 208928, 69792
malloc, 64, 8757.000000, 136384, 208928, 69824
malloc, 64, 8802.000000, 136448, 208928, 69856
malloc, 64, 8830.000000, 136512, 208928, 69888
malloc, 64, 8770.000000, 136576, 208928, 69920
malloc, 64, 8722.000000, 136640, 208928, 69952
malloc, 64, 8803.000000, 136704, 208928, 69984
malloc, 64, 8786.000000, 136768, 208928, 70016
malloc, 64, 8699.000000, 136832, 208928, 70048
malloc, 64, 8814.000000, 136896, 208928, 70080
malloc, 64, 8821.000000, 136960, 208928, 70112
malloc, 64, 8738.000000, 137024, 208928, 70144
malloc, 64, 8813.000000, 137088, 208928, 70176
malloc, 64, 10992.000000, 137152, 213024, 70240
malloc, 64, 9392.000000, 137216, 213024, 70272
malloc, 64, 8832.000000, 137280, 213024, 70304
malloc, 64, 8922.000000, 137344, 213024, 70336
malloc, 64, 8888.000000, 137408, 213024, 70368
malloc, 64, 8883.000000, 137472, 213024, 70400
malloc, 64, 8883.000000, 137536, 213024, 70432
malloc, 64, 8796.000000, 137600, 213024, 70464
malloc, 64, 8885.000000, 137664, 213024, 70496
malloc, 64, 8892.000000, 137728, 213024, 70528
malloc, 64, 8848.000000, 137792, 213024, 70560
malloc, 64, 8907.000000, 137856, 213024, 70592
malloc, 64, 8895.000000, 137920, 213024, 70624
malloc, 64, 8822.000000, 137984, 213024, 70656
malloc, 64, 8937.000000, 138048, 213024, 70688
malloc, 64, 8895.000000, 138112, 213024, 70720
malloc, 64, 8795.000000, 138176, 213024, 70752
malloc, 64, 9026.000000, 138240, 213024, 70784
malloc, 64, 8955.000000, 138304, 213024, 70816
malloc, 64, 8846.000000, 138368, 213024, 70848
malloc, 64, 9007.000000, 138432, 213024, 70880
malloc, 64, 8845.000000, 138496, 213024, 70912
malloc, 64, 8820.000000, 138560, 213024, 70944
malloc, 64, 8981.000000, 138624, 213024, 70976
malloc, 64, 9501.000000, 138688, 213024, 71008
malloc, 64, 9035.000000, 138752, 213024, 71040
malloc, 64, 8924.000000, 138816, 213024, 71072
malloc, 64, 8937.000000, 138880, 213024, 71104
malloc, 64, 8860.000000, 138944, 213024, 71136
malloc, 64, 8867.000000, 139008, 213024, 71168
malloc, 64, 9020.000000, 139072, 213024, 71200
malloc, 64, 8862.000000, 139136, 213024, 71232
malloc, 64, 8979.000000, 139200, 213024, 71264
malloc, 64, 9009.000000, 139264, 213024, 71296
malloc, 64, 9046.000000, 139328, 213024, 71328
malloc, 64, 8888.000000, 139392, 213024, 71360
malloc, 64, 9006.000000, 139456, 213024, 71392
malloc, 64, 8933.000000, 139520, 213024, 71424
malloc, 64, 9021.000000, 139584, 213024, 71456
malloc, 64, 8998.000000, 139648, 213024, 71488
malloc, 64, 8948.000000, 139712, 213024, 71520
malloc, 64, 8943.000000, 139776, 213024, 71552
malloc, 64, 11264.000000, 139840, 217120, 71616
malloc, 64, 9648.000000, 139904, 217120, 71648
malloc, 64, 9013.000000, 139968, 217120, 71680
malloc, 64, 9046.000000, 140032, 217120, 71712
malloc, 64, 9051.000000, 140096, 217120, 71744
malloc, 64, 9078.000000, 140160, 217120, 71776
malloc, 64, 9046.000000, 140224, 217120, 71808
malloc, 64, 8954.000000, 140288, 217120, 71840
malloc, 64, 9023.000000, 140352, 217120, 71872
malloc, 64, 9062.000000, 140416, 217120, 71904
malloc, 64, 9090.000000, 140480, 217120, 71936
malloc, 64, 9000.000000, 140544, 217120, 71968
malloc, 64, 9136.000000, 140608, 217120, 72000
malloc, 64, 8984.000000, 140672, 217120, 72032
malloc, 64, 9019.000000, 140736, 217120, 72064
malloc, 64, 11703.000000, 140800, 217120, 72096
malloc, 64, 9090.000000, 140864, 217120, 72128
malloc, 64, 9043.000000, 140928, 217120, 72160
malloc, 64, 9009.000000, 140992, 217120, 72192
malloc, 64, 9058.000000, 141056, 217120, 72224
malloc, 64, 8989.000000, 141120, 217120, 72256
malloc, 64, 9104.000000, 141184, 217120, 72288
malloc, 64, 9025.000000, 141248, 217120, 72320
malloc, 64, 9014.000000, 141312, 217120, 72352
malloc, 64, 9099.000000, 141376, 217120, 72384
malloc, 64, 9116.000000, 141440, 217120, 72416
malloc, 64, 9027.000000, 141504, 217120, 72448
malloc, 64, 9092.000000, 141568, 217120, 72480
malloc, 64, 9024.000000, 141632, 217120, 72512
malloc, 64, 9013.000000, 141696, 217120, 72544
malloc, 64, 9091.000000, 141760, 217120, 72576
malloc, 64, 9112.000000, 141824, 217120, 72608
malloc, 64, 9052.000000, 141888, 217120, 72640
malloc, 64, 9135.000000, 141952, 217120, 72672
malloc, 64, 9048.000000, 142016, 217120, 72704
malloc, 64, 9089.000000, 142080, 217120, 72736
malloc, 64, 9170.000000, 142144, 217120, 72768
malloc, 64, 9059.000000, 142208, 217120, 72800
malloc, 64, 9098.000000, 142272, 217120, 72832
malloc, 64, 9217.000000, 142336, 217120, 72864
malloc, 64, 9087.000000, 142400, 217120, 72896
malloc, 64, 9086.000000, 142464, 217120, 72928
malloc, 64, 11368.000000, 142528, 221216, 72992
malloc, 64, 9723.000000, 142592, 221216, 73024
malloc, 64, 9241.000000, 142656, 221216, 73056
malloc, 64, 9268.000000, 142720, 221216, 73088
malloc, 64, 9130.000000, 142784, 221216, 73120
malloc, 64, 9269.000000, 142848, 221216, 73152
malloc, 64, 9264.000000, 142912, 221216, 73184
malloc, 64, 9169.000000, 142976, 221216, 73216
malloc, 64, 9288.000000, 143040, 221216, 73248
malloc, 64, 9296.000000, 143104, 221216, 73280
malloc, 64, 9280.000000, 143168, 221216, 73312
malloc, 64, 9170.000000, 143232, 221216, 73344
malloc, 64, 9287.000000, 143296, 221216, 73376
malloc, 64, 9218.000000, 143360, 221216, 73408
malloc, 64, 9176.000000, 143424, 221216, 73440
malloc, 64, 9192.000000, 143488, 221216, 73472
malloc, 64, 9234.000000, 143552, 221216, 73504
malloc, 64, 9176.000000, 143616, 221216, 73536
malloc, 64, 9292.000000, 143680, 221216, 73568
malloc, 64, 9235.000000, 143744, 221216, 73600
malloc, 64, 9206.000000, 143808, 221216, 73632
malloc, 64, 9274.000000, 143872, 221216, 73664
malloc, 64, 9238.000000, 143936, 221216, 73696
malloc, 64, 9282.000000, 144000, 221216, 73728
malloc, 64, 9276.000000, 144064, 221216, 73760
malloc, 64, 9210.000000, 144128, 221216, 73792
malloc, 64, 9312.000000, 144192, 221216, 73824
malloc, 64, 9298.000000, 144256, 221216, 73856
malloc, 64, 9229.000000, 144320, 221216, 73888
malloc, 64, 9348.000000, 144384, 221216, 73920
malloc, 64, 9237.000000, 144448, 221216, 73952
malloc, 64, 9325.000000, 144512, 221216, 73984
malloc, 64, 9364.000000, 144576, 221216, 74016
malloc, 64, 9371.000000, 144640, 221216, 74048
malloc, 64, 9244.000000, 144704, 221216, 74080
malloc, 64, 9397.000000, 144768, 221216, 74112
malloc, 64, 9289.000000, 144832, 221216, 74144
malloc, 64, 9372.000000, 144896, 221216, 74176
malloc, 64, 9414.000000, 144960, 221216, 74208
malloc, 64, 9367.000000, 145024, 221216, 74240
malloc, 64, 9246.000000, 145088, 221216, 74272
malloc, 64, 9362.000000, 145152, 221216, 74304
malloc, 64, 11352.000000, 145216, 225312, 74368
malloc, 64, 9990.000000, 145280, 225312, 74400
malloc, 64, 9334.000000, 145344, 225312, 74432
malloc, 64, 9387.000000, 145408, 225312, 74464
malloc, 64, 9294.000000, 145472, 225312, 74496
malloc, 64, 9411.000000, 145536, 225312, 74528
malloc, 64, 9480.000000, 145600, 225312, 74560
malloc, 64, 9366.000000, 145664, 225312, 74592
malloc, 64, 9359.000000, 145728, 225312, 74624
malloc, 64, 9413.000000, 145792, 225312, 74656
malloc, 64, 9431.000000, 145856, 225312, 74688
malloc, 64, 9413.000000, 145920, 225312, 74720
malloc, 64, 9429.000000, 145984, 225312, 74752
malloc, 64, 9430.000000, 146048, 225312, 74784
malloc, 64, 9417.000000, 146112, 225312, 74816
malloc, 64, 9449.000000, 146176, 225312, 74848
malloc, 64, 9463.000000, 146240, 225312, 74880
malloc, 64, 9479.000000, 146304, 225312, 74912
malloc, 64, 9474.000000, 146368, 225312, 74944
malloc, 64, 9487.000000, 146432, 225312, 74976
malloc, 64, 9450.000000, 146496, 225312, 75008
malloc, 64, 9442.000000, 146560, 225312, 75040
malloc, 64, 9404.000000, 146624, 225312, 75072
malloc, 64, 9389.000000, 146688, 225312, 75104
malloc, 64, 9478.000000, 146752, 225312, 75136
malloc, 64, 9366.000000, 146816, 225312, 75168
malloc, 64, 9408.000000, 146880, 225312, 75200
malloc, 64, 9450.000000, 146944, 225312, 75232
malloc, 64, 9512.000000, 147008, 225312, 75264
malloc, 64, 9433.000000, 147072, 225312, 75296
malloc, 64, 9501.000000, 147136, 225312, 75328
malloc, 64, 9388.000000, 147200, 225312, 75360
malloc, 64, 9422.000000, 147264, 225312, 75392
malloc, 64, 11745.000000, 147328, 225312, 75424
malloc, 64, 9659.000000, 147392, 225312, 75456
malloc, 64, 9466.000000, 147456, 225312, 75488
malloc, 64, 9531.000000, 147520, 225312, 75520
malloc, 64, 9555.000000, 147584, 225312, 75552
malloc, 64, 9551.000000, 147648, 225312, 75584
malloc, 64, 9545.000000, 147712, 225312, 75616
malloc, 64, 9506.000000, 147776, 225312, 75648
malloc, 64, 9430.000000, 147840, 225312, 75680
malloc, 64, 11803.000000, 147904, 229408, 75744
malloc, 64, 10173.000000, 147968, 229408, 75776
malloc, 64, 9560.000000, 148032, 229408, 75808
malloc, 64, 9606.000000, 148096, 229408, 75840
malloc, 64, 9579.000000, 148160, 229408, 75872
malloc, 64, 9489.000000, 148224, 229408, 75904
malloc, 64, 9600.000000, 148288, 229408, 75936
malloc, 64, 9580.000000, 148352, 229408, 75968
malloc, 64, 9628.000000, 148416, 229408, 76000
malloc, 64, 9569.000000, 148480, 229408, 76032
malloc, 64, 9461.000000, 148544, 229408, 76064
malloc, 64, 9541.000000, 148608, 229408, 76096
malloc, 64, 9643.000000, 148672, 229408, 76128
malloc, 64, 9553.000000, 148736, 229408, 76160
malloc, 64, 9640.000000, 148800, 229408, 76192
malloc, 64, 9697.000000, 148864, 229408, 76224
malloc, 64, 9549.000000, 148928, 229408, 76256
malloc, 64, 9527.000000, 148992, 229408, 76288
malloc, 64, 9751.000000, 149056, 229408, 76320
malloc, 64, 9529.000000, 149120, 229408, 76352
malloc, 64, 9702.000000, 149184, 229408, 76384
malloc, 64, 9663.000000, 149248, 229408, 76416
malloc, 64, 9695.000000, 149312, 229408, 76448
malloc, 64, 9659.000000, 149376, 229408, 76480
malloc, 64, 9720.000000, 149440, 229408, 76512
malloc, 64, 9618.000000, 149504, 229408, 76544
malloc, 64, 9706.000000, 149568, 229408, 76576
malloc, 64, 9710.000000, 149632, 229408, 76608
malloc, 64, 9707.000000, 149696, 229408, 76640
malloc, 64, 9735.000000, 149760, 229408, 76672
malloc, 64, 10245.000000, 149824, 229408, 76704
malloc, 64, 9689.000000, 149888, 229408, 76736
malloc, 64, 9659.000000, 149952, 229408, 76768
malloc, 64, 9730.000000, 150016, 229408, 76800
malloc, 64, 9632.000000, 150080, 229408, 76832
malloc, 64, 9641.000000, 150144, 229408, 76864
malloc, 64, 9775.000000, 150208, 229408, 76896
malloc, 64, 9645.000000, 150272, 229408, 76928
malloc, 64, 9626.000000, 150336, 229408, 76960
malloc, 64, 9744.000000, 150400, 229408, 76992
malloc, 64, 9646.000000, 150464, 229408, 77024
malloc, 64, 9655.000000, 150528, 229408, 77056
malloc, 64, 12046.000000, 150592, 233504, 77120
malloc, 64, 10411.000000, 150656, 233504, 77152
malloc, 64, 9736.000000, 150720, 233504, 77184
malloc, 64, 9801.000000, 150784, 233504, 77216
malloc, 64, 9687.000000, 150848, 233504, 77248
malloc, 64, 9662.000000, 150912, 233504, 77280
malloc, 64, 9779.000000, 150976, 233504, 77312
malloc, 64, 9822.000000, 151040, 233504, 77344
malloc, 64, 9692.000000, 151104, 233504, 77376
malloc, 64, 9732.000000, 151168, 233504, 77408
malloc, 64, 9846.000000, 151232, 233504, 77440
malloc, 64, 9739.000000, 151296, 233504, 77472
malloc, 64, 9769.000000, 151360, 233504, 77504
malloc, 64, 9886.000000, 151424, 233504, 77536
malloc, 64, 9750.000000, 151488, 233504, 77568
malloc, 64, 9903.000000, 151552, 233504, 77600
malloc, 64, 9757.000000, 151616, 233504, 77632
malloc, 64, 9739.000000, 151680, 233504, 77664
malloc, 64, 9830.000000, 151744, 233504, 77696
malloc, 64, 9786.000000, 151808, 233504, 77728
malloc, 64, 9766.000000, 151872, 233504, 77760
malloc, 64, 9881.000000, 151936, 233504, 77792
malloc, 64, 9772.000000, 152000, 233504, 77824
malloc, 64, 9777.000000, 152064, 233504, 77856
malloc, 64, 9782.000000, 152128, 233504, 77888
malloc, 64, 9780.000000, 152192, 233504, 77920
malloc, 64, 9853.000000, 152256, 233504, 77952
malloc, 64, 9765.000000, 152320, 233504, 77984
malloc, 64, 9778.000000, 152384, 233504, 78016
malloc, 64, 9888.000000, 152448, 233504, 78048
malloc, 64, 9857.000000, 152512, 233504, 78080
malloc, 64, 9772.000000, 152576, 233504, 78112
malloc, 64, 9932.000000, 152640, 233504, 78144
malloc, 64, 9886.000000, 152704, 233504, 78176
malloc, 64, 9866.000000, 152768, 233504, 78208
malloc, 64, 9826.000000, 152832, 233504, 78240
malloc, 64, 9897.000000, 152896, 233504, 78272
malloc, 64, 9969.000000, 152960, 233504, 78304
malloc, 64, 9803.000000, 153024, 233504, 78336
malloc, 64, 9944.000000, 153088, 233504, 78368
malloc, 64, 9801.000000, 153152, 233504, 78400
malloc, 64, 9833.000000, 153216, 233504, 78432
malloc, 64, 12098.000000, 153280, 237600, 78496
malloc, 64, 10558.000000, 153344, 237600, 78528
malloc, 64, 9964.000000, 153408, 237600, 78560
malloc, 64, 11919.000000, 153472, 237600, 78592
malloc, 64, 10133.000000, 153536, 237600, 78624
malloc, 64, 9922.000000, 153600, 237600, 78656
malloc, 64, 9946.000000, 153664, 237600, 78688
malloc, 64, 9884.000000, 153728, 237600, 78720
malloc, 64, 10006.000000, 153792, 237600, 78752
malloc, 64, 9968.000000, 153856, 237600, 78784
malloc, 64, 10013.000000, 153920, 237600, 78816
malloc, 64, 9880.000000, 153984, 237600, 78848
malloc, 64, 10001.000000, 154048, 237600, 78880
malloc, 64, 9981.000000, 154112, 237600, 78912
malloc, 64, 9970.000000, 154176, 237600, 78944
malloc, 64, 10004.000000, 154240, 237600, 78976
malloc, 64, 9956.000000, 154304, 237600, 79008
malloc, 64, 9958.000000, 154368, 237600, 79040
malloc, 64, 10096.000000, 154432, 237600, 79072
malloc, 64, 10069.000000, 154496, 237600, 79104
malloc, 64, 10058.000000, 154560, 237600, 79136
malloc, 64, 10045.000000, 154624, 237600, 79168
malloc, 64, 10043.000000, 154688, 237600, 79200
malloc, 64, 10068.000000, 154752, 237600, 79232
malloc, 64, 10034.000000, 154816, 237600, 79264
malloc, 64, 9977.000000, 154880, 237600, 79296
malloc, 64, 10076.000000, 154944, 237600, 79328
malloc, 64, 10075.000000, 155008, 237600, 79360
malloc, 64, 9957.000000, 155072, 237600, 79392
malloc, 64, 10120.000000, 155136, 237600, 79424
malloc, 64, 10063.000000, 155200, 237600, 79456
malloc, 64, 9946.000000, 155264, 237600, 79488
malloc, 64, 10111.000000, 155328, 237600, 79520
malloc, 64, 10055.000000, 155392, 237600, 79552
malloc, 64, 10054.000000, 155456, 237600, 79584
malloc, 64, 10143.000000, 155520, 237600, 79616
malloc, 64, 10096.000000, 155584, 237600, 79648
malloc, 64, 9977.000000, 155648, 237600, 79680
malloc, 64, 10080.000000, 155712, 237600, 79712
malloc, 64, 10091.000000, 155776, 237600, 79744
malloc, 64, 9980.000000, 155840, 237600, 79776
malloc, 64, 10107.000000, 155904, 237600, 79808
malloc, 64, 12275.000000, 155968, 241696, 79872
malloc, 64, 10712.000000, 156032, 241696, 79904
malloc, 64, 10088.000000, 156096, 241696, 79936
malloc, 64, 10147.000000, 156160, 241696, 79968
malloc, 64, 9992.000000, 156224, 241696, 80000
malloc, 64, 10034.000000, 156288, 241696, 80032
malloc, 64, 10008.000000, 156352, 241696, 80064
malloc, 64, 10018.000000, 156416, 241696, 80096
malloc, 64, 10190.000000, 156480, 241696, 80128
malloc, 64, 10131.000000, 156544, 241696, 80160
malloc, 64, 10059.000000, 156608, 241696, 80192
malloc, 64, 10177.000000, 156672, 241696, 80224
malloc, 64, 10192.000000, 156736, 241696, 80256
malloc, 64, 10052.000000, 156800, 241696, 80288
malloc, 64, 10236.000000, 156864, 241696, 80320
malloc, 64, 10182.000000, 156928, 241696, 80352
malloc, 64, 10189.000000, 156992, 241696, 80384
malloc, 64, 10210.000000, 157056, 241696, 80416
malloc, 64, 10196.000000, 157120, 241696, 80448
malloc, 64, 10113.000000, 157184, 241696, 80480
malloc, 64, 10086.000000, 157248, 241696, 80512
malloc, 64, 10067.000000, 157312, 241696, 80544
malloc, 64, 10076.000000, 157376, 241696, 80576
malloc, 64, 10246.000000, 157440, 241696, 80608
malloc, 64, 10104.000000, 157504, 241696, 80640
malloc, 64, 10233.000000, 157568, 241696, 80672
malloc, 64, 10274.000000, 157632, 241696, 80704
malloc, 64, 10214.000000, 157696, 241696, 80736
malloc, 64, 10216.000000, 157760, 241696, 80768
malloc, 64, 10227.000000, 157824, 241696, 80800
malloc, 64, 10158.000000, 157888, 241696, 80832
malloc, 64, 10099.000000, 157952, 241696, 80864
malloc, 64, 10272.000000, 158016, 241696, 80896
malloc, 64, 10233.000000, 158080, 241696, 80928
malloc, 64, 10113.000000, 158144, 241696, 80960
malloc, 64, 10193.000000, 158208, 241696, 80992
malloc, 64, 10255.000000, 158272, 241696, 81024
malloc, 64, 10130.000000, 158336, 241696, 81056
malloc, 64, 10200.000000, 158400, 241696, 81088
malloc, 64, 10269.000000, 158464, 241696, 81120
malloc, 64, 10174.000000, 158528, 241696, 81152
malloc, 64, 10228.000000, 158592, 241696, 81184
malloc, 64, 12210.000000, 158656, 245792, 81248
malloc, 64, 10852.000000, 158720, 245792, 81280
malloc, 64, 10227.000000, 158784, 245792, 81312
malloc, 64, 10292.000000, 158848, 245792, 81344
malloc, 64, 10212.000000, 158912, 245792, 81376
malloc, 64, 10209.000000, 158976, 245792, 81408
malloc, 64, 10282.000000, 159040, 245792, 81440
malloc, 64, 10313.000000, 159104, 245792, 81472
malloc, 64, 10241.000000, 159168, 245792, 81504
malloc, 64, 10348.000000, 159232, 245792, 81536
malloc, 64, 10407.000000, 159296, 245792, 81568
malloc, 64, 10288.000000, 159360, 245792, 81600
malloc, 64, 10299.000000, 159424, 245792, 81632
malloc, 64, 11941.000000, 159488, 245792, 81664
malloc, 64, 10452.000000, 159552, 245792, 81696
malloc, 64, 10354.000000, 159616, 245792, 81728
malloc, 64, 10363.000000, 159680, 245792, 81760
malloc, 64, 10367.000000, 159744, 245792, 81792
malloc, 64, 10322.000000, 159808, 245792, 81824
malloc, 64, 10339.000000, 159872, 245792, 81856
malloc, 64, 10345.000000, 159936, 245792, 81888
malloc, 64, 10459.000000, 160000, 245792, 81920
malloc, 64, 10450.000000, 160064, 245792, 81952
malloc, 64, 10359.000000, 160128, 245792, 81984
malloc, 64, 10431.000000, 160192, 245792, 82016
malloc, 64, 10375.000000, 160256, 245792, 82048
malloc, 64, 10386.000000, 160320, 245792, 82080
malloc, 64, 10347.000000, 160384, 245792, 82112
malloc, 64, 10388.000000, 160448, 245792, 82144
malloc, 64, 10396.000000, 160512, 245792, 82176
malloc, 64, 10463.000000, 160576, 245792, 82208
malloc, 64, 10516.000000, 160640, 245792, 82240
malloc, 64, 10377.000000, 160704, 245792, 82272
malloc, 64, 10360.000000, 160768, 245792, 82304
malloc, 64, 10996.000000, 160832, 245792, 82336
malloc, 64, 10436.000000, 160896, 245792, 82368
malloc, 64, 10531.000000, 160960, 245792, 82400
malloc, 64, 10487.000000, 161024, 245792, 82432
malloc, 64, 10415.000000, 161088, 245792, 82464
malloc, 64, 10520.000000, 161152, 245792, 82496
malloc, 64, 10456.000000, 161216, 245792, 82528
malloc, 64, 10528.000000, 161280, 245792, 82560
malloc, 64, 13015.000000, 161344, 249888, 82624
malloc, 64, 11185.000000, 161408, 249888, 82656
malloc, 64, 10517.000000, 161472, 249888, 82688
malloc, 64, 10594.000000, 161536, 249888, 82720
malloc, 64, 10453.000000, 161600, 249888, 82752
malloc, 64, 10460.000000, 161664, 249888, 82784
malloc, 64, 10593.000000, 161728, 249888, 82816
malloc, 64, 10448.000000, 161792, 249888, 82848
malloc, 64, 10575.000000, 161856, 249888, 82880
malloc, 64, 10583.000000, 161920, 249888, 82912
malloc, 64, 10497.000000, 161984, 249888, 82944
malloc, 64, 10609.000000, 162048, 249888, 82976
malloc, 64, 10595.000000, 162112, 249888, 83008
malloc, 64, 10494.000000, 162176, 249888, 83040
malloc, 64, 10606.000000, 162240, 249888, 83072
malloc, 64, 10617.000000, 162304, 249888, 83104
malloc, 64, 10473.000000, 162368, 249888, 83136
malloc, 64, 10594.000000, 162432, 249888, 83168
malloc, 64, 10631.000000, 162496, 249888, 83200
malloc, 64, 10498.000000, 162560, 249888, 83232
malloc, 64, 10615.000000, 162624, 249888, 83264
malloc, 64, 10611.000000, 162688, 249888, 83296
malloc, 64, 10514.000000, 162752, 249888, 83328
malloc, 64, 10653.000000, 162816, 249888, 83360
malloc, 64, 10630.000000, 162880, 249888, 83392
malloc, 64, 10537.000000, 162944, 249888, 83424
malloc, 64, 10642.000000, 163008, 249888, 83456
malloc, 64, 10644.000000, 163072, 249888, 83488
malloc, 64, 10505.000000, 163136, 249888, 83520
malloc, 64, 10526.000000, 163200, 249888, 83552
malloc, 64, 10667.000000, 163264, 249888, 83584
malloc, 64, 10541.000000, 163328, 249888, 83616
malloc, 64, 10643.000000, 163392, 249888, 83648
malloc, 64, 10666.000000, 163456, 249888, 83680
malloc, 64, 10538.000000, 163520, 249888, 83712
malloc, 64, 10700.000000, 163584, 249888, 83744
malloc, 64, 10698.000000, 163648, 249888, 83776
malloc, 64, 10542.000000, 163712, 249888, 83808
malloc, 64, 10717.000000, 163776, 249888, 83840
malloc, 64, 10682.000000, 163840, 249888, 83872
malloc, 64, 10557.000000, 163904, 249888, 83904
malloc, 64, 10722.000000, 163968, 249888, 83936
malloc, 64, 13975.000000, 164032, 253984, 84000
malloc, 64, 11283.000000, 164096, 253984, 84032
malloc, 64, 10675.000000, 164160, 253984, 84064
malloc, 64, 10750.000000, 164224, 253984, 84096
malloc, 64, 10718.000000, 164288, 253984, 84128
malloc, 64, 10783.000000, 164352, 253984, 84160
malloc, 64, 10747.000000, 164416, 253984, 84192
malloc, 64, 10686.000000, 164480, 253984, 84224
malloc, 64, 10750.000000, 164544, 253984, 84256
malloc, 64, 10679.000000, 164608, 253984, 84288
malloc, 64, 10699.000000, 164672, 253984, 84320
malloc, 64, 10841.000000, 164736, 253984, 84352
malloc, 64, 10837.000000, 164800, 253984, 84384
malloc, 64, 10726.000000, 164864, 253984, 84416
malloc, 64, 10810.000000, 164928, 253984, 84448
malloc, 64, 10786.000000, 164992, 253984, 84480
malloc, 64, 10758.000000, 165056, 253984, 84512
malloc, 64, 10759.000000, 165120, 253984, 84544
malloc, 64, 12491.000000, 165184, 253984, 84576
malloc, 64, 11098.000000, 165248, 253984, 84608
malloc, 64, 10753.000000, 165312, 253984, 84640
malloc, 64, 10868.000000, 165376, 253984, 84672
malloc, 64, 10755.000000, 165440, 253984, 84704
malloc, 64, 10812.000000, 165504, 253984, 84736
malloc, 64, 10878.000000, 165568, 253984, 84768
malloc, 64, 10752.000000, 165632, 253984, 84800
malloc, 64, 10876.000000, 165696, 253984, 84832
malloc, 64, 10904.000000, 165760, 253984, 84864
malloc, 64, 10769.000000, 165824, 253984, 84896
malloc, 64, 10838.000000, 165888, 253984, 84928
malloc, 64, 10931.000000, 165952, 253984, 84960
malloc, 64, 10762.000000, 166016, 253984, 84992
malloc, 64, 10791.000000, 166080, 253984, 85024
malloc, 64, 10885.000000, 166144, 253984, 85056
malloc, 64, 10770.000000, 166208, 253984, 85088
malloc, 64, 10807.000000, 166272, 253984, 85120
malloc, 64, 10908.000000, 166336, 253984, 85152
malloc, 64, 10801.000000, 166400, 253984, 85184
malloc, 64, 10795.000000, 166464, 253984, 85216
malloc, 64, 10907.000000, 166528, 253984, 85248
malloc, 64, 10793.000000, 166592, 253984, 85280
malloc, 64, 10916.000000, 166656, 253984, 85312
malloc, 64, 12968.000000, 166720, 258080, 85376
malloc, 64, 11593.000000, 166784, 258080, 85408
malloc, 64, 10860.000000, 166848, 258080, 85440
malloc, 64, 10916.000000, 166912, 258080, 85472
malloc, 64, 10888.000000, 166976, 258080, 85504
malloc, 64, 10950.000000, 167040, 258080, 85536
malloc, 64, 10916.000000, 167104, 258080, 85568
malloc, 64, 10985.000000, 167168, 258080, 85600
malloc, 64, 10982.000000, 167232, 258080, 85632
malloc, 64, 10955.000000, 167296, 258080, 85664
malloc, 64, 10831.000000, 167360, 258080, 85696
malloc, 64, 10958.000000, 167424, 258080, 85728
malloc, 64, 10946.000000, 167488, 258080, 85760
malloc, 64, 10876.000000, 167552, 258080, 85792
malloc, 64, 10952.000000, 167616, 258080, 85824
malloc, 64, 11014.000000, 167680, 258080, 85856
malloc, 64, 10903.000000, 167744, 258080, 85888
malloc, 64, 11033.000000, 167808, 258080, 85920
malloc, 64, 11063.000000, 167872, 258080, 85952
malloc, 64, 10889.000000, 167936, 258080, 85984
malloc, 64, 10856.000000, 168000, 258080, 86016
malloc, 64, 11025.000000, 168064, 258080, 86048
malloc, 64, 10936.000000, 168128, 258080, 86080
malloc, 64, 11037.000000, 168192, 258080, 86112
malloc, 64, 11007.000000, 168256, 258080, 86144
malloc, 64, 10878.000000, 168320, 258080, 86176
malloc, 64, 11023.000000, 168384, 258080, 86208
malloc, 64, 10890.000000, 168448, 258080, 86240
malloc, 64, 10897.000000, 168512, 258080, 86272
malloc, 64, 11062.000000, 168576, 258080, 86304
malloc, 64, 11041.000000, 168640, 258080, 86336
malloc, 64, 10904.000000, 168704, 258080, 86368
malloc, 64, 11059.000000, 168768, 258080, 86400
malloc, 64, 11069.000000, 168832, 258080, 86432
malloc, 64, 10969.000000, 168896, 258080, 86464
malloc, 64, 11060.000000, 168960, 258080, 86496
malloc, 64, 10937.000000, 169024, 258080, 86528
malloc, 64, 10934.000000, 169088, 258080, 86560
malloc, 64, 11114.000000, 169152, 258080, 86592
malloc, 64, 11097.000000, 169216, 258080, 86624
malloc, 64, 10981.000000, 169280, 258080, 86656
malloc, 64, 11094.000000, 169344, 258080, 86688
malloc, 64, 13118.000000, 169408, 262176, 86752
malloc, 64, 11754.000000, 169472, 262176, 86784
malloc, 64, 11056.000000, 169536, 262176, 86816
malloc, 64, 11165.000000, 169600, 262176, 86848
malloc, 64, 11053.000000, 169664, 262176, 86880
malloc, 64, 11084.000000, 169728, 262176, 86912
malloc, 64, 11126.000000, 169792, 262176, 86944
malloc, 64, 11039.000000, 169856, 262176, 86976
malloc, 64, 10994.000000, 169920, 262176, 87008
malloc, 64, 11120.000000, 169984, 262176, 87040
malloc, 64, 11042.000000, 170048, 262176, 87072
malloc, 64, 10994.000000, 170112, 262176, 87104
malloc, 64, 11028.000000, 170176, 262176, 87136
malloc, 64, 11097.000000, 170240, 262176, 87168
malloc, 64, 11146.000000, 170304, 262176, 87200
malloc, 64, 11052.000000, 170368, 262176, 87232
malloc, 64, 11008.000000, 170432, 262176, 87264
malloc, 64, 11191.000000, 170496, 262176, 87296
malloc, 64, 11039.000000, 170560, 262176, 87328
malloc, 64, 11064.000000, 170624, 262176, 87360
malloc, 64, 11169.000000, 170688, 262176, 87392
malloc, 64, 12938.000000, 170752, 262176, 87424
malloc, 64, 11235.000000, 170816, 262176, 87456
malloc, 64, 11070.000000, 170880, 262176, 87488
malloc, 64, 11220.000000, 170944, 262176, 87520
malloc, 64, 11075.000000, 171008, 262176, 87552
malloc, 64, 11214.000000, 171072, 262176, 87584
malloc, 64, 11188.000000, 171136, 262176, 87616
malloc, 64, 11122.000000, 171200, 262176, 87648
malloc, 64, 11103.000000, 171264, 262176, 87680
malloc, 64, 11198.000000, 171328, 262176, 87712
malloc, 64, 11121.000000, 171392, 262176, 87744
malloc, 64, 11235.000000, 171456, 262176, 87776
malloc, 64, 11203.000000, 171520, 262176, 87808
malloc, 64, 11114.000000, 171584, 262176, 87840
malloc, 64, 11260.000000, 171648, 262176, 87872
malloc, 64, 11224.000000, 171712, 262176, 87904
malloc, 64, 11558.000000, 171776, 262176, 87936
malloc, 64, 11149.000000, 171840, 262176, 87968
malloc, 64, 11311.000000, 171904, 262176, 88000
malloc, 64, 11121.000000, 171968, 262176, 88032
malloc, 64, 11141.000000, 172032, 262176, 88064
malloc, 64, 14010.000000, 172096, 266272, 88128
malloc, 64, 11917.000000, 172160, 266272, 88160
malloc, 64, 11198.000000, 172224, 266272, 88192
malloc, 64, 11166.000000, 172288, 266272, 88224
malloc, 64, 11138.000000, 172352, 266272, 88256
malloc, 64, 11337.000000, 172416, 266272, 88288
malloc, 64, 11269.000000, 172480, 266272, 88320
malloc, 64, 11175.000000, 172544, 266272, 88352
malloc, 64, 11291.000000, 172608, 266272, 88384
malloc, 64, 11285.000000, 172672, 266272, 88416
malloc, 64, 11190.000000, 172736, 266272, 88448
malloc, 64, 11319.000000, 172800, 266272, 88480
malloc, 64, 11300.000000, 172864, 266272, 88512
malloc, 64, 11203.000000, 172928, 266272, 88544
malloc, 64, 11211.000000, 172992, 266272, 88576
malloc, 64, 11296.000000, 173056, 266272, 88608
malloc, 64, 11215.000000, 173120, 266272, 88640
malloc, 64, 11193.000000, 173184, 266272, 88672
malloc, 64, 11204.000000, 173248, 266272, 88704
malloc, 64, 11249.000000, 173312, 266272, 88736
malloc, 64, 11336.000000, 173376, 266272, 88768
malloc, 64, 11376.000000, 173440, 266272, 88800
malloc, 64, 11276.000000, 173504, 266272, 88832
malloc, 64, 11375.000000, 173568, 266272, 88864
malloc, 64, 11391.000000, 173632, 266272, 88896
malloc, 64, 11240.000000, 173696, 266272, 88928
malloc, 64, 11331.000000, 173760, 266272, 88960
malloc, 64, 11365.000000, 173824, 266272, 88992
malloc, 64, 11217.000000, 173888, 266272, 89024
malloc, 64, 11260.000000, 173952, 266272, 89056
malloc, 64, 11391.000000, 174016, 266272, 89088
malloc, 64, 11258.000000, 174080, 266272, 89120
malloc, 64, 11386.000000, 174144, 266272, 89152
malloc, 64, 11296.000000, 174208, 266272, 89184
malloc, 64, 11285.000000, 174272, 266272, 89216
malloc, 64, 11416.000000, 174336, 266272, 89248
malloc, 64, 11378.000000, 174400, 266272, 89280
malloc, 64, 11283.000000, 174464, 266272, 89312
malloc, 64, 11456.000000, 174528, 266272, 89344
malloc, 64, 11372.000000, 174592, 266272, 89376
malloc, 64, 11290.000000, 174656, 266272, 89408
malloc, 64, 11429.000000, 174720, 266272, 89440
malloc, 64, 13587.000000, 174784, 270368, 89504
malloc, 64, 12074.000000, 174848, 270368, 89536
malloc, 64, 11403.000000, 174912, 270368, 89568
malloc, 64, 11450.000000, 174976, 270368, 89600
malloc, 64, 11307.000000, 175040, 270368, 89632
malloc, 64, 11427.000000, 175104, 270368, 89664
malloc, 64, 11452.000000, 175168, 270368, 89696
malloc, 64, 11337.000000, 175232, 270368, 89728
malloc, 64, 11437.000000, 175296, 270368, 89760
malloc, 64, 11335.000000, 175360, 270368, 89792
malloc, 64, 11331.000000, 175424, 270368, 89824
malloc, 64, 11464.000000, 175488, 270368, 89856
malloc, 64, 11453.000000, 175552, 270368, 89888
malloc, 64, 11481.000000, 175616, 270368, 89920
malloc, 64, 11486.000000, 175680, 270368, 89952
malloc, 64, 11472.000000, 175744, 270368, 89984
malloc, 64, 11352.000000, 175808, 270368, 90016
malloc, 64, 11348.000000, 175872, 270368, 90048
malloc, 64, 11465.000000, 175936, 270368, 90080
malloc, 64, 11357.000000, 176000, 270368, 90112
malloc, 64, 11475.000000, 176064, 270368, 90144
malloc, 64, 13629.000000, 176128, 270368, 90176
malloc, 64, 11511.000000, 176192, 270368, 90208
malloc, 64, 11427.000000, 176256, 270368, 90240
malloc, 64, 11471.000000, 176320, 270368, 90272
malloc, 64, 11549.000000, 176384, 270368, 90304
malloc, 64, 11504.000000, 176448, 270368, 90336
malloc, 64, 11539.000000, 176512, 270368, 90368
malloc, 64, 11440.000000, 176576, 270368, 90400
malloc, 64, 11507.000000, 176640, 270368, 90432
malloc, 64, 11555.000000, 176704, 270368, 90464
malloc, 64, 11437.000000, 176768, 270368, 90496
malloc, 64, 11445.000000, 176832, 270368, 90528
malloc, 64, 11558.000000, 176896, 270368, 90560
malloc, 64, 11524.000000, 176960, 270368, 90592
malloc, 64, 11570.000000, 177024, 270368, 90624
malloc, 64, 11592.000000, 177088, 270368, 90656
malloc, 64, 11545.000000, 177152, 270368, 90688
malloc, 64, 11480.000000, 177216, 270368, 90720
malloc, 64, 11601.000000, 177280, 270368, 90752
malloc, 64, 11475.000000, 177344, 270368, 90784
malloc, 64, 11618.000000, 177408, 270368, 90816
malloc, 64, 13820.000000, 177472, 274464, 90880
malloc, 64, 12391.000000, 177536, 274464, 90912
malloc, 64, 11572.000000, 177600, 274464, 90944
malloc, 64, 11624.000000, 177664, 274464, 90976
malloc, 64, 11503.000000, 177728, 274464, 91008
malloc, 64, 11509.000000, 177792, 274464, 91040
malloc, 64, 11657.000000, 177856, 274464, 91072
malloc, 64, 11564.000000, 177920, 274464, 91104
malloc, 64, 11480.000000, 177984, 274464, 91136
malloc, 64, 11678.000000, 178048, 274464, 91168
malloc, 64, 11525.000000, 178112, 274464, 91200
malloc, 64, 11553.000000, 178176, 274464, 91232
malloc, 64, 11711.000000, 178240, 274464, 91264
malloc, 64, 11742.000000, 178304, 274464, 91296
malloc, 64, 11538.000000, 178368, 274464, 91328
malloc, 64, 11556.000000, 178432, 274464, 91360
malloc, 64, 11554.000000, 178496, 274464, 91392
malloc, 64, 11568.000000, 178560, 274464, 91424
malloc, 64, 11544.000000, 178624, 274464, 91456
malloc, 64, 11639.000000, 178688, 274464, 91488
malloc, 64, 11607.000000, 178752, 274464, 91520
malloc, 64, 11665.000000, 178816, 274464, 91552
malloc, 64, 11575.000000, 178880, 274464, 91584
malloc, 64, 11562.000000, 178944, 274464, 91616
malloc, 64, 11683.000000, 179008, 274464, 91648
malloc, 64, 11689.000000, 179072, 274464, 91680
malloc, 64, 11542.000000, 179136, 274464, 91712
malloc, 64, 11706.000000, 179200, 274464, 91744
malloc, 64, 11630.000000, 179264, 274464, 91776
malloc, 64, 11688.000000, 179328, 274464, 91808
malloc, 64, 11692.000000, 179392, 274464, 91840
malloc, 64, 11587.000000, 179456, 274464, 91872
malloc, 64, 11609.000000, 179520, 274464, 91904
malloc, 64, 11699.000000, 179584, 274464, 91936
malloc, 64, 11577.000000, 179648, 274464, 91968
malloc, 64, 11721.000000, 179712, 274464, 92000
malloc, 64, 11746.000000, 179776, 274464, 92032
malloc, 64, 11571.000000, 179840, 274464, 92064
malloc, 64, 11617.000000, 179904, 274464, 92096
malloc, 64, 11720.000000, 179968, 274464, 92128
malloc, 64, 11614.000000, 180032, 274464, 92160
malloc, 64, 11676.000000, 180096, 274464, 92192
malloc, 64, 13855.000000, 180160, 278560, 92256
malloc, 64, 12471.000000, 180224, 278560, 92288
malloc, 64, 11744.000000, 180288, 278560, 92320
malloc, 64, 11725.000000, 180352, 278560, 92352
malloc, 64, 11716.000000, 180416, 278560, 92384
malloc, 64, 11696.000000, 180480, 278560, 92416
malloc, 64, 11825.000000, 180544, 278560, 92448
malloc, 64, 11705.000000, 180608, 278560, 92480
malloc, 64, 11710.000000, 180672, 278560, 92512
malloc, 64, 11850.000000, 180736, 278560, 92544
malloc, 64, 11696.000000, 180800, 278560, 92576
malloc, 64, 11854.000000, 180864, 278560, 92608
malloc, 64, 11843.000000, 180928, 278560, 92640
malloc, 64, 11676.000000, 180992, 278560, 92672
malloc, 64, 11694.000000, 181056, 278560, 92704
malloc, 64, 11708.000000, 181120, 278560, 92736
malloc, 64, 11839.000000, 181184, 278560, 92768
malloc, 64, 11739.000000, 181248, 278560, 92800
malloc, 64, 11859.000000, 181312, 278560, 92832
malloc, 64, 14191.000000, 181376, 278560, 92864
malloc, 64, 11840.000000, 181440, 278560, 92896
malloc, 64, 11927.000000, 181504, 278560, 92928
malloc, 64, 11877.000000, 181568, 278560, 92960
malloc, 64, 11750.000000, 181632, 278560, 92992
malloc, 64, 11770.000000, 181696, 278560, 93024
malloc, 64, 11747.000000, 181760, 278560, 93056
malloc, 64, 11778.000000, 181824, 278560, 93088
malloc, 64, 11894.000000, 181888, 278560, 93120
malloc, 64, 11812.000000, 181952, 278560, 93152
malloc, 64, 11876.000000, 182016, 278560, 93184
malloc, 64, 11905.000000, 182080, 278560, 93216
malloc, 64, 11747.000000, 182144, 278560, 93248
malloc, 64, 11915.000000, 182208, 278560, 93280
malloc, 64, 11753.000000, 182272, 278560, 93312
malloc, 64, 11802.000000, 182336, 278560, 93344
malloc, 64, 11835.000000, 182400, 278560, 93376
malloc, 64, 11914.000000, 182464, 278560, 93408
malloc, 64, 11820.000000, 182528, 278560, 93440
malloc, 64, 11855.000000, 182592, 278560, 93472
malloc, 64, 11939.000000, 182656, 278560, 93504
malloc, 64, 12212.000000, 182720, 278560, 93536
malloc, 64, 11916.000000, 182784, 278560, 93568
malloc, 64, 14495.000000, 182848, 282656, 93632
malloc, 64, 12608.000000, 182912, 282656, 93664
malloc, 64, 11932.000000, 182976, 282656, 93696
malloc, 64, 12051.000000, 183040, 282656, 93728
malloc, 64, 12011.000000, 183104, 282656, 93760
malloc, 64, 11870.000000, 183168, 282656, 93792
malloc, 64, 11821.000000, 183232, 282656, 93824
malloc, 64, 11864.000000, 183296, 282656, 93856
malloc, 64, 11985.000000, 183360, 282656, 93888
malloc, 64, 11874.000000, 183424, 282656, 93920
malloc, 64, 11825.000000, 183488, 282656, 93952
malloc, 64, 11989.000000, 183552, 282656, 93984
malloc, 64, 11975.000000, 183616, 282656, 94016
malloc, 64, 12022.000000, 183680, 282656, 94048
malloc, 64, 11975.000000, 183744, 282656, 94080
malloc, 64, 11977.000000, 183808, 282656, 94112
malloc, 64, 11871.000000, 183872, 282656, 94144
malloc, 64, 12012.000000, 183936, 282656, 94176
malloc, 64, 12091.000000, 184000, 282656, 94208
malloc, 64, 12036.000000, 184064, 282656, 94240
malloc, 64, 11919.000000, 184128, 282656, 94272
malloc, 64, 12023.000000, 184192, 282656, 94304
malloc, 64, 11885.000000, 184256, 282656, 94336
malloc, 64, 12066.000000, 184320, 282656, 94368
malloc, 64, 11934.000000, 184384, 282656, 94400
malloc, 64, 11910.000000, 184448, 282656, 94432
malloc, 64, 11919.000000, 184512, 282656, 94464
malloc, 64, 11984.000000, 184576, 282656, 94496
malloc, 64, 11914.000000, 184640, 282656, 94528
malloc, 64, 11917.000000, 184704, 282656, 94560
malloc, 64, 12035.000000, 184768, 282656, 94592
malloc, 64, 11966.000000, 184832, 282656, 94624
malloc, 64, 12079.000000, 184896, 282656, 94656
malloc, 64, 11975.000000, 184960, 282656, 94688
malloc, 64, 11932.000000, 185024, 282656, 94720
malloc, 64, 12130.000000, 185088, 282656, 94752
malloc, 64, 12034.000000, 185152, 282656, 94784
malloc, 64, 11997.000000, 185216, 282656, 94816
malloc, 64, 12138.000000, 185280, 282656, 94848
malloc, 64, 12055.000000, 185344, 282656, 94880
malloc, 64, 12038.000000, 185408, 282656, 94912
malloc, 64, 12006.000000, 185472, 282656, 94944
malloc, 64, 14315.000000, 185536, 286752, 95008
malloc, 64, 12720.000000, 185600, 286752, 95040
malloc, 64, 12212.000000, 185664, 286752, 95072
malloc, 64, 11475.000000, 185728, 286752, 95104
malloc, 64, 11640.000000, 185792, 286752, 95136
malloc, 64, 11682.000000, 185856, 286752, 95168
malloc, 64, 11617.000000, 185920, 286752, 95200
malloc, 64, 11373.000000, 185984, 286752, 95232
malloc, 64, 9866.000000, 186048, 286752, 95264
malloc, 64, 9949.000000, 186112, 286752, 95296
malloc, 64, 9823.000000, 186176, 286752, 95328
malloc, 64, 9715.000000, 186240, 286752, 95360
malloc, 64, 9855.000000, 186304, 286752, 95392
malloc, 64, 9839.000000, 186368, 286752, 95424
malloc, 64, 9822.000000, 186432, 286752, 95456
malloc, 64, 13438.000000, 186496, 286752, 95488
malloc, 64, 10372.000000, 186560, 286752, 95520
malloc, 64, 9946.000000, 186624, 286752, 95552
malloc, 64, 10048.000000, 186688, 286752, 95584
malloc, 64, 9897.000000, 186752, 286752, 95616
malloc, 64, 9782.000000, 186816, 286752, 95648
malloc, 64, 9775.000000, 186880, 286752, 95680
malloc, 64, 9778.000000, 186944, 286752, 95712
malloc, 64, 9753.000000, 187008, 286752, 95744
malloc, 64, 9826.000000, 187072, 286752, 95776
malloc, 64, 9786.000000, 187136, 286752, 95808
malloc, 64, 9689.000000, 187200, 286752, 95840
malloc, 64, 9879.000000, 187264, 286752, 95872
malloc, 64, 9817.000000, 187328, 286752, 95904
malloc, 64, 9771.000000, 187392, 286752, 95936
malloc, 64, 9734.000000, 187456, 286752, 95968
malloc, 64, 9825.000000, 187520, 286752, 96000
malloc, 64, 9776.000000, 187584, 286752, 96032
malloc, 64, 9808.000000, 187648, 286752, 96064
malloc, 64, 9820.000000, 187712, 286752, 96096
malloc, 64, 9761.000000, 187776, 286752, 96128
malloc, 64, 9835.000000, 187840, 286752, 96160
malloc, 64, 9868.000000, 187904, 286752, 96192
malloc, 64, 9769.000000, 187968, 286752, 96224
malloc, 64, 9988.000000, 188032, 286752, 96256
malloc, 64, 9814.000000, 188096, 286752, 96288
malloc, 64, 9800.000000, 188160, 286752, 96320
malloc, 64, 14768.000000, 188224, 290848, 96384
malloc, 64, 10433.000000, 188288, 290848, 96416
malloc, 64, 9981.000000, 188352, 290848, 96448
malloc, 64, 9983.000000, 188416, 290848, 96480
malloc, 64, 9901.000000, 188480, 290848, 96512
malloc, 64, 9893.000000, 188544, 290848, 96544
malloc, 64, 9978.000000, 188608, 290848, 96576
malloc, 64, 9946.000000, 188672, 290848, 96608
malloc, 64, 9798.000000, 188736, 290848, 96640
malloc, 64, 9881.000000, 188800, 290848, 96672
malloc, 64, 9911.000000, 188864, 290848, 96704
malloc, 64, 9792.000000, 188928, 290848, 96736
malloc, 64, 9918.000000, 188992, 290848, 96768
malloc, 64, 9876.000000, 189056, 290848, 96800
malloc, 64, 9896.000000, 189120, 290848, 96832
malloc, 64, 9980.000000, 189184, 290848, 96864
malloc, 64, 9932.000000, 189248, 290848, 96896
malloc, 64, 9895.000000, 189312, 290848, 96928
malloc, 64, 9939.000000, 189376, 290848, 96960
malloc, 64, 9982.000000, 189440, 290848, 96992
malloc, 64, 9907.000000, 189504, 290848, 97024
malloc, 64, 9934.000000, 189568, 290848, 97056
malloc, 64, 9945.000000, 189632, 290848, 97088
malloc, 64, 9899.000000, 189696, 290848, 97120
malloc, 64, 9951.000000, 189760, 290848, 97152
malloc, 64, 9978.000000, 189824, 290848, 97184
malloc, 64, 9894.000000, 189888, 290848, 97216
malloc, 64, 10025.000000, 189952, 290848, 97248
malloc, 64, 10032.000000, 190016, 290848, 97280
malloc, 64, 9921.000000, 190080, 290848, 97312
malloc, 64, 10000.000000, 190144, 290848, 97344
malloc, 64, 9940.000000, 190208, 290848, 97376
malloc, 64, 9906.000000, 190272, 290848, 97408
malloc, 64, 10020.000000, 190336, 290848, 97440
malloc, 64, 9990.000000, 190400, 290848, 97472
malloc, 64, 9908.000000, 190464, 290848, 97504
malloc, 64, 10099.000000, 190528, 290848, 97536
malloc, 64, 10011.000000, 190592, 290848, 97568
malloc, 64, 9963.000000, 190656, 290848, 97600
malloc, 64, 10104.000000, 190720, 290848, 97632
malloc, 64, 10015.000000, 190784, 290848, 97664
malloc, 64, 10027.000000, 190848, 290848, 97696
malloc, 64, 12313.000000, 190912, 294944, 97760
malloc, 64, 10445.000000, 190976, 294944, 97792
malloc, 64, 10043.000000, 191040, 294944, 97824
malloc, 64, 10087.000000, 191104, 294944, 97856
malloc, 64, 10089.000000, 191168, 294944, 97888
malloc, 64, 10076.000000, 191232, 294944, 97920
malloc, 64, 10058.000000, 191296, 294944, 97952
malloc, 64, 10060.000000, 191360, 294944, 97984
malloc, 64, 10061.000000, 191424, 294944, 98016
malloc, 64, 10363.000000, 191488, 294944, 98048
malloc, 64, 10057.000000, 191552, 294944, 98080
malloc, 64, 10022.000000, 191616, 294944, 98112
malloc, 64, 10093.000000, 191680, 294944, 98144
malloc, 64, 10103.000000, 191744, 294944, 98176
malloc, 64, 9996.000000, 191808, 294944, 98208
malloc, 64, 10187.000000, 191872, 294944, 98240
malloc, 64, 10099.000000, 191936, 294944, 98272
malloc, 64, 10111.000000, 192000, 294944, 98304
malloc, 64, 10167.000000, 192064, 294944, 98336
malloc, 64, 10149.000000, 192128, 294944, 98368
malloc, 64, 10015.000000, 192192, 294944, 98400
malloc, 64, 10151.000000, 192256, 294944, 98432
malloc, 64, 10165.000000, 192320, 294944, 98464
malloc, 64, 10057.000000, 192384, 294944, 98496
malloc, 64, 10161.000000, 192448, 294944, 98528
malloc, 64, 10169.000000, 192512, 294944, 98560
malloc, 64, 12400.000000, 192576, 294944, 98592
malloc, 64, 10327.000000, 192640, 294944, 98624
malloc, 64, 10199.000000, 192704, 294944, 98656
malloc, 64, 10121.000000, 192768, 294944, 98688
malloc, 64, 10230.000000, 192832, 294944, 98720
malloc, 64, 10169.000000, 192896, 294944, 98752
malloc, 64, 10183.000000, 192960, 294944, 98784
malloc, 64, 10132.000000, 193024, 294944, 98816
malloc, 64, 10342.000000, 193088, 294944, 98848
malloc, 64, 10267.000000, 193152, 294944, 98880
malloc, 64, 10213.000000, 193216, 294944, 98912
malloc, 64, 10247.000000, 193280, 294944, 98944
malloc, 64, 10131.000000, 193344, 294944, 98976
malloc, 64, 10205.000000, 193408, 294944, 99008
malloc, 64, 10273.000000, 193472, 294944, 99040
malloc, 64, 10165.000000, 193536, 294944, 99072
malloc, 64, 13890.000000, 193600, 299040, 99136
malloc, 64, 11049.000000, 193664, 299040, 99168
malloc, 64, 10639.000000, 193728, 299040, 99200
malloc, 64, 10372.000000, 193792, 299040, 99232
malloc, 64, 10343.000000, 193856, 299040, 99264
malloc, 64, 10276.000000, 193920, 299040, 99296
malloc, 64, 10231.000000, 193984, 299040, 99328
malloc, 64, 10217.000000, 194048, 299040, 99360
malloc, 64, 10225.000000, 194112, 299040, 99392
malloc, 64, 10251.000000, 194176, 299040, 99424
malloc, 64, 10312.000000, 194240, 299040, 99456
malloc, 64, 10327.000000, 194304, 299040, 99488
malloc, 64, 10244.000000, 194368, 299040, 99520
malloc, 64, 10202.000000, 194432, 299040, 99552
malloc, 64, 10314.000000, 194496, 299040, 99584
malloc, 64, 10398.000000, 194560, 299040, 99616
malloc, 64, 10268.000000, 194624, 299040, 99648
malloc, 64, 10184.000000, 194688, 299040, 99680
malloc, 64, 10284.000000, 194752, 299040, 99712
malloc, 64, 10263.000000, 194816, 299040, 99744
malloc, 64, 10248.000000, 194880, 299040, 99776
malloc, 64, 10338.000000, 194944, 299040, 99808
malloc, 64, 10316.000000, 195008, 299040, 99840
malloc, 64, 10510.000000, 195072, 299040, 99872
malloc, 64, 10564.000000, 195136, 299040, 99904
malloc, 64, 10333.000000, 195200, 299040, 99936
malloc, 64, 10378.000000, 195264, 299040, 99968
malloc, 64, 10442.000000, 195328, 299040, 100000
malloc, 64, 10412.000000, 195392, 299040, 100032
malloc, 64, 10437.000000, 195456, 299040, 100064
malloc, 64, 10314.000000, 195520, 299040, 100096
malloc, 64, 10427.000000, 195584, 299040, 100128
malloc, 64, 10334.000000, 195648, 299040, 100160
malloc, 64, 10440.000000, 195712, 299040, 100192
malloc, 64, 10264.000000, 195776, 299040, 100224
malloc, 64, 10332.000000, 195840, 299040, 100256
malloc, 64, 10289.000000, 195904, 299040, 100288
malloc, 64, 10322.000000, 195968, 299040, 100320
malloc, 64, 10390.000000, 196032, 299040, 100352
malloc, 64, 10365.000000, 196096, 299040, 100384
malloc, 64, 10415.000000, 196160, 299040, 100416
malloc, 64, 10425.000000, 196224, 299040, 100448
malloc, 64, 13084.000000, 196288, 303136, 100512
malloc, 64, 10727.000000, 196352, 303136, 100544
malloc, 64, 10454.000000, 196416, 303136, 100576
malloc, 64, 10502.000000, 196480, 303136, 100608
malloc, 64, 10402.000000, 196544, 303136, 100640
malloc, 64, 10315.000000, 196608, 303136, 100672
malloc, 64, 10260.000000, 196672, 303136, 100704
malloc, 64, 10462.000000, 196736, 303136, 100736
malloc, 64, 10401.000000, 196800, 303136, 100768
malloc, 64, 10466.000000, 196864, 303136, 100800
malloc, 64, 10430.000000, 196928, 303136, 100832
malloc, 64, 10342.000000, 196992, 303136, 100864
malloc, 64, 10439.000000, 197056, 303136, 100896
malloc, 64, 10371.000000, 197120, 303136, 100928
malloc, 64, 10372.000000, 197184, 303136, 100960
malloc, 64, 10469.000000, 197248, 303136, 100992
malloc, 64, 10407.000000, 197312, 303136, 101024
malloc, 64, 10381.000000, 197376, 303136, 101056
malloc, 64, 10374.000000, 197440, 303136, 101088
malloc, 64, 10453.000000, 197504, 303136, 101120
malloc, 64, 10354.000000, 197568, 303136, 101152
malloc, 64, 10535.000000, 197632, 303136, 101184
malloc, 64, 10421.000000, 197696, 303136, 101216
malloc, 64, 10395.000000, 197760, 303136, 101248
malloc, 64, 10464.000000, 197824, 303136, 101280
malloc, 64, 10465.000000, 197888, 303136, 101312
malloc, 64, 10403.000000, 197952, 303136, 101344
malloc, 64, 10461.000000, 198016, 303136, 101376
malloc, 64, 10560.000000, 198080, 303136, 101408
malloc, 64, 10461.000000, 198144, 303136, 101440
malloc, 64, 10502.000000, 198208, 303136, 101472
malloc, 64, 10489.000000, 198272, 303136, 101504
malloc, 64, 13124.000000, 198336, 303136, 101536
malloc, 64, 10797.000000, 198400, 303136, 101568
malloc, 64, 10540.000000, 198464, 303136, 101600
malloc, 64, 10416.000000, 198528, 303136, 101632
malloc, 64, 10553.000000, 198592, 303136, 101664
malloc, 64, 10460.000000, 198656, 303136, 101696
malloc, 64, 10493.000000, 198720, 303136, 101728
malloc, 64, 10535.000000, 198784, 303136, 101760
malloc, 64, 10732.000000, 198848, 303136, 101792
malloc, 64, 10532.000000, 198912, 303136, 101824
malloc, 64, 12844.000000, 198976, 307232, 101888
malloc, 64, 10951.000000, 199040, 307232, 101920
malloc, 64, 10546.000000, 199104, 307232, 101952
malloc, 64, 10653.000000, 199168, 307232, 101984
malloc, 64, 10528.000000, 199232, 307232, 102016
malloc, 64, 10609.000000, 199296, 307232, 102048
malloc, 64, 10678.000000, 199360, 307232, 102080
malloc, 64, 10484.000000, 199424, 307232, 102112
malloc, 64, 10537.000000, 199488, 307232, 102144
malloc, 64, 10608.000000, 199552, 307232, 102176
malloc, 64, 10479.000000, 199616, 307232, 102208
malloc, 64, 10536.000000, 199680, 307232, 102240
malloc, 64, 10735.000000, 199744, 307232, 102272
malloc, 64, 10534.000000, 199808, 307232, 102304
malloc, 64, 10527.000000, 199872, 307232, 102336
malloc, 64, 10601.000000, 199936, 307232, 102368
malloc, 64, 10491.000000, 200000, 307232, 102400
malloc, 64, 10522.000000, 200064, 307232, 102432
malloc, 64, 10554.000000, 200128, 307232, 102464
malloc, 64, 10484.000000, 200192, 307232, 102496
malloc, 64, 10599.000000, 200256, 307232, 102528
malloc, 64, 10662.000000, 200320, 307232, 102560
malloc, 64, 10531.000000, 200384, 307232, 102592
malloc, 64, 10608.000000, 200448, 307232, 102624
malloc, 64, 10674.000000, 200512, 307232, 102656
malloc, 64, 10580.000000, 200576, 307232, 102688
malloc, 64, 10600.000000, 200640, 307232, 102720
malloc, 64, 10671.000000, 200704, 307232, 102752
malloc, 64, 10635.000000, 200768, 307232, 102784
malloc, 64, 10621.000000, 200832, 307232, 102816
malloc, 64, 10697.000000, 200896, 307232, 102848
malloc, 64, 10537.000000, 200960, 307232, 102880
malloc, 64, 10601.000000, 201024, 307232, 102912
malloc, 64, 10679.000000, 201088, 307232, 102944
malloc, 64, 10568.000000, 201152, 307232, 102976
malloc, 64, 10520.000000, 201216, 307232, 103008
malloc, 64, 10671.000000, 201280, 307232, 103040
malloc, 64, 10661.000000, 201344, 307232, 103072
malloc, 64, 10721.000000, 201408, 307232, 103104
malloc, 64, 10681.000000, 201472, 307232, 103136
malloc, 64, 10709.000000, 201536, 307232, 103168
malloc, 64, 10610.000000, 201600, 307232, 103200
malloc, 64, 12972.000000, 201664, 311328, 103264
malloc, 64, 11104.000000, 201728, 311328, 103296
malloc, 64, 10645.000000, 201792, 311328, 103328
malloc, 64, 10759.000000, 201856, 311328, 103360
malloc, 64, 10649.000000, 201920, 311328, 103392
malloc, 64, 10607.000000, 201984, 311328, 103424
malloc, 64, 10664.000000, 202048, 311328, 103456
malloc, 64, 10677.000000, 202112, 311328, 103488
malloc, 64, 10680.000000, 202176, 311328, 103520
malloc, 64, 10836.000000, 202240, 311328, 103552
malloc, 64, 10623.000000, 202304, 311328, 103584
malloc, 64, 10651.000000, 202368, 311328, 103616
malloc, 64, 10721.000000, 202432, 311328, 103648
malloc, 64, 10656.000000, 202496, 311328, 103680
malloc, 64, 10698.000000, 202560, 311328, 103712
malloc, 64, 10760.000000, 202624, 311328, 103744
malloc, 64, 10634.000000, 202688, 311328, 103776
malloc, 64, 10761.000000, 202752, 311328, 103808
malloc, 64, 10886.000000, 202816, 311328, 103840
malloc, 64, 10754.000000, 202880, 311328, 103872
malloc, 64, 10701.000000, 202944, 311328, 103904
malloc, 64, 10780.000000, 203008, 311328, 103936
malloc, 64, 10715.000000, 203072, 311328, 103968
malloc, 64, 10684.000000, 203136, 311328, 104000
malloc, 64, 10799.000000, 203200, 311328, 104032
malloc, 64, 10721.000000, 203264, 311328, 104064
malloc, 64, 10773.000000, 203328, 311328, 104096
malloc, 64, 10867.000000, 203392, 311328, 104128
malloc, 64, 10706.000000, 203456, 311328, 104160
malloc, 64, 10705.000000, 203520, 311328, 104192
malloc, 64, 10862.000000, 203584, 311328, 104224
malloc, 64, 10673.000000, 203648, 311328, 104256
malloc, 64, 10783.000000, 203712, 311328, 104288
malloc, 64, 10787.000000, 203776, 311328, 104320
malloc, 64, 10717.000000, 203840, 311328, 104352
malloc, 64, 10824.000000, 203904, 311328, 104384
malloc, 64, 10951.000000, 203968, 311328, 104416
malloc, 64, 12487.000000, 204032, 311328, 104448
malloc, 64, 10953.000000, 204096, 311328, 104480
malloc, 64, 10917.000000, 204160, 311328, 104512
malloc, 64, 10899.000000, 204224, 311328, 104544
malloc, 64, 10848.000000, 204288, 311328, 104576
malloc, 64, 13248.000000, 204352, 315424, 104640
malloc, 64, 11199.000000, 204416, 315424, 104672
malloc, 64, 10866.000000, 204480, 315424, 104704
malloc, 64, 10869.000000, 204544, 315424, 104736
malloc, 64, 10852.000000, 204608, 315424, 104768
malloc, 64, 10794.000000, 204672, 315424, 104800
malloc, 64, 10872.000000, 204736, 315424, 104832
malloc, 64, 10836.000000, 204800, 315424, 104864
malloc, 64, 10770.000000, 204864, 315424, 104896
malloc, 64, 10901.000000, 204928, 315424, 104928
malloc, 64, 10820.000000, 204992, 315424, 104960
malloc, 64, 10895.000000, 205056, 315424, 104992
malloc, 64, 10912.000000, 205120, 315424, 105024
malloc, 64, 10764.000000, 205184, 315424, 105056
malloc, 64, 10839.000000, 205248, 315424, 105088
malloc, 64, 11005.000000, 205312, 315424, 105120
malloc, 64, 10853.000000, 205376, 315424, 105152
malloc, 64, 10737.000000, 205440, 315424, 105184
malloc, 64, 10881.000000, 205504, 315424, 105216
malloc, 64, 10859.000000, 205568, 315424, 105248
malloc, 64, 10898.000000, 205632, 315424, 105280
malloc, 64, 10975.000000, 205696, 315424, 105312
malloc, 64, 10866.000000, 205760, 315424, 105344
malloc, 64, 10805.000000, 205824, 315424, 105376
malloc, 64, 11057.000000, 205888, 315424, 105408
malloc, 64, 10872.000000, 205952, 315424, 105440
malloc, 64, 10828.000000, 206016, 315424, 105472
malloc, 64, 10929.000000, 206080, 315424, 105504
malloc, 64, 10830.000000, 206144, 315424, 105536
malloc, 64, 10798.000000, 206208, 315424, 105568
malloc, 64, 10975.000000, 206272, 315424, 105600
malloc, 64, 10901.000000, 206336, 315424, 105632
malloc, 64, 10947.000000, 206400, 315424, 105664
malloc, 64, 10961.000000, 206464, 315424, 105696
malloc, 64, 10867.000000, 206528, 315424, 105728
malloc, 64, 10930.000000, 206592, 315424, 105760
malloc, 64, 10987.000000, 206656, 315424, 105792
malloc, 64, 10901.000000, 206720, 315424, 105824
malloc, 64, 10947.000000, 206784, 315424, 105856
malloc, 64, 11001.000000, 206848, 315424, 105888
malloc, 64, 10976.000000, 206912, 315424, 105920
malloc, 64, 10963.000000, 206976, 315424, 105952
malloc, 64, 13612.000000, 207040, 319520, 106016
malloc, 64, 11453.000000, 207104, 319520, 106048
malloc, 64, 10924.000000, 207168, 319520, 106080
malloc, 64, 11016.000000, 207232, 319520, 106112
malloc, 64, 11044.000000, 207296, 319520, 106144
malloc, 64, 10933.000000, 207360, 319520, 106176
malloc, 64, 11109.000000, 207424, 319520, 106208
malloc, 64, 10967.000000, 207488, 319520, 106240
malloc, 64, 10997.000000, 207552, 319520, 106272
malloc, 64, 10963.000000, 207616, 319520, 106304
malloc, 64, 10942.000000, 207680, 319520, 106336
malloc, 64, 10956.000000, 207744, 319520, 106368
malloc, 64, 11024.000000, 207808, 319520, 106400
malloc, 64, 10992.000000, 207872, 319520, 106432
malloc, 64, 11006.000000, 207936, 319520, 106464
malloc, 64, 11271.000000, 208000, 319520, 106496
malloc, 64, 10957.000000, 208064, 319520, 106528
malloc, 64, 10939.000000, 208128, 319520, 106560
malloc, 64, 11034.000000, 208192, 319520, 106592
malloc, 64, 10971.000000, 208256, 319520, 106624
malloc, 64, 11065.000000, 208320, 319520, 106656
malloc, 64, 11037.000000, 208384, 319520, 106688
malloc, 64, 10938.000000, 208448, 319520, 106720
malloc, 64, 11054.000000, 208512, 319520, 106752
malloc, 64, 11101.000000, 208576, 319520, 106784
malloc, 64, 11049.000000, 208640, 319520, 106816
malloc, 64, 11074.000000, 208704, 319520, 106848
malloc, 64, 11085.000000, 208768, 319520, 106880
malloc, 64, 10975.000000, 208832, 319520, 106912
malloc, 64, 11114.000000, 208896, 319520, 106944
malloc, 64, 11120.000000, 208960, 319520, 106976
malloc, 64, 11083.000000, 209024, 319520, 107008
malloc, 64, 11068.000000, 209088, 319520, 107040
malloc, 64, 11074.000000, 209152, 319520, 107072
malloc, 64, 11076.000000, 209216, 319520, 107104
malloc, 64, 10961.000000, 209280, 319520, 107136
malloc, 64, 11113.000000, 209344, 319520, 107168
malloc, 64, 10987.000000, 209408, 319520, 107200
malloc, 64, 11078.000000, 209472, 319520, 107232
malloc, 64, 11117.000000, 209536, 319520, 107264
malloc, 64, 13599.000000, 209600, 319520, 107296
malloc, 64, 11044.000000, 209664, 319520, 107328
malloc, 64, 13456.000000, 209728, 323616, 107392
malloc, 64, 11470.000000, 209792, 323616, 107424
malloc, 64, 11085.000000, 209856, 323616, 107456
malloc, 64, 11199.000000, 209920, 323616, 107488
malloc, 64, 11130.000000, 209984, 323616, 107520
malloc, 64, 11079.000000, 210048, 323616, 107552
malloc, 64, 11152.000000, 210112, 323616, 107584
malloc, 64, 11057.000000, 210176, 323616, 107616
malloc, 64, 11100.000000, 210240, 323616, 107648
malloc, 64, 11146.000000, 210304, 323616, 107680
malloc, 64, 11037.000000, 210368, 323616, 107712
malloc, 64, 11155.000000, 210432, 323616, 107744
malloc, 64, 11237.000000, 210496, 323616, 107776
malloc, 64, 11144.000000, 210560, 323616, 107808
malloc, 64, 11183.000000, 210624, 323616, 107840
malloc, 64, 11170.000000, 210688, 323616, 107872
malloc, 64, 11088.000000, 210752, 323616, 107904
malloc, 64, 11092.000000, 210816, 323616, 107936
malloc, 64, 11182.000000, 210880, 323616, 107968
malloc, 64, 11177.000000, 210944, 323616, 108000
malloc, 64, 11165.000000, 211008, 323616, 108032
malloc, 64, 11059.000000, 211072, 323616, 108064
malloc, 64, 11169.000000, 211136, 323616, 108096
malloc, 64, 11105.000000, 211200, 323616, 108128
malloc, 64, 11285.000000, 211264, 323616, 108160
malloc, 64, 11213.000000, 211328, 323616, 108192
malloc, 64, 11268.000000, 211392, 323616, 108224
malloc, 64, 11516.000000, 211456, 323616, 108256
malloc, 64, 11091.000000, 211520, 323616, 108288
malloc, 64, 11220.000000, 211584, 323616, 108320
malloc, 64, 11131.000000, 211648, 323616, 108352
malloc, 64, 11163.000000, 211712, 323616, 108384
malloc, 64, 11215.000000, 211776, 323616, 108416
malloc, 64, 11270.000000, 211840, 323616, 108448
malloc, 64, 11158.000000, 211904, 323616, 108480
malloc, 64, 11244.000000, 211968, 323616, 108512
malloc, 64, 11249.000000, 212032, 323616, 108544
malloc, 64, 11122.000000, 212096, 323616, 108576
malloc, 64, 11186.000000, 212160, 323616, 108608
malloc, 64, 11298.000000, 212224, 323616, 108640
malloc, 64, 11225.000000, 212288, 323616, 108672
malloc, 64, 11124.000000, 212352, 323616, 108704
malloc, 64, 13432.000000, 212416, 327712, 108768
malloc, 64, 11427.000000, 212480, 327712, 108800
malloc, 64, 11321.000000, 212544, 327712, 108832
malloc, 64, 11324.000000, 212608, 327712, 108864
malloc, 64, 11317.000000, 212672, 327712, 108896
malloc, 64, 11287.000000, 212736, 327712, 108928
malloc, 64, 11201.000000, 212800, 327712, 108960
malloc, 64, 11264.000000, 212864, 327712, 108992
malloc, 64, 11295.000000, 212928, 327712, 109024
malloc, 64, 11391.000000, 212992, 327712, 109056
malloc, 64, 11408.000000, 213056, 327712, 109088
malloc, 64, 11180.000000, 213120, 327712, 109120
malloc, 64, 11407.000000, 213184, 327712, 109152
malloc, 64, 11237.000000, 213248, 327712, 109184
malloc, 64, 11360.000000, 213312, 327712, 109216
malloc, 64, 11335.000000, 213376, 327712, 109248
malloc, 64, 11237.000000, 213440, 327712, 109280
malloc, 64, 11344.000000, 213504, 327712, 109312
malloc, 64, 11319.000000, 213568, 327712, 109344
malloc, 64, 11245.000000, 213632, 327712, 109376
malloc, 64, 11369.000000, 213696, 327712, 109408
malloc, 64, 11509.000000, 213760, 327712, 109440
malloc, 64, 11300.000000, 213824, 327712, 109472
malloc, 64, 11341.000000, 213888, 327712, 109504
malloc, 64, 11391.000000, 213952, 327712, 109536
malloc, 64, 11388.000000, 214016, 327712, 109568
malloc, 64, 11326.000000, 214080, 327712, 109600
malloc, 64, 11401.000000, 214144, 327712, 109632
malloc, 64, 11330.000000, 214208, 327712, 109664
malloc, 64, 11336.000000, 214272, 327712, 109696
malloc, 64, 11462.000000, 214336, 327712, 109728
malloc, 64, 11398.000000, 214400, 327712, 109760
malloc, 64, 11281.000000, 214464, 327712, 109792
malloc, 64, 11354.000000, 214528, 327712, 109824
malloc, 64, 11437.000000, 214592, 327712, 109856
malloc, 64, 11346.000000, 214656, 327712, 109888
malloc, 64, 11408.000000, 214720, 327712, 109920
malloc, 64, 11318.000000, 214784, 327712, 109952
malloc, 64, 11392.000000, 214848, 327712, 109984
malloc, 64, 11398.000000, 214912, 327712, 110016
malloc, 64, 12842.000000, 214976, 327712, 110048
malloc, 64, 11454.000000, 215040, 327712, 110080
malloc, 64, 13703.000000, 215104, 331808, 110144
malloc, 64, 11716.000000, 215168, 331808, 110176
malloc, 64, 11455.000000, 215232, 331808, 110208
malloc, 64, 11505.000000, 215296, 331808, 110240
malloc, 64, 11444.000000, 215360, 331808, 110272
malloc, 64, 11558.000000, 215424, 331808, 110304
malloc, 64, 11413.000000, 215488, 331808, 110336
malloc, 64, 11426.000000, 215552, 331808, 110368
malloc, 64, 11525.000000, 215616, 331808, 110400
malloc, 64, 11532.000000, 215680, 331808, 110432
malloc, 64, 11454.000000, 215744, 331808, 110464
malloc, 64, 11407.000000, 215808, 331808, 110496
malloc, 64, 11515.000000, 215872, 331808, 110528
malloc, 64, 11412.000000, 215936, 331808, 110560
malloc, 64, 11436.000000, 216000, 331808, 110592
malloc, 64, 11447.000000, 216064, 331808, 110624
malloc, 64, 11408.000000, 216128, 331808, 110656
malloc, 64, 11450.000000, 216192, 331808, 110688
malloc, 64, 11545.000000, 216256, 331808, 110720
malloc, 64, 11551.000000, 216320, 331808, 110752
malloc, 64, 11504.000000, 216384, 331808, 110784
malloc, 64, 11437.000000, 216448, 331808, 110816
malloc, 64, 11486.000000, 216512, 331808, 110848
malloc, 64, 11544.000000, 216576, 331808, 110880
malloc, 64, 11680.000000, 216640, 331808, 110912
malloc, 64, 11492.000000, 216704, 331808, 110944
malloc, 64, 11482.000000, 216768, 331808, 110976
malloc, 64, 11641.000000, 216832, 331808, 111008
malloc, 64, 11533.000000, 216896, 331808, 111040
malloc, 64, 11538.000000, 216960, 331808, 111072
malloc, 64, 11516.000000, 217024, 331808, 111104
malloc, 64, 11508.000000, 217088, 331808, 111136
malloc, 64, 11498.000000, 217152, 331808, 111168
malloc, 64, 11503.000000, 217216, 331808, 111200
malloc, 64, 11494.000000, 217280, 331808, 111232
malloc, 64, 11382.000000, 217344, 331808, 111264
malloc, 64, 11569.000000, 217408, 331808, 111296
malloc, 64, 11443.000000, 217472, 331808, 111328
malloc, 64, 11593.000000, 217536, 331808, 111360
malloc, 64, 11582.000000, 217600, 331808, 111392
malloc, 64, 11586.000000, 217664, 331808, 111424
malloc, 64, 11503.000000, 217728, 331808, 111456
malloc, 64, 15032.000000, 217792, 335904, 111520
malloc, 64, 11902.000000, 217856, 335904, 111552
malloc, 64, 11541.000000, 217920, 335904, 111584
malloc, 64, 11538.000000, 217984, 335904, 111616
malloc, 64, 11593.000000, 218048, 335904, 111648
malloc, 64, 11581.000000, 218112, 335904, 111680
malloc, 64, 11587.000000, 218176, 335904, 111712
malloc, 64, 11566.000000, 218240, 335904, 111744
malloc, 64, 11628.000000, 218304, 335904, 111776
malloc, 64, 11537.000000, 218368, 335904, 111808
malloc, 64, 11545.000000, 218432, 335904, 111840
malloc, 64, 11648.000000, 218496, 335904, 111872
malloc, 64, 11638.000000, 218560, 335904, 111904
malloc, 64, 11577.000000, 218624, 335904, 111936
malloc, 64, 11585.000000, 218688, 335904, 111968
malloc, 64, 11651.000000, 218752, 335904, 112000
malloc, 64, 11626.000000, 218816, 335904, 112032
malloc, 64, 11601.000000, 218880, 335904, 112064
malloc, 64, 11667.000000, 218944, 335904, 112096
malloc, 64, 11663.000000, 219008, 335904, 112128
malloc, 64, 11583.000000, 219072, 335904, 112160
malloc, 64, 11725.000000, 219136, 335904, 112192
malloc, 64, 11590.000000, 219200, 335904, 112224
malloc, 64, 11589.000000, 219264, 335904, 112256
malloc, 64, 11685.000000, 219328, 335904, 112288
malloc, 64, 11613.000000, 219392, 335904, 112320
malloc, 64, 11632.000000, 219456, 335904, 112352
malloc, 64, 11790.000000, 219520, 335904, 112384
malloc, 64, 11627.000000, 219584, 335904, 112416
malloc, 64, 11599.000000, 219648, 335904, 112448
malloc, 64, 11710.000000, 219712, 335904, 112480
malloc, 64, 11612.000000, 219776, 335904, 112512
malloc, 64, 11703.000000, 219840, 335904, 112544
malloc, 64, 11653.000000, 219904, 335904, 112576
malloc, 64, 11669.000000, 219968, 335904, 112608
malloc, 64, 11624.000000, 220032, 335904, 112640
malloc, 64, 11712.000000, 220096, 335904, 112672
malloc, 64, 11657.000000, 220160, 335904, 112704
malloc, 64, 13611.000000, 220224, 335904, 112736
malloc, 64, 11876.000000, 220288, 335904, 112768
malloc, 64, 11645.000000, 220352, 335904, 112800
malloc, 64, 11790.000000, 220416, 335904, 112832
malloc, 64, 14199.000000, 220480, 340000, 112896
malloc, 64, 12079.000000, 220544, 340000, 112928
malloc, 64, 11698.000000, 220608, 340000, 112960
malloc, 64, 11846.000000, 220672, 340000, 112992
malloc, 64, 11676.000000, 220736, 340000, 113024
malloc, 64, 11692.000000, 220800, 340000, 113056
malloc, 64, 11783.000000, 220864, 340000, 113088
malloc, 64, 11770.000000, 220928, 340000, 113120
malloc, 64, 11736.000000, 220992, 340000, 113152
malloc, 64, 11807.000000, 221056, 340000, 113184
malloc, 64, 11681.000000, 221120, 340000, 113216
malloc, 64, 11760.000000, 221184, 340000, 113248
malloc, 64, 11830.000000, 221248, 340000, 113280
malloc, 64, 11705.000000, 221312, 340000, 113312
malloc, 64, 11691.000000, 221376, 340000, 113344
malloc, 64, 11895.000000, 221440, 340000, 113376
malloc, 64, 11724.000000, 221504, 340000, 113408
malloc, 64, 11646.000000, 221568, 340000, 113440
malloc, 64, 11971.000000, 221632, 340000, 113472
malloc, 64, 11747.000000, 221696, 340000, 113504
malloc, 64, 11976.000000, 221760, 340000, 113536
malloc, 64, 11899.000000, 221824, 340000, 113568
malloc, 64, 11771.000000, 221888, 340000, 113600
malloc, 64, 11732.000000, 221952, 340000, 113632
malloc, 64, 11985.000000, 222016, 340000, 113664
malloc, 64, 11887.000000, 222080, 340000, 113696
malloc, 64, 11823.000000, 222144, 340000, 113728
malloc, 64, 11761.000000, 222208, 340000, 113760
malloc, 64, 11752.000000, 222272, 340000, 113792
malloc, 64, 11790.000000, 222336, 340000, 113824
malloc, 64, 11938.000000, 222400, 340000, 113856
malloc, 64, 11828.000000, 222464, 340000, 113888
malloc, 64, 11725.000000, 222528, 340000, 113920
malloc, 64, 11850.000000, 222592, 340000, 113952
malloc, 64, 11849.000000, 222656, 340000, 113984
malloc, 64, 11730.000000, 222720, 340000, 114016
malloc, 64, 11915.000000, 222784, 340000, 114048
malloc, 64, 11814.000000, 222848, 340000, 114080
malloc, 64, 11801.000000, 222912, 340000, 114112
malloc, 64, 11896.000000, 222976, 340000, 114144
malloc, 64, 11768.000000, 223040, 340000, 114176
malloc, 64, 11855.000000, 223104, 340000, 114208
malloc, 64, 14189.000000, 223168, 344096, 114272
malloc, 64, 12205.000000, 223232, 344096, 114304
malloc, 64, 11836.000000, 223296, 344096, 114336
malloc, 64, 11867.000000, 223360, 344096, 114368
malloc, 64, 11900.000000, 223424, 344096, 114400
malloc, 64, 11868.000000, 223488, 344096, 114432
malloc, 64, 11840.000000, 223552, 344096, 114464
malloc, 64, 11767.000000, 223616, 344096, 114496
malloc, 64, 11829.000000, 223680, 344096, 114528
malloc, 64, 11925.000000, 223744, 344096, 114560
malloc, 64, 11938.000000, 223808, 344096, 114592
malloc, 64, 11935.000000, 223872, 344096, 114624
malloc, 64, 11970.000000, 223936, 344096, 114656
malloc, 64, 11893.000000, 224000, 344096, 114688
malloc, 64, 11848.000000, 224064, 344096, 114720
malloc, 64, 11865.000000, 224128, 344096, 114752
malloc, 64, 11841.000000, 224192, 344096, 114784
malloc, 64, 11848.000000, 224256, 344096, 114816
malloc, 64, 11943.000000, 224320, 344096, 114848
malloc, 64, 11879.000000, 224384, 344096, 114880
malloc, 64, 11926.000000, 224448, 344096, 114912
malloc, 64, 11931.000000, 224512, 344096, 114944
malloc, 64, 11887.000000, 224576, 344096, 114976
malloc, 64, 11913.000000, 224640, 344096, 115008
malloc, 64, 11980.000000, 224704, 344096, 115040
malloc, 64, 11901.000000, 224768, 344096, 115072
malloc, 64, 11827.000000, 224832, 344096, 115104
malloc, 64, 12046.000000, 224896, 344096, 115136
malloc, 64, 11915.000000, 224960, 344096, 115168
malloc, 64, 11980.000000, 225024, 344096, 115200
malloc, 64, 12001.000000, 225088, 344096, 115232
malloc, 64, 11895.000000, 225152, 344096, 115264
malloc, 64, 11936.000000, 225216, 344096, 115296
malloc, 64, 11918.000000, 225280, 344096, 115328
malloc, 64, 12070.000000, 225344, 344096, 115360
malloc, 64, 12242.000000, 225408, 344096, 115392
malloc, 64, 12124.000000, 225472, 344096, 115424
malloc, 64, 12068.000000, 225536, 344096, 115456
malloc, 64, 11955.000000, 225600, 344096, 115488
malloc, 64, 12068.000000, 225664, 344096, 115520
malloc, 64, 11905.000000, 225728, 344096, 115552
malloc, 64, 12006.000000, 225792, 344096, 115584
malloc, 64, 15091.000000, 225856, 348192, 115648
malloc, 64, 12377.000000, 225920, 348192, 115680
malloc, 64, 13499.000000, 225984, 348192, 115712
malloc, 64, 14569.000000, 226048, 348192, 115744
malloc, 64, 14120.000000, 226112, 348192, 115776
malloc, 64, 13548.000000, 226176, 348192, 115808
malloc, 64, 12281.000000, 226240, 348192, 115840
malloc, 64, 12138.000000, 226304, 348192, 115872
malloc, 64, 11954.000000, 226368, 348192, 115904
malloc, 64, 12009.000000, 226432, 348192, 115936
malloc, 64, 12072.000000, 226496, 348192, 115968
malloc, 64, 12144.000000, 226560, 348192, 116000
malloc, 64, 12227.000000, 226624, 348192, 116032
malloc, 64, 12019.000000, 226688, 348192, 116064
malloc, 64, 12096.000000, 226752, 348192, 116096
malloc, 64, 12120.000000, 226816, 348192, 116128
malloc, 64, 11964.000000, 226880, 348192, 116160
malloc, 64, 11990.000000, 226944, 348192, 116192
malloc, 64, 12049.000000, 227008, 348192, 116224
malloc, 64, 11947.000000, 227072, 348192, 116256
malloc, 64, 12162.000000, 227136, 348192, 116288
malloc, 64, 12202.000000, 227200, 348192, 116320
malloc, 64, 12076.000000, 227264, 348192, 116352
malloc, 64, 12054.000000, 227328, 348192, 116384
malloc, 64, 12215.000000, 227392, 348192, 116416
malloc, 64, 12142.000000, 227456, 348192, 116448
malloc, 64, 11967.000000, 227520, 348192, 116480
malloc, 64, 12039.000000, 227584, 348192, 116512
malloc, 64, 12040.000000, 227648, 348192, 116544
malloc, 64, 12101.000000, 227712, 348192, 116576
malloc, 64, 12125.000000, 227776, 348192, 116608
malloc, 64, 11928.000000, 227840, 348192, 116640
malloc, 64, 12063.000000, 227904, 348192, 116672
malloc, 64, 12183.000000, 227968, 348192, 116704
malloc, 64, 12091.000000, 228032, 348192, 116736
malloc, 64, 12156.000000, 228096, 348192, 116768
malloc, 64, 12077.000000, 228160, 348192, 116800
malloc, 64, 12156.000000, 228224, 348192, 116832
malloc, 64, 12028.000000, 228288, 348192, 116864
malloc, 64, 12064.000000, 228352, 348192, 116896
malloc, 64, 12113.000000, 228416, 348192, 116928
malloc, 64, 12081.000000, 228480, 348192, 116960
malloc, 64, 16719.000000, 228544, 352288, 117024
malloc, 64, 12500.000000, 228608, 352288, 117056
malloc, 64, 12202.000000, 228672, 352288, 117088
malloc, 64, 12349.000000, 228736, 352288, 117120
malloc, 64, 12243.000000, 228800, 352288, 117152
malloc, 64, 12210.000000, 228864, 352288, 117184
malloc, 64, 12272.000000, 228928, 352288, 117216
malloc, 64, 12194.000000, 228992, 352288, 117248
malloc, 64, 12098.000000, 229056, 352288, 117280
malloc, 64, 12300.000000, 229120, 352288, 117312
malloc, 64, 12176.000000, 229184, 352288, 117344
malloc, 64, 12253.000000, 229248, 352288, 117376
malloc, 64, 12186.000000, 229312, 352288, 117408
malloc, 64, 12175.000000, 229376, 352288, 117440
malloc, 64, 12161.000000, 229440, 352288, 117472
malloc, 64, 12316.000000, 229504, 352288, 117504
malloc, 64, 12105.000000, 229568, 352288, 117536
malloc, 64, 12099.000000, 229632, 352288, 117568
malloc, 64, 12287.000000, 229696, 352288, 117600
malloc, 64, 12104.000000, 229760, 352288, 117632
malloc, 64, 12185.000000, 229824, 352288, 117664
malloc, 64, 12211.000000, 229888, 352288, 117696
malloc, 64, 12263.000000, 229952, 352288, 117728
malloc, 64, 12191.000000, 230016, 352288, 117760
malloc, 64, 12371.000000, 230080, 352288, 117792
malloc, 64, 12179.000000, 230144, 352288, 117824
malloc, 64, 12285.000000, 230208, 352288, 117856
malloc, 64, 12271.000000, 230272, 352288, 117888
malloc, 64, 16078.000000, 230336, 352288, 117920
malloc, 64, 12274.000000, 230400, 352288, 117952
malloc, 64, 12363.000000, 230464, 352288, 117984
malloc, 64, 12319.000000, 230528, 352288, 118016
malloc, 64, 12307.000000, 230592, 352288, 118048
malloc, 64, 12466.000000, 230656, 352288, 118080
malloc, 64, 12424.000000, 230720, 352288, 118112
malloc, 64, 12412.000000, 230784, 352288, 118144
malloc, 64, 12396.000000, 230848, 352288, 118176
malloc, 64, 12276.000000, 230912, 352288, 118208
malloc, 64, 12309.000000, 230976, 352288, 118240
malloc, 64, 12513.000000, 231040, 352288, 118272
malloc, 64, 12338.000000, 231104, 352288, 118304
malloc, 64, 12327.000000, 231168, 352288, 118336
malloc, 64, 15306.000000, 231232, 356384, 118400
malloc, 64, 12779.000000, 231296, 356384, 118432
malloc, 64, 12616.000000, 231360, 356384, 118464
malloc, 64, 14569.000000, 231424, 356384, 118496
malloc, 64, 13675.000000, 231488, 356384, 118528
malloc, 64, 12427.000000, 231552, 356384, 118560
malloc, 64, 12529.000000, 231616, 356384, 118592
malloc, 64, 12475.000000, 231680, 356384, 118624
malloc, 64, 12250.000000, 231744, 356384, 118656
malloc, 64, 14283.000000, 231808, 356384, 118688
malloc, 64, 13383.000000, 231872, 356384, 118720
malloc, 64, 12563.000000, 231936, 356384, 118752
malloc, 64, 12712.000000, 232000, 356384, 118784
malloc, 64, 12410.000000, 232064, 356384, 118816
malloc, 64, 12483.000000, 232128, 356384, 118848
malloc, 64, 12566.000000, 232192, 356384, 118880
malloc, 64, 12392.000000, 232256, 356384, 118912
malloc, 64, 12476.000000, 232320, 356384, 118944
malloc, 64, 12449.000000, 232384, 356384, 118976
malloc, 64, 12391.000000, 232448, 356384, 119008
malloc, 64, 12374.000000, 232512, 356384, 119040
malloc, 64, 12675.000000, 232576, 356384, 119072
malloc, 64, 12441.000000, 232640, 356384, 119104
malloc, 64, 12536.000000, 232704, 356384, 119136
malloc, 64, 12465.000000, 232768, 356384, 119168
malloc, 64, 12555.000000, 232832, 356384, 119200
malloc, 64, 12497.000000, 232896, 356384, 119232
malloc, 64, 12571.000000, 232960, 356384, 119264
malloc, 64, 12309.000000, 233024, 356384, 119296
malloc, 64, 12372.000000, 233088, 356384, 119328
malloc, 64, 12455.000000, 233152, 356384, 119360
malloc, 64, 12231.000000, 233216, 356384, 119392
malloc, 64, 12425.000000, 233280, 356384, 119424
malloc, 64, 12455.000000, 233344, 356384, 119456
malloc, 64, 12408.000000, 233408, 356384, 119488
malloc, 64, 12423.000000, 233472, 356384, 119520
malloc, 64, 12497.000000, 233536, 356384, 119552
malloc, 64, 12406.000000, 233600, 356384, 119584
malloc, 64, 12453.000000, 233664, 356384, 119616
malloc, 64, 12562.000000, 233728, 356384, 119648
malloc, 64, 12319.000000, 233792, 356384, 119680
malloc, 64, 12388.000000, 233856, 356384, 119712
malloc, 64, 17330.000000, 233920, 360480, 119776
malloc, 64, 12849.000000, 233984, 360480, 119808
malloc, 64, 12471.000000, 234048, 360480, 119840
malloc, 64, 12527.000000, 234112, 360480, 119872
malloc, 64, 12437.000000, 234176, 360480, 119904
malloc, 64, 12330.000000, 234240, 360480, 119936
malloc, 64, 12632.000000, 234304, 360480, 119968
malloc, 64, 12508.000000, 234368, 360480, 120000
malloc, 64, 12422.000000, 234432, 360480, 120032
malloc, 64, 12600.000000, 234496, 360480, 120064
malloc, 64, 12481.000000, 234560, 360480, 120096
malloc, 64, 12562.000000, 234624, 360480, 120128
malloc, 64, 12565.000000, 234688, 360480, 120160
malloc, 64, 12470.000000, 234752, 360480, 120192
malloc, 64, 12471.000000, 234816, 360480, 120224
malloc, 64, 12425.000000, 234880, 360480, 120256
malloc, 64, 12493.000000, 234944, 360480, 120288
malloc, 64, 12460.000000, 235008, 360480, 120320
malloc, 64, 12532.000000, 235072, 360480, 120352
malloc, 64, 15421.000000, 235136, 360480, 120384
malloc, 64, 12576.000000, 235200, 360480, 120416
malloc, 64, 12732.000000, 235264, 360480, 120448
malloc, 64, 12636.000000, 235328, 360480, 120480
malloc, 64, 12424.000000, 235392, 360480, 120512
malloc, 64, 12489.000000, 235456, 360480, 120544
malloc, 64, 12498.000000, 235520, 360480, 120576
malloc, 64, 12466.000000, 235584, 360480, 120608
malloc, 64, 12523.000000, 235648, 360480, 120640
malloc, 64, 12466.000000, 235712, 360480, 120672
malloc, 64, 12449.000000, 235776, 360480, 120704
malloc, 64, 12577.000000, 235840, 360480, 120736
malloc, 64, 12476.000000, 235904, 360480, 120768
malloc, 64, 12499.000000, 235968, 360480, 120800
malloc, 64, 12627.000000, 236032, 360480, 120832
malloc, 64, 12396.000000, 236096, 360480, 120864
malloc, 64, 12357.000000, 236160, 360480, 120896
malloc, 64, 12697.000000, 236224, 360480, 120928
malloc, 64, 12507.000000, 236288, 360480, 120960
malloc, 64, 12583.000000, 236352, 360480, 120992
malloc, 64, 12533.000000, 236416, 360480, 121024
malloc, 64, 12609.000000, 236480, 360480, 121056
malloc, 64, 12891.000000, 236544, 360480, 121088
malloc, 64, 15410.000000, 236608, 364576, 121152
malloc, 64, 13117.000000, 236672, 364576, 121184
malloc, 64, 12572.000000, 236736, 364576, 121216
malloc, 64, 12639.000000, 236800, 364576, 121248
malloc, 64, 12590.000000, 236864, 364576, 121280
malloc, 64, 12527.000000, 236928, 364576, 121312
malloc, 64, 12551.000000, 236992, 364576, 121344
malloc, 64, 12474.000000, 237056, 364576, 121376
malloc, 64, 12519.000000, 237120, 364576, 121408
malloc, 64, 12558.000000, 237184, 364576, 121440
malloc, 64, 12627.000000, 237248, 364576, 121472
malloc, 64, 12602.000000, 237312, 364576, 121504
malloc, 64, 12901.000000, 237376, 364576, 121536
malloc, 64, 12602.000000, 237440, 364576, 121568
malloc, 64, 12648.000000, 237504, 364576, 121600
malloc, 64, 12781.000000, 237568, 364576, 121632
malloc, 64, 12554.000000, 237632, 364576, 121664
malloc, 64, 12699.000000, 237696, 364576, 121696
malloc, 64, 12651.000000, 237760, 364576, 121728
malloc, 64, 12615.000000, 237824, 364576, 121760
malloc, 64, 12667.000000, 237888, 364576, 121792
malloc, 64, 12675.000000, 237952, 364576, 121824
malloc, 64, 12598.000000, 238016, 364576, 121856
malloc, 64, 12706.000000, 238080, 364576, 121888
malloc, 64, 12771.000000, 238144, 364576, 121920
malloc, 64, 12622.000000, 238208, 364576, 121952
malloc, 64, 12607.000000, 238272, 364576, 121984
malloc, 64, 12736.000000, 238336, 364576, 122016
malloc, 64, 12570.000000, 238400, 364576, 122048
malloc, 64, 12732.000000, 238464, 364576, 122080
malloc, 64, 12743.000000, 238528, 364576, 122112
malloc, 64, 12628.000000, 238592, 364576, 122144
malloc, 64, 12805.000000, 238656, 364576, 122176
malloc, 64, 12736.000000, 238720, 364576, 122208
malloc, 64, 12665.000000, 238784, 364576, 122240
malloc, 64, 12795.000000, 238848, 364576, 122272
malloc, 64, 12710.000000, 238912, 364576, 122304
malloc, 64, 12755.000000, 238976, 364576, 122336
malloc, 64, 12676.000000, 239040, 364576, 122368
malloc, 64, 12874.000000, 239104, 364576, 122400
malloc, 64, 12600.000000, 239168, 364576, 122432
malloc, 64, 12625.000000, 239232, 364576, 122464
malloc, 64, 15054.000000, 239296, 368672, 122528
malloc, 64, 13029.000000, 239360, 368672, 122560
malloc, 64, 12764.000000, 239424, 368672, 122592
malloc, 64, 12912.000000, 239488, 368672, 122624
malloc, 64, 12811.000000, 239552, 368672, 122656
malloc, 64, 12736.000000, 239616, 368672, 122688
malloc, 64, 12884.000000, 239680, 368672, 122720
malloc, 64, 12774.000000, 239744, 368672, 122752
malloc, 64, 12725.000000, 239808, 368672, 122784
malloc, 64, 12883.000000, 239872, 368672, 122816
malloc, 64, 14713.000000, 239936, 368672, 122848
malloc, 64, 12710.000000, 240000, 368672, 122880
malloc, 64, 12830.000000, 240064, 368672, 122912
malloc, 64, 12664.000000, 240128, 368672, 122944
malloc, 64, 12682.000000, 240192, 368672, 122976
malloc, 64, 12785.000000, 240256, 368672, 123008
malloc, 64, 12905.000000, 240320, 368672, 123040
malloc, 64, 12763.000000, 240384, 368672, 123072
malloc, 64, 12787.000000, 240448, 368672, 123104
malloc, 64, 12801.000000, 240512, 368672, 123136
malloc, 64, 12855.000000, 240576, 368672, 123168
malloc, 64, 12836.000000, 240640, 368672, 123200
malloc, 64, 12817.000000, 240704, 368672, 123232
malloc, 64, 12879.000000, 240768, 368672, 123264
malloc, 64, 12839.000000, 240832, 368672, 123296
malloc, 64, 12816.000000, 240896, 368672, 123328
malloc, 64, 12803.000000, 240960, 368672, 123360
malloc, 64, 13033.000000, 241024, 368672, 123392
malloc, 64, 12825.000000, 241088, 368672, 123424
malloc, 64, 12771.000000, 241152, 368672, 123456
malloc, 64, 13056.000000, 241216, 368672, 123488
malloc, 64, 12818.000000, 241280, 368672, 123520
malloc, 64, 12844.000000, 241344, 368672, 123552
malloc, 64, 12850.000000, 241408, 368672, 123584
malloc, 64, 12804.000000, 241472, 368672, 123616
malloc, 64, 12782.000000, 241536, 368672, 123648
malloc, 64, 12968.000000, 241600, 368672, 123680
malloc, 64, 12846.000000, 241664, 368672, 123712
malloc, 64, 12898.000000, 241728, 368672, 123744
malloc, 64, 13068.000000, 241792, 368672, 123776
malloc, 64, 12771.000000, 241856, 368672, 123808
malloc, 64, 12848.000000, 241920, 368672, 123840
malloc, 64, 15132.000000, 241984, 372768, 123904
malloc, 64, 13100.000000, 242048, 372768, 123936
malloc, 64, 12833.000000, 242112, 372768, 123968
malloc, 64, 12983.000000, 242176, 372768, 124000
malloc, 64, 12889.000000, 242240, 372768, 124032
malloc, 64, 12857.000000, 242304, 372768, 124064
malloc, 64, 13090.000000, 242368, 372768, 124096
malloc, 64, 12871.000000, 242432, 372768, 124128
malloc, 64, 12960.000000, 242496, 372768, 124160
malloc, 64, 12872.000000, 242560, 372768, 124192
malloc, 64, 13060.000000, 242624, 372768, 124224
malloc, 64, 12798.000000, 242688, 372768, 124256
malloc, 64, 12915.000000, 242752, 372768, 124288
malloc, 64, 12996.000000, 242816, 372768, 124320
malloc, 64, 12891.000000, 242880, 372768, 124352
malloc, 64, 13034.000000, 242944, 372768, 124384
malloc, 64, 12882.000000, 243008, 372768, 124416
malloc, 64, 12958.000000, 243072, 372768, 124448
malloc, 64, 12902.000000, 243136, 372768, 124480
malloc, 64, 12940.000000, 243200, 372768, 124512
malloc, 64, 12890.000000, 243264, 372768, 124544
malloc, 64, 13204.000000, 243328, 372768, 124576
malloc, 64, 12961.000000, 243392, 372768, 124608
malloc, 64, 12952.000000, 243456, 372768, 124640
malloc, 64, 13087.000000, 243520, 372768, 124672
malloc, 64, 12978.000000, 243584, 372768, 124704
malloc, 64, 13032.000000, 243648, 372768, 124736
malloc, 64, 12887.000000, 243712, 372768, 124768
malloc, 64, 12877.000000, 243776, 372768, 124800
malloc, 64, 13037.000000, 243840, 372768, 124832
malloc, 64, 13050.000000, 243904, 372768, 124864
malloc, 64, 13042.000000, 243968, 372768, 124896
malloc, 64, 12939.000000, 244032, 372768, 124928
malloc, 64, 13041.000000, 244096, 372768, 124960
malloc, 64, 12908.000000, 244160, 372768, 124992
malloc, 64, 12913.000000, 244224, 372768, 125024
malloc, 64, 13097.000000, 244288, 372768, 125056
malloc, 64, 12930.000000, 244352, 372768, 125088
malloc, 64, 13099.000000, 244416, 372768, 125120
malloc, 64, 13192.000000, 244480, 372768, 125152
malloc, 64, 13099.000000, 244544, 372768, 125184
malloc, 64, 12916.000000, 244608, 372768, 125216
malloc, 64, 17108.000000, 244672, 376864, 125280
malloc, 64, 13421.000000, 244736, 376864, 125312
malloc, 64, 12993.000000, 244800, 376864, 125344
malloc, 64, 13112.000000, 244864, 376864, 125376
malloc, 64, 12964.000000, 244928, 376864, 125408
malloc, 64, 13108.000000, 244992, 376864, 125440
malloc, 64, 13099.000000, 245056, 376864, 125472
malloc, 64, 13044.000000, 245120, 376864, 125504
malloc, 64, 13211.000000, 245184, 376864, 125536
malloc, 64, 13095.000000, 245248, 376864, 125568
malloc, 64, 13119.000000, 245312, 376864, 125600
malloc, 64, 13098.000000, 245376, 376864, 125632
malloc, 64, 13109.000000, 245440, 376864, 125664
malloc, 64, 12980.000000, 245504, 376864, 125696
malloc, 64, 13166.000000, 245568, 376864, 125728
malloc, 64, 13057.000000, 245632, 376864, 125760
malloc, 64, 13057.000000, 245696, 376864, 125792
malloc, 64, 13148.000000, 245760, 376864, 125824
malloc, 64, 13081.000000, 245824, 376864, 125856
malloc, 64, 13057.000000, 245888, 376864, 125888
malloc, 64, 13092.000000, 245952, 376864, 125920
malloc, 64, 13124.000000, 246016, 376864, 125952
malloc, 64, 13176.000000, 246080, 376864, 125984
malloc, 64, 13110.000000, 246144, 376864, 126016
malloc, 64, 13176.000000, 246208, 376864, 126048
malloc, 64, 13012.000000, 246272, 376864, 126080
malloc, 64, 13164.000000, 246336, 376864, 126112
malloc, 64, 13210.000000, 246400, 376864, 126144
malloc, 64, 12993.000000, 246464, 376864, 126176
malloc, 64, 13089.000000, 246528, 376864, 126208
malloc, 64, 13202.000000, 246592, 376864, 126240
malloc, 64, 13088.000000, 246656, 376864, 126272
malloc, 64, 13243.000000, 246720, 376864, 126304
malloc, 64, 13209.000000, 246784, 376864, 126336
malloc, 64, 13164.000000, 246848, 376864, 126368
malloc, 64, 13286.000000, 246912, 376864, 126400
malloc, 64, 13167.000000, 246976, 376864, 126432
malloc, 64, 13161.000000, 247040, 376864, 126464
malloc, 64, 13146.000000, 247104, 376864, 126496
malloc, 64, 13160.000000, 247168, 376864, 126528
malloc, 64, 13587.000000, 247232, 376864, 126560
malloc, 64, 13110.000000, 247296, 376864, 126592
malloc, 64, 15828.000000, 247360, 380960, 126656
malloc, 64, 13517.000000, 247424, 380960, 126688
malloc, 64, 13122.000000, 247488, 380960, 126720
malloc, 64, 13241.000000, 247552, 380960, 126752
malloc, 64, 13101.000000, 247616, 380960, 126784
malloc, 64, 13341.000000, 247680, 380960, 126816
malloc, 64, 13091.000000, 247744, 380960, 126848
malloc, 64, 13142.000000, 247808, 380960, 126880
malloc, 64, 13155.000000, 247872, 380960, 126912
malloc, 64, 13246.000000, 247936, 380960, 126944
malloc, 64, 13330.000000, 248000, 380960, 126976
malloc, 64, 13090.000000, 248064, 380960, 127008
malloc, 64, 13363.000000, 248128, 380960, 127040
malloc, 64, 13189.000000, 248192, 380960, 127072
malloc, 64, 13253.000000, 248256, 380960, 127104
malloc, 64, 13159.000000, 248320, 380960, 127136
malloc, 64, 13261.000000, 248384, 380960, 127168
malloc, 64, 13273.000000, 248448, 380960, 127200
malloc, 64, 13321.000000, 248512, 380960, 127232
malloc, 64, 13201.000000, 248576, 380960, 127264
malloc, 64, 13624.000000, 248640, 380960, 127296
malloc, 64, 15598.000000, 248704, 380960, 127328
malloc, 64, 15771.000000, 248768, 380960, 127360
malloc, 64, 16116.000000, 248832, 380960, 127392
malloc, 64, 13625.000000, 248896, 380960, 127424
malloc, 64, 13317.000000, 248960, 380960, 127456
malloc, 64, 13229.000000, 249024, 380960, 127488
malloc, 64, 13233.000000, 249088, 380960, 127520
malloc, 64, 13240.000000, 249152, 380960, 127552
malloc, 64, 16263.000000, 249216, 380960, 127584
malloc, 64, 13633.000000, 249280, 380960, 127616
malloc, 64, 13316.000000, 249344, 380960, 127648
malloc, 64, 13259.000000, 249408, 380960, 127680
malloc, 64, 13258.000000, 249472, 380960, 127712
malloc, 64, 13289.000000, 249536, 380960, 127744
malloc, 64, 13315.000000, 249600, 380960, 127776
malloc, 64, 13367.000000, 249664, 380960, 127808
malloc, 64, 13351.000000, 249728, 380960, 127840
malloc, 64, 13338.000000, 249792, 380960, 127872
malloc, 64, 13268.000000, 249856, 380960, 127904
malloc, 64, 13155.000000, 249920, 380960, 127936
malloc, 64, 13356.000000, 249984, 380960, 127968
malloc, 64, 17965.000000, 250048, 385056, 128032
malloc, 64, 13566.000000, 250112, 385056, 128064
malloc, 64, 13239.000000, 250176, 385056, 128096
malloc, 64, 13272.000000, 250240, 385056, 128128
malloc, 64, 13337.000000, 250304, 385056, 128160
malloc, 64, 13261.000000, 250368, 385056, 128192
malloc, 64, 13368.000000, 250432, 385056, 128224
malloc, 64, 13329.000000, 250496, 385056, 128256
malloc, 64, 13506.000000, 250560, 385056, 128288
malloc, 64, 13473.000000, 250624, 385056, 128320
malloc, 64, 13278.000000, 250688, 385056, 128352
malloc, 64, 13319.000000, 250752, 385056, 128384
malloc, 64, 13509.000000, 250816, 385056, 128416
malloc, 64, 13286.000000, 250880, 385056, 128448
malloc, 64, 13291.000000, 250944, 385056, 128480
malloc, 64, 13470.000000, 251008, 385056, 128512
malloc, 64, 13403.000000, 251072, 385056, 128544
malloc, 64, 13374.000000, 251136, 385056, 128576
malloc, 64, 13466.000000, 251200, 385056, 128608
malloc, 64, 13348.000000, 251264, 385056, 128640
malloc, 64, 13351.000000, 251328, 385056, 128672
malloc, 64, 13435.000000, 251392, 385056, 128704
malloc, 64, 13462.000000, 251456, 385056, 128736
malloc, 64, 13356.000000, 251520, 385056, 128768
malloc, 64, 13493.000000, 251584, 385056, 128800
malloc, 64, 13392.000000, 251648, 385056, 128832
malloc, 64, 13332.000000, 251712, 385056, 128864
malloc, 64, 13528.000000, 251776, 385056, 128896
malloc, 64, 13393.000000, 251840, 385056, 128928
malloc, 64, 13391.000000, 251904, 385056, 128960
malloc, 64, 13672.000000, 251968, 385056, 128992
malloc, 64, 13373.000000, 252032, 385056, 129024
malloc, 64, 13359.000000, 252096, 385056, 129056
malloc, 64, 13535.000000, 252160, 385056, 129088
malloc, 64, 13387.000000, 252224, 385056, 129120
malloc, 64, 13468.000000, 252288, 385056, 129152
malloc, 64, 13382.000000, 252352, 385056, 129184
malloc, 64, 13422.000000, 252416, 385056, 129216
malloc, 64, 13493.000000, 252480, 385056, 129248
malloc, 64, 13594.000000, 252544, 385056, 129280
malloc, 64, 13410.000000, 252608, 385056, 129312
malloc, 64, 13420.000000, 252672, 385056, 129344
malloc, 64, 15758.000000, 252736, 389152, 129408
malloc, 64, 13896.000000, 252800, 389152, 129440
malloc, 64, 13423.000000, 252864, 389152, 129472
malloc, 64, 13669.000000, 252928, 389152, 129504
malloc, 64, 13490.000000, 252992, 389152, 129536
malloc, 64, 13474.000000, 253056, 389152, 129568
malloc, 64, 13604.000000, 253120, 389152, 129600
malloc, 64, 13535.000000, 253184, 389152, 129632
malloc, 64, 13514.000000, 253248, 389152, 129664
malloc, 64, 13632.000000, 253312, 389152, 129696
malloc, 64, 13393.000000, 253376, 389152, 129728
malloc, 64, 13512.000000, 253440, 389152, 129760
malloc, 64, 13622.000000, 253504, 389152, 129792
malloc, 64, 13494.000000, 253568, 389152, 129824
malloc, 64, 13384.000000, 253632, 389152, 129856
malloc, 64, 13559.000000, 253696, 389152, 129888
malloc, 64, 15099.000000, 253760, 389152, 129920
malloc, 64, 13529.000000, 253824, 389152, 129952
malloc, 64, 13711.000000, 253888, 389152, 129984
malloc, 64, 13461.000000, 253952, 389152, 130016
malloc, 64, 13440.000000, 254016, 389152, 130048
malloc, 64, 13743.000000, 254080, 389152, 130080
malloc, 64, 13632.000000, 254144, 389152, 130112
malloc, 64, 13608.000000, 254208, 389152, 130144
malloc, 64, 13752.000000, 254272, 389152, 130176
malloc, 64, 13474.000000, 254336, 389152, 130208
malloc, 64, 13433.000000, 254400, 389152, 130240
malloc, 64, 13677.000000, 254464, 389152, 130272
malloc, 64, 13466.000000, 254528, 389152, 130304
malloc, 64, 13512.000000, 254592, 389152, 130336
malloc, 64, 13587.000000, 254656, 389152, 130368
malloc, 64, 13536.000000, 254720, 389152, 130400
malloc, 64, 13549.000000, 254784, 389152, 130432
malloc, 64, 13633.000000, 254848, 389152, 130464
malloc, 64, 13530.000000, 254912, 389152, 130496
malloc, 64, 13586.000000, 254976, 389152, 130528
malloc, 64, 13613.000000, 255040, 389152, 130560
malloc, 64, 13644.000000, 255104, 389152, 130592
malloc, 64, 13579.000000, 255168, 389152, 130624
malloc, 64, 13686.000000, 255232, 389152, 130656
malloc, 64, 13670.000000, 255296, 389152, 130688
malloc, 64, 13591.000000, 255360, 389152, 130720
malloc, 64, 16047.000000, 255424, 393248, 130784
malloc, 64, 13916.000000, 255488, 393248, 130816
malloc, 64, 13542.000000, 255552, 393248, 130848
malloc, 64, 13786.000000, 255616, 393248, 130880
malloc, 64, 13532.000000, 255680, 393248, 130912
malloc, 64, 13479.000000, 255744, 393248, 130944
malloc, 64, 13730.000000, 255808, 393248, 130976
malloc, 64, 13709.000000, 255872, 393248, 131008
malloc, 64, 13655.000000, 255936, 393248, 131040
malloc, 64, 13821.000000, 256000, 393248, 131072
free, 64, 65.000000, 255936, 393248, 131072
free, 64, 50.000000, 255872, 393248, 131072
free, 64, 27.000000, 255808, 393248, 131072
free, 64, 20.000000, 255744, 393248, 131072
free, 64, 21.000000, 255680, 393248, 131072
free, 64, 21.000000, 255616, 393248, 131072
free, 64, 20.000000, 255552, 393248, 131072
free, 64, 20.000000, 255488, 393248, 131072
free, 64, 22.000000, 255424, 393248, 131072
free, 64, 20.000000, 255360, 393248, 131072
free, 64, 21.000000, 255296, 393248, 131072
free, 64, 20.000000, 255232, 393248, 131072
free, 64, 23.000000, 255168, 393248, 131072
free, 64, 21.000000, 255104, 393248, 131072
free, 64, 21.000000, 255040, 393248, 131072
free, 64, 19.000000, 254976, 393248, 131072
free, 64, 22.000000, 254912, 393248, 131072
free, 64, 22.000000, 254848, 393248, 131072
free, 64, 19.000000, 254784, 393248, 131072
free, 64, 19.000000, 254720, 393248, 131072
free, 64, 21.000000, 254656, 393248, 131072
free, 64, 55.000000, 254592, 393248, 131072
free, 64, 18.000000, 254528, 393248, 131072
free, 64, 20.000000, 254464, 393248, 131072
free, 64, 21.000000, 254400, 393248, 131072
free, 64, 19.000000, 254336, 393248, 131072
free, 64, 21.000000, 254272, 393248, 131072
free, 64, 21.000000, 254208, 393248, 131072
free, 64, 22.000000, 254144, 393248, 131072
free, 64, 22.000000, 254080, 393248, 131072
free, 64, 21.000000, 254016, 393248, 131072
free, 64, 20.000000, 253952, 393248, 131072
free, 64, 28.000000, 253888, 393248, 131072
free, 64, 36.000000, 253824, 393248, 131072
free, 64, 23.000000, 253760, 393248, 131072
free, 64, 21.000000, 253696, 393248, 131072
free, 64, 20.000000, 253632, 393248, 131072
free, 64, 19.000000, 253568, 393248, 131072
free, 64, 20.000000, 253504, 393248, 131072
free, 64, 21.000000, 253440, 393248, 131072
free, 64, 27.000000, 253376, 393248, 131072
free, 64, 19.000000, 253312, 393248, 131072
free, 64, 47.000000, 253248, 393248, 131072
free, 64, 29.000000, 253184, 393248, 131072
free, 64, 22.000000, 253120, 393248, 131072
free, 64, 22.000000, 253056, 393248, 131072
free, 64, 21.000000, 252992, 393248, 131072
free, 64, 20.000000, 252928, 393248, 131072
free, 64, 21.000000, 252864, 393248, 131072
free, 64, 20.000000, 252800, 393248, 131072
free, 64, 19.000000, 252736, 393248, 131072
free, 64, 20.000000, 252672, 393248, 131072
free, 64, 23.000000, 252608, 393248, 131072
free, 64, 21.000000, 252544, 393248, 131072
free, 64, 20.000000, 252480, 393248, 131072
free, 64, 18.000000, 252416, 393248, 131072
free, 64, 21.000000, 252352, 393248, 131072
free, 64, 26.000000, 252288, 393248, 131072
free, 64, 19.000000, 252224, 393248, 131072
free, 64, 21.000000, 252160, 393248, 131072
free, 64, 22.000000, 252096, 393248, 131072
free, 64, 20.000000, 252032, 393248, 131072
free, 64, 20.000000, 251968, 393248, 131072
free, 64, 36.000000, 251904, 393248, 131072
free, 64, 28.000000, 251840, 393248, 131072
free, 64, 21.000000, 251776, 393248, 131072
free, 64, 21.000000, 251712, 393248, 131072
free, 64, 21.000000, 251648, 393248, 131072
free, 64, 23.000000, 251584, 393248, 131072
free, 64, 20.000000, 251520, 393248, 131072
free, 64, 21.000000, 251456, 393248, 131072
free, 64, 20.000000, 251392, 393248, 131072
free, 64, 22.000000, 251328, 393248, 131072
free, 64, 21.000000, 251264, 393248, 131072
free, 64, 22.000000, 251200, 393248, 131072
free, 64, 21.000000, 251136, 393248, 131072
free, 64, 22.000000, 251072, 393248, 131072
free, 64, 20.000000, 251008, 393248, 131072
free, 64, 28.000000, 250944, 393248, 131072
free, 64, 20.000000, 250880, 393248, 131072
free, 64, 21.000000, 250816, 393248, 131072
free, 64, 19.000000, 250752, 393248, 131072
free, 64, 20.000000, 250688, 393248, 131072
free, 64, 20.000000, 250624, 393248, 131072
free, 64, 38.000000, 250560, 393248, 131072
free, 64, 26.000000, 250496, 393248, 131072
free, 64, 21.000000, 250432, 393248, 131072
free, 64, 21.000000, 250368, 393248, 131072
free, 64, 21.000000, 250304, 393248, 131072
free, 64, 21.000000, 250240, 393248, 131072
free, 64, 21.000000, 250176, 393248, 131072
free, 64, 20.000000, 250112, 393248, 131072
free, 64, 21.000000, 250048, 393248, 131072
free, 64, 21.000000, 249984, 393248, 131072
free, 64, 22.000000, 249920, 393248, 131072
free, 64, 21.000000, 249856, 393248, 131072
free, 64, 21.000000, 249792, 393248, 131072
free, 64, 20.000000, 249728, 393248, 131072
free, 64, 20.000000, 249664, 393248, 131072
free, 64, 28.000000, 249600, 393248, 131072
free, 64, 23.000000, 249536, 393248, 131072
free, 64, 22.000000, 249472, 393248, 131072
free, 64, 22.000000, 249408, 393248, 131072
free, 64, 22.000000, 249344, 393248, 131072
free, 64, 22.000000, 249280, 393248, 131072
free, 64, 36.000000, 249216, 393248, 131072
free, 64, 28.000000, 249152, 393248, 131072
free, 64, 20.000000, 249088, 393248, 131072
free, 64, 23.000000, 249024, 393248, 131072
free, 64, 22.000000, 248960, 393248, 131072
free, 64, 21.000000, 248896, 393248, 131072
free, 64, 20.000000, 248832, 393248, 131072
free, 64, 21.000000, 248768, 393248, 131072
free, 64, 21.000000, 248704, 393248, 131072
free, 64, 21.000000, 248640, 393248, 131072
free, 64, 20.000000, 248576, 393248, 131072
free, 64, 22.000000, 248512, 393248, 131072
free, 64, 21.000000, 248448, 393248, 131072
free, 64, 20.000000, 248384, 393248, 131072
free, 64, 20.000000, 248320, 393248, 131072
free, 64, 21.000000, 248256, 393248, 131072
free, 64, 29.000000, 248192, 393248, 131072
free, 64, 20.000000, 248128, 393248, 131072
free, 64, 20.000000, 248064, 393248, 131072
free, 64, 22.000000, 248000, 393248, 131072
free, 64, 21.000000, 247936, 393248, 131072
free, 64, 35.000000, 247872, 393248, 131072
free, 64, 26.000000, 247808, 393248, 131072
free, 64, 21.000000, 247744, 393248, 131072
free, 64, 21.000000, 247680, 393248, 131072
free, 64, 20.000000, 247616, 393248, 131072
free, 64, 20.000000, 247552, 393248, 131072
free, 64, 23.000000, 247488, 393248, 131072
free, 64, 20.000000, 247424, 393248, 131072
free, 64, 21.000000, 247360, 393248, 131072
free, 64, 21.000000, 247296, 393248, 131072
free, 64, 22.000000, 247232, 393248, 131072
free, 64, 20.000000, 247168, 393248, 131072
free, 64, 22.000000, 247104, 393248, 131072
free, 64, 20.000000, 247040, 393248, 131072
free, 64, 21.000000, 246976, 393248, 131072
free, 64, 28.000000, 246912, 393248, 131072
free, 64, 21.000000, 246848, 393248, 131072
free, 64, 21.000000, 246784, 393248, 131072
free, 64, 23.000000, 246720, 393248, 131072
free, 64, 21.000000, 246656, 393248, 131072
free, 64, 21.000000, 246592, 393248, 131072
free, 64, 35.000000, 246528, 393248, 131072
free, 64, 29.000000, 246464, 393248, 131072
free, 64, 21.000000, 246400, 393248, 131072
free, 64, 20.000000, 246336, 393248, 131072
free, 64, 21.000000, 246272, 393248, 131072
free, 64, 22.000000, 246208, 393248, 131072
free, 64, 21.000000, 246144, 393248, 131072
free, 64, 21.000000, 246080, 393248, 131072
free, 64, 18.000000, 246016, 393248, 131072
free, 64, 23.000000, 245952, 393248, 131072
free, 64, 22.000000, 245888, 393248, 131072
free, 64, 21.000000, 245824, 393248, 131072
free, 64, 20.000000, 245760, 393248, 131072
free, 64, 21.000000, 245696, 393248, 131072
free, 64, 20.000000, 245632, 393248, 131072
free, 64, 30.000000, 245568, 393248, 131072
free, 64, 21.000000, 245504, 393248, 131072
free, 64, 22.000000, 245440, 393248, 131072
free, 64, 21.000000, 245376, 393248, 131072
free, 64, 19.000000, 245312, 393248, 131072
free, 64, 21.000000, 245248, 393248, 131072
free, 64, 45.000000, 245184, 393248, 131072
free, 64, 26.000000, 245120, 393248, 131072
free, 64, 21.000000, 245056, 393248, 131072
free, 64, 20.000000, 244992, 393248, 131072
free, 64, 22.000000, 244928, 393248, 131072
free, 64, 21.000000, 244864, 393248, 131072
free, 64, 21.000000, 244800, 393248, 131072
free, 64, 20.000000, 244736, 393248, 131072
free, 64, 22.000000, 244672, 393248, 131072
free, 64, 22.000000, 244608, 393248, 131072
free, 64, 21.000000, 244544, 393248, 131072
free, 64, 20.000000, 244480, 393248, 131072
free, 64, 22.000000, 244416, 393248, 131072
free, 64, 21.000000, 244352, 393248, 131072
free, 64, 20.000000, 244288, 393248, 131072
free, 64, 27.000000, 244224, 393248, 131072
free, 64, 22.000000, 244160, 393248, 131072
free, 64, 20.000000, 244096, 393248, 131072
free, 64, 20.000000, 244032, 393248, 131072
free, 64, 22.000000, 243968, 393248, 131072
free, 64, 20.000000, 243904, 393248, 131072
free, 64, 37.000000, 243840, 393248, 131072
free, 64, 29.000000, 243776, 393248, 131072
free, 64, 21.000000, 243712, 393248, 131072
free, 64, 22.000000, 243648, 393248, 131072
free, 64, 21.000000, 243584, 393248, 131072
free, 64, 20.000000, 243520, 393248, 131072
free, 64, 21.000000, 243456, 393248, 131072
free, 64, 22.000000, 243392, 393248, 131072
free, 64, 21.000000, 243328, 393248, 131072
free, 64, 20.000000, 243264, 393248, 131072
free, 64, 19.000000, 243200, 393248, 131072
free, 64, 22.000000, 243136, 393248, 131072
free, 64, 19.000000, 243072, 393248, 131072
free, 64, 20.000000, 243008, 393248, 131072
free, 64, 21.000000, 242944, 393248, 131072
free, 64, 23.000000, 242880, 393248, 131072
free, 64, 31.000000, 242816, 393248, 131072
free, 64, 20.000000, 242752, 393248, 131072
free, 64, 20.000000, 242688, 393248, 131072
free, 64, 20.000000, 242624, 393248, 131072
free, 64, 20.000000, 242560, 393248, 131072
free, 64, 40.000000, 242496, 393248, 131072
free, 64, 28.000000, 242432, 393248, 131072
free, 64, 23.000000, 242368, 393248, 131072
free, 64, 19.000000, 242304, 393248, 131072
free, 64, 20.000000, 242240, 393248, 131072
free, 64, 20.000000, 242176, 393248, 131072
free, 64, 22.000000, 242112, 393248, 131072
free, 64, 21.000000, 242048, 393248, 131072
free, 64, 21.000000, 241984, 393248, 131072
free, 64, 23.000000, 241920, 393248, 131072
free, 64, 25.000000, 241856, 393248, 131072
free, 64, 20.000000, 241792, 393248, 131072
free, 64, 22.000000, 241728, 393248, 131072
free, 64, 20.000000, 241664, 393248, 131072
free, 64, 20.000000, 241600, 393248, 131072
free, 64, 20.000000, 241536, 393248, 131072
free, 64, 29.000000, 241472, 393248, 131072
free, 64, 20.000000, 241408, 393248, 131072
free, 64, 21.000000, 241344, 393248, 131072
free, 64, 20.000000, 241280, 393248, 131072
free, 64, 20.000000, 241216, 393248, 131072
free, 64, 41.000000, 241152, 393248, 131072
free, 64, 31.000000, 241088, 393248, 131072
free, 64, 22.000000, 241024, 393248, 131072
free, 64, 19.000000, 240960, 393248, 131072
free, 64, 20.000000, 240896, 393248, 131072
free, 64, 22.000000, 240832, 393248, 131072
free, 64, 21.000000, 240768, 393248, 131072
free, 64, 20.000000, 240704, 393248, 131072
free, 64, 21.000000, 240640, 393248, 131072
free, 64, 21.000000, 240576, 393248, 131072
free, 64, 22.000000, 240512, 393248, 131072
free, 64, 20.000000, 240448, 393248, 131072
free, 64, 20.000000, 240384, 393248, 131072
free, 64, 22.000000, 240320, 393248, 131072
free, 64, 20.000000, 240256, 393248, 131072
free, 64, 26.000000, 240192, 393248, 131072
free, 64, 22.000000, 240128, 393248, 131072
free, 64, 22.000000, 240064, 393248, 131072
free, 64, 20.000000, 240000, 393248, 131072
free, 64, 20.000000, 239936, 393248, 131072
free, 64, 20.000000, 239872, 393248, 131072
free, 64, 36.000000, 239808, 393248, 131072
free, 64, 25.000000, 239744, 393248, 131072
free, 64, 19.000000, 239680, 393248, 131072
free, 64, 19.000000, 239616, 393248, 131072
free, 64, 21.000000, 239552, 393248, 131072
free, 64, 22.000000, 239488, 393248, 131072
free, 64, 19.000000, 239424, 393248, 131072
free, 64, 21.000000, 239360, 393248, 131072
free, 64, 21.000000, 239296, 393248, 131072
free, 64, 19.000000, 239232, 393248, 131072
free, 64, 21.000000, 239168, 393248, 131072
free, 64, 19.000000, 239104, 393248, 131072
free, 64, 22.000000, 239040, 393248, 131072
free, 64, 20.000000, 238976, 393248, 131072
free, 64, 20.000000, 238912, 393248, 131072
free, 64, 30.000000, 238848, 393248, 131072
free, 64, 20.000000, 238784, 393248, 131072
free, 64, 19.000000, 238720, 393248, 131072
free, 64, 21.000000, 238656, 393248, 131072
free, 64, 21.000000, 238592, 393248, 131072
free, 64, 22.000000, 238528, 393248, 131072
free, 64, 36.000000, 238464, 393248, 131072
free, 64, 24.000000, 238400, 393248, 131072
free, 64, 20.000000, 238336, 393248, 131072
free, 64, 22.000000, 238272, 393248, 131072
free, 64, 20.000000, 238208, 393248, 131072
free, 64, 21.000000, 238144, 393248, 131072
free, 64, 22.000000, 238080, 393248, 131072
free, 64, 22.000000, 238016, 393248, 131072
free, 64, 22.000000, 237952, 393248, 131072
free, 64, 22.000000, 237888, 393248, 131072
free, 64, 20.000000, 237824, 393248, 131072
free, 64, 23.000000, 237760, 393248, 131072
free, 64, 22.000000, 237696, 393248, 131072
free, 64, 21.000000, 237632, 393248, 131072
free, 64, 21.000000, 237568, 393248, 131072
free, 64, 22.000000, 237504, 393248, 131072
free, 64, 20.000000, 237440, 393248, 131072
free, 64, 21.000000, 237376, 393248, 131072
free, 64, 20.000000, 237312, 393248, 131072
free, 64, 22.000000, 237248, 393248, 131072
free, 64, 20.000000, 237184, 393248, 131072
free, 64, 41.000000, 237120, 393248, 131072
free, 64, 28.000000, 237056, 393248, 131072
free, 64, 21.000000, 236992, 393248, 131072
free, 64, 20.000000, 236928, 393248, 131072
free, 64, 19.000000, 236864, 393248, 131072
free, 64, 21.000000, 236800, 393248, 131072
free, 64, 22.000000, 236736, 393248, 131072
free, 64, 22.000000, 236672, 393248, 131072
free, 64, 20.000000, 236608, 393248, 131072
free, 64, 21.000000, 236544, 393248, 131072
free, 64, 22.000000, 236480, 393248, 131072
free, 64, 20.000000, 236416, 393248, 131072
free, 64, 20.000000, 236352, 393248, 131072
free, 64, 22.000000, 236288, 393248, 131072
free, 64, 20.000000, 236224, 393248, 131072
free, 64, 20.000000, 236160, 393248, 131072
free, 64, 29.000000, 236096, 393248, 131072
free, 64, 21.000000, 236032, 393248, 131072
free, 64, 23.000000, 235968, 393248, 131072
free, 64, 21.000000, 235904, 393248, 131072
free, 64, 20.000000, 235840, 393248, 131072
free, 64, 38.000000, 235776, 393248, 131072
free, 64, 31.000000, 235712, 393248, 131072
free, 64, 21.000000, 235648, 393248, 131072
free, 64, 22.000000, 235584, 393248, 131072
free, 64, 21.000000, 235520, 393248, 131072
free, 64, 22.000000, 235456, 393248, 131072
free, 64, 20.000000, 235392, 393248, 131072
free, 64, 21.000000, 235328, 393248, 131072
free, 64, 21.000000, 235264, 393248, 131072
free, 64, 23.000000, 235200, 393248, 131072
free, 64, 21.000000, 235136, 393248, 131072
free, 64, 21.000000, 235072, 393248, 131072
free, 64, 19.000000, 235008, 393248, 131072
free, 64, 21.000000, 234944, 393248, 131072
free, 64, 20.000000, 234880, 393248, 131072
free, 64, 26.000000, 234816, 393248, 131072
free, 64, 27.000000, 234752, 393248, 131072
free, 64, 21.000000, 234688, 393248, 131072
free, 64, 20.000000, 234624, 393248, 131072
free, 64, 19.000000, 234560, 393248, 131072
free, 64, 22.000000, 234496, 393248, 131072
free, 64, 37.000000, 234432, 393248, 131072
free, 64, 26.000000, 234368, 393248, 131072
free, 64, 19.000000, 234304, 393248, 131072
free, 64, 21.000000, 234240, 393248, 131072
free, 64, 23.000000, 234176, 393248, 131072
free, 64, 21.000000, 234112, 393248, 131072
free, 64, 21.000000, 234048, 393248, 131072
free, 64, 21.000000, 233984, 393248, 131072
free, 64, 22.000000, 233920, 393248, 131072
free, 64, 21.000000, 233856, 393248, 131072
free, 64, 22.000000, 233792, 393248, 131072
free, 64, 21.000000, 233728, 393248, 131072
free, 64, 21.000000, 233664, 393248, 131072
free, 64, 20.000000, 233600, 393248, 131072
free, 64, 20.000000, 233536, 393248, 131072
free, 64, 29.000000, 233472, 393248, 131072
free, 64, 23.000000, 233408, 393248, 131072
free, 64, 20.000000, 233344, 393248, 131072
free, 64, 21.000000, 233280, 393248, 131072
free, 64, 20.000000, 233216, 393248, 131072
free, 64, 21.000000, 233152, 393248, 131072
free, 64, 38.000000, 233088, 393248, 131072
free, 64, 27.000000, 233024, 393248, 131072
free, 64, 21.000000, 232960, 393248, 131072
free, 64, 22.000000, 232896, 393248, 131072
free, 64, 21.000000, 232832, 393248, 131072
free, 64, 20.000000, 232768, 393248, 131072
free, 64, 21.000000, 232704, 393248, 131072
free, 64, 20.000000, 232640, 393248, 131072
free, 64, 21.000000, 232576, 393248, 131072
free, 64, 19.000000, 232512, 393248, 131072
free, 64, 20.000000, 232448, 393248, 131072
free, 64, 21.000000, 232384, 393248, 131072
free, 64, 20.000000, 232320, 393248, 131072
free, 64, 20.000000, 232256, 393248, 131072
free, 64, 20.000000, 232192, 393248, 131072
free, 64, 30.000000, 232128, 393248, 131072
free, 64, 18.000000, 232064, 393248, 131072
free, 64, 19.000000, 232000, 393248, 131072
free, 64, 19.000000, 231936, 393248, 131072
free, 64, 22.000000, 231872, 393248, 131072
free, 64, 19.000000, 231808, 393248, 131072
free, 64, 40.000000, 231744, 393248, 131072
free, 64, 30.000000, 231680, 393248, 131072
free, 64, 21.000000, 231616, 393248, 131072
free, 64, 19.000000, 231552, 393248, 131072
free, 64, 21.000000, 231488, 393248, 131072
free, 64, 21.000000, 231424, 393248, 131072
free, 64, 23.000000, 231360, 393248, 131072
free, 64, 21.000000, 231296, 393248, 131072
free, 64, 20.000000, 231232, 393248, 131072
free, 64, 20.000000, 231168, 393248, 131072
free, 64, 23.000000, 231104, 393248, 131072
free, 64, 19.000000, 231040, 393248, 131072
free, 64, 23.000000, 230976, 393248, 131072
free, 64, 20.000000, 230912, 393248, 131072
free, 64, 26.000000, 230848, 393248, 131072
free, 64, 27.000000, 230784, 393248, 131072
free, 64, 20.000000, 230720, 393248, 131072
free, 64, 22.000000, 230656, 393248, 131072
free, 64, 22.000000, 230592, 393248, 131072
free, 64, 21.000000, 230528, 393248, 131072
free, 64, 21.000000, 230464, 393248, 131072
free, 64, 39.000000, 230400, 393248, 131072
free, 64, 28.000000, 230336, 393248, 131072
free, 64, 20.000000, 230272, 393248, 131072
free, 64, 21.000000, 230208, 393248, 131072
free, 64, 20.000000, 230144, 393248, 131072
free, 64, 22.000000, 230080, 393248, 131072
free, 64, 32.000000, 230016, 393248, 131072
free, 64, 20.000000, 229952, 393248, 131072
free, 64, 20.000000, 229888, 393248, 131072
free, 64, 22.000000, 229824, 393248, 131072
free, 64, 21.000000, 229760, 393248, 131072
free, 64, 21.000000, 229696, 393248, 131072
free, 64, 19.000000, 229632, 393248, 131072
free, 64, 23.000000, 229568, 393248, 131072
free, 64, 20.000000, 229504, 393248, 131072
free, 64, 20.000000, 229440, 393248, 131072
free, 64, 20.000000, 229376, 393248, 131072
free, 64, 22.000000, 229312, 393248, 131072
free, 64, 19.000000, 229248, 393248, 131072
free, 64, 22.000000, 229184, 393248, 131072
free, 64, 21.000000, 229120, 393248, 131072
free, 64, 54.000000, 229056, 393248, 131072
free, 64, 22.000000, 228992, 393248, 131072
free, 64, 22.000000, 228928, 393248, 131072
free, 64, 21.000000, 228864, 393248, 131072
free, 64, 28.000000, 228800, 393248, 131072
free, 64, 20.000000, 228736, 393248, 131072
free, 64, 21.000000, 228672, 393248, 131072
free, 64, 22.000000, 228608, 393248, 131072
free, 64, 22.000000, 228544, 393248, 131072
free, 64, 22.000000, 228480, 393248, 131072
free, 64, 22.000000, 228416, 393248, 131072
free, 64, 22.000000, 228352, 393248, 131072
free, 64, 23.000000, 228288, 393248, 131072
free, 64, 22.000000, 228224, 393248, 131072
free, 64, 21.000000, 228160, 393248, 131072
free, 64, 22.000000, 228096, 393248, 131072
free, 64, 21.000000, 228032, 393248, 131072
free, 64, 21.000000, 227968, 393248, 131072
free, 64, 20.000000, 227904, 393248, 131072
free, 64, 22.000000, 227840, 393248, 131072
free, 64, 21.000000, 227776, 393248, 131072
free, 64, 39.000000, 227712, 393248, 131072
free, 64, 20.000000, 227648, 393248, 131072
free, 64, 20.000000, 227584, 393248, 131072
free, 64, 22.000000, 227520, 393248, 131072
free, 64, 20.000000, 227456, 393248, 131072
free, 64, 20.000000, 227392, 393248, 131072
free, 64, 20.000000, 227328, 393248, 131072
free, 64, 20.000000, 227264, 393248, 131072
free, 64, 18.000000, 227200, 393248, 131072
free, 64, 19.000000, 227136, 393248, 131072
free, 64, 19.000000, 227072, 393248, 131072
free, 64, 23.000000, 227008, 393248, 131072
free, 64, 22.000000, 226944, 393248, 131072
free, 64, 20.000000, 226880, 393248, 131072
free, 64, 21.000000, 226816, 393248, 131072
free, 64, 22.000000, 226752, 393248, 131072
free, 64, 21.000000, 226688, 393248, 131072
free, 64, 20.000000, 226624, 393248, 131072
free, 64, 21.000000, 226560, 393248, 131072
free, 64, 22.000000, 226496, 393248, 131072
free, 64, 20.000000, 226432, 393248, 131072
free, 64, 37.000000, 226368, 393248, 131072
free, 64, 20.000000, 226304, 393248, 131072
free, 64, 21.000000, 226240, 393248, 131072
free, 64, 20.000000, 226176, 393248, 131072
free, 64, 22.000000, 226112, 393248, 131072
free, 64, 22.000000, 226048, 393248, 131072
free, 64, 22.000000, 225984, 393248, 131072
free, 64, 20.000000, 225920, 393248, 131072
free, 64, 20.000000, 225856, 393248, 131072
free, 64, 20.000000, 225792, 393248, 131072
free, 64, 22.000000, 225728, 393248, 131072
free, 64, 21.000000, 225664, 393248, 131072
free, 64, 20.000000, 225600, 393248, 131072
free, 64, 20.000000, 225536, 393248, 131072
free, 64, 29.000000, 225472, 393248, 131072
free, 64, 26.000000, 225408, 393248, 131072
free, 64, 28.000000, 225344, 393248, 131072
free, 64, 20.000000, 225280, 393248, 131072
free, 64, 21.000000, 225216, 393248, 131072
free, 64, 20.000000, 225152, 393248, 131072
free, 64, 20.000000, 225088, 393248, 131072
free, 64, 37.000000, 225024, 393248, 131072
free, 64, 22.000000, 224960, 393248, 131072
free, 64, 22.000000, 224896, 393248, 131072
free, 64, 20.000000, 224832, 393248, 131072
free, 64, 21.000000, 224768, 393248, 131072
free, 64, 22.000000, 224704, 393248, 131072
free, 64, 22.000000, 224640, 393248, 131072
free, 64, 21.000000, 224576, 393248, 131072
free, 64, 21.000000, 224512, 393248, 131072
free, 64, 22.000000, 224448, 393248, 131072
free, 64, 19.000000, 224384, 393248, 131072
free, 64, 20.000000, 224320, 393248, 131072
free, 64, 21.000000, 224256, 393248, 131072
free, 64, 21.000000, 224192, 393248, 131072
free, 64, 21.000000, 224128, 393248, 131072
free, 64, 20.000000, 224064, 393248, 131072
free, 64, 19.000000, 224000, 393248, 131072
free, 64, 21.000000, 223936, 393248, 131072
free, 64, 20.000000, 223872, 393248, 131072
free, 64, 21.000000, 223808, 393248, 131072
free, 64, 20.000000, 223744, 393248, 131072
free, 64, 40.000000, 223680, 393248, 131072
free, 64, 20.000000, 223616, 393248, 131072
free, 64, 20.000000, 223552, 393248, 131072
free, 64, 21.000000, 223488, 393248, 131072
free, 64, 21.000000, 223424, 393248, 131072
free, 64, 20.000000, 223360, 393248, 131072
free, 64, 20.000000, 223296, 393248, 131072
free, 64, 20.000000, 223232, 393248, 131072
free, 64, 22.000000, 223168, 393248, 131072
free, 64, 20.000000, 223104, 393248, 131072
free, 64, 20.000000, 223040, 393248, 131072
free, 64, 21.000000, 222976, 393248, 131072
free, 64, 21.000000, 222912, 393248, 131072
free, 64, 21.000000, 222848, 393248, 131072
free, 64, 21.000000, 222784, 393248, 131072
free, 64, 20.000000, 222720, 393248, 131072
free, 64, 21.000000, 222656, 393248, 131072
free, 64, 20.000000, 222592, 393248, 131072
free, 64, 21.000000, 222528, 393248, 131072
free, 64, 19.000000, 222464, 393248, 131072
free, 64, 22.000000, 222400, 393248, 131072
free, 64, 38.000000, 222336, 393248, 131072
free, 64, 20.000000, 222272, 393248, 131072
free, 64, 21.000000, 222208, 393248, 131072
free, 64, 23.000000, 222144, 393248, 131072
free, 64, 21.000000, 222080, 393248, 131072
free, 64, 21.000000, 222016, 393248, 131072
free, 64, 20.000000, 221952, 393248, 131072
free, 64, 23.000000, 221888, 393248, 131072
free, 64, 20.000000, 221824, 393248, 131072
free, 64, 21.000000, 221760, 393248, 131072
free, 64, 20.000000, 221696, 393248, 131072
free, 64, 22.000000, 221632, 393248, 131072
free, 64, 20.000000, 221568, 393248, 131072
free, 64, 20.000000, 221504, 393248, 131072
free, 64, 24.000000, 221440, 393248, 131072
free, 64, 27.000000, 221376, 393248, 131072
free, 64, 21.000000, 221312, 393248, 131072
free, 64, 20.000000, 221248, 393248, 131072
free, 64, 22.000000, 221184, 393248, 131072
free, 64, 22.000000, 221120, 393248, 131072
free, 64, 19.000000, 221056, 393248, 131072
free, 64, 35.000000, 220992, 393248, 131072
free, 64, 21.000000, 220928, 393248, 131072
free, 64, 21.000000, 220864, 393248, 131072
free, 64, 20.000000, 220800, 393248, 131072
free, 64, 20.000000, 220736, 393248, 131072
free, 64, 19.000000, 220672, 393248, 131072
free, 64, 22.000000, 220608, 393248, 131072
free, 64, 21.000000, 220544, 393248, 131072
free, 64, 22.000000, 220480, 393248, 131072
free, 64, 20.000000, 220416, 393248, 131072
free, 64, 22.000000, 220352, 393248, 131072
free, 64, 20.000000, 220288, 393248, 131072
free, 64, 20.000000, 220224, 393248, 131072
free, 64, 21.000000, 220160, 393248, 131072
free, 64, 21.000000, 220096, 393248, 131072
free, 64, 28.000000, 220032, 393248, 131072
free, 64, 26.000000, 219968, 393248, 131072
free, 64, 22.000000, 219904, 393248, 131072
free, 64, 22.000000, 219840, 393248, 131072
free, 64, 20.000000, 219776, 393248, 131072
free, 64, 20.000000, 219712, 393248, 131072
free, 64, 38.000000, 219648, 393248, 131072
free, 64, 21.000000, 219584, 393248, 131072
free, 64, 21.000000, 219520, 393248, 131072
free, 64, 20.000000, 219456, 393248, 131072
free, 64, 21.000000, 219392, 393248, 131072
free, 64, 21.000000, 219328, 393248, 131072
free, 64, 21.000000, 219264, 393248, 131072
free, 64, 21.000000, 219200, 393248, 131072
free, 64, 20.000000, 219136, 393248, 131072
free, 64, 22.000000, 219072, 393248, 131072
free, 64, 21.000000, 219008, 393248, 131072
free, 64, 21.000000, 218944, 393248, 131072
free, 64, 19.000000, 218880, 393248, 131072
free, 64, 28.000000, 218816, 393248, 131072
free, 64, 21.000000, 218752, 393248, 131072
free, 64, 18.000000, 218688, 393248, 131072
free, 64, 19.000000, 218624, 393248, 131072
free, 64, 22.000000, 218560, 393248, 131072
free, 64, 21.000000, 218496, 393248, 131072
free, 64, 20.000000, 218432, 393248, 131072
free, 64, 20.000000, 218368, 393248, 131072
free, 64, 42.000000, 218304, 393248, 131072
free, 64, 23.000000, 218240, 393248, 131072
free, 64, 22.000000, 218176, 393248, 131072
free, 64, 22.000000, 218112, 393248, 131072
free, 64, 29.000000, 218048, 393248, 131072
free, 64, 20.000000, 217984, 393248, 131072
free, 64, 21.000000, 217920, 393248, 131072
free, 64, 28.000000, 217856, 393248, 131072
free, 64, 22.000000, 217792, 393248, 131072
free, 64, 21.000000, 217728, 393248, 131072
free, 64, 22.000000, 217664, 393248, 131072
free, 64, 21.000000, 217600, 393248, 131072
free, 64, 22.000000, 217536, 393248, 131072
free, 64, 21.000000, 217472, 393248, 131072
free, 64, 21.000000, 217408, 393248, 131072
free, 64, 20.000000, 217344, 393248, 131072
free, 64, 21.000000, 217280, 393248, 131072
free, 64, 20.000000, 217216, 393248, 131072
free, 64, 21.000000, 217152, 393248, 131072
free, 64, 20.000000, 217088, 393248, 131072
free, 64, 21.000000, 217024, 393248, 131072
free, 64, 39.000000, 216960, 393248, 131072
free, 64, 20.000000, 216896, 393248, 131072
free, 64, 21.000000, 216832, 393248, 131072
free, 64, 22.000000, 216768, 393248, 131072
free, 64, 21.000000, 216704, 393248, 131072
free, 64, 20.000000, 216640, 393248, 131072
free, 64, 20.000000, 216576, 393248, 131072
free, 64, 23.000000, 216512, 393248, 131072
free, 64, 20.000000, 216448, 393248, 131072
free, 64, 21.000000, 216384, 393248, 131072
free, 64, 21.000000, 216320, 393248, 131072
free, 64, 21.000000, 216256, 393248, 131072
free, 64, 20.000000, 216192, 393248, 131072
free, 64, 19.000000, 216128, 393248, 131072
free, 64, 20.000000, 216064, 393248, 131072
free, 64, 23.000000, 216000, 393248, 131072
free, 64, 20.000000, 215936, 393248, 131072
free, 64, 22.000000, 215872, 393248, 131072
free, 64, 22.000000, 215808, 393248, 131072
free, 64, 22.000000, 215744, 393248, 131072
free, 64, 21.000000, 215680, 393248, 131072
free, 64, 36.000000, 215616, 393248, 131072
free, 64, 20.000000, 215552, 393248, 131072
free, 64, 21.000000, 215488, 393248, 131072
free, 64, 20.000000, 215424, 393248, 131072
free, 64, 20.000000, 215360, 393248, 131072
free, 64, 21.000000, 215296, 393248, 131072
free, 64, 21.000000, 215232, 393248, 131072
free, 64, 22.000000, 215168, 393248, 131072
free, 64, 21.000000, 215104, 393248, 131072
free, 64, 21.000000, 215040, 393248, 131072
free, 64, 22.000000, 214976, 393248, 131072
free, 64, 20.000000, 214912, 393248, 131072
free, 64, 19.000000, 214848, 393248, 131072
free, 64, 20.000000, 214784, 393248, 131072
free, 64, 22.000000, 214720, 393248, 131072
free, 64, 30.000000, 214656, 393248, 131072
free, 64, 27.000000, 214592, 393248, 131072
free, 64, 20.000000, 214528, 393248, 131072
free, 64, 22.000000, 214464, 393248, 131072
free, 64, 20.000000, 214400, 393248, 131072
free, 64, 20.000000, 214336, 393248, 131072
free, 64, 36.000000, 214272, 393248, 131072
free, 64, 22.000000, 214208, 393248, 131072
free, 64, 19.000000, 214144, 393248, 131072
free, 64, 21.000000, 214080, 393248, 131072
free, 64, 22.000000, 214016, 393248, 131072
free, 64, 22.000000, 213952, 393248, 131072
free, 64, 20.000000, 213888, 393248, 131072
free, 64, 21.000000, 213824, 393248, 131072
free, 64, 21.000000, 213760, 393248, 131072
free, 64, 22.000000, 213696, 393248, 131072
free, 64, 19.000000, 213632, 393248, 131072
free, 64, 20.000000, 213568, 393248, 131072
free, 64, 20.000000, 213504, 393248, 131072
free, 64, 22.000000, 213440, 393248, 131072
free, 64, 19.000000, 213376, 393248, 131072
free, 64, 29.000000, 213312, 393248, 131072
free, 64, 27.000000, 213248, 393248, 131072
free, 64, 23.000000, 213184, 393248, 131072
free, 64, 22.000000, 213120, 393248, 131072
free, 64, 20.000000, 213056, 393248, 131072
free, 64, 21.000000, 212992, 393248, 131072
free, 64, 40.000000, 212928, 393248, 131072
free, 64, 21.000000, 212864, 393248, 131072
free, 64, 20.000000, 212800, 393248, 131072
free, 64, 21.000000, 212736, 393248, 131072
free, 64, 22.000000, 212672, 393248, 131072
free, 64, 21.000000, 212608, 393248, 131072
free, 64, 19.000000, 212544, 393248, 131072
free, 64, 18.000000, 212480, 393248, 131072
free, 64, 30.000000, 212416, 393248, 131072
free, 64, 21.000000, 212352, 393248, 131072
free, 64, 20.000000, 212288, 393248, 131072
free, 64, 20.000000, 212224, 393248, 131072
free, 64, 21.000000, 212160, 393248, 131072
free, 64, 20.000000, 212096, 393248, 131072
free, 64, 21.000000, 212032, 393248, 131072
free, 64, 20.000000, 211968, 393248, 131072
free, 64, 21.000000, 211904, 393248, 131072
free, 64, 21.000000, 211840, 393248, 131072
free, 64, 20.000000, 211776, 393248, 131072
free, 64, 19.000000, 211712, 393248, 131072
free, 64, 22.000000, 211648, 393248, 131072
free, 64, 36.000000, 211584, 393248, 131072
free, 64, 20.000000, 211520, 393248, 131072
free, 64, 21.000000, 211456, 393248, 131072
free, 64, 22.000000, 211392, 393248, 131072
free, 64, 21.000000, 211328, 393248, 131072
free, 64, 20.000000, 211264, 393248, 131072
free, 64, 22.000000, 211200, 393248, 131072
free, 64, 22.000000, 211136, 393248, 131072
free, 64, 19.000000, 211072, 393248, 131072
free, 64, 20.000000, 211008, 393248, 131072
free, 64, 20.000000, 210944, 393248, 131072
free, 64, 22.000000, 210880, 393248, 131072
free, 64, 20.000000, 210816, 393248, 131072
free, 64, 22.000000, 210752, 393248, 131072
free, 64, 20.000000, 210688, 393248, 131072
free, 64, 21.000000, 210624, 393248, 131072
free, 64, 21.000000, 210560, 393248, 131072
free, 64, 21.000000, 210496, 393248, 131072
free, 64, 20.000000, 210432, 393248, 131072
free, 64, 22.000000, 210368, 393248, 131072
free, 64, 20.000000, 210304, 393248, 131072
free, 64, 35.000000, 210240, 393248, 131072
free, 64, 20.000000, 210176, 393248, 131072
free, 64, 21.000000, 210112, 393248, 131072
free, 64, 19.000000, 210048, 393248, 131072
free, 64, 19.000000, 209984, 393248, 131072
free, 64, 22.000000, 209920, 393248, 131072
free, 64, 22.000000, 209856, 393248, 131072
free, 64, 22.000000, 209792, 393248, 131072
free, 64, 21.000000, 209728, 393248, 131072
free, 64, 20.000000, 209664, 393248, 131072
free, 64, 21.000000, 209600, 393248, 131072
free, 64, 19.000000, 209536, 393248, 131072
free, 64, 20.000000, 209472, 393248, 131072
free, 64, 21.000000, 209408, 393248, 131072
free, 64, 22.000000, 209344, 393248, 131072
free, 64, 29.000000, 209280, 393248, 131072
free, 64, 25.000000, 209216, 393248, 131072
free, 64, 20.000000, 209152, 393248, 131072
free, 64, 21.000000, 209088, 393248, 131072
free, 64, 20.000000, 209024, 393248, 131072
free, 64, 21.000000, 208960, 393248, 131072
free, 64, 37.000000, 208896, 393248, 131072
free, 64, 22.000000, 208832, 393248, 131072
free, 64, 21.000000, 208768, 393248, 131072
free, 64, 20.000000, 208704, 393248, 131072
free, 64, 21.000000, 208640, 393248, 131072
free, 64, 21.000000, 208576, 393248, 131072
free, 64, 20.000000, 208512, 393248, 131072
free, 64, 21.000000, 208448, 393248, 131072
free, 64, 21.000000, 208384, 393248, 131072
free, 64, 22.000000, 208320, 393248, 131072
free, 64, 21.000000, 208256, 393248, 131072
free, 64, 20.000000, 208192, 393248, 131072
free, 64, 28.000000, 208128, 393248, 131072
free, 64, 23.000000, 208064, 393248, 131072
free, 64, 21.000000, 208000, 393248, 131072
free, 64, 20.000000, 207936, 393248, 131072
free, 64, 21.000000, 207872, 393248, 131072
free, 64, 21.000000, 207808, 393248, 131072
free, 64, 20.000000, 207744, 393248, 131072
free, 64, 20.000000, 207680, 393248, 131072
free, 64, 20.000000, 207616, 393248, 131072
free, 64, 39.000000, 207552, 393248, 131072
free, 64, 20.000000, 207488, 393248, 131072
free, 64, 20.000000, 207424, 393248, 131072
free, 64, 22.000000, 207360, 393248, 131072
free, 64, 20.000000, 207296, 393248, 131072
free, 64, 22.000000, 207232, 393248, 131072
free, 64, 22.000000, 207168, 393248, 131072
free, 64, 21.000000, 207104, 393248, 131072
free, 64, 23.000000, 207040, 393248, 131072
free, 64, 22.000000, 206976, 393248, 131072
free, 64, 22.000000, 206912, 393248, 131072
free, 64, 20.000000, 206848, 393248, 131072
free, 64, 22.000000, 206784, 393248, 131072
free, 64, 20.000000, 206720, 393248, 131072
free, 64, 20.000000, 206656, 393248, 131072
free, 64, 26.000000, 206592, 393248, 131072
free, 64, 27.000000, 206528, 393248, 131072
free, 64, 21.000000, 206464, 393248, 131072
free, 64, 21.000000, 206400, 393248, 131072
free, 64, 21.000000, 206336, 393248, 131072
free, 64, 22.000000, 206272, 393248, 131072
free, 64, 44.000000, 206208, 393248, 131072
free, 64, 20.000000, 206144, 393248, 131072
free, 64, 21.000000, 206080, 393248, 131072
free, 64, 21.000000, 206016, 393248, 131072
free, 64, 21.000000, 205952, 393248, 131072
free, 64, 20.000000, 205888, 393248, 131072
free, 64, 20.000000, 205824, 393248, 131072
free, 64, 22.000000, 205760, 393248, 131072
free, 64, 20.000000, 205696, 393248, 131072
free, 64, 21.000000, 205632, 393248, 131072
free, 64, 20.000000, 205568, 393248, 131072
free, 64, 22.000000, 205504, 393248, 131072
free, 64, 20.000000, 205440, 393248, 131072
free, 64, 20.000000, 205376, 393248, 131072
free, 64, 21.000000, 205312, 393248, 131072
free, 64, 21.000000, 205248, 393248, 131072
free, 64, 19.000000, 205184, 393248, 131072
free, 64, 19.000000, 205120, 393248, 131072
free, 64, 21.000000, 205056, 393248, 131072
free, 64, 22.000000, 204992, 393248, 131072
free, 64, 20.000000, 204928, 393248, 131072
free, 64, 37.000000, 204864, 393248, 131072
free, 64, 19.000000, 204800, 393248, 131072
free, 64, 22.000000, 204736, 393248, 131072
free, 64, 20.000000, 204672, 393248, 131072
free, 64, 20.000000, 204608, 393248, 131072
free, 64, 20.000000, 204544, 393248, 131072
free, 64, 21.000000, 204480, 393248, 131072
free, 64, 18.000000, 204416, 393248, 131072
free, 64, 21.000000, 204352, 393248, 131072
free, 64, 21.000000, 204288, 393248, 131072
free, 64, 22.000000, 204224, 393248, 131072
free, 64, 20.000000, 204160, 393248, 131072
free, 64, 21.000000, 204096, 393248, 131072
free, 64, 20.000000, 204032, 393248, 131072
free, 64, 21.000000, 203968, 393248, 131072
free, 64, 28.000000, 203904, 393248, 131072
free, 64, 25.000000, 203840, 393248, 131072
free, 64, 21.000000, 203776, 393248, 131072
free, 64, 22.000000, 203712, 393248, 131072
free, 64, 20.000000, 203648, 393248, 131072
free, 64, 21.000000, 203584, 393248, 131072
free, 64, 36.000000, 203520, 393248, 131072
free, 64, 22.000000, 203456, 393248, 131072
free, 64, 20.000000, 203392, 393248, 131072
free, 64, 21.000000, 203328, 393248, 131072
free, 64, 21.000000, 203264, 393248, 131072
free, 64, 22.000000, 203200, 393248, 131072
free, 64, 20.000000, 203136, 393248, 131072
free, 64, 21.000000, 203072, 393248, 131072
free, 64, 22.000000, 203008, 393248, 131072
free, 64, 22.000000, 202944, 393248, 131072
free, 64, 21.000000, 202880, 393248, 131072
free, 64, 20.000000, 202816, 393248, 131072
free, 64, 21.000000, 202752, 393248, 131072
free, 64, 30.000000, 202688, 393248, 131072
free, 64, 28.000000, 202624, 393248, 131072
free, 64, 21.000000, 202560, 393248, 131072
free, 64, 20.000000, 202496, 393248, 131072
free, 64, 27.000000, 202432, 393248, 131072
free, 64, 20.000000, 202368, 393248, 131072
free, 64, 21.000000, 202304, 393248, 131072
free, 64, 21.000000, 202240, 393248, 131072
free, 64, 43.000000, 202176, 393248, 131072
free, 64, 21.000000, 202112, 393248, 131072
free, 64, 21.000000, 202048, 393248, 131072
free, 64, 19.000000, 201984, 393248, 131072
free, 64, 21.000000, 201920, 393248, 131072
free, 64, 21.000000, 201856, 393248, 131072
free, 64, 22.000000, 201792, 393248, 131072
free, 64, 20.000000, 201728, 393248, 131072
free, 64, 22.000000, 201664, 393248, 131072
free, 64, 20.000000, 201600, 393248, 131072
free, 64, 21.000000, 201536, 393248, 131072
free, 64, 21.000000, 201472, 393248, 131072
free, 64, 22.000000, 201408, 393248, 131072
free, 64, 19.000000, 201344, 393248, 131072
free, 64, 28.000000, 201280, 393248, 131072
free, 64, 27.000000, 201216, 393248, 131072
free, 64, 23.000000, 201152, 393248, 131072
free, 64, 21.000000, 201088, 393248, 131072
free, 64, 22.000000, 201024, 393248, 131072
free, 64, 21.000000, 200960, 393248, 131072
free, 64, 22.000000, 200896, 393248, 131072
free, 64, 35.000000, 200832, 393248, 131072
free, 64, 21.000000, 200768, 393248, 131072
free, 64, 20.000000, 200704, 393248, 131072
free, 64, 23.000000, 200640, 393248, 131072
free, 64, 20.000000, 200576, 393248, 131072
free, 64, 18.000000, 200512, 393248, 131072
free, 64, 21.000000, 200448, 393248, 131072
free, 64, 21.000000, 200384, 393248, 131072
free, 64, 22.000000, 200320, 393248, 131072
free, 64, 20.000000, 200256, 393248, 131072
free, 64, 21.000000, 200192, 393248, 131072
free, 64, 22.000000, 200128, 393248, 131072
free, 64, 20.000000, 200064, 393248, 131072
free, 64, 20.000000, 200000, 393248, 131072
free, 64, 19.000000, 199936, 393248, 131072
free, 64, 21.000000, 199872, 393248, 131072
free, 64, 21.000000, 199808, 393248, 131072
free, 64, 22.000000, 199744, 393248, 131072
free, 64, 20.000000, 199680, 393248, 131072
free, 64, 22.000000, 199616, 393248, 131072
free, 64, 20.000000, 199552, 393248, 131072
free, 64, 39.000000, 199488, 393248, 131072
free, 64, 20.000000, 199424, 393248, 131072
free, 64, 22.000000, 199360, 393248, 131072
free, 64, 21.000000, 199296, 393248, 131072
free, 64, 20.000000, 199232, 393248, 131072
free, 64, 19.000000, 199168, 393248, 131072
free, 64, 21.000000, 199104, 393248, 131072
free, 64, 21.000000, 199040, 393248, 131072
free, 64, 21.000000, 198976, 393248, 131072
free, 64, 20.000000, 198912, 393248, 131072
free, 64, 21.000000, 198848, 393248, 131072
free, 64, 20.000000, 198784, 393248, 131072
free, 64, 21.000000, 198720, 393248, 131072
free, 64, 21.000000, 198656, 393248, 131072
free, 64, 28.000000, 198592, 393248, 131072
free, 64, 27.000000, 198528, 393248, 131072
free, 64, 21.000000, 198464, 393248, 131072
free, 64, 21.000000, 198400, 393248, 131072
free, 64, 22.000000, 198336, 393248, 131072
free, 64, 20.000000, 198272, 393248, 131072
free, 64, 21.000000, 198208, 393248, 131072
free, 64, 40.000000, 198144, 393248, 131072
free, 64, 22.000000, 198080, 393248, 131072
free, 64, 22.000000, 198016, 393248, 131072
free, 64, 20.000000, 197952, 393248, 131072
free, 64, 21.000000, 197888, 393248, 131072
free, 64, 22.000000, 197824, 393248, 131072
free, 64, 19.000000, 197760, 393248, 131072
free, 64, 20.000000, 197696, 393248, 131072
free, 64, 19.000000, 197632, 393248, 131072
free, 64, 21.000000, 197568, 393248, 131072
free, 64, 20.000000, 197504, 393248, 131072
free, 64, 21.000000, 197440, 393248, 131072
free, 64, 21.000000, 197376, 393248, 131072
free, 64, 22.000000, 197312, 393248, 131072
free, 64, 21.000000, 197248, 393248, 131072
free, 64, 20.000000, 197184, 393248, 131072
free, 64, 19.000000, 197120, 393248, 131072
free, 64, 22.000000, 197056, 393248, 131072
free, 64, 20.000000, 196992, 393248, 131072
free, 64, 19.000000, 196928, 393248, 131072
free, 64, 20.000000, 196864, 393248, 131072
free, 64, 40.000000, 196800, 393248, 131072
free, 64, 20.000000, 196736, 393248, 131072
free, 64, 19.000000, 196672, 393248, 131072
free, 64, 21.000000, 196608, 393248, 131072
free, 64, 21.000000, 196544, 393248, 131072
free, 64, 20.000000, 196480, 393248, 131072
free, 64, 21.000000, 196416, 393248, 131072
free, 64, 20.000000, 196352, 393248, 131072
free, 64, 21.000000, 196288, 393248, 131072
free, 64, 22.000000, 196224, 393248, 131072
free, 64, 20.000000, 196160, 393248, 131072
free, 64, 21.000000, 196096, 393248, 131072
free, 64, 30.000000, 196032, 393248, 131072
free, 64, 21.000000, 195968, 393248, 131072
free, 64, 19.000000, 195904, 393248, 131072
free, 64, 20.000000, 195840, 393248, 131072
free, 64, 21.000000, 195776, 393248, 131072
free, 64, 20.000000, 195712, 393248, 131072
free, 64, 20.000000, 195648, 393248, 131072
free, 64, 20.000000, 195584, 393248, 131072
free, 64, 22.000000, 195520, 393248, 131072
free, 64, 37.000000, 195456, 393248, 131072
free, 64, 20.000000, 195392, 393248, 131072
free, 64, 21.000000, 195328, 393248, 131072
free, 64, 22.000000, 195264, 393248, 131072
free, 64, 21.000000, 195200, 393248, 131072
free, 64, 20.000000, 195136, 393248, 131072
free, 64, 19.000000, 195072, 393248, 131072
free, 64, 23.000000, 195008, 393248, 131072
free, 64, 21.000000, 194944, 393248, 131072
free, 64, 22.000000, 194880, 393248, 131072
free, 64, 20.000000, 194816, 393248, 131072
free, 64, 21.000000, 194752, 393248, 131072
free, 64, 20.000000, 194688, 393248, 131072
free, 64, 20.000000, 194624, 393248, 131072
free, 64, 30.000000, 194560, 393248, 131072
free, 64, 20.000000, 194496, 393248, 131072
free, 64, 25.000000, 194432, 393248, 131072
free, 64, 27.000000, 194368, 393248, 131072
free, 64, 30.000000, 194304, 393248, 131072
free, 64, 25.000000, 194240, 393248, 131072
free, 64, 20.000000, 194176, 393248, 131072
free, 64, 36.000000, 194112, 393248, 131072
free, 64, 21.000000, 194048, 393248, 131072
free, 64, 21.000000, 193984, 393248, 131072
free, 64, 22.000000, 193920, 393248, 131072
free, 64, 22.000000, 193856, 393248, 131072
free, 64, 21.000000, 193792, 393248, 131072
free, 64, 22.000000, 193728, 393248, 131072
free, 64, 21.000000, 193664, 393248, 131072
free, 64, 22.000000, 193600, 393248, 131072
free, 64, 21.000000, 193536, 393248, 131072
free, 64, 23.000000, 193472, 393248, 131072
free, 64, 20.000000, 193408, 393248, 131072
free, 64, 20.000000, 193344, 393248, 131072
free, 64, 21.000000, 193280, 393248, 131072
free, 64, 20.000000, 193216, 393248, 131072
free, 64, 29.000000, 193152, 393248, 131072
free, 64, 26.000000, 193088, 393248, 131072
free, 64, 26.000000, 193024, 393248, 131072
free, 64, 27.000000, 192960, 393248, 131072
free, 64, 25.000000, 192896, 393248, 131072
free, 64, 27.000000, 192832, 393248, 131072
free, 64, 37.000000, 192768, 393248, 131072
free, 64, 29.000000, 192704, 393248, 131072
free, 64, 20.000000, 192640, 393248, 131072
free, 64, 19.000000, 192576, 393248, 131072
free, 64, 20.000000, 192512, 393248, 131072
free, 64, 22.000000, 192448, 393248, 131072
free, 64, 20.000000, 192384, 393248, 131072
free, 64, 19.000000, 192320, 393248, 131072
free, 64, 21.000000, 192256, 393248, 131072
free, 64, 22.000000, 192192, 393248, 131072
free, 64, 21.000000, 192128, 393248, 131072
free, 64, 22.000000, 192064, 393248, 131072
free, 64, 21.000000, 192000, 393248, 131072
free, 64, 22.000000, 191936, 393248, 131072
free, 64, 20.000000, 191872, 393248, 131072
free, 64, 22.000000, 191808, 393248, 131072
free, 64, 25.000000, 191744, 393248, 131072
free, 64, 29.000000, 191680, 393248, 131072
free, 64, 20.000000, 191616, 393248, 131072
free, 64, 20.000000, 191552, 393248, 131072
free, 64, 20.000000, 191488, 393248, 131072
free, 64, 37.000000, 191424, 393248, 131072
free, 64, 19.000000, 191360, 393248, 131072
free, 64, 19.000000, 191296, 393248, 131072
free, 64, 21.000000, 191232, 393248, 131072
free, 64, 21.000000, 191168, 393248, 131072
free, 64, 21.000000, 191104, 393248, 131072
free, 64, 21.000000, 191040, 393248, 131072
free, 64, 21.000000, 190976, 393248, 131072
free, 64, 22.000000, 190912, 393248, 131072
free, 64, 20.000000, 190848, 393248, 131072
free, 64, 21.000000, 190784, 393248, 131072
free, 64, 21.000000, 190720, 393248, 131072
free, 64, 21.000000, 190656, 393248, 131072
free, 64, 21.000000, 190592, 393248, 131072
free, 64, 21.000000, 190528, 393248, 131072
free, 64, 20.000000, 190464, 393248, 131072
free, 64, 21.000000, 190400, 393248, 131072
free, 64, 20.000000, 190336, 393248, 131072
free, 64, 21.000000, 190272, 393248, 131072
free, 64, 22.000000, 190208, 393248, 131072
free, 64, 21.000000, 190144, 393248, 131072
free, 64, 39.000000, 190080, 393248, 131072
free, 64, 20.000000, 190016, 393248, 131072
free, 64, 20.000000, 189952, 393248, 131072
free, 64, 22.000000, 189888, 393248, 131072
free, 64, 20.000000, 189824, 393248, 131072
free, 64, 21.000000, 189760, 393248, 131072
free, 64, 20.000000, 189696, 393248, 131072
free, 64, 21.000000, 189632, 393248, 131072
free, 64, 20.000000, 189568, 393248, 131072
free, 64, 20.000000, 189504, 393248, 131072
free, 64, 21.000000, 189440, 393248, 131072
free, 64, 22.000000, 189376, 393248, 131072
free, 64, 19.000000, 189312, 393248, 131072
free, 64, 21.000000, 189248, 393248, 131072
free, 64, 21.000000, 189184, 393248, 131072
free, 64, 22.000000, 189120, 393248, 131072
free, 64, 20.000000, 189056, 393248, 131072
free, 64, 21.000000, 188992, 393248, 131072
free, 64, 20.000000, 188928, 393248, 131072
free, 64, 22.000000, 188864, 393248, 131072
free, 64, 22.000000, 188800, 393248, 131072
free, 64, 40.000000, 188736, 393248, 131072
free, 64, 19.000000, 188672, 393248, 131072
free, 64, 22.000000, 188608, 393248, 131072
free, 64, 21.000000, 188544, 393248, 131072
free, 64, 21.000000, 188480, 393248, 131072
free, 64, 20.000000, 188416, 393248, 131072
free, 64, 21.000000, 188352, 393248, 131072
free, 64, 20.000000, 188288, 393248, 131072
free, 64, 21.000000, 188224, 393248, 131072
free, 64, 20.000000, 188160, 393248, 131072
free, 64, 21.000000, 188096, 393248, 131072
free, 64, 19.000000, 188032, 393248, 131072
free, 64, 21.000000, 187968, 393248, 131072
free, 64, 20.000000, 187904, 393248, 131072
free, 64, 26.000000, 187840, 393248, 131072
free, 64, 25.000000, 187776, 393248, 131072
free, 64, 21.000000, 187712, 393248, 131072
free, 64, 19.000000, 187648, 393248, 131072
free, 64, 22.000000, 187584, 393248, 131072
free, 64, 21.000000, 187520, 393248, 131072
free, 64, 20.000000, 187456, 393248, 131072
free, 64, 38.000000, 187392, 393248, 131072
free, 64, 21.000000, 187328, 393248, 131072
free, 64, 20.000000, 187264, 393248, 131072
free, 64, 20.000000, 187200, 393248, 131072
free, 64, 21.000000, 187136, 393248, 131072
free, 64, 21.000000, 187072, 393248, 131072
free, 64, 22.000000, 187008, 393248, 131072
free, 64, 21.000000, 186944, 393248, 131072
free, 64, 21.000000, 186880, 393248, 131072
free, 64, 22.000000, 186816, 393248, 131072
free, 64, 20.000000, 186752, 393248, 131072
free, 64, 19.000000, 186688, 393248, 131072
free, 64, 21.000000, 186624, 393248, 131072
free, 64, 21.000000, 186560, 393248, 131072
free, 64, 21.000000, 186496, 393248, 131072
free, 64, 19.000000, 186432, 393248, 131072
free, 64, 22.000000, 186368, 393248, 131072
free, 64, 21.000000, 186304, 393248, 131072
free, 64, 20.000000, 186240, 393248, 131072
free, 64, 19.000000, 186176, 393248, 131072
free, 64, 20.000000, 186112, 393248, 131072
free, 64, 39.000000, 186048, 393248, 131072
free, 64, 20.000000, 185984, 393248, 131072
free, 64, 21.000000, 185920, 393248, 131072
free, 64, 21.000000, 185856, 393248, 131072
free, 64, 22.000000, 185792, 393248, 131072
free, 64, 20.000000, 185728, 393248, 131072
free, 64, 21.000000, 185664, 393248, 131072
free, 64, 20.000000, 185600, 393248, 131072
free, 64, 22.000000, 185536, 393248, 131072
free, 64, 19.000000, 185472, 393248, 131072
free, 64, 22.000000, 185408, 393248, 131072
free, 64, 20.000000, 185344, 393248, 131072
free, 64, 22.000000, 185280, 393248, 131072
free, 64, 22.000000, 185216, 393248, 131072
free, 64, 20.000000, 185152, 393248, 131072
free, 64, 21.000000, 185088, 393248, 131072
free, 64, 22.000000, 185024, 393248, 131072
free, 64, 21.000000, 184960, 393248, 131072
free, 64, 21.000000, 184896, 393248, 131072
free, 64, 20.000000, 184832, 393248, 131072
free, 64, 22.000000, 184768, 393248, 131072
free, 64, 37.000000, 184704, 393248, 131072
free, 64, 26.000000, 184640, 393248, 131072
free, 64, 22.000000, 184576, 393248, 131072
free, 64, 21.000000, 184512, 393248, 131072
free, 64, 20.000000, 184448, 393248, 131072
free, 64, 22.000000, 184384, 393248, 131072
free, 64, 21.000000, 184320, 393248, 131072
free, 64, 23.000000, 184256, 393248, 131072
free, 64, 20.000000, 184192, 393248, 131072
free, 64, 21.000000, 184128, 393248, 131072
free, 64, 21.000000, 184064, 393248, 131072
free, 64, 22.000000, 184000, 393248, 131072
free, 64, 21.000000, 183936, 393248, 131072
free, 64, 20.000000, 183872, 393248, 131072
free, 64, 21.000000, 183808, 393248, 131072
free, 64, 23.000000, 183744, 393248, 131072
free, 64, 20.000000, 183680, 393248, 131072
free, 64, 25.000000, 183616, 393248, 131072
free, 64, 22.000000, 183552, 393248, 131072
free, 64, 22.000000, 183488, 393248, 131072
free, 64, 20.000000, 183424, 393248, 131072
free, 64, 36.000000, 183360, 393248, 131072
free, 64, 27.000000, 183296, 393248, 131072
free, 64, 22.000000, 183232, 393248, 131072
free, 64, 21.000000, 183168, 393248, 131072
free, 64, 21.000000, 183104, 393248, 131072
free, 64, 21.000000, 183040, 393248, 131072
free, 64, 22.000000, 182976, 393248, 131072
free, 64, 22.000000, 182912, 393248, 131072
free, 64, 21.000000, 182848, 393248, 131072
free, 64, 20.000000, 182784, 393248, 131072
free, 64, 21.000000, 182720, 393248, 131072
free, 64, 21.000000, 182656, 393248, 131072
free, 64, 19.000000, 182592, 393248, 131072
free, 64, 20.000000, 182528, 393248, 131072
free, 64, 21.000000, 182464, 393248, 131072
free, 64, 19.000000, 182400, 393248, 131072
free, 64, 26.000000, 182336, 393248, 131072
free, 64, 22.000000, 182272, 393248, 131072
free, 64, 21.000000, 182208, 393248, 131072
free, 64, 21.000000, 182144, 393248, 131072
free, 64, 19.000000, 182080, 393248, 131072
free, 64, 38.000000, 182016, 393248, 131072
free, 64, 21.000000, 181952, 393248, 131072
free, 64, 22.000000, 181888, 393248, 131072
free, 64, 21.000000, 181824, 393248, 131072
free, 64, 20.000000, 181760, 393248, 131072
free, 64, 22.000000, 181696, 393248, 131072
free, 64, 20.000000, 181632, 393248, 131072
free, 64, 21.000000, 181568, 393248, 131072
free, 64, 22.000000, 181504, 393248, 131072
free, 64, 28.000000, 181440, 393248, 131072
free, 64, 19.000000, 181376, 393248, 131072
free, 64, 20.000000, 181312, 393248, 131072
free, 64, 22.000000, 181248, 393248, 131072
free, 64, 29.000000, 181184, 393248, 131072
free, 64, 21.000000, 181120, 393248, 131072
free, 64, 21.000000, 181056, 393248, 131072
free, 64, 21.000000, 180992, 393248, 131072
free, 64, 23.000000, 180928, 393248, 131072
free, 64, 20.000000, 180864, 393248, 131072
free, 64, 20.000000, 180800, 393248, 131072
free, 64, 19.000000, 180736, 393248, 131072
free, 64, 47.000000, 180672, 393248, 131072
free, 64, 19.000000, 180608, 393248, 131072
free, 64, 22.000000, 180544, 393248, 131072
free, 64, 20.000000, 180480, 393248, 131072
free, 64, 23.000000, 180416, 393248, 131072
free, 64, 21.000000, 180352, 393248, 131072
free, 64, 20.000000, 180288, 393248, 131072
free, 64, 20.000000, 180224, 393248, 131072
free, 64, 29.000000, 180160, 393248, 131072
free, 64, 20.000000, 180096, 393248, 131072
free, 64, 20.000000, 180032, 393248, 131072
free, 64, 20.000000, 179968, 393248, 131072
free, 64, 22.000000, 179904, 393248, 131072
free, 64, 20.000000, 179840, 393248, 131072
free, 64, 26.000000, 179776, 393248, 131072
free, 64, 26.000000, 179712, 393248, 131072
free, 64, 31.000000, 179648, 393248, 131072
free, 64, 21.000000, 179584, 393248, 131072
free, 64, 20.000000, 179520, 393248, 131072
free, 64, 20.000000, 179456, 393248, 131072
free, 64, 22.000000, 179392, 393248, 131072
free, 64, 39.000000, 179328, 393248, 131072
free, 64, 21.000000, 179264, 393248, 131072
free, 64, 20.000000, 179200, 393248, 131072
free, 64, 21.000000, 179136, 393248, 131072
free, 64, 21.000000, 179072, 393248, 131072
free, 64, 22.000000, 179008, 393248, 131072
free, 64, 20.000000, 178944, 393248, 131072
free, 64, 21.000000, 178880, 393248, 131072
free, 64, 21.000000, 178816, 393248, 131072
free, 64, 21.000000, 178752, 393248, 131072
free, 64, 20.000000, 178688, 393248, 131072
free, 64, 22.000000, 178624, 393248, 131072
free, 64, 20.000000, 178560, 393248, 131072
free, 64, 21.000000, 178496, 393248, 131072
free, 64, 26.000000, 178432, 393248, 131072
free, 64, 27.000000, 178368, 393248, 131072
free, 64, 21.000000, 178304, 393248, 131072
free, 64, 19.000000, 178240, 393248, 131072
free, 64, 21.000000, 178176, 393248, 131072
free, 64, 21.000000, 178112, 393248, 131072
free, 64, 19.000000, 178048, 393248, 131072
free, 64, 39.000000, 177984, 393248, 131072
free, 64, 21.000000, 177920, 393248, 131072
free, 64, 22.000000, 177856, 393248, 131072
free, 64, 21.000000, 177792, 393248, 131072
free, 64, 19.000000, 177728, 393248, 131072
free, 64, 19.000000, 177664, 393248, 131072
free, 64, 23.000000, 177600, 393248, 131072
free, 64, 21.000000, 177536, 393248, 131072
free, 64, 20.000000, 177472, 393248, 131072
free, 64, 22.000000, 177408, 393248, 131072
free, 64, 23.000000, 177344, 393248, 131072
free, 64, 19.000000, 177280, 393248, 131072
free, 64, 18.000000, 177216, 393248, 131072
free, 64, 20.000000, 177152, 393248, 131072
free, 64, 22.000000, 177088, 393248, 131072
free, 64, 20.000000, 177024, 393248, 131072
free, 64, 20.000000, 176960, 393248, 131072
free, 64, 20.000000, 176896, 393248, 131072
free, 64, 23.000000, 176832, 393248, 131072
free, 64, 21.000000, 176768, 393248, 131072
free, 64, 20.000000, 176704, 393248, 131072
free, 64, 41.000000, 176640, 393248, 131072
free, 64, 22.000000, 176576, 393248, 131072
free, 64, 21.000000, 176512, 393248, 131072
free, 64, 20.000000, 176448, 393248, 131072
free, 64, 20.000000, 176384, 393248, 131072
free, 64, 21.000000, 176320, 393248, 131072
free, 64, 20.000000, 176256, 393248, 131072
free, 64, 20.000000, 176192, 393248, 131072
free, 64, 20.000000, 176128, 393248, 131072
free, 64, 23.000000, 176064, 393248, 131072
free, 64, 20.000000, 176000, 393248, 131072
free, 64, 21.000000, 175936, 393248, 131072
free, 64, 20.000000, 175872, 393248, 131072
free, 64, 22.000000, 175808, 393248, 131072
free, 64, 27.000000, 175744, 393248, 131072
free, 64, 24.000000, 175680, 393248, 131072
free, 64, 19.000000, 175616, 393248, 131072
free, 64, 22.000000, 175552, 393248, 131072
free, 64, 22.000000, 175488, 393248, 131072
free, 64, 21.000000, 175424, 393248, 131072
free, 64, 20.000000, 175360, 393248, 131072
free, 64, 37.000000, 175296, 393248, 131072
free, 64, 21.000000, 175232, 393248, 131072
free, 64, 22.000000, 175168, 393248, 131072
free, 64, 22.000000, 175104, 393248, 131072
free, 64, 21.000000, 175040, 393248, 131072
free, 64, 20.000000, 174976, 393248, 131072
free, 64, 21.000000, 174912, 393248, 131072
free, 64, 21.000000, 174848, 393248, 131072
free, 64, 21.000000, 174784, 393248, 131072
free, 64, 21.000000, 174720, 393248, 131072
free, 64, 21.000000, 174656, 393248, 131072
free, 64, 22.000000, 174592, 393248, 131072
free, 64, 21.000000, 174528, 393248, 131072
free, 64, 20.000000, 174464, 393248, 131072
free, 64, 28.000000, 174400, 393248, 131072
free, 64, 28.000000, 174336, 393248, 131072
free, 64, 22.000000, 174272, 393248, 131072
free, 64, 21.000000, 174208, 393248, 131072
free, 64, 20.000000, 174144, 393248, 131072
free, 64, 21.000000, 174080, 393248, 131072
free, 64, 23.000000, 174016, 393248, 131072
free, 64, 41.000000, 173952, 393248, 131072
free, 64, 22.000000, 173888, 393248, 131072
free, 64, 21.000000, 173824, 393248, 131072
free, 64, 21.000000, 173760, 393248, 131072
free, 64, 22.000000, 173696, 393248, 131072
free, 64, 19.000000, 173632, 393248, 131072
free, 64, 21.000000, 173568, 393248, 131072
free, 64, 21.000000, 173504, 393248, 131072
free, 64, 20.000000, 173440, 393248, 131072
free, 64, 22.000000, 173376, 393248, 131072
free, 64, 20.000000, 173312, 393248, 131072
free, 64, 21.000000, 173248, 393248, 131072
free, 64, 20.000000, 173184, 393248, 131072
free, 64, 21.000000, 173120, 393248, 131072
free, 64, 27.000000, 173056, 393248, 131072
free, 64, 27.000000, 172992, 393248, 131072
free, 64, 19.000000, 172928, 393248, 131072
free, 64, 21.000000, 172864, 393248, 131072
free, 64, 20.000000, 172800, 393248, 131072
free, 64, 21.000000, 172736, 393248, 131072
free, 64, 19.000000, 172672, 393248, 131072
free, 64, 36.000000, 172608, 393248, 131072
free, 64, 20.000000, 172544, 393248, 131072
free, 64, 23.000000, 172480, 393248, 131072
free, 64, 21.000000, 172416, 393248, 131072
free, 64, 20.000000, 172352, 393248, 131072
free, 64, 20.000000, 172288, 393248, 131072
free, 64, 22.000000, 172224, 393248, 131072
free, 64, 21.000000, 172160, 393248, 131072
free, 64, 21.000000, 172096, 393248, 131072
free, 64, 22.000000, 172032, 393248, 131072
free, 64, 22.000000, 171968, 393248, 131072
free, 64, 20.000000, 171904, 393248, 131072
free, 64, 21.000000, 171840, 393248, 131072
free, 64, 20.000000, 171776, 393248, 131072
free, 64, 21.000000, 171712, 393248, 131072
free, 64, 22.000000, 171648, 393248, 131072
free, 64, 20.000000, 171584, 393248, 131072
free, 64, 19.000000, 171520, 393248, 131072
free, 64, 22.000000, 171456, 393248, 131072
free, 64, 20.000000, 171392, 393248, 131072
free, 64, 20.000000, 171328, 393248, 131072
free, 64, 38.000000, 171264, 393248, 131072
free, 64, 22.000000, 171200, 393248, 131072
free, 64, 20.000000, 171136, 393248, 131072
free, 64, 20.000000, 171072, 393248, 131072
free, 64, 21.000000, 171008, 393248, 131072
free, 64, 23.000000, 170944, 393248, 131072
free, 64, 20.000000, 170880, 393248, 131072
free, 64, 21.000000, 170816, 393248, 131072
free, 64, 20.000000, 170752, 393248, 131072
free, 64, 22.000000, 170688, 393248, 131072
free, 64, 19.000000, 170624, 393248, 131072
free, 64, 20.000000, 170560, 393248, 131072
free, 64, 19.000000, 170496, 393248, 131072
free, 64, 20.000000, 170432, 393248, 131072
free, 64, 26.000000, 170368, 393248, 131072
free, 64, 20.000000, 170304, 393248, 131072
free, 64, 21.000000, 170240, 393248, 131072
free, 64, 28.000000, 170176, 393248, 131072
free, 64, 20.000000, 170112, 393248, 131072
free, 64, 19.000000, 170048, 393248, 131072
free, 64, 20.000000, 169984, 393248, 131072
free, 64, 39.000000, 169920, 393248, 131072
free, 64, 24.000000, 169856, 393248, 131072
free, 64, 20.000000, 169792, 393248, 131072
free, 64, 23.000000, 169728, 393248, 131072
free, 64, 22.000000, 169664, 393248, 131072
free, 64, 21.000000, 169600, 393248, 131072
free, 64, 22.000000, 169536, 393248, 131072
free, 64, 22.000000, 169472, 393248, 131072
free, 64, 22.000000, 169408, 393248, 131072
free, 64, 21.000000, 169344, 393248, 131072
free, 64, 21.000000, 169280, 393248, 131072
free, 64, 22.000000, 169216, 393248, 131072
free, 64, 21.000000, 169152, 393248, 131072
free, 64, 20.000000, 169088, 393248, 131072
free, 64, 21.000000, 169024, 393248, 131072
free, 64, 20.000000, 168960, 393248, 131072
free, 64, 23.000000, 168896, 393248, 131072
free, 64, 20.000000, 168832, 393248, 131072
free, 64, 21.000000, 168768, 393248, 131072
free, 64, 19.000000, 168704, 393248, 131072
free, 64, 21.000000, 168640, 393248, 131072
free, 64, 38.000000, 168576, 393248, 131072
free, 64, 28.000000, 168512, 393248, 131072
free, 64, 20.000000, 168448, 393248, 131072
free, 64, 21.000000, 168384, 393248, 131072
free, 64, 21.000000, 168320, 393248, 131072
free, 64, 21.000000, 168256, 393248, 131072
free, 64, 21.000000, 168192, 393248, 131072
free, 64, 22.000000, 168128, 393248, 131072
free, 64, 20.000000, 168064, 393248, 131072
free, 64, 20.000000, 168000, 393248, 131072
free, 64, 21.000000, 167936, 393248, 131072
free, 64, 20.000000, 167872, 393248, 131072
free, 64, 21.000000, 167808, 393248, 131072
free, 64, 21.000000, 167744, 393248, 131072
free, 64, 19.000000, 167680, 393248, 131072
free, 64, 23.000000, 167616, 393248, 131072
free, 64, 22.000000, 167552, 393248, 131072
free, 64, 22.000000, 167488, 393248, 131072
free, 64, 20.000000, 167424, 393248, 131072
free, 64, 23.000000, 167360, 393248, 131072
free, 64, 20.000000, 167296, 393248, 131072
free, 64, 38.000000, 167232, 393248, 131072
free, 64, 22.000000, 167168, 393248, 131072
free, 64, 22.000000, 167104, 393248, 131072
free, 64, 22.000000, 167040, 393248, 131072
free, 64, 22.000000, 166976, 393248, 131072
free, 64, 22.000000, 166912, 393248, 131072
free, 64, 21.000000, 166848, 393248, 131072
free, 64, 22.000000, 166784, 393248, 131072
free, 64, 22.000000, 166720, 393248, 131072
free, 64, 21.000000, 166656, 393248, 131072
free, 64, 22.000000, 166592, 393248, 131072
free, 64, 20.000000, 166528, 393248, 131072
free, 64, 21.000000, 166464, 393248, 131072
free, 64, 21.000000, 166400, 393248, 131072
free, 64, 22.000000, 166336, 393248, 131072
free, 64, 22.000000, 166272, 393248, 131072
free, 64, 21.000000, 166208, 393248, 131072
free, 64, 20.000000, 166144, 393248, 131072
free, 64, 22.000000, 166080, 393248, 131072
free, 64, 20.000000, 166016, 393248, 131072
free, 64, 21.000000, 165952, 393248, 131072
free, 64, 36.000000, 165888, 393248, 131072
free, 64, 28.000000, 165824, 393248, 131072
free, 64, 19.000000, 165760, 393248, 131072
free, 64, 20.000000, 165696, 393248, 131072
free, 64, 21.000000, 165632, 393248, 131072
free, 64, 22.000000, 165568, 393248, 131072
free, 64, 19.000000, 165504, 393248, 131072
free, 64, 20.000000, 165440, 393248, 131072
free, 64, 22.000000, 165376, 393248, 131072
free, 64, 21.000000, 165312, 393248, 131072
free, 64, 21.000000, 165248, 393248, 131072
free, 64, 21.000000, 165184, 393248, 131072
free, 64, 20.000000, 165120, 393248, 131072
free, 64, 29.000000, 165056, 393248, 131072
free, 64, 21.000000, 164992, 393248, 131072
free, 64, 28.000000, 164928, 393248, 131072
free, 64, 21.000000, 164864, 393248, 131072
free, 64, 21.000000, 164800, 393248, 131072
free, 64, 21.000000, 164736, 393248, 131072
free, 64, 19.000000, 164672, 393248, 131072
free, 64, 21.000000, 164608, 393248, 131072
free, 64, 39.000000, 164544, 393248, 131072
free, 64, 19.000000, 164480, 393248, 131072
free, 64, 19.000000, 164416, 393248, 131072
free, 64, 20.000000, 164352, 393248, 131072
free, 64, 22.000000, 164288, 393248, 131072
free, 64, 20.000000, 164224, 393248, 131072
free, 64, 22.000000, 164160, 393248, 131072
free, 64, 21.000000, 164096, 393248, 131072
free, 64, 21.000000, 164032, 393248, 131072
free, 64, 21.000000, 163968, 393248, 131072
free, 64, 22.000000, 163904, 393248, 131072
free, 64, 19.000000, 163840, 393248, 131072
free, 64, 23.000000, 163776, 393248, 131072
free, 64, 20.000000, 163712, 393248, 131072
free, 64, 20.000000, 163648, 393248, 131072
free, 64, 19.000000, 163584, 393248, 131072
free, 64, 21.000000, 163520, 393248, 131072
free, 64, 21.000000, 163456, 393248, 131072
free, 64, 21.000000, 163392, 393248, 131072
free, 64, 19.000000, 163328, 393248, 131072
free, 64, 29.000000, 163264, 393248, 131072
free, 64, 37.000000, 163200, 393248, 131072
free, 64, 21.000000, 163136, 393248, 131072
free, 64, 20.000000, 163072, 393248, 131072
free, 64, 22.000000, 163008, 393248, 131072
free, 64, 21.000000, 162944, 393248, 131072
free, 64, 21.000000, 162880, 393248, 131072
free, 64, 22.000000, 162816, 393248, 131072
free, 64, 23.000000, 162752, 393248, 131072
free, 64, 20.000000, 162688, 393248, 131072
free, 64, 20.000000, 162624, 393248, 131072
free, 64, 21.000000, 162560, 393248, 131072
free, 64, 21.000000, 162496, 393248, 131072
free, 64, 20.000000, 162432, 393248, 131072
free, 64, 21.000000, 162368, 393248, 131072
free, 64, 20.000000, 162304, 393248, 131072
free, 64, 22.000000, 162240, 393248, 131072
free, 64, 20.000000, 162176, 393248, 131072
free, 64, 20.000000, 162112, 393248, 131072
free, 64, 21.000000, 162048, 393248, 131072
free, 64, 20.000000, 161984, 393248, 131072
free, 64, 21.000000, 161920, 393248, 131072
free, 64, 37.000000, 161856, 393248, 131072
free, 64, 19.000000, 161792, 393248, 131072
free, 64, 21.000000, 161728, 393248, 131072
free, 64, 20.000000, 161664, 393248, 131072
free, 64, 21.000000, 161600, 393248, 131072
free, 64, 20.000000, 161536, 393248, 131072
free, 64, 22.000000, 161472, 393248, 131072
free, 64, 21.000000, 161408, 393248, 131072
free, 64, 20.000000, 161344, 393248, 131072
free, 64, 21.000000, 161280, 393248, 131072
free, 64, 22.000000, 161216, 393248, 131072
free, 64, 22.000000, 161152, 393248, 131072
free, 64, 20.000000, 161088, 393248, 131072
free, 64, 22.000000, 161024, 393248, 131072
free, 64, 29.000000, 160960, 393248, 131072
free, 64, 29.000000, 160896, 393248, 131072
free, 64, 20.000000, 160832, 393248, 131072
free, 64, 20.000000, 160768, 393248, 131072
free, 64, 23.000000, 160704, 393248, 131072
free, 64, 20.000000, 160640, 393248, 131072
free, 64, 22.000000, 160576, 393248, 131072
free, 64, 36.000000, 160512, 393248, 131072
free, 64, 22.000000, 160448, 393248, 131072
free, 64, 21.000000, 160384, 393248, 131072
free, 64, 21.000000, 160320, 393248, 131072
free, 64, 20.000000, 160256, 393248, 131072
free, 64, 22.000000, 160192, 393248, 131072
free, 64, 21.000000, 160128, 393248, 131072
free, 64, 20.000000, 160064, 393248, 131072
free, 64, 19.000000, 160000, 393248, 131072
free, 64, 22.000000, 159936, 393248, 131072
free, 64, 21.000000, 159872, 393248, 131072
free, 64, 21.000000, 159808, 393248, 131072
free, 64, 20.000000, 159744, 393248, 131072
free, 64, 32.000000, 159680, 393248, 131072
free, 64, 29.000000, 159616, 393248, 131072
free, 64, 21.000000, 159552, 393248, 131072
free, 64, 21.000000, 159488, 393248, 131072
free, 64, 23.000000, 159424, 393248, 131072
free, 64, 21.000000, 159360, 393248, 131072
free, 64, 20.000000, 159296, 393248, 131072
free, 64, 21.000000, 159232, 393248, 131072
free, 64, 40.000000, 159168, 393248, 131072
free, 64, 19.000000, 159104, 393248, 131072
free, 64, 21.000000, 159040, 393248, 131072
free, 64, 20.000000, 158976, 393248, 131072
free, 64, 21.000000, 158912, 393248, 131072
free, 64, 20.000000, 158848, 393248, 131072
free, 64, 21.000000, 158784, 393248, 131072
free, 64, 19.000000, 158720, 393248, 131072
free, 64, 22.000000, 158656, 393248, 131072
free, 64, 21.000000, 158592, 393248, 131072
free, 64, 23.000000, 158528, 393248, 131072
free, 64, 20.000000, 158464, 393248, 131072
free, 64, 22.000000, 158400, 393248, 131072
free, 64, 20.000000, 158336, 393248, 131072
free, 64, 25.000000, 158272, 393248, 131072
free, 64, 25.000000, 158208, 393248, 131072
free, 64, 22.000000, 158144, 393248, 131072
free, 64, 20.000000, 158080, 393248, 131072
free, 64, 19.000000, 158016, 393248, 131072
free, 64, 20.000000, 157952, 393248, 131072
free, 64, 22.000000, 157888, 393248, 131072
free, 64, 37.000000, 157824, 393248, 131072
free, 64, 19.000000, 157760, 393248, 131072
free, 64, 20.000000, 157696, 393248, 131072
free, 64, 21.000000, 157632, 393248, 131072
free, 64, 20.000000, 157568, 393248, 131072
free, 64, 20.000000, 157504, 393248, 131072
free, 64, 22.000000, 157440, 393248, 131072
free, 64, 21.000000, 157376, 393248, 131072
free, 64, 20.000000, 157312, 393248, 131072
free, 64, 21.000000, 157248, 393248, 131072
free, 64, 22.000000, 157184, 393248, 131072
free, 64, 22.000000, 157120, 393248, 131072
free, 64, 20.000000, 157056, 393248, 131072
free, 64, 20.000000, 156992, 393248, 131072
free, 64, 21.000000, 156928, 393248, 131072
free, 64, 20.000000, 156864, 393248, 131072
free, 64, 21.000000, 156800, 393248, 131072
free, 64, 20.000000, 156736, 393248, 131072
free, 64, 20.000000, 156672, 393248, 131072
free, 64, 22.000000, 156608, 393248, 131072
free, 64, 21.000000, 156544, 393248, 131072
free, 64, 39.000000, 156480, 393248, 131072
free, 64, 20.000000, 156416, 393248, 131072
free, 64, 21.000000, 156352, 393248, 131072
free, 64, 19.000000, 156288, 393248, 131072
free, 64, 20.000000, 156224, 393248, 131072
free, 64, 20.000000, 156160, 393248, 131072
free, 64, 23.000000, 156096, 393248, 131072
free, 64, 19.000000, 156032, 393248, 131072
free, 64, 20.000000, 155968, 393248, 131072
free, 64, 20.000000, 155904, 393248, 131072
free, 64, 23.000000, 155840, 393248, 131072
free, 64, 20.000000, 155776, 393248, 131072
free, 64, 21.000000, 155712, 393248, 131072
free, 64, 21.000000, 155648, 393248, 131072
free, 64, 22.000000, 155584, 393248, 131072
free, 64, 19.000000, 155520, 393248, 131072
free, 64, 20.000000, 155456, 393248, 131072
free, 64, 21.000000, 155392, 393248, 131072
free, 64, 22.000000, 155328, 393248, 131072
free, 64, 22.000000, 155264, 393248, 131072
free, 64, 21.000000, 155200, 393248, 131072
free, 64, 38.000000, 155136, 393248, 131072
free, 64, 22.000000, 155072, 393248, 131072
free, 64, 21.000000, 155008, 393248, 131072
free, 64, 22.000000, 154944, 393248, 131072
free, 64, 21.000000, 154880, 393248, 131072
free, 64, 27.000000, 154816, 393248, 131072
free, 64, 21.000000, 154752, 393248, 131072
free, 64, 20.000000, 154688, 393248, 131072
free, 64, 21.000000, 154624, 393248, 131072
free, 64, 27.000000, 154560, 393248, 131072
free, 64, 22.000000, 154496, 393248, 131072
free, 64, 20.000000, 154432, 393248, 131072
free, 64, 22.000000, 154368, 393248, 131072
free, 64, 23.000000, 154304, 393248, 131072
free, 64, 20.000000, 154240, 393248, 131072
free, 64, 22.000000, 154176, 393248, 131072
free, 64, 21.000000, 154112, 393248, 131072
free, 64, 21.000000, 154048, 393248, 131072
free, 64, 20.000000, 153984, 393248, 131072
free, 64, 20.000000, 153920, 393248, 131072
free, 64, 20.000000, 153856, 393248, 131072
free, 64, 38.000000, 153792, 393248, 131072
free, 64, 19.000000, 153728, 393248, 131072
free, 64, 20.000000, 153664, 393248, 131072
free, 64, 21.000000, 153600, 393248, 131072
free, 64, 22.000000, 153536, 393248, 131072
free, 64, 21.000000, 153472, 393248, 131072
free, 64, 20.000000, 153408, 393248, 131072
free, 64, 21.000000, 153344, 393248, 131072
free, 64, 22.000000, 153280, 393248, 131072
free, 64, 20.000000, 153216, 393248, 131072
free, 64, 22.000000, 153152, 393248, 131072
free, 64, 20.000000, 153088, 393248, 131072
free, 64, 22.000000, 153024, 393248, 131072
free, 64, 21.000000, 152960, 393248, 131072
free, 64, 20.000000, 152896, 393248, 131072
free, 64, 29.000000, 152832, 393248, 131072
free, 64, 28.000000, 152768, 393248, 131072
free, 64, 21.000000, 152704, 393248, 131072
free, 64, 21.000000, 152640, 393248, 131072
free, 64, 20.000000, 152576, 393248, 131072
free, 64, 22.000000, 152512, 393248, 131072
free, 64, 38.000000, 152448, 393248, 131072
free, 64, 21.000000, 152384, 393248, 131072
free, 64, 21.000000, 152320, 393248, 131072
free, 64, 22.000000, 152256, 393248, 131072
free, 64, 21.000000, 152192, 393248, 131072
free, 64, 20.000000, 152128, 393248, 131072
free, 64, 21.000000, 152064, 393248, 131072
free, 64, 21.000000, 152000, 393248, 131072
free, 64, 19.000000, 151936, 393248, 131072
free, 64, 20.000000, 151872, 393248, 131072
free, 64, 20.000000, 151808, 393248, 131072
free, 64, 22.000000, 151744, 393248, 131072
free, 64, 20.000000, 151680, 393248, 131072
free, 64, 21.000000, 151616, 393248, 131072
free, 64, 21.000000, 151552, 393248, 131072
free, 64, 23.000000, 151488, 393248, 131072
free, 64, 21.000000, 151424, 393248, 131072
free, 64, 19.000000, 151360, 393248, 131072
free, 64, 21.000000, 151296, 393248, 131072
free, 64, 22.000000, 151232, 393248, 131072
free, 64, 20.000000, 151168, 393248, 131072
free, 64, 37.000000, 151104, 393248, 131072
free, 64, 19.000000, 151040, 393248, 131072
free, 64, 22.000000, 150976, 393248, 131072
free, 64, 20.000000, 150912, 393248, 131072
free, 64, 21.000000, 150848, 393248, 131072
free, 64, 20.000000, 150784, 393248, 131072
free, 64, 21.000000, 150720, 393248, 131072
free, 64, 20.000000, 150656, 393248, 131072
free, 64, 20.000000, 150592, 393248, 131072
free, 64, 20.000000, 150528, 393248, 131072
free, 64, 22.000000, 150464, 393248, 131072
free, 64, 21.000000, 150400, 393248, 131072
free, 64, 19.000000, 150336, 393248, 131072
free, 64, 20.000000, 150272, 393248, 131072
free, 64, 27.000000, 150208, 393248, 131072
free, 64, 26.000000, 150144, 393248, 131072
free, 64, 19.000000, 150080, 393248, 131072
free, 64, 21.000000, 150016, 393248, 131072
free, 64, 22.000000, 149952, 393248, 131072
free, 64, 21.000000, 149888, 393248, 131072
free, 64, 20.000000, 149824, 393248, 131072
free, 64, 39.000000, 149760, 393248, 131072
free, 64, 22.000000, 149696, 393248, 131072
free, 64, 20.000000, 149632, 393248, 131072
free, 64, 21.000000, 149568, 393248, 131072
free, 64, 21.000000, 149504, 393248, 131072
free, 64, 22.000000, 149440, 393248, 131072
free, 64, 22.000000, 149376, 393248, 131072
free, 64, 21.000000, 149312, 393248, 131072
free, 64, 22.000000, 149248, 393248, 131072
free, 64, 22.000000, 149184, 393248, 131072
free, 64, 20.000000, 149120, 393248, 131072
free, 64, 20.000000, 149056, 393248, 131072
free, 64, 20.000000, 148992, 393248, 131072
free, 64, 21.000000, 148928, 393248, 131072
free, 64, 20.000000, 148864, 393248, 131072
free, 64, 25.000000, 148800, 393248, 131072
free, 64, 21.000000, 148736, 393248, 131072
free, 64, 22.000000, 148672, 393248, 131072
free, 64, 19.000000, 148608, 393248, 131072
free, 64, 20.000000, 148544, 393248, 131072
free, 64, 21.000000, 148480, 393248, 131072
free, 64, 40.000000, 148416, 393248, 131072
free, 64, 21.000000, 148352, 393248, 131072
free, 64, 22.000000, 148288, 393248, 131072
free, 64, 21.000000, 148224, 393248, 131072
free, 64, 22.000000, 148160, 393248, 131072
free, 64, 20.000000, 148096, 393248, 131072
free, 64, 23.000000, 148032, 393248, 131072
free, 64, 20.000000, 147968, 393248, 131072
free, 64, 23.000000, 147904, 393248, 131072
free, 64, 21.000000, 147840, 393248, 131072
free, 64, 21.000000, 147776, 393248, 131072
free, 64, 20.000000, 147712, 393248, 131072
free, 64, 22.000000, 147648, 393248, 131072
free, 64, 19.000000, 147584, 393248, 131072
free, 64, 19.000000, 147520, 393248, 131072
free, 64, 20.000000, 147456, 393248, 131072
free, 64, 22.000000, 147392, 393248, 131072
free, 64, 19.000000, 147328, 393248, 131072
free, 64, 21.000000, 147264, 393248, 131072
free, 64, 21.000000, 147200, 393248, 131072
free, 64, 23.000000, 147136, 393248, 131072
free, 64, 36.000000, 147072, 393248, 131072
free, 64, 19.000000, 147008, 393248, 131072
free, 64, 19.000000, 146944, 393248, 131072
free, 64, 29.000000, 146880, 393248, 131072
free, 64, 20.000000, 146816, 393248, 131072
free, 64, 20.000000, 146752, 393248, 131072
free, 64, 20.000000, 146688, 393248, 131072
free, 64, 25.000000, 146624, 393248, 131072
free, 64, 20.000000, 146560, 393248, 131072
free, 64, 20.000000, 146496, 393248, 131072
free, 64, 20.000000, 146432, 393248, 131072
free, 64, 19.000000, 146368, 393248, 131072
free, 64, 19.000000, 146304, 393248, 131072
free, 64, 20.000000, 146240, 393248, 131072
free, 64, 21.000000, 146176, 393248, 131072
free, 64, 23.000000, 146112, 393248, 131072
free, 64, 21.000000, 146048, 393248, 131072
free, 64, 27.000000, 145984, 393248, 131072
free, 64, 19.000000, 145920, 393248, 131072
free, 64, 22.000000, 145856, 393248, 131072
free, 64, 21.000000, 145792, 393248, 131072
free, 64, 41.000000, 145728, 393248, 131072
free, 64, 21.000000, 145664, 393248, 131072
free, 64, 24.000000, 145600, 393248, 131072
free, 64, 22.000000, 145536, 393248, 131072
free, 64, 21.000000, 145472, 393248, 131072
free, 64, 20.000000, 145408, 393248, 131072
free, 64, 22.000000, 145344, 393248, 131072
free, 64, 21.000000, 145280, 393248, 131072
free, 64, 21.000000, 145216, 393248, 131072
free, 64, 19.000000, 145152, 393248, 131072
free, 64, 22.000000, 145088, 393248, 131072
free, 64, 21.000000, 145024, 393248, 131072
free, 64, 20.000000, 144960, 393248, 131072
free, 64, 21.000000, 144896, 393248, 131072
free, 64, 22.000000, 144832, 393248, 131072
free, 64, 22.000000, 144768, 393248, 131072
free, 64, 20.000000, 144704, 393248, 131072
free, 64, 22.000000, 144640, 393248, 131072
free, 64, 21.000000, 144576, 393248, 131072
free, 64, 22.000000, 144512, 393248, 131072
free, 64, 20.000000, 144448, 393248, 131072
free, 64, 40.000000, 144384, 393248, 131072
free, 64, 21.000000, 144320, 393248, 131072
free, 64, 21.000000, 144256, 393248, 131072
free, 64, 22.000000, 144192, 393248, 131072
free, 64, 19.000000, 144128, 393248, 131072
free, 64, 21.000000, 144064, 393248, 131072
free, 64, 20.000000, 144000, 393248, 131072
free, 64, 21.000000, 143936, 393248, 131072
free, 64, 21.000000, 143872, 393248, 131072
free, 64, 22.000000, 143808, 393248, 131072
free, 64, 20.000000, 143744, 393248, 131072
free, 64, 20.000000, 143680, 393248, 131072
free, 64, 20.000000, 143616, 393248, 131072
free, 64, 22.000000, 143552, 393248, 131072
free, 64, 19.000000, 143488, 393248, 131072
free, 64, 19.000000, 143424, 393248, 131072
free, 64, 21.000000, 143360, 393248, 131072
free, 64, 23.000000, 143296, 393248, 131072
free, 64, 20.000000, 143232, 393248, 131072
free, 64, 20.000000, 143168, 393248, 131072
free, 64, 20.000000, 143104, 393248, 131072
free, 64, 37.000000, 143040, 393248, 131072
free, 64, 22.000000, 142976, 393248, 131072
free, 64, 19.000000, 142912, 393248, 131072
free, 64, 20.000000, 142848, 393248, 131072
free, 64, 21.000000, 142784, 393248, 131072
free, 64, 19.000000, 142720, 393248, 131072
free, 64, 20.000000, 142656, 393248, 131072
free, 64, 20.000000, 142592, 393248, 131072
free, 64, 22.000000, 142528, 393248, 131072
free, 64, 20.000000, 142464, 393248, 131072
free, 64, 22.000000, 142400, 393248, 131072
free, 64, 20.000000, 142336, 393248, 131072
free, 64, 21.000000, 142272, 393248, 131072
free, 64, 20.000000, 142208, 393248, 131072
free, 64, 30.000000, 142144, 393248, 131072
free, 64, 29.000000, 142080, 393248, 131072
free, 64, 22.000000, 142016, 393248, 131072
free, 64, 21.000000, 141952, 393248, 131072
free, 64, 22.000000, 141888, 393248, 131072
free, 64, 20.000000, 141824, 393248, 131072
free, 64, 22.000000, 141760, 393248, 131072
free, 64, 39.000000, 141696, 393248, 131072
free, 64, 22.000000, 141632, 393248, 131072
free, 64, 21.000000, 141568, 393248, 131072
free, 64, 22.000000, 141504, 393248, 131072
free, 64, 20.000000, 141440, 393248, 131072
free, 64, 20.000000, 141376, 393248, 131072
free, 64, 20.000000, 141312, 393248, 131072
free, 64, 23.000000, 141248, 393248, 131072
free, 64, 19.000000, 141184, 393248, 131072
free, 64, 20.000000, 141120, 393248, 131072
free, 64, 20.000000, 141056, 393248, 131072
free, 64, 22.000000, 140992, 393248, 131072
free, 64, 19.000000, 140928, 393248, 131072
free, 64, 20.000000, 140864, 393248, 131072
free, 64, 20.000000, 140800, 393248, 131072
free, 64, 22.000000, 140736, 393248, 131072
free, 64, 21.000000, 140672, 393248, 131072
free, 64, 22.000000, 140608, 393248, 131072
free, 64, 21.000000, 140544, 393248, 131072
free, 64, 22.000000, 140480, 393248, 131072
free, 64, 21.000000, 140416, 393248, 131072
free, 64, 39.000000, 140352, 393248, 131072
free, 64, 21.000000, 140288, 393248, 131072
free, 64, 21.000000, 140224, 393248, 131072
free, 64, 19.000000, 140160, 393248, 131072
free, 64, 20.000000, 140096, 393248, 131072
free, 64, 20.000000, 140032, 393248, 131072
free, 64, 21.000000, 139968, 393248, 131072
free, 64, 20.000000, 139904, 393248, 131072
free, 64, 20.000000, 139840, 393248, 131072
free, 64, 20.000000, 139776, 393248, 131072
free, 64, 21.000000, 139712, 393248, 131072
free, 64, 18.000000, 139648, 393248, 131072
free, 64, 20.000000, 139584, 393248, 131072
free, 64, 20.000000, 139520, 393248, 131072
free, 64, 27.000000, 139456, 393248, 131072
free, 64, 25.000000, 139392, 393248, 131072
free, 64, 21.000000, 139328, 393248, 131072
free, 64, 22.000000, 139264, 393248, 131072
free, 64, 22.000000, 139200, 393248, 131072
free, 64, 21.000000, 139136, 393248, 131072
free, 64, 21.000000, 139072, 393248, 131072
free, 64, 34.000000, 139008, 393248, 131072
free, 64, 22.000000, 138944, 393248, 131072
free, 64, 21.000000, 138880, 393248, 131072
free, 64, 19.000000, 138816, 393248, 131072
free, 64, 19.000000, 138752, 393248, 131072
free, 64, 23.000000, 138688, 393248, 131072
free, 64, 22.000000, 138624, 393248, 131072
free, 64, 21.000000, 138560, 393248, 131072
free, 64, 21.000000, 138496, 393248, 131072
free, 64, 22.000000, 138432, 393248, 131072
free, 64, 21.000000, 138368, 393248, 131072
free, 64, 20.000000, 138304, 393248, 131072
free, 64, 20.000000, 138240, 393248, 131072
free, 64, 21.000000, 138176, 393248, 131072
free, 64, 28.000000, 138112, 393248, 131072
free, 64, 29.000000, 138048, 393248, 131072
free, 64, 26.000000, 137984, 393248, 131072
free, 64, 21.000000, 137920, 393248, 131072
free, 64, 21.000000, 137856, 393248, 131072
free, 64, 20.000000, 137792, 393248, 131072
free, 64, 21.000000, 137728, 393248, 131072
free, 64, 40.000000, 137664, 393248, 131072
free, 64, 19.000000, 137600, 393248, 131072
free, 64, 19.000000, 137536, 393248, 131072
free, 64, 23.000000, 137472, 393248, 131072
free, 64, 21.000000, 137408, 393248, 131072
free, 64, 23.000000, 137344, 393248, 131072
free, 64, 20.000000, 137280, 393248, 131072
free, 64, 21.000000, 137216, 393248, 131072
free, 64, 23.000000, 137152, 393248, 131072
free, 64, 20.000000, 137088, 393248, 131072
free, 64, 22.000000, 137024, 393248, 131072
free, 64, 19.000000, 136960, 393248, 131072
free, 64, 28.000000, 136896, 393248, 131072
free, 64, 20.000000, 136832, 393248, 131072
free, 64, 20.000000, 136768, 393248, 131072
free, 64, 28.000000, 136704, 393248, 131072
free, 64, 21.000000, 136640, 393248, 131072
free, 64, 19.000000, 136576, 393248, 131072
free, 64, 19.000000, 136512, 393248, 131072
free, 64, 21.000000, 136448, 393248, 131072
free, 64, 22.000000, 136384, 393248, 131072
free, 64, 36.000000, 136320, 393248, 131072
free, 64, 20.000000, 136256, 393248, 131072
free, 64, 19.000000, 136192, 393248, 131072
free, 64, 31.000000, 136128, 393248, 131072
free, 64, 21.000000, 136064, 393248, 131072
free, 64, 20.000000, 136000, 393248, 131072
free, 64, 20.000000, 135936, 393248, 131072
free, 64, 22.000000, 135872, 393248, 131072
free, 64, 20.000000, 135808, 393248, 131072
free, 64, 21.000000, 135744, 393248, 131072
free, 64, 20.000000, 135680, 393248, 131072
free, 64, 21.000000, 135616, 393248, 131072
free, 64, 20.000000, 135552, 393248, 131072
free, 64, 20.000000, 135488, 393248, 131072
free, 64, 20.000000, 135424, 393248, 131072
free, 64, 27.000000, 135360, 393248, 131072
free, 64, 20.000000, 135296, 393248, 131072
free, 64, 19.000000, 135232, 393248, 131072
free, 64, 23.000000, 135168, 393248, 131072
free, 64, 21.000000, 135104, 393248, 131072
free, 64, 19.000000, 135040, 393248, 131072
free, 64, 38.000000, 134976, 393248, 131072
free, 64, 20.000000, 134912, 393248, 131072
free, 64, 21.000000, 134848, 393248, 131072
free, 64, 22.000000, 134784, 393248, 131072
free, 64, 22.000000, 134720, 393248, 131072
free, 64, 20.000000, 134656, 393248, 131072
free, 64, 21.000000, 134592, 393248, 131072
free, 64, 19.000000, 134528, 393248, 131072
free, 64, 19.000000, 134464, 393248, 131072
free, 64, 29.000000, 134400, 393248, 131072
free, 64, 22.000000, 134336, 393248, 131072
free, 64, 20.000000, 134272, 393248, 131072
free, 64, 19.000000, 134208, 393248, 131072
free, 64, 21.000000, 134144, 393248, 131072
free, 64, 22.000000, 134080, 393248, 131072
free, 64, 22.000000, 134016, 393248, 131072
free, 64, 20.000000, 133952, 393248, 131072
free, 64, 19.000000, 133888, 393248, 131072
free, 64, 21.000000, 133824, 393248, 131072
free, 64, 20.000000, 133760, 393248, 131072
free, 64, 20.000000, 133696, 393248, 131072
free, 64, 38.000000, 133632, 393248, 131072
free, 64, 30.000000, 133568, 393248, 131072
free, 64, 21.000000, 133504, 393248, 131072
free, 64, 20.000000, 133440, 393248, 131072
free, 64, 21.000000, 133376, 393248, 131072
free, 64, 27.000000, 133312, 393248, 131072
free, 64, 21.000000, 133248, 393248, 131072
free, 64, 21.000000, 133184, 393248, 131072
free, 64, 22.000000, 133120, 393248, 131072
free, 64, 22.000000, 133056, 393248, 131072
free, 64, 23.000000, 132992, 393248, 131072
free, 64, 19.000000, 132928, 393248, 131072
free, 64, 20.000000, 132864, 393248, 131072
free, 64, 21.000000, 132800, 393248, 131072
free, 64, 20.000000, 132736, 393248, 131072
free, 64, 20.000000, 132672, 393248, 131072
free, 64, 26.000000, 132608, 393248, 131072
free, 64, 22.000000, 132544, 393248, 131072
free, 64, 21.000000, 132480, 393248, 131072
free, 64, 21.000000, 132416, 393248, 131072
free, 64, 21.000000, 132352, 393248, 131072
free, 64, 40.000000, 132288, 393248, 131072
free, 64, 28.000000, 132224, 393248, 131072
free, 64, 20.000000, 132160, 393248, 131072
free, 64, 20.000000, 132096, 393248, 131072
free, 64, 23.000000, 132032, 393248, 131072
free, 64, 21.000000, 131968, 393248, 131072
free, 64, 19.000000, 131904, 393248, 131072
free, 64, 21.000000, 131840, 393248, 131072
free, 64, 21.000000, 131776, 393248, 131072
free, 64, 22.000000, 131712, 393248, 131072
free, 64, 20.000000, 131648, 393248, 131072
free, 64, 19.000000, 131584, 393248, 131072
free, 64, 21.000000, 131520, 393248, 131072
free, 64, 19.000000, 131456, 393248, 131072
free, 64, 21.000000, 131392, 393248, 131072
free, 64, 26.000000, 131328, 393248, 131072
free, 64, 22.000000, 131264, 393248, 131072
free, 64, 21.000000, 131200, 393248, 131072
free, 64, 21.000000, 131136, 393248, 131072
free, 64, 21.000000, 131072, 393248, 131072
free, 64, 22.000000, 131008, 393248, 131072
free, 64, 39.000000, 130944, 393248, 131072
free, 64, 26.000000, 130880, 393248, 131072
free, 64, 20.000000, 130816, 393248, 131072
free, 64, 21.000000, 130752, 393248, 131072
free, 64, 19.000000, 130688, 393248, 131072
free, 64, 22.000000, 130624, 393248, 131072
free, 64, 20.000000, 130560, 393248, 131072
free, 64, 30.000000, 130496, 393248, 131072
free, 64, 20.000000, 130432, 393248, 131072
free, 64, 21.000000, 130368, 393248, 131072
free, 64, 22.000000, 130304, 393248, 131072
free, 64, 21.000000, 130240, 393248, 131072
free, 64, 20.000000, 130176, 393248, 131072
free, 64, 21.000000, 130112, 393248, 131072
free, 64, 21.000000, 130048, 393248, 131072
free, 64, 30.000000, 129984, 393248, 131072
free, 64, 20.000000, 129920, 393248, 131072
free, 64, 22.000000, 129856, 393248, 131072
free, 64, 19.000000, 129792, 393248, 131072
free, 64, 21.000000, 129728, 393248, 131072
free, 64, 21.000000, 129664, 393248, 131072
free, 64, 36.000000, 129600, 393248, 131072
free, 64, 25.000000, 129536, 393248, 131072
free, 64, 23.000000, 129472, 393248, 131072
free, 64, 22.000000, 129408, 393248, 131072
free, 64, 21.000000, 129344, 393248, 131072
free, 64, 20.000000, 129280, 393248, 131072
free, 64, 22.000000, 129216, 393248, 131072
free, 64, 21.000000, 129152, 393248, 131072
free, 64, 21.000000, 129088, 393248, 131072
free, 64, 21.000000, 129024, 393248, 131072
free, 64, 21.000000, 128960, 393248, 131072
free, 64, 20.000000, 128896, 393248, 131072
free, 64, 21.000000, 128832, 393248, 131072
free, 64, 20.000000, 128768, 393248, 131072
free, 64, 21.000000, 128704, 393248, 131072
free, 64, 19.000000, 128640, 393248, 131072
free, 64, 21.000000, 128576, 393248, 131072
free, 64, 20.000000, 128512, 393248, 131072
free, 64, 22.000000, 128448, 393248, 131072
free, 64, 20.000000, 128384, 393248, 131072
free, 64, 22.000000, 128320, 393248, 131072
free, 64, 40.000000, 128256, 393248, 131072
free, 64, 29.000000, 128192, 393248, 131072
free, 64, 21.000000, 128128, 393248, 131072
free, 64, 21.000000, 128064, 393248, 131072
free, 64, 20.000000, 128000, 393248, 131072
malloc, 256, 14005.000000, 128256, 393248, 131104
malloc, 256, 13658.000000, 128512, 393248, 131136
malloc, 256, 13786.000000, 128768, 393248, 131168
malloc, 256, 13655.000000, 129024, 393248, 131200
malloc, 256, 13575.000000, 129280, 393248, 131232
malloc, 256, 13787.000000, 129536, 393248, 131264
malloc, 256, 13778.000000, 129792, 393248, 131296
malloc, 256, 13641.000000, 130048, 393248, 131328
malloc, 256, 13725.000000, 130304, 393248, 131360
malloc, 256, 13639.000000, 130560, 393248, 131392
malloc, 256, 16446.000000, 130816, 1441824, 131456
malloc, 256, 14135.000000, 131072, 1441824, 131488
malloc, 256, 13766.000000, 131328, 1441824, 131520
malloc, 256, 13730.000000, 131584, 1441824, 131552
malloc, 256, 13639.000000, 131840, 1441824, 131584
malloc, 256, 13780.000000, 132096, 1441824, 131616
malloc, 256, 13701.000000, 132352, 1441824, 131648
malloc, 256, 13835.000000, 132608, 1441824, 131680
malloc, 256, 13794.000000, 132864, 1441824, 131712
malloc, 256, 13677.000000, 133120, 1441824, 131744
malloc, 256, 13933.000000, 133376, 1441824, 131776
malloc, 256, 13715.000000, 133632, 1441824, 131808
malloc, 256, 13729.000000, 133888, 1441824, 131840
malloc, 256, 13799.000000, 134144, 1441824, 131872
malloc, 256, 14800.000000, 134400, 1441824, 131904
malloc, 256, 13924.000000, 134656, 1441824, 131936
malloc, 256, 14041.000000, 134912, 1441824, 131968
malloc, 256, 13843.000000, 135168, 1441824, 132000
malloc, 256, 13705.000000, 135424, 1441824, 132032
malloc, 256, 13995.000000, 135680, 1441824, 132064
malloc, 256, 13775.000000, 135936, 1441824, 132096
malloc, 256, 13880.000000, 136192, 1441824, 132128
malloc, 256, 14049.000000, 136448, 1441824, 132160
malloc, 256, 13838.000000, 136704, 1441824, 132192
malloc, 256, 13612.000000, 136960, 1441824, 132224
malloc, 256, 13976.000000, 137216, 1441824, 132256
malloc, 256, 13815.000000, 137472, 1441824, 132288
malloc, 256, 13883.000000, 137728, 1441824, 132320
malloc, 256, 16193.000000, 137984, 1441824, 132352
malloc, 256, 14218.000000, 138240, 1441824, 132384
malloc, 256, 14014.000000, 138496, 1441824, 132416
malloc, 256, 13989.000000, 138752, 1441824, 132448
malloc, 256, 13872.000000, 139008, 1441824, 132480
malloc, 256, 13797.000000, 139264, 1441824, 132512
malloc, 256, 14072.000000, 139520, 1441824, 132544
malloc, 256, 13892.000000, 139776, 1441824, 132576
malloc, 256, 14027.000000, 140032, 1441824, 132608
malloc, 256, 14080.000000, 140288, 1441824, 132640
malloc, 256, 13953.000000, 140544, 1441824, 132672
malloc, 256, 13919.000000, 140800, 1441824, 132704
malloc, 256, 13873.000000, 141056, 1441824, 132736
malloc, 256, 13821.000000, 141312, 1441824, 132768
malloc, 256, 14938.000000, 141568, 1441824, 132800
malloc, 256, 14331.000000, 141824, 1441824, 132832
malloc, 256, 16292.000000, 142080, 1441824, 132864
malloc, 256, 14159.000000, 142336, 1441824, 132896
malloc, 256, 14112.000000, 142592, 1441824, 132928
malloc, 256, 14006.000000, 142848, 1441824, 132960
malloc, 256, 14016.000000, 143104, 1441824, 132992
malloc, 256, 14239.000000, 143360, 1441824, 133024
malloc, 256, 13962.000000, 143616, 1441824, 133056
malloc, 256, 13969.000000, 143872, 1441824, 133088
malloc, 256, 14161.000000, 144128, 1441824, 133120
malloc, 256, 14102.000000, 144384, 1441824, 133152
malloc, 256, 14021.000000, 144640, 1441824, 133184
malloc, 256, 14239.000000, 144896, 1441824, 133216
malloc, 256, 15249.000000, 145152, 1441824, 133248
malloc, 256, 14403.000000, 145408, 1441824, 133280
malloc, 256, 14164.000000, 145664, 1441824, 133312
malloc, 256, 13971.000000, 145920, 1441824, 133344
malloc, 256, 14240.000000, 146176, 1441824, 133376
malloc, 256, 14201.000000, 146432, 1441824, 133408
malloc, 256, 14023.000000, 146688, 1441824, 133440
malloc, 256, 14039.000000, 146944, 1441824, 133472
malloc, 256, 14127.000000, 147200, 1441824, 133504
malloc, 256, 14140.000000, 147456, 1441824, 133536
malloc, 256, 14100.000000, 147712, 1441824, 133568
malloc, 256, 14211.000000, 147968, 1441824, 133600
malloc, 256, 14084.000000, 148224, 1441824, 133632
malloc, 256, 14199.000000, 148480, 1441824, 133664
malloc, 256, 14403.000000, 148736, 1441824, 133696
malloc, 256, 15153.000000, 148992, 1441824, 133728
malloc, 256, 14442.000000, 149248, 1441824, 133760
malloc, 256, 14306.000000, 149504, 1441824, 133792
malloc, 256, 14187.000000, 149760, 1441824, 133824
malloc, 256, 14073.000000, 150016, 1441824, 133856
malloc, 256, 14175.000000, 150272, 1441824, 133888
malloc, 256, 14126.000000, 150528, 1441824, 133920
malloc, 256, 14045.000000, 150784, 1441824, 133952
malloc, 256, 14403.000000, 151040, 1441824, 133984
malloc, 256, 14149.000000, 151296, 1441824, 134016
malloc, 256, 14132.000000, 151552, 1441824, 134048
malloc, 256, 14235.000000, 151808, 1441824, 134080
malloc, 256, 14331.000000, 152064, 1441824, 134112
malloc, 256, 14064.000000, 152320, 1441824, 134144
malloc, 256, 15561.000000, 152576, 1441824, 134176
malloc, 256, 14555.000000, 152832, 1441824, 134208
malloc, 256, 14219.000000, 153088, 1441824, 134240
malloc, 256, 14356.000000, 153344, 1441824, 134272
malloc, 256, 14269.000000, 153600, 1441824, 134304
malloc, 256, 14326.000000, 153856, 1441824, 134336
malloc, 256, 14481.000000, 154112, 1441824, 134368
malloc, 256, 14236.000000, 154368, 1441824, 134400
malloc, 256, 14239.000000, 154624, 1441824, 134432
malloc, 256, 14339.000000, 154880, 1441824, 134464
malloc, 256, 14265.000000, 155136, 1441824, 134496
malloc, 256, 14231.000000, 155392, 1441824, 134528
malloc, 256, 14429.000000, 155648, 1441824, 134560
malloc, 256, 14328.000000, 155904, 1441824, 134592
malloc, 256, 15298.000000, 156160, 1441824, 134624
malloc, 256, 14698.000000, 156416, 1441824, 134656
malloc, 256, 14431.000000, 156672, 1441824, 134688
malloc, 256, 14280.000000, 156928, 1441824, 134720
malloc, 256, 14612.000000, 157184, 1441824, 134752
malloc, 256, 14394.000000, 157440, 1441824, 134784
malloc, 256, 14312.000000, 157696, 1441824, 134816
malloc, 256, 14463.000000, 157952, 1441824, 134848
malloc, 256, 14367.000000, 158208, 1441824, 134880
malloc, 256, 14282.000000, 158464, 1441824, 134912
malloc, 256, 14501.000000, 158720, 1441824, 134944
malloc, 256, 14338.000000, 158976, 1441824, 134976
malloc, 256, 16218.000000, 159232, 1441824, 135008
malloc, 256, 14672.000000, 159488, 1441824, 135040
malloc, 256, 15519.000000, 159744, 1441824, 135072
malloc, 256, 14750.000000, 160000, 1441824, 135104
malloc, 256, 14792.000000, 160256, 1441824, 135136
malloc, 256, 14354.000000, 160512, 1441824, 135168
malloc, 256, 14363.000000, 160768, 1441824, 135200
malloc, 256, 14785.000000, 161024, 1441824, 135232
malloc, 256, 14359.000000, 161280, 1441824, 135264
malloc, 256, 14553.000000, 161536, 1441824, 135296
malloc, 256, 14559.000000, 161792, 1441824, 135328
malloc, 256, 14496.000000, 162048, 1441824, 135360
malloc, 256, 14541.000000, 162304, 1441824, 135392
malloc, 256, 14758.000000, 162560, 1441824, 135424
malloc, 256, 14462.000000, 162816, 1441824, 135456
malloc, 256, 14599.000000, 163072, 1441824, 135488
malloc, 256, 15630.000000, 163328, 1441824, 135520
malloc, 256, 14944.000000, 163584, 1441824, 135552
malloc, 256, 14528.000000, 163840, 1441824, 135584
malloc, 256, 14675.000000, 164096, 1441824, 135616
malloc, 256, 14534.000000, 164352, 1441824, 135648
malloc, 256, 14667.000000, 164608, 1441824, 135680
malloc, 256, 14755.000000, 164864, 1441824, 135712
malloc, 256, 14499.000000, 165120, 1441824, 135744
malloc, 256, 14531.000000, 165376, 1441824, 135776
malloc, 256, 14649.000000, 165632, 1441824, 135808
malloc, 256, 14506.000000, 165888, 1441824, 135840
malloc, 256, 14583.000000, 166144, 1441824, 135872
malloc, 256, 14798.000000, 166400, 1441824, 135904
malloc, 256, 14578.000000, 166656, 1441824, 135936
malloc, 256, 14621.000000, 166912, 1441824, 135968
malloc, 256, 15832.000000, 167168, 1441824, 136000
malloc, 256, 14965.000000, 167424, 1441824, 136032
malloc, 256, 14593.000000, 167680, 1441824, 136064
malloc, 256, 14708.000000, 167936, 1441824, 136096
malloc, 256, 14560.000000, 168192, 1441824, 136128
malloc, 256, 14571.000000, 168448, 1441824, 136160
malloc, 256, 14586.000000, 168704, 1441824, 136192
malloc, 256, 14631.000000, 168960, 1441824, 136224
malloc, 256, 14519.000000, 169216, 1441824, 136256
malloc, 256, 14868.000000, 169472, 1441824, 136288
malloc, 256, 14588.000000, 169728, 1441824, 136320
malloc, 256, 14744.000000, 169984, 1441824, 136352
malloc, 256, 14815.000000, 170240, 1441824, 136384
malloc, 256, 14614.000000, 170496, 1441824, 136416
malloc, 256, 15654.000000, 170752, 1441824, 136448
malloc, 256, 15091.000000, 171008, 1441824, 136480
malloc, 256, 14709.000000, 171264, 1441824, 136512
malloc, 256, 14651.000000, 171520, 1441824, 136544
malloc, 256, 14872.000000, 171776, 1441824, 136576
malloc, 256, 14706.000000, 172032, 1441824, 136608
malloc, 256, 14783.000000, 172288, 1441824, 136640
malloc, 256, 14814.000000, 172544, 1441824, 136672
malloc, 256, 14702.000000, 172800, 1441824, 136704
malloc, 256, 14804.000000, 173056, 1441824, 136736
malloc, 256, 14861.000000, 173312, 1441824, 136768
malloc, 256, 14650.000000, 173568, 1441824, 136800
malloc, 256, 14689.000000, 173824, 1441824, 136832
malloc, 256, 14799.000000, 174080, 1441824, 136864
malloc, 256, 15993.000000, 174336, 1441824, 136896
malloc, 256, 15093.000000, 174592, 1441824, 136928
malloc, 256, 14957.000000, 174848, 1441824, 136960
malloc, 256, 14774.000000, 175104, 1441824, 136992
malloc, 256, 14775.000000, 175360, 1441824, 137024
malloc, 256, 14942.000000, 175616, 1441824, 137056
malloc, 256, 14790.000000, 175872, 1441824, 137088
malloc, 256, 16958.000000, 176128, 1441824, 137120
malloc, 256, 14996.000000, 176384, 1441824, 137152
malloc, 256, 14809.000000, 176640, 1441824, 137184
malloc, 256, 14740.000000, 176896, 1441824, 137216
malloc, 256, 14930.000000, 177152, 1441824, 137248
malloc, 256, 14758.000000, 177408, 1441824, 137280
malloc, 256, 14770.000000, 177664, 1441824, 137312
malloc, 256, 16062.000000, 177920, 1441824, 137344
malloc, 256, 15206.000000, 178176, 1441824, 137376
malloc, 256, 14815.000000, 178432, 1441824, 137408
malloc, 256, 14964.000000, 178688, 1441824, 137440
malloc, 256, 14849.000000, 178944, 1441824, 137472
malloc, 256, 14952.000000, 179200, 1441824, 137504
malloc, 256, 15055.000000, 179456, 1441824, 137536
malloc, 256, 14757.000000, 179712, 1441824, 137568
malloc, 256, 14858.000000, 179968, 1441824, 137600
malloc, 256, 14952.000000, 180224, 1441824, 137632
malloc, 256, 14828.000000, 180480, 1441824, 137664
malloc, 256, 14896.000000, 180736, 1441824, 137696
malloc, 256, 15027.000000, 180992, 1441824, 137728
malloc, 256, 15028.000000, 181248, 1441824, 137760
malloc, 256, 14755.000000, 181504, 1441824, 137792
malloc, 256, 16112.000000, 181760, 1441824, 137824
malloc, 256, 15342.000000, 182016, 1441824, 137856
malloc, 256, 14885.000000, 182272, 1441824, 137888
malloc, 256, 15171.000000, 182528, 1441824, 137920
malloc, 256, 14904.000000, 182784, 1441824, 137952
malloc, 256, 15050.000000, 183040, 1441824, 137984
malloc, 256, 15093.000000, 183296, 1441824, 138016
malloc, 256, 15026.000000, 183552, 1441824, 138048
malloc, 256, 14982.000000, 183808, 1441824, 138080
malloc, 256, 15137.000000, 184064, 1441824, 138112
malloc, 256, 15001.000000, 184320, 1441824, 138144
malloc, 256, 14949.000000, 184576, 1441824, 138176
malloc, 256, 15227.000000, 184832, 1441824, 138208
malloc, 256, 15158.000000, 185088, 1441824, 138240
malloc, 256, 20342.000000, 185344, 1441824, 138272
malloc, 256, 16281.000000, 185600, 1441824, 138304
malloc, 256, 15046.000000, 185856, 1441824, 138336
malloc, 256, 15012.000000, 186112, 1441824, 138368
malloc, 256, 15220.000000, 186368, 1441824, 138400
malloc, 256, 15190.000000, 186624, 1441824, 138432
malloc, 256, 15040.000000, 186880, 1441824, 138464
malloc, 256, 15717.000000, 187136, 1441824, 138496
malloc, 256, 15225.000000, 187392, 1441824, 138528
malloc, 256, 15151.000000, 187648, 1441824, 138560
malloc, 256, 15285.000000, 187904, 1441824, 138592
malloc, 256, 15082.000000, 188160, 1441824, 138624
malloc, 256, 15198.000000, 188416, 1441824, 138656
malloc, 256, 15386.000000, 188672, 1441824, 138688
malloc, 256, 16393.000000, 188928, 1441824, 138720
malloc, 256, 15398.000000, 189184, 1441824, 138752
malloc, 256, 15257.000000, 189440, 1441824, 138784
malloc, 256, 15151.000000, 189696, 1441824, 138816
malloc, 256, 15047.000000, 189952, 1441824, 138848
malloc, 256, 15362.000000, 190208, 1441824, 138880
malloc, 256, 15186.000000, 190464, 1441824, 138912
malloc, 256, 15199.000000, 190720, 1441824, 138944
malloc, 256, 15352.000000, 190976, 1441824, 138976
malloc, 256, 15092.000000, 191232, 1441824, 139008
malloc, 256, 15012.000000, 191488, 1441824, 139040
malloc, 256, 15369.000000, 191744, 1441824, 139072
malloc, 256, 17998.000000, 192000, 1441824, 139104
malloc, 256, 15407.000000, 192256, 1441824, 139136
malloc, 256, 16482.000000, 192512, 1441824, 139168
malloc, 256, 15703.000000, 192768, 1441824, 139200
malloc, 256, 15143.000000, 193024, 1441824, 139232
malloc, 256, 15409.000000, 193280, 1441824, 139264
malloc, 256, 15238.000000, 193536, 1441824, 139296
malloc, 256, 15275.000000, 193792, 1441824, 139328
malloc, 256, 15515.000000, 194048, 1441824, 139360
malloc, 256, 15204.000000, 194304, 1441824, 139392
malloc, 256, 15162.000000, 194560, 1441824, 139424
malloc, 256, 15369.000000, 194816, 1441824, 139456
malloc, 256, 15424.000000, 195072, 1441824, 139488
malloc, 256, 15239.000000, 195328, 1441824, 139520
malloc, 256, 15305.000000, 195584, 1441824, 139552
malloc, 256, 15290.000000, 195840, 1441824, 139584
malloc, 256, 16477.000000, 196096, 1441824, 139616
malloc, 256, 15731.000000, 196352, 1441824, 139648
malloc, 256, 15417.000000, 196608, 1441824, 139680
malloc, 256, 15363.000000, 196864, 1441824, 139712
malloc, 256, 15490.000000, 197120, 1441824, 139744
malloc, 256, 15376.000000, 197376, 1441824, 139776
malloc, 256, 15201.000000, 197632, 1441824, 139808
malloc, 256, 15512.000000, 197888, 1441824, 139840
malloc, 256, 15350.000000, 198144, 1441824, 139872
malloc, 256, 15286.000000, 198400, 1441824, 139904
malloc, 256, 15614.000000, 198656, 1441824, 139936
malloc, 256, 15305.000000, 198912, 1441824, 139968
malloc, 256, 15499.000000, 199168, 1441824, 140000
malloc, 256, 15346.000000, 199424, 1441824, 140032
malloc, 256, 15256.000000, 199680, 1441824, 140064
malloc, 256, 16406.000000, 199936, 1441824, 140096
malloc, 256, 15855.000000, 200192, 1441824, 140128
malloc, 256, 15338.000000, 200448, 1441824, 140160
malloc, 256, 15276.000000, 200704, 1441824, 140192
malloc, 256, 15569.000000, 200960, 1441824, 140224
malloc, 256, 15288.000000, 201216, 1441824, 140256
malloc, 256, 15450.000000, 201472, 1441824, 140288
malloc, 256, 15643.000000, 201728, 1441824, 140320
malloc, 256, 15364.000000, 201984, 1441824, 140352
malloc, 256, 15380.000000, 202240, 1441824, 140384
malloc, 256, 15578.000000, 202496, 1441824, 140416
malloc, 256, 15424.000000, 202752, 1441824, 140448
malloc, 256, 15535.000000, 203008, 1441824, 140480
malloc, 256, 17155.000000, 203264, 1441824, 140512
malloc, 256, 19990.000000, 203520, 1441824, 140544
malloc, 256, 19032.000000, 203776, 1441824, 140576
malloc, 256, 16284.000000, 204032, 1441824, 140608
malloc, 256, 15686.000000, 204288, 1441824, 140640
malloc, 256, 15618.000000, 204544, 1441824, 140672
malloc, 256, 15803.000000, 204800, 1441824, 140704
malloc, 256, 15650.000000, 205056, 1441824, 140736
malloc, 256, 15589.000000, 205312, 1441824, 140768
malloc, 256, 15966.000000, 205568, 1441824, 140800
malloc, 256, 15576.000000, 205824, 1441824, 140832
malloc, 256, 15534.000000, 206080, 1441824, 140864
malloc, 256, 15775.000000, 206336, 1441824, 140896
malloc, 256, 15759.000000, 206592, 1441824, 140928
malloc, 256, 15676.000000, 206848, 1441824, 140960
malloc, 256, 17538.000000, 207104, 1441824, 140992
malloc, 256, 16304.000000, 207360, 1441824, 141024
malloc, 256, 15679.000000, 207616, 1441824, 141056
malloc, 256, 20712.000000, 207872, 1441824, 141088
malloc, 256, 15686.000000, 208128, 1441824, 141120
malloc, 256, 15640.000000, 208384, 1441824, 141152
malloc, 256, 15769.000000, 208640, 1441824, 141184
malloc, 256, 15643.000000, 208896, 1441824, 141216
malloc, 256, 15700.000000, 209152, 1441824, 141248
malloc, 256, 16049.000000, 209408, 1441824, 141280
malloc, 256, 15572.000000, 209664, 1441824, 141312
malloc, 256, 15517.000000, 209920, 1441824, 141344
malloc, 256, 15772.000000, 210176, 1441824, 141376
malloc, 256, 15576.000000, 210432, 1441824, 141408
malloc, 256, 16978.000000, 210688, 1441824, 141440
malloc, 256, 16152.000000, 210944, 1441824, 141472
malloc, 256, 15666.000000, 211200, 1441824, 141504
malloc, 256, 15610.000000, 211456, 1441824, 141536
malloc, 256, 15784.000000, 211712, 1441824, 141568
malloc, 256, 15795.000000, 211968, 1441824, 141600
malloc, 256, 15566.000000, 212224, 1441824, 141632
malloc, 256, 15653.000000, 212480, 1441824, 141664
malloc, 256, 15802.000000, 212736, 1441824, 141696
malloc, 256, 15619.000000, 212992, 1441824, 141728
malloc, 256, 15772.000000, 213248, 1441824, 141760
malloc, 256, 15752.000000, 213504, 1441824, 141792
malloc, 256, 15586.000000, 213760, 1441824, 141824
malloc, 256, 15909.000000, 214016, 1441824, 141856
malloc, 256, 15706.000000, 214272, 1441824, 141888
malloc, 256, 16915.000000, 214528, 1441824, 141920
malloc, 256, 16284.000000, 214784, 1441824, 141952
malloc, 256, 15876.000000, 215040, 1441824, 141984
malloc, 256, 15673.000000, 215296, 1441824, 142016
malloc, 256, 15991.000000, 215552, 1441824, 142048
malloc, 256, 15820.000000, 215808, 1441824, 142080
malloc, 256, 15814.000000, 216064, 1441824, 142112
malloc, 256, 15956.000000, 216320, 1441824, 142144
malloc, 256, 15780.000000, 216576, 1441824, 142176
malloc, 256, 15809.000000, 216832, 1441824, 142208
malloc, 256, 15994.000000, 217088, 1441824, 142240
malloc, 256, 15907.000000, 217344, 1441824, 142272
malloc, 256, 15782.000000, 217600, 1441824, 142304
malloc, 256, 16137.000000, 217856, 1441824, 142336
malloc, 256, 16958.000000, 218112, 1441824, 142368
malloc, 256, 16070.000000, 218368, 1441824, 142400
malloc, 256, 15848.000000, 218624, 1441824, 142432
malloc, 256, 15843.000000, 218880, 1441824, 142464
malloc, 256, 15949.000000, 219136, 1441824, 142496
malloc, 256, 16010.000000, 219392, 1441824, 142528
malloc, 256, 15802.000000, 219648, 1441824, 142560
malloc, 256, 15775.000000, 219904, 1441824, 142592
malloc, 256, 16078.000000, 220160, 1441824, 142624
malloc, 256, 15894.000000, 220416, 1441824, 142656
malloc, 256, 15992.000000, 220672, 1441824, 142688
malloc, 256, 16083.000000, 220928, 1441824, 142720
malloc, 256, 15974.000000, 221184, 1441824, 142752
malloc, 256, 15787.000000, 221440, 1441824, 142784
malloc, 256, 17121.000000, 221696, 1441824, 142816
malloc, 256, 16212.000000, 221952, 1441824, 142848
malloc, 256, 16062.000000, 222208, 1441824, 142880
malloc, 256, 16087.000000, 222464, 1441824, 142912
malloc, 256, 16046.000000, 222720, 1441824, 142944
malloc, 256, 15902.000000, 222976, 1441824, 142976
malloc, 256, 18448.000000, 223232, 1441824, 143008
malloc, 256, 16086.000000, 223488, 1441824, 143040
malloc, 256, 15893.000000, 223744, 1441824, 143072
malloc, 256, 16322.000000, 224000, 1441824, 143104
malloc, 256, 16069.000000, 224256, 1441824, 143136
malloc, 256, 16067.000000, 224512, 1441824, 143168
malloc, 256, 16163.000000, 224768, 1441824, 143200
malloc, 256, 15982.000000, 225024, 1441824, 143232
malloc, 256, 17040.000000, 225280, 1441824, 143264
malloc, 256, 16555.000000, 225536, 1441824, 143296
malloc, 256, 16083.000000, 225792, 1441824, 143328
malloc, 256, 15924.000000, 226048, 1441824, 143360
malloc, 256, 16157.000000, 226304, 1441824, 143392
malloc, 256, 15944.000000, 226560, 1441824, 143424
malloc, 256, 16103.000000, 226816, 1441824, 143456
malloc, 256, 16302.000000, 227072, 1441824, 143488
malloc, 256, 16001.000000, 227328, 1441824, 143520
malloc, 256, 16125.000000, 227584, 1441824, 143552
malloc, 256, 16209.000000, 227840, 1441824, 143584
malloc, 256, 16158.000000, 228096, 1441824, 143616
malloc, 256, 16664.000000, 228352, 1441824, 143648
malloc, 256, 16407.000000, 228608, 1441824, 143680
malloc, 256, 17346.000000, 228864, 1441824, 143712
malloc, 256, 16675.000000, 229120, 1441824, 143744
malloc, 256, 16420.000000, 229376, 1441824, 143776
malloc, 256, 16057.000000, 229632, 1441824, 143808
malloc, 256, 16248.000000, 229888, 1441824, 143840
malloc, 256, 16418.000000, 230144, 1441824, 143872
malloc, 256, 16253.000000, 230400, 1441824, 143904
malloc, 256, 16156.000000, 230656, 1441824, 143936
malloc, 256, 16368.000000, 230912, 1441824, 143968
malloc, 256, 16107.000000, 231168, 1441824, 144000
malloc, 256, 16077.000000, 231424, 1441824, 144032
malloc, 256, 16446.000000, 231680, 1441824, 144064
malloc, 256, 16320.000000, 231936, 1441824, 144096
malloc, 256, 16197.000000, 232192, 1441824, 144128
malloc, 256, 16386.000000, 232448, 1441824, 144160
malloc, 256, 17387.000000, 232704, 1441824, 144192
malloc, 256, 16578.000000, 232960, 1441824, 144224
malloc, 256, 16436.000000, 233216, 1441824, 144256
malloc, 256, 16274.000000, 233472, 1441824, 144288
malloc, 256, 16226.000000, 233728, 1441824, 144320
malloc, 256, 16408.000000, 233984, 1441824, 144352
malloc, 256, 16344.000000, 234240, 1441824, 144384
malloc, 256, 16223.000000, 234496, 1441824, 144416
malloc, 256, 16417.000000, 234752, 1441824, 144448
malloc, 256, 16292.000000, 235008, 1441824, 144480
malloc, 256, 16315.000000, 235264, 1441824, 144512
malloc, 256, 16548.000000, 235520, 1441824, 144544
malloc, 256, 16458.000000, 235776, 1441824, 144576
malloc, 256, 16425.000000, 236032, 1441824, 144608
malloc, 256, 17756.000000, 236288, 1441824, 144640
malloc, 256, 16734.000000, 236544, 1441824, 144672
malloc, 256, 16355.000000, 236800, 1441824, 144704
malloc, 256, 16627.000000, 237056, 1441824, 144736
malloc, 256, 16429.000000, 237312, 1441824, 144768
malloc, 256, 16400.000000, 237568, 1441824, 144800
malloc, 256, 16656.000000, 237824, 1441824, 144832
malloc, 256, 16440.000000, 238080, 1441824, 144864
malloc, 256, 18334.000000, 238336, 1441824, 144896
malloc, 256, 16702.000000, 238592, 1441824, 144928
malloc, 256, 16325.000000, 238848, 1441824, 144960
malloc, 256, 16321.000000, 239104, 1441824, 144992
malloc, 256, 16538.000000, 239360, 1441824, 145024
malloc, 256, 16493.000000, 239616, 1441824, 145056
malloc, 256, 17559.000000, 239872, 1441824, 145088
malloc, 256, 17119.000000, 240128, 1441824, 145120
malloc, 256, 16556.000000, 240384, 1441824, 145152
malloc, 256, 16392.000000, 240640, 1441824, 145184
malloc, 256, 16818.000000, 240896, 1441824, 145216
malloc, 256, 16650.000000, 241152, 1441824, 145248
malloc, 256, 16441.000000, 241408, 1441824, 145280
malloc, 256, 16741.000000, 241664, 1441824, 145312
malloc, 256, 16452.000000, 241920, 1441824, 145344
malloc, 256, 16472.000000, 242176, 1441824, 145376
malloc, 256, 16765.000000, 242432, 1441824, 145408
malloc, 256, 16625.000000, 242688, 1441824, 145440
malloc, 256, 16427.000000, 242944, 1441824, 145472
malloc, 256, 16624.000000, 243200, 1441824, 145504
malloc, 256, 17664.000000, 243456, 1441824, 145536
malloc, 256, 16731.000000, 243712, 1441824, 145568
malloc, 256, 16706.000000, 243968, 1441824, 145600
malloc, 256, 16509.000000, 244224, 1441824, 145632
malloc, 256, 16483.000000, 244480, 1441824, 145664
malloc, 256, 16665.000000, 244736, 1441824, 145696
malloc, 256, 16480.000000, 244992, 1441824, 145728
malloc, 256, 16559.000000, 245248, 1441824, 145760
malloc, 256, 16805.000000, 245504, 1441824, 145792
malloc, 256, 16785.000000, 245760, 1441824, 145824
malloc, 256, 16613.000000, 246016, 1441824, 145856
malloc, 256, 16882.000000, 246272, 1441824, 145888
malloc, 256, 16633.000000, 246528, 1441824, 145920
malloc, 256, 16521.000000, 246784, 1441824, 145952
malloc, 256, 16774.000000, 247040, 1441824, 145984
malloc, 256, 17773.000000, 247296, 1441824, 146016
malloc, 256, 16970.000000, 247552, 1441824, 146048
malloc, 256, 16725.000000, 247808, 1441824, 146080
malloc, 256, 16728.000000, 248064, 1441824, 146112
malloc, 256, 16535.000000, 248320, 1441824, 146144
malloc, 256, 16979.000000, 248576, 1441824, 146176
malloc, 256, 16625.000000, 248832, 1441824, 146208
malloc, 256, 16610.000000, 249088, 1441824, 146240
malloc, 256, 16958.000000, 249344, 1441824, 146272
malloc, 256, 16702.000000, 249600, 1441824, 146304
malloc, 256, 16671.000000, 249856, 1441824, 146336
malloc, 256, 16760.000000, 250112, 1441824, 146368
malloc, 256, 16811.000000, 250368, 1441824, 146400
malloc, 256, 16748.000000, 250624, 1441824, 146432
malloc, 256, 17985.000000, 250880, 1441824, 146464
malloc, 256, 17086.000000, 251136, 1441824, 146496
malloc, 256, 16781.000000, 251392, 1441824, 146528
malloc, 256, 16959.000000, 251648, 1441824, 146560
malloc, 256, 16779.000000, 251904, 1441824, 146592
malloc, 256, 16746.000000, 252160, 1441824, 146624
malloc, 256, 16974.000000, 252416, 1441824, 146656
malloc, 256, 16743.000000, 252672, 1441824, 146688
malloc, 256, 18616.000000, 252928, 1441824, 146720
malloc, 256, 16964.000000, 253184, 1441824, 146752
malloc, 256, 16829.000000, 253440, 1441824, 146784
malloc, 256, 16798.000000, 253696, 1441824, 146816
malloc, 256, 17021.000000, 253952, 1441824, 146848
malloc, 256, 16912.000000, 254208, 1441824, 146880
malloc, 256, 17921.000000, 254464, 1441824, 146912
malloc, 256, 17285.000000, 254720, 1441824, 146944
malloc, 256, 16991.000000, 254976, 1441824, 146976
malloc, 256, 16825.000000, 255232, 1441824, 147008
malloc, 256, 16915.000000, 255488, 1441824, 147040
malloc, 256, 16962.000000, 255744, 1441824, 147072
malloc, 256, 16841.000000, 256000, 1441824, 147104
malloc, 256, 17124.000000, 256256, 1441824, 147136
malloc, 256, 16837.000000, 256512, 1441824, 147168
malloc, 256, 16850.000000, 256768, 1441824, 147200
malloc, 256, 17213.000000, 257024, 1441824, 147232
malloc, 256, 16974.000000, 257280, 1441824, 147264
malloc, 256, 17011.000000, 257536, 1441824, 147296
malloc, 256, 16900.000000, 257792, 1441824, 147328
malloc, 256, 18087.000000, 258048, 1441824, 147360
malloc, 256, 17214.000000, 258304, 1441824, 147392
malloc, 256, 17016.000000, 258560, 1441824, 147424
malloc, 256, 17017.000000, 258816, 1441824, 147456
malloc, 256, 17104.000000, 259072, 1441824, 147488
malloc, 256, 17195.000000, 259328, 1441824, 147520
malloc, 256, 16914.000000, 259584, 1441824, 147552
malloc, 256, 17005.000000, 259840, 1441824, 147584
malloc, 256, 17255.000000, 260096, 1441824, 147616
malloc, 256, 17002.000000, 260352, 1441824, 147648
malloc, 256, 16956.000000, 260608, 1441824, 147680
malloc, 256, 17139.000000, 260864, 1441824, 147712
malloc, 256, 17002.000000, 261120, 1441824, 147744
malloc, 256, 17022.000000, 261376, 1441824, 147776
malloc, 256, 18276.000000, 261632, 1441824, 147808
malloc, 256, 17244.000000, 261888, 1441824, 147840
malloc, 256, 16972.000000, 262144, 1441824, 147872
malloc, 256, 17138.000000, 262400, 1441824, 147904
malloc, 256, 16955.000000, 262656, 1441824, 147936
malloc, 256, 16988.000000, 262912, 1441824, 147968
malloc, 256, 17140.000000, 263168, 1441824, 148000
malloc, 256, 17058.000000, 263424, 1441824, 148032
malloc, 256, 16963.000000, 263680, 1441824, 148064
malloc, 256, 17199.000000, 263936, 1441824, 148096
malloc, 256, 17018.000000, 264192, 1441824, 148128
malloc, 256, 17001.000000, 264448, 1441824, 148160
malloc, 256, 17278.000000, 264704, 1441824, 148192
malloc, 256, 17138.000000, 264960, 1441824, 148224
malloc, 256, 17093.000000, 265216, 1441824, 148256
malloc, 256, 18509.000000, 265472, 1441824, 148288
malloc, 256, 17432.000000, 265728, 1441824, 148320
malloc, 256, 17198.000000, 265984, 1441824, 148352
malloc, 256, 17360.000000, 266240, 1441824, 148384
malloc, 256, 17238.000000, 266496, 1441824, 148416
malloc, 256, 17071.000000, 266752, 1441824, 148448
malloc, 256, 17388.000000, 267008, 1441824, 148480
malloc, 256, 17100.000000, 267264, 1441824, 148512
malloc, 256, 19208.000000, 267520, 1441824, 148544
malloc, 256, 17421.000000, 267776, 1441824, 148576
malloc, 256, 17189.000000, 268032, 1441824, 148608
malloc, 256, 17225.000000, 268288, 1441824, 148640
malloc, 256, 17472.000000, 268544, 1441824, 148672
malloc, 256, 17168.000000, 268800, 1441824, 148704
malloc, 256, 18263.000000, 269056, 1441824, 148736
malloc, 256, 17779.000000, 269312, 1441824, 148768
malloc, 256, 20388.000000, 269568, 1441824, 148800
malloc, 256, 19888.000000, 269824, 1441824, 148832
malloc, 256, 19809.000000, 270080, 1441824, 148864
malloc, 256, 17443.000000, 270336, 1441824, 148896
malloc, 256, 17182.000000, 270592, 1441824, 148928
malloc, 256, 17312.000000, 270848, 1441824, 148960
malloc, 256, 17403.000000, 271104, 1441824, 148992
malloc, 256, 17418.000000, 271360, 1441824, 149024
malloc, 256, 17328.000000, 271616, 1441824, 149056
malloc, 256, 17370.000000, 271872, 1441824, 149088
malloc, 256, 17261.000000, 272128, 1441824, 149120
malloc, 256, 17384.000000, 272384, 1441824, 149152
malloc, 256, 20361.000000, 272640, 1441824, 149184
malloc, 256, 17781.000000, 272896, 1441824, 149216
malloc, 256, 17561.000000, 273152, 1441824, 149248
malloc, 256, 17364.000000, 273408, 1441824, 149280
malloc, 256, 17395.000000, 273664, 1441824, 149312
malloc, 256, 17622.000000, 273920, 1441824, 149344
malloc, 256, 17378.000000, 274176, 1441824, 149376
malloc, 256, 17393.000000, 274432, 1441824, 149408
malloc, 256, 17700.000000, 274688, 1441824, 149440
malloc, 256, 17406.000000, 274944, 1441824, 149472
malloc, 256, 17337.000000, 275200, 1441824, 149504
malloc, 256, 17622.000000, 275456, 1441824, 149536
malloc, 256, 17455.000000, 275712, 1441824, 149568
malloc, 256, 17374.000000, 275968, 1441824, 149600
malloc, 256, 18628.000000, 276224, 1441824, 149632
malloc, 256, 17826.000000, 276480, 1441824, 149664
malloc, 256, 17450.000000, 276736, 1441824, 149696
malloc, 256, 17784.000000, 276992, 1441824, 149728
malloc, 256, 17561.000000, 277248, 1441824, 149760
malloc, 256, 17634.000000, 277504, 1441824, 149792
malloc, 256, 17734.000000, 277760, 1441824, 149824
malloc, 256, 17562.000000, 278016, 1441824, 149856
malloc, 256, 17614.000000, 278272, 1441824, 149888
malloc, 256, 17589.000000, 278528, 1441824, 149920
malloc, 256, 17459.000000, 278784, 1441824, 149952
malloc, 256, 17637.000000, 279040, 1441824, 149984
malloc, 256, 17705.000000, 279296, 1441824, 150016
malloc, 256, 17571.000000, 279552, 1441824, 150048
malloc, 256, 17562.000000, 279808, 1441824, 150080
malloc, 256, 18951.000000, 280064, 1441824, 150112
malloc, 256, 17954.000000, 280320, 1441824, 150144
malloc, 256, 17577.000000, 280576, 1441824, 150176
malloc, 256, 17866.000000, 280832, 1441824, 150208
malloc, 256, 17559.000000, 281088, 1441824, 150240
malloc, 256, 20578.000000, 281344, 1441824, 150272
malloc, 256, 18031.000000, 281600, 1441824, 150304
malloc, 256, 17654.000000, 281856, 1441824, 150336
malloc, 256, 17712.000000, 282112, 1441824, 150368
malloc, 256, 17910.000000, 282368, 1441824, 150400
malloc, 256, 17706.000000, 282624, 1441824, 150432
malloc, 256, 17590.000000, 282880, 1441824, 150464
malloc, 256, 17927.000000, 283136, 1441824, 150496
malloc, 256, 17791.000000, 283392, 1441824, 150528
malloc, 256, 18925.000000, 283648, 1441824, 150560
malloc, 256, 18253.000000, 283904, 1441824, 150592
malloc, 256, 17789.000000, 284160, 1441824, 150624
malloc, 256, 17678.000000, 284416, 1441824, 150656
malloc, 256, 18026.000000, 284672, 1441824, 150688
malloc, 256, 17775.000000, 284928, 1441824, 150720
malloc, 256, 17728.000000, 285184, 1441824, 150752
malloc, 256, 17928.000000, 285440, 1441824, 150784
malloc, 256, 17927.000000, 285696, 1441824, 150816
malloc, 256, 17694.000000, 285952, 1441824, 150848
malloc, 256, 17999.000000, 286208, 1441824, 150880
malloc, 256, 17791.000000, 286464, 1441824, 150912
malloc, 256, 17903.000000, 286720, 1441824, 150944
malloc, 256, 17893.000000, 286976, 1441824, 150976
malloc, 256, 18869.000000, 287232, 1441824, 151008
malloc, 256, 18203.000000, 287488, 1441824, 151040
malloc, 256, 18163.000000, 287744, 1441824, 151072
malloc, 256, 17912.000000, 288000, 1441824, 151104
malloc, 256, 17915.000000, 288256, 1441824, 151136
malloc, 256, 18021.000000, 288512, 1441824, 151168
malloc, 256, 17837.000000, 288768, 1441824, 151200
malloc, 256, 18407.000000, 289024, 1441824, 151232
malloc, 256, 20715.000000, 289280, 1441824, 151264
malloc, 256, 18057.000000, 289536, 1441824, 151296
malloc, 256, 17974.000000, 289792, 1441824, 151328
malloc, 256, 17920.000000, 290048, 1441824, 151360
malloc, 256, 17964.000000, 290304, 1441824, 151392
malloc, 256, 17937.000000, 290560, 1441824, 151424
malloc, 256, 19545.000000, 290816, 1441824, 151456
malloc, 256, 18368.000000, 291072, 1441824, 151488
malloc, 256, 17891.000000, 291328, 1441824, 151520
malloc, 256, 18059.000000, 291584, 1441824, 151552
malloc, 256, 18118.000000, 291840, 1441824, 151584
malloc, 256, 17974.000000, 292096, 1441824, 151616
malloc, 256, 18104.000000, 292352, 1441824, 151648
malloc, 256, 17924.000000, 292608, 1441824, 151680
malloc, 256, 17914.000000, 292864, 1441824, 151712
malloc, 256, 18099.000000, 293120, 1441824, 151744
malloc, 256, 17883.000000, 293376, 1441824, 151776
malloc, 256, 17996.000000, 293632, 1441824, 151808
malloc, 256, 18153.000000, 293888, 1441824, 151840
malloc, 256, 17908.000000, 294144, 1441824, 151872
malloc, 256, 19128.000000, 294400, 1441824, 151904
malloc, 256, 18384.000000, 294656, 1441824, 151936
malloc, 256, 20725.000000, 294912, 1441824, 151968
malloc, 256, 18146.000000, 295168, 1441824, 152000
malloc, 256, 18077.000000, 295424, 1441824, 152032
malloc, 256, 18043.000000, 295680, 1441824, 152064
malloc, 256, 18049.000000, 295936, 1441824, 152096
malloc, 256, 18326.000000, 296192, 1441824, 152128
malloc, 256, 18032.000000, 296448, 1441824, 152160
malloc, 256, 18159.000000, 296704, 1441824, 152192
malloc, 256, 18242.000000, 296960, 1441824, 152224
malloc, 256, 18061.000000, 297216, 1441824, 152256
malloc, 256, 18122.000000, 297472, 1441824, 152288
malloc, 256, 18384.000000, 297728, 1441824, 152320
malloc, 256, 18262.000000, 297984, 1441824, 152352
malloc, 256, 19251.000000, 298240, 1441824, 152384
malloc, 256, 18439.000000, 298496, 1441824, 152416
malloc, 256, 18193.000000, 298752, 1441824, 152448
malloc, 256, 18122.000000, 299008, 1441824, 152480
malloc, 256, 18374.000000, 299264, 1441824, 152512
malloc, 256, 18194.000000, 299520, 1441824, 152544
malloc, 256, 18052.000000, 299776, 1441824, 152576
malloc, 256, 20378.000000, 300032, 1441824, 152608
malloc, 256, 21366.000000, 300288, 1441824, 152640
malloc, 256, 18446.000000, 300544, 1441824, 152672
malloc, 256, 21022.000000, 300800, 1441824, 152704
malloc, 256, 18481.000000, 301056, 1441824, 152736
malloc, 256, 18326.000000, 301312, 1441824, 152768
malloc, 256, 18521.000000, 301568, 1441824, 152800
malloc, 256, 20278.000000, 301824, 1441824, 152832
malloc, 256, 18712.000000, 302080, 1441824, 152864
malloc, 256, 18513.000000, 302336, 1441824, 152896
malloc, 256, 18326.000000, 302592, 1441824, 152928
malloc, 256, 18173.000000, 302848, 1441824, 152960
malloc, 256, 18289.000000, 303104, 1441824, 152992
malloc, 256, 18294.000000, 303360, 1441824, 153024
malloc, 256, 18336.000000, 303616, 1441824, 153056
malloc, 256, 18233.000000, 303872, 1441824, 153088
malloc, 256, 18236.000000, 304128, 1441824, 153120
malloc, 256, 18278.000000, 304384, 1441824, 153152
malloc, 256, 18400.000000, 304640, 1441824, 153184
malloc, 256, 18348.000000, 304896, 1441824, 153216
malloc, 256, 18466.000000, 305152, 1441824, 153248
malloc, 256, 29029.000000, 305408, 1441824, 153280
malloc, 256, 18945.000000, 305664, 1441824, 153312
malloc, 256, 18410.000000, 305920, 1441824, 153344
malloc, 256, 18575.000000, 306176, 1441824, 153376
malloc, 256, 18352.000000, 306432, 1441824, 153408
malloc, 256, 18296.000000, 306688, 1441824, 153440
malloc, 256, 18343.000000, 306944, 1441824, 153472
malloc, 256, 18480.000000, 307200, 1441824, 153504
malloc, 256, 18442.000000, 307456, 1441824, 153536
malloc, 256, 18593.000000, 307712, 1441824, 153568
malloc, 256, 18403.000000, 307968, 1441824, 153600
malloc, 256, 22335.000000, 308224, 1441824, 153632
malloc, 256, 18815.000000, 308480, 1441824, 153664
malloc, 256, 18589.000000, 308736, 1441824, 153696
malloc, 256, 19588.000000, 308992, 1441824, 153728
malloc, 256, 18916.000000, 309248, 1441824, 153760
malloc, 256, 18554.000000, 309504, 1441824, 153792
malloc, 256, 18433.000000, 309760, 1441824, 153824
malloc, 256, 18550.000000, 310016, 1441824, 153856
malloc, 256, 18472.000000, 310272, 1441824, 153888
malloc, 256, 21281.000000, 310528, 1441824, 153920
malloc, 256, 21590.000000, 310784, 1441824, 153952
malloc, 256, 19748.000000, 311040, 1441824, 153984
malloc, 256, 18620.000000, 311296, 1441824, 154016
malloc, 256, 18584.000000, 311552, 1441824, 154048
malloc, 256, 18542.000000, 311808, 1441824, 154080
malloc, 256, 18401.000000, 312064, 1441824, 154112
malloc, 256, 18770.000000, 312320, 1441824, 154144
malloc, 256, 18556.000000, 312576, 1441824, 154176
malloc, 256, 20486.000000, 312832, 1441824, 154208
malloc, 256, 19072.000000, 313088, 1441824, 154240
malloc, 256, 18567.000000, 313344, 1441824, 154272
malloc, 256, 18598.000000, 313600, 1441824, 154304
malloc, 256, 18736.000000, 313856, 1441824, 154336
malloc, 256, 18640.000000, 314112, 1441824, 154368
malloc, 256, 18726.000000, 314368, 1441824, 154400
malloc, 256, 18768.000000, 314624, 1441824, 154432
malloc, 256, 18730.000000, 314880, 1441824, 154464
malloc, 256, 18755.000000, 315136, 1441824, 154496
malloc, 256, 18908.000000, 315392, 1441824, 154528
malloc, 256, 18626.000000, 315648, 1441824, 154560
malloc, 256, 18706.000000, 315904, 1441824, 154592
malloc, 256, 18819.000000, 316160, 1441824, 154624
malloc, 256, 19983.000000, 316416, 1441824, 154656
malloc, 256, 19076.000000, 316672, 1441824, 154688
malloc, 256, 19122.000000, 316928, 1441824, 154720
malloc, 256, 18682.000000, 317184, 1441824, 154752
malloc, 256, 18761.000000, 317440, 1441824, 154784
malloc, 256, 18899.000000, 317696, 1441824, 154816
malloc, 256, 18652.000000, 317952, 1441824, 154848
malloc, 256, 18628.000000, 318208, 1441824, 154880
malloc, 256, 18841.000000, 318464, 1441824, 154912
malloc, 256, 18717.000000, 318720, 1441824, 154944
malloc, 256, 18764.000000, 318976, 1441824, 154976
malloc, 256, 19076.000000, 319232, 1441824, 155008
malloc, 256, 18676.000000, 319488, 1441824, 155040
malloc, 256, 18722.000000, 319744, 1441824, 155072
malloc, 256, 21445.000000, 320000, 1441824, 155104
malloc, 256, 19250.000000, 320256, 1441824, 155136
malloc, 256, 18894.000000, 320512, 1441824, 155168
malloc, 256, 18978.000000, 320768, 1441824, 155200
malloc, 256, 22868.000000, 321024, 1441824, 155232
malloc, 256, 18857.000000, 321280, 1441824, 155264
malloc, 256, 18910.000000, 321536, 1441824, 155296
malloc, 256, 18817.000000, 321792, 1441824, 155328
malloc, 256, 18896.000000, 322048, 1441824, 155360
malloc, 256, 18919.000000, 322304, 1441824, 155392
malloc, 256, 18835.000000, 322560, 1441824, 155424
malloc, 256, 18872.000000, 322816, 1441824, 155456
malloc, 256, 19076.000000, 323072, 1441824, 155488
malloc, 256, 18913.000000, 323328, 1441824, 155520
malloc, 256, 20147.000000, 323584, 1441824, 155552
malloc, 256, 19334.000000, 323840, 1441824, 155584
malloc, 256, 21164.000000, 324096, 1441824, 155616
malloc, 256, 19086.000000, 324352, 1441824, 155648
malloc, 256, 19179.000000, 324608, 1441824, 155680
malloc, 256, 19051.000000, 324864, 1441824, 155712
malloc, 256, 19049.000000, 325120, 1441824, 155744
malloc, 256, 19266.000000, 325376, 1441824, 155776
malloc, 256, 20692.000000, 325632, 1441824, 155808
malloc, 256, 21613.000000, 325888, 1441824, 155840
malloc, 256, 19193.000000, 326144, 1441824, 155872
malloc, 256, 19068.000000, 326400, 1441824, 155904
malloc, 256, 18848.000000, 326656, 1441824, 155936
malloc, 256, 19040.000000, 326912, 1441824, 155968
malloc, 256, 20580.000000, 327168, 1441824, 156000
malloc, 256, 19266.000000, 327424, 1441824, 156032
malloc, 256, 19168.000000, 327680, 1441824, 156064
malloc, 256, 19063.000000, 327936, 1441824, 156096
malloc, 256, 18977.000000, 328192, 1441824, 156128
malloc, 256, 19091.000000, 328448, 1441824, 156160
malloc, 256, 18963.000000, 328704, 1441824, 156192
malloc, 256, 18887.000000, 328960, 1441824, 156224
malloc, 256, 19114.000000, 329216, 1441824, 156256
malloc, 256, 18965.000000, 329472, 1441824, 156288
malloc, 256, 19155.000000, 329728, 1441824, 156320
malloc, 256, 19065.000000, 329984, 1441824, 156352
malloc, 256, 19114.000000, 330240, 1441824, 156384
malloc, 256, 19096.000000, 330496, 1441824, 156416
malloc, 256, 19286.000000, 330752, 1441824, 156448
malloc, 256, 20182.000000, 331008, 1441824, 156480
malloc, 256, 19374.000000, 331264, 1441824, 156512
malloc, 256, 19476.000000, 331520, 1441824, 156544
malloc, 256, 19106.000000, 331776, 1441824, 156576
malloc, 256, 19183.000000, 332032, 1441824, 156608
malloc, 256, 19269.000000, 332288, 1441824, 156640
malloc, 256, 19039.000000, 332544, 1441824, 156672
malloc, 256, 19077.000000, 332800, 1441824, 156704
malloc, 256, 19352.000000, 333056, 1441824, 156736
malloc, 256, 18950.000000, 333312, 1441824, 156768
malloc, 256, 19160.000000, 333568, 1441824, 156800
malloc, 256, 22989.000000, 333824, 1441824, 156832
malloc, 256, 19239.000000, 334080, 1441824, 156864
malloc, 256, 19179.000000, 334336, 1441824, 156896
malloc, 256, 23137.000000, 334592, 1441824, 156928
malloc, 256, 19634.000000, 334848, 1441824, 156960
malloc, 256, 19202.000000, 335104, 1441824, 156992
malloc, 256, 19435.000000, 335360, 1441824, 157024
malloc, 256, 19279.000000, 335616, 1441824, 157056
malloc, 256, 19231.000000, 335872, 1441824, 157088
malloc, 256, 19414.000000, 336128, 1441824, 157120
malloc, 256, 19160.000000, 336384, 1441824, 157152
malloc, 256, 19215.000000, 336640, 1441824, 157184
malloc, 256, 19164.000000, 336896, 1441824, 157216
malloc, 256, 19218.000000, 337152, 1441824, 157248
malloc, 256, 19327.000000, 337408, 1441824, 157280
malloc, 256, 19289.000000, 337664, 1441824, 157312
malloc, 256, 19325.000000, 337920, 1441824, 157344
malloc, 256, 20569.000000, 338176, 1441824, 157376
malloc, 256, 19745.000000, 338432, 1441824, 157408
malloc, 256, 19414.000000, 338688, 1441824, 157440
malloc, 256, 19173.000000, 338944, 1441824, 157472
malloc, 256, 19391.000000, 339200, 1441824, 157504
malloc, 256, 19433.000000, 339456, 1441824, 157536
malloc, 256, 19187.000000, 339712, 1441824, 157568
malloc, 256, 19454.000000, 339968, 1441824, 157600
malloc, 256, 19220.000000, 340224, 1441824, 157632
malloc, 256, 19184.000000, 340480, 1441824, 157664
malloc, 256, 19317.000000, 340736, 1441824, 157696
malloc, 256, 19409.000000, 340992, 1441824, 157728
malloc, 256, 19404.000000, 341248, 1441824, 157760
malloc, 256, 19526.000000, 341504, 1441824, 157792
malloc, 256, 20573.000000, 341760, 1441824, 157824
malloc, 256, 19708.000000, 342016, 1441824, 157856
malloc, 256, 19471.000000, 342272, 1441824, 157888
malloc, 256, 19411.000000, 342528, 1441824, 157920
malloc, 256, 19305.000000, 342784, 1441824, 157952
malloc, 256, 19594.000000, 343040, 1441824, 157984
malloc, 256, 19417.000000, 343296, 1441824, 158016
malloc, 256, 19383.000000, 343552, 1441824, 158048
malloc, 256, 19584.000000, 343808, 1441824, 158080
malloc, 256, 19550.000000, 344064, 1441824, 158112
malloc, 256, 19486.000000, 344320, 1441824, 158144
malloc, 256, 19599.000000, 344576, 1441824, 158176
malloc, 256, 19586.000000, 344832, 1441824, 158208
malloc, 256, 19558.000000, 345088, 1441824, 158240
malloc, 256, 19612.000000, 345344, 1441824, 158272
malloc, 256, 20637.000000, 345600, 1441824, 158304
malloc, 256, 19810.000000, 345856, 1441824, 158336
malloc, 256, 19903.000000, 346112, 1441824, 158368
malloc, 256, 19582.000000, 346368, 1441824, 158400
malloc, 256, 23125.000000, 346624, 1441824, 158432
malloc, 256, 19683.000000, 346880, 1441824, 158464
malloc, 256, 19716.000000, 347136, 1441824, 158496
malloc, 256, 19494.000000, 347392, 1441824, 158528
malloc, 256, 19722.000000, 347648, 1441824, 158560
malloc, 256, 19553.000000, 347904, 1441824, 158592
malloc, 256, 19496.000000, 348160, 1441824, 158624
malloc, 256, 19774.000000, 348416, 1441824, 158656
malloc, 256, 19492.000000, 348672, 1441824, 158688
malloc, 256, 19562.000000, 348928, 1441824, 158720
malloc, 256, 21427.000000, 349184, 1441824, 158752
malloc, 256, 19912.000000, 349440, 1441824, 158784
malloc, 256, 19976.000000, 349696, 1441824, 158816
malloc, 256, 19765.000000, 349952, 1441824, 158848
malloc, 256, 19614.000000, 350208, 1441824, 158880
malloc, 256, 19678.000000, 350464, 1441824, 158912
malloc, 256, 19768.000000, 350720, 1441824, 158944
malloc, 256, 19559.000000, 350976, 1441824, 158976
malloc, 256, 19636.000000, 351232, 1441824, 159008
malloc, 256, 19674.000000, 351488, 1441824, 159040
malloc, 256, 22843.000000, 351744, 1441824, 159072
malloc, 256, 22864.000000, 352000, 1441824, 159104
malloc, 256, 20218.000000, 352256, 1441824, 159136
malloc, 256, 19759.000000, 352512, 1441824, 159168
malloc, 256, 21449.000000, 352768, 1441824, 159200
malloc, 256, 20192.000000, 353024, 1441824, 159232
malloc, 256, 19838.000000, 353280, 1441824, 159264
malloc, 256, 19615.000000, 353536, 1441824, 159296
malloc, 256, 19930.000000, 353792, 1441824, 159328
malloc, 256, 19783.000000, 354048, 1441824, 159360
malloc, 256, 19830.000000, 354304, 1441824, 159392
malloc, 256, 19869.000000, 354560, 1441824, 159424
malloc, 256, 19808.000000, 354816, 1441824, 159456
malloc, 256, 19633.000000, 355072, 1441824, 159488
malloc, 256, 19906.000000, 355328, 1441824, 159520
malloc, 256, 19774.000000, 355584, 1441824, 159552
malloc, 256, 19893.000000, 355840, 1441824, 159584
malloc, 256, 19944.000000, 356096, 1441824, 159616
malloc, 256, 20900.000000, 356352, 1441824, 159648
malloc, 256, 20098.000000, 356608, 1441824, 159680
malloc, 256, 19959.000000, 356864, 1441824, 159712
malloc, 256, 19806.000000, 357120, 1441824, 159744
malloc, 256, 19866.000000, 357376, 1441824, 159776
malloc, 256, 19987.000000, 357632, 1441824, 159808
malloc, 256, 19774.000000, 357888, 1441824, 159840
malloc, 256, 19727.000000, 358144, 1441824, 159872
malloc, 256, 19889.000000, 358400, 1441824, 159904
malloc, 256, 19806.000000, 358656, 1441824, 159936
malloc, 256, 23382.000000, 358912, 1441824, 159968
malloc, 256, 20170.000000, 359168, 1441824, 160000
malloc, 256, 19900.000000, 359424, 1441824, 160032
malloc, 256, 19950.000000, 359680, 1441824, 160064
malloc, 256, 21193.000000, 359936, 1441824, 160096
malloc, 256, 20275.000000, 360192, 1441824, 160128
malloc, 256, 19791.000000, 360448, 1441824, 160160
malloc, 256, 19967.000000, 360704, 1441824, 160192
malloc, 256, 19981.000000, 360960, 1441824, 160224
malloc, 256, 19790.000000, 361216, 1441824, 160256
malloc, 256, 20013.000000, 361472, 1441824, 160288
malloc, 256, 19794.000000, 361728, 1441824, 160320
malloc, 256, 20041.000000, 361984, 1441824, 160352
malloc, 256, 20220.000000, 362240, 1441824, 160384
malloc, 256, 19920.000000, 362496, 1441824, 160416
malloc, 256, 19928.000000, 362752, 1441824, 160448
malloc, 256, 20048.000000, 363008, 1441824, 160480
malloc, 256, 19908.000000, 363264, 1441824, 160512
malloc, 256, 19925.000000, 363520, 1441824, 160544
malloc, 256, 21198.000000, 363776, 1441824, 160576
malloc, 256, 20322.000000, 364032, 1441824, 160608
malloc, 256, 19915.000000, 364288, 1441824, 160640
malloc, 256, 20241.000000, 364544, 1441824, 160672
malloc, 256, 22153.000000, 364800, 1441824, 160704
malloc, 256, 20122.000000, 365056, 1441824, 160736
malloc, 256, 20198.000000, 365312, 1441824, 160768
malloc, 256, 20141.000000, 365568, 1441824, 160800
malloc, 256, 19908.000000, 365824, 1441824, 160832
malloc, 256, 20290.000000, 366080, 1441824, 160864
malloc, 256, 19984.000000, 366336, 1441824, 160896
malloc, 256, 20219.000000, 366592, 1441824, 160928
malloc, 256, 20252.000000, 366848, 1441824, 160960
malloc, 256, 20019.000000, 367104, 1441824, 160992
malloc, 256, 22700.000000, 367360, 1441824, 161024
malloc, 256, 20506.000000, 367616, 1441824, 161056
malloc, 256, 20299.000000, 367872, 1441824, 161088
malloc, 256, 20048.000000, 368128, 1441824, 161120
malloc, 256, 20417.000000, 368384, 1441824, 161152
malloc, 256, 20072.000000, 368640, 1441824, 161184
malloc, 256, 20072.000000, 368896, 1441824, 161216
malloc, 256, 20044.000000, 369152, 1441824, 161248
malloc, 256, 20193.000000, 369408, 1441824, 161280
malloc, 256, 20229.000000, 369664, 1441824, 161312
malloc, 256, 20294.000000, 369920, 1441824, 161344
malloc, 256, 20242.000000, 370176, 1441824, 161376
malloc, 256, 20314.000000, 370432, 1441824, 161408
malloc, 256, 21140.000000, 370688, 1441824, 161440
malloc, 256, 26511.000000, 370944, 1441824, 161472
malloc, 256, 20474.000000, 371200, 1441824, 161504
malloc, 256, 20441.000000, 371456, 1441824, 161536
malloc, 256, 20275.000000, 371712, 1441824, 161568
malloc, 256, 20418.000000, 371968, 1441824, 161600
malloc, 256, 20424.000000, 372224, 1441824, 161632
malloc, 256, 20187.000000, 372480, 1441824, 161664
malloc, 256, 20092.000000, 372736, 1441824, 161696
malloc, 256, 20372.000000, 372992, 1441824, 161728
malloc, 256, 20262.000000, 373248, 1441824, 161760
malloc, 256, 20289.000000, 373504, 1441824, 161792
malloc, 256, 20310.000000, 373760, 1441824, 161824
malloc, 256, 20289.000000, 374016, 1441824, 161856
malloc, 256, 20248.000000, 374272, 1441824, 161888
malloc, 256, 21760.000000, 374528, 1441824, 161920
malloc, 256, 20682.000000, 374784, 1441824, 161952
malloc, 256, 20332.000000, 375040, 1441824, 161984
malloc, 256, 20559.000000, 375296, 1441824, 162016
malloc, 256, 20297.000000, 375552, 1441824, 162048
malloc, 256, 20298.000000, 375808, 1441824, 162080
malloc, 256, 20463.000000, 376064, 1441824, 162112
malloc, 256, 20320.000000, 376320, 1441824, 162144
malloc, 256, 20424.000000, 376576, 1441824, 162176
malloc, 256, 20606.000000, 376832, 1441824, 162208
malloc, 256, 20276.000000, 377088, 1441824, 162240
malloc, 256, 20480.000000, 377344, 1441824, 162272
malloc, 256, 20466.000000, 377600, 1441824, 162304
malloc, 256, 20438.000000, 377856, 1441824, 162336
malloc, 256, 20469.000000, 378112, 1441824, 162368
malloc, 256, 21794.000000, 378368, 1441824, 162400
malloc, 256, 20627.000000, 378624, 1441824, 162432
malloc, 256, 20386.000000, 378880, 1441824, 162464
malloc, 256, 20477.000000, 379136, 1441824, 162496
malloc, 256, 20568.000000, 379392, 1441824, 162528
malloc, 256, 20489.000000, 379648, 1441824, 162560
malloc, 256, 20599.000000, 379904, 1441824, 162592
malloc, 256, 20515.000000, 380160, 1441824, 162624
malloc, 256, 20569.000000, 380416, 1441824, 162656
malloc, 256, 20612.000000, 380672, 1441824, 162688
malloc, 256, 20538.000000, 380928, 1441824, 162720
malloc, 256, 20304.000000, 381184, 1441824, 162752
malloc, 256, 20645.000000, 381440, 1441824, 162784
malloc, 256, 20467.000000, 381696, 1441824, 162816
malloc, 256, 21756.000000, 381952, 1441824, 162848
malloc, 256, 20905.000000, 382208, 1441824, 162880
malloc, 256, 20575.000000, 382464, 1441824, 162912
malloc, 256, 20548.000000, 382720, 1441824, 162944
malloc, 256, 20654.000000, 382976, 1441824, 162976
malloc, 256, 23727.000000, 383232, 1441824, 163008
malloc, 256, 20688.000000, 383488, 1441824, 163040
malloc, 256, 20903.000000, 383744, 1441824, 163072
malloc, 256, 20553.000000, 384000, 1441824, 163104
free, 64, 44.000000, 383936, 1441824, 163040
free, 64, 41.000000, 383872, 1441824, 162976
free, 64, 24.000000, 383808, 1441824, 162912
free, 64, 25.000000, 383744, 1441824, 162848
free, 64, 37.000000, 383680, 1441824, 162784
free, 64, 37.000000, 383616, 1441824, 162720
free, 64, 35.000000, 383552, 1441824, 162656
free, 64, 24.000000, 383488, 1441824, 162592
free, 64, 37.000000, 383424, 1441824, 162528
free, 64, 36.000000, 383360, 1441824, 162464
free, 64, 27.000000, 383296, 1441824, 162400
free, 64, 25.000000, 383232, 1441824, 162336
free, 64, 25.000000, 383168, 1441824, 162272
free, 64, 35.000000, 383104, 1441824, 162208
free, 64, 26.000000, 383040, 1441824, 162144
free, 64, 26.000000, 382976, 1441824, 162080
free, 64, 25.000000, 382912, 1441824, 162016
free, 64, 35.000000, 382848, 1441824, 161952
free, 64, 25.000000, 382784, 1441824, 161888
free, 64, 26.000000, 382720, 1441824, 161824
free, 64, 27.000000, 382656, 1441824, 161760
free, 64, 26.000000, 382592, 1441824, 161696
free, 64, 26.000000, 382528, 1441824, 161632
free, 64, 25.000000, 382464, 1441824, 161568
free, 64, 25.000000, 382400, 1441824, 161504
free, 64, 25.000000, 382336, 1441824, 161440
free, 64, 26.000000, 382272, 1441824, 161376
free, 64, 25.000000, 382208, 1441824, 161312
free, 64, 25.000000, 382144, 1441824, 161248
free, 64, 24.000000, 382080, 1441824, 161184
free, 64, 24.000000, 382016, 1441824, 161120
free, 64, 25.000000, 381952, 1441824, 161056
free, 64, 37.000000, 381888, 1441824, 160992
free, 64, 25.000000, 381824, 1441824, 160928
free, 64, 36.000000, 381760, 1441824, 160864
free, 64, 35.000000, 381696, 1441824, 160800
free, 64, 26.000000, 381632, 1441824, 160736
free, 64, 24.000000, 381568, 1441824, 160672
free, 64, 73.000000, 381504, 1441824, 160608
free, 64, 29.000000, 381440, 1441824, 160544
free, 64, 30.000000, 381376, 1441824, 160480
free, 64, 28.000000, 381312, 1441824, 160416
free, 64, 50.000000, 381248, 1441824, 160352
free, 64, 34.000000, 381184, 1441824, 160288
free, 64, 27.000000, 381120, 1441824, 160224
free, 64, 29.000000, 381056, 1441824, 160160
free, 64, 27.000000, 380992, 1441824, 160096
free, 64, 34.000000, 380928, 1441824, 160032
free, 64, 33.000000, 380864, 1441824, 159968
free, 64, 31.000000, 380800, 1441824, 159904
free, 64, 29.000000, 380736, 1441824, 159840
free, 64, 28.000000, 380672, 1441824, 159776
free, 64, 34.000000, 380608, 1441824, 159712
free, 64, 35.000000, 380544, 1441824, 159648
free, 64, 34.000000, 380480, 1441824, 159584
free, 64, 34.000000, 380416, 1441824, 159520
free, 64, 34.000000, 380352, 1441824, 159456
free, 64, 34.000000, 380288, 1441824, 159392
free, 64, 34.000000, 380224, 1441824, 159328
free, 64, 34.000000, 380160, 1441824, 159264
free, 64, 32.000000, 380096, 1441824, 159200
free, 64, 34.000000, 380032, 1441824, 159136
free, 64, 30.000000, 379968, 1441824, 159072
free, 64, 44.000000, 379904, 1441824, 159008
free, 64, 37.000000, 379840, 1441824, 158944
free, 64, 37.000000, 379776, 1441824, 158880
free, 64, 42.000000, 379712, 1441824, 158816
free, 64, 34.000000, 379648, 1441824, 158752
free, 64, 32.000000, 379584, 1441824, 158688
free, 64, 30.000000, 379520, 1441824, 158624
free, 64, 33.000000, 379456, 1441824, 158560
free, 64, 32.000000, 379392, 1441824, 158496
free, 64, 31.000000, 379328, 1441824, 158432
free, 64, 32.000000, 379264, 1441824, 158368
free, 64, 33.000000, 379200, 1441824, 158304
free, 64, 34.000000, 379136, 1441824, 158240
free, 64, 31.000000, 379072, 1441824, 158176
free, 64, 33.000000, 379008, 1441824, 158112
free, 64, 31.000000, 378944, 1441824, 158048
free, 64, 34.000000, 378880, 1441824, 157984
free, 64, 33.000000, 378816, 1441824, 157920
free, 64, 30.000000, 378752, 1441824, 157856
free, 64, 34.000000, 378688, 1441824, 157792
free, 64, 31.000000, 378624, 1441824, 157728
free, 64, 44.000000, 378560, 1441824, 157664
free, 64, 37.000000, 378496, 1441824, 157600
free, 64, 33.000000, 378432, 1441824, 157536
free, 64, 35.000000, 378368, 1441824, 157472
free, 64, 33.000000, 378304, 1441824, 157408
free, 64, 34.000000, 378240, 1441824, 157344
free, 64, 36.000000, 378176, 1441824, 157280
free, 64, 33.000000, 378112, 1441824, 157216
free, 64, 35.000000, 378048, 1441824, 157152
free, 64, 37.000000, 377984, 1441824, 157088
free, 64, 37.000000, 377920, 1441824, 157024
free, 64, 33.000000, 377856, 1441824, 156960
free, 64, 32.000000, 377792, 1441824, 156896
free, 64, 34.000000, 377728, 1441824, 156832
free, 64, 36.000000, 377664, 1441824, 156768
free, 64, 34.000000, 377600, 1441824, 156704
free, 64, 33.000000, 377536, 1441824, 156640
free, 64, 32.000000, 377472, 1441824, 156576
free, 64, 33.000000, 377408, 1441824, 156512
free, 64, 33.000000, 377344, 1441824, 156448
free, 64, 29.000000, 377280, 1441824, 156384
free, 64, 40.000000, 377216, 1441824, 156320
free, 64, 27.000000, 377152, 1441824, 156256
free, 64, 32.000000, 377088, 1441824, 156192
free, 64, 27.000000, 377024, 1441824, 156128
free, 64, 30.000000, 376960, 1441824, 156064
free, 64, 30.000000, 376896, 1441824, 156000
free, 64, 35.000000, 376832, 1441824, 155936
free, 64, 28.000000, 376768, 1441824, 155872
free, 64, 37.000000, 376704, 1441824, 155808
free, 64, 29.000000, 376640, 1441824, 155744
free, 64, 39.000000, 376576, 1441824, 155680
free, 64, 27.000000, 376512, 1441824, 155616
free, 64, 29.000000, 376448, 1441824, 155552
free, 64, 31.000000, 376384, 1441824, 155488
free, 64, 43.000000, 376320, 1441824, 155424
free, 64, 28.000000, 376256, 1441824, 155360
free, 64, 37.000000, 376192, 1441824, 155296
free, 64, 24.000000, 376128, 1441824, 155232
free, 64, 24.000000, 376064, 1441824, 155168
free, 64, 23.000000, 376000, 1441824, 155104
free, 64, 25.000000, 375936, 1441824, 155040
free, 64, 27.000000, 375872, 1441824, 154976
free, 64, 25.000000, 375808, 1441824, 154912
free, 64, 25.000000, 375744, 1441824, 154848
free, 64, 25.000000, 375680, 1441824, 154784
free, 64, 24.000000, 375616, 1441824, 154720
free, 64, 25.000000, 375552, 1441824, 154656
free, 64, 23.000000, 375488, 1441824, 154592
free, 64, 24.000000, 375424, 1441824, 154528
free, 64, 24.000000, 375360, 1441824, 154464
free, 64, 25.000000, 375296, 1441824, 154400
free, 64, 25.000000, 375232, 1441824, 154336
free, 64, 25.000000, 375168, 1441824, 154272
free, 64, 25.000000, 375104, 1441824, 154208
free, 64, 25.000000, 375040, 1441824, 154144
free, 64, 24.000000, 374976, 1441824, 154080
free, 64, 25.000000, 374912, 1441824, 154016
free, 64, 25.000000, 374848, 1441824, 153952
free, 64, 22.000000, 374784, 1441824, 153888
free, 64, 24.000000, 374720, 1441824, 153824
free, 64, 25.000000, 374656, 1441824, 153760
free, 64, 25.000000, 374592, 1441824, 153696
free, 64, 26.000000, 374528, 1441824, 153632
free, 64, 24.000000, 374464, 1441824, 153568
free, 64, 26.000000, 374400, 1441824, 153504
free, 64, 25.000000, 374336, 1441824, 153440
free, 64, 25.000000, 374272, 1441824, 153376
free, 64, 25.000000, 374208, 1441824, 153312
free, 64, 25.000000, 374144, 1441824, 153248
free, 64, 25.000000, 374080, 1441824, 153184
free, 64, 24.000000, 374016, 1441824, 153120
free, 64, 25.000000, 373952, 1441824, 153056
free, 64, 25.000000, 373888, 1441824, 152992
free, 64, 25.000000, 373824, 1441824, 152928
free, 64, 25.000000, 373760, 1441824, 152864
free, 64, 26.000000, 373696, 1441824, 152800
free, 64, 24.000000, 373632, 1441824, 152736
free, 64, 27.000000, 373568, 1441824, 152672
free, 64, 23.000000, 373504, 1441824, 152608
free, 64, 26.000000, 373440, 1441824, 152544
free, 64, 23.000000, 373376, 1441824, 152480
free, 64, 23.000000, 373312, 1441824, 152416
free, 64, 29.000000, 373248, 1441824, 152352
free, 64, 37.000000, 373184, 1441824, 152288
free, 64, 27.000000, 373120, 1441824, 152224
free, 64, 26.000000, 373056, 1441824, 152160
free, 64, 25.000000, 372992, 1441824, 152096
free, 64, 27.000000, 372928, 1441824, 152032
free, 64, 25.000000, 372864, 1441824, 151968
free, 64, 24.000000, 372800, 1441824, 151904
free, 64, 24.000000, 372736, 1441824, 151840
free, 64, 25.000000, 372672, 1441824, 151776
free, 64, 24.000000, 372608, 1441824, 151712
free, 64, 24.000000, 372544, 1441824, 151648
free, 64, 25.000000, 372480, 1441824, 151584
free, 64, 25.000000, 372416, 1441824, 151520
free, 64, 26.000000, 372352, 1441824, 151456
free, 64, 25.000000, 372288, 1441824, 151392
free, 64, 25.000000, 372224, 1441824, 151328
free, 64, 34.000000, 372160, 1441824, 151264
free, 64, 25.000000, 372096, 1441824, 151200
free, 64, 25.000000, 372032, 1441824, 151136
free, 64, 25.000000, 371968, 1441824, 151072
free, 64, 34.000000, 371904, 1441824, 151008
free, 64, 27.000000, 371840, 1441824, 150944
free, 64, 24.000000, 371776, 1441824, 150880
free, 64, 25.000000, 371712, 1441824, 150816
free, 64, 24.000000, 371648, 1441824, 150752
free, 64, 24.000000, 371584, 1441824, 150688
free, 64, 25.000000, 371520, 1441824, 150624
free, 64, 25.000000, 371456, 1441824, 150560
free, 64, 26.000000, 371392, 1441824, 150496
free, 64, 24.000000, 371328, 1441824, 150432
free, 64, 23.000000, 371264, 1441824, 150368
free, 64, 25.000000, 371200, 1441824, 150304
free, 64, 26.000000, 371136, 1441824, 150240
free, 64, 25.000000, 371072, 1441824, 150176
free, 64, 23.000000, 371008, 1441824, 150112
free, 64, 25.000000, 370944, 1441824, 150048
free, 64, 25.000000, 370880, 1441824, 149984
free, 64, 25.000000, 370816, 1441824, 149920
free, 64, 26.000000, 370752, 1441824, 149856
free, 64, 25.000000, 370688, 1441824, 149792
free, 64, 33.000000, 370624, 1441824, 149728
free, 64, 28.000000, 370560, 1441824, 149664
free, 64, 27.000000, 370496, 1441824, 149600
free, 64, 25.000000, 370432, 1441824, 149536
free, 64, 25.000000, 370368, 1441824, 149472
free, 64, 24.000000, 370304, 1441824, 149408
free, 64, 24.000000, 370240, 1441824, 149344
free, 64, 24.000000, 370176, 1441824, 149280
free, 64, 24.000000, 370112, 1441824, 149216
free, 64, 25.000000, 370048, 1441824, 149152
free, 64, 25.000000, 369984, 1441824, 149088
free, 64, 25.000000, 369920, 1441824, 149024
free, 64, 35.000000, 369856, 1441824, 148960
free, 64, 27.000000, 369792, 1441824, 148896
free, 64, 26.000000, 369728, 1441824, 148832
free, 64, 27.000000, 369664, 1441824, 148768
free, 64, 26.000000, 369600, 1441824, 148704
free, 64, 26.000000, 369536, 1441824, 148640
free, 64, 26.000000, 369472, 1441824, 148576
free, 64, 27.000000, 369408, 1441824, 148512
free, 64, 26.000000, 369344, 1441824, 148448
free, 64, 26.000000, 369280, 1441824, 148384
free, 64, 28.000000, 369216, 1441824, 148320
free, 64, 34.000000, 369152, 1441824, 148256
free, 64, 24.000000, 369088, 1441824, 148192
free, 64, 34.000000, 369024, 1441824, 148128
free, 64, 35.000000, 368960, 1441824, 148064
free, 64, 23.000000, 368896, 1441824, 148000
free, 64, 24.000000, 368832, 1441824, 147936
free, 64, 24.000000, 368768, 1441824, 147872
free, 64, 24.000000, 368704, 1441824, 147808
free, 64, 23.000000, 368640, 1441824, 147744
free, 64, 24.000000, 368576, 1441824, 147680
free, 64, 25.000000, 368512, 1441824, 147616
free, 64, 25.000000, 368448, 1441824, 147552
free, 64, 25.000000, 368384, 1441824, 147488
free, 64, 24.000000, 368320, 1441824, 147424
free, 64, 25.000000, 368256, 1441824, 147360
free, 64, 25.000000, 368192, 1441824, 147296
free, 64, 27.000000, 368128, 1441824, 147232
free, 64, 27.000000, 368064, 1441824, 147168
free, 64, 24.000000, 368000, 1441824, 147104
free, 64, 24.000000, 367936, 1441824, 147040
free, 64, 26.000000, 367872, 1441824, 146976
free, 64, 30.000000, 367808, 1441824, 146912
free, 64, 27.000000, 367744, 1441824, 146848
free, 64, 24.000000, 367680, 1441824, 146784
free, 64, 24.000000, 367616, 1441824, 146720
free, 64, 23.000000, 367552, 1441824, 146656
free, 64, 25.000000, 367488, 1441824, 146592
free, 64, 24.000000, 367424, 1441824, 146528
free, 64, 24.000000, 367360, 1441824, 146464
free, 64, 23.000000, 367296, 1441824, 146400
free, 64, 25.000000, 367232, 1441824, 146336
free, 64, 26.000000, 367168, 1441824, 146272
free, 64, 25.000000, 367104, 1441824, 146208
free, 64, 24.000000, 367040, 1441824, 146144
free, 64, 23.000000, 366976, 1441824, 146080
free, 64, 28.000000, 366912, 1441824, 146016
free, 64, 25.000000, 366848, 1441824, 145952
free, 64, 25.000000, 366784, 1441824, 145888
free, 64, 26.000000, 366720, 1441824, 145824
free, 64, 24.000000, 366656, 1441824, 145760
free, 64, 35.000000, 366592, 1441824, 145696
free, 64, 26.000000, 366528, 1441824, 145632
free, 64, 30.000000, 366464, 1441824, 145568
free, 64, 24.000000, 366400, 1441824, 145504
free, 64, 25.000000, 366336, 1441824, 145440
free, 64, 24.000000, 366272, 1441824, 145376
free, 64, 25.000000, 366208, 1441824, 145312
free, 64, 24.000000, 366144, 1441824, 145248
free, 64, 25.000000, 366080, 1441824, 145184
free, 64, 24.000000, 366016, 1441824, 145120
free, 64, 25.000000, 365952, 1441824, 145056
free, 64, 24.000000, 365888, 1441824, 144992
free, 64, 26.000000, 365824, 1441824, 144928
free, 64, 24.000000, 365760, 1441824, 144864
free, 64, 25.000000, 365696, 1441824, 144800
free, 64, 25.000000, 365632, 1441824, 144736
free, 64, 25.000000, 365568, 1441824, 144672
free, 64, 25.000000, 365504, 1441824, 144608
free, 64, 24.000000, 365440, 1441824, 144544
free, 64, 24.000000, 365376, 1441824, 144480
free, 64, 25.000000, 365312, 1441824, 144416
free, 64, 23.000000, 365248, 1441824, 144352
free, 64, 28.000000, 365184, 1441824, 144288
free, 64, 34.000000, 365120, 1441824, 144224
free, 64, 26.000000, 365056, 1441824, 144160
free, 64, 25.000000, 364992, 1441824, 144096
free, 64, 24.000000, 364928, 1441824, 144032
free, 64, 25.000000, 364864, 1441824, 143968
free, 64, 24.000000, 364800, 1441824, 143904
free, 64, 25.000000, 364736, 1441824, 143840
free, 64, 24.000000, 364672, 1441824, 143776
free, 64, 25.000000, 364608, 1441824, 143712
free, 64, 24.000000, 364544, 1441824, 143648
free, 64, 23.000000, 364480, 1441824, 143584
free, 64, 24.000000, 364416, 1441824, 143520
free, 64, 25.000000, 364352, 1441824, 143456
free, 64, 25.000000, 364288, 1441824, 143392
free, 64, 24.000000, 364224, 1441824, 143328
free, 64, 24.000000, 364160, 1441824, 143264
free, 64, 26.000000, 364096, 1441824, 143200
free, 64, 24.000000, 364032, 1441824, 143136
free, 64, 25.000000, 363968, 1441824, 143072
free, 64, 25.000000, 363904, 1441824, 143008
free, 64, 27.000000, 363840, 1441824, 142944
free, 64, 31.000000, 363776, 1441824, 142880
free, 64, 23.000000, 363712, 1441824, 142816
free, 64, 23.000000, 363648, 1441824, 142752
free, 64, 25.000000, 363584, 1441824, 142688
free, 64, 24.000000, 363520, 1441824, 142624
free, 64, 24.000000, 363456, 1441824, 142560
free, 64, 24.000000, 363392, 1441824, 142496
free, 64, 25.000000, 363328, 1441824, 142432
free, 64, 23.000000, 363264, 1441824, 142368
free, 64, 25.000000, 363200, 1441824, 142304
free, 64, 23.000000, 363136, 1441824, 142240
free, 64, 24.000000, 363072, 1441824, 142176
free, 64, 25.000000, 363008, 1441824, 142112
free, 64, 25.000000, 362944, 1441824, 142048
free, 64, 34.000000, 362880, 1441824, 141984
free, 64, 25.000000, 362816, 1441824, 141920
free, 64, 35.000000, 362752, 1441824, 141856
free, 64, 25.000000, 362688, 1441824, 141792
free, 64, 24.000000, 362624, 1441824, 141728
free, 64, 25.000000, 362560, 1441824, 141664
free, 64, 26.000000, 362496, 1441824, 141600
free, 64, 30.000000, 362432, 1441824, 141536
free, 64, 25.000000, 362368, 1441824, 141472
free, 64, 25.000000, 362304, 1441824, 141408
free, 64, 34.000000, 362240, 1441824, 141344
free, 64, 25.000000, 362176, 1441824, 141280
free, 64, 25.000000, 362112, 1441824, 141216
free, 64, 24.000000, 362048, 1441824, 141152
free, 64, 24.000000, 361984, 1441824, 141088
free, 64, 24.000000, 361920, 1441824, 141024
free, 64, 24.000000, 361856, 1441824, 140960
free, 64, 25.000000, 361792, 1441824, 140896
free, 64, 24.000000, 361728, 1441824, 140832
free, 64, 24.000000, 361664, 1441824, 140768
free, 64, 26.000000, 361600, 1441824, 140704
free, 64, 24.000000, 361536, 1441824, 140640
free, 64, 24.000000, 361472, 1441824, 140576
free, 64, 24.000000, 361408, 1441824, 140512
free, 64, 25.000000, 361344, 1441824, 140448
free, 64, 24.000000, 361280, 1441824, 140384
free, 64, 25.000000, 361216, 1441824, 140320
free, 64, 27.000000, 361152, 1441824, 140256
free, 64, 30.000000, 361088, 1441824, 140192
free, 64, 24.000000, 361024, 1441824, 140128
free, 64, 24.000000, 360960, 1441824, 140064
free, 64, 25.000000, 360896, 1441824, 140000
free, 64, 23.000000, 360832, 1441824, 139936
free, 64, 24.000000, 360768, 1441824, 139872
free, 64, 23.000000, 360704, 1441824, 139808
free, 64, 24.000000, 360640, 1441824, 139744
free, 64, 24.000000, 360576, 1441824, 139680
free, 64, 25.000000, 360512, 1441824, 139616
free, 64, 34.000000, 360448, 1441824, 139552
free, 64, 23.000000, 360384, 1441824, 139488
free, 64, 24.000000, 360320, 1441824, 139424
free, 64, 26.000000, 360256, 1441824, 139360
free, 64, 24.000000, 360192, 1441824, 139296
free, 64, 24.000000, 360128, 1441824, 139232
free, 64, 24.000000, 360064, 1441824, 139168
free, 64, 24.000000, 360000, 1441824, 139104
free, 64, 24.000000, 359936, 1441824, 139040
free, 64, 23.000000, 359872, 1441824, 138976
free, 64, 27.000000, 359808, 1441824, 138912
free, 64, 34.000000, 359744, 1441824, 138848
free, 64, 25.000000, 359680, 1441824, 138784
free, 64, 25.000000, 359616, 1441824, 138720
free, 64, 24.000000, 359552, 1441824, 138656
free, 64, 24.000000, 359488, 1441824, 138592
free, 64, 26.000000, 359424, 1441824, 138528
free, 64, 25.000000, 359360, 1441824, 138464
free, 64, 25.000000, 359296, 1441824, 138400
free, 64, 24.000000, 359232, 1441824, 138336
free, 64, 24.000000, 359168, 1441824, 138272
free, 64, 25.000000, 359104, 1441824, 138208
free, 64, 24.000000, 359040, 1441824, 138144
free, 64, 24.000000, 358976, 1441824, 138080
free, 64, 34.000000, 358912, 1441824, 138016
free, 64, 25.000000, 358848, 1441824, 137952
free, 64, 24.000000, 358784, 1441824, 137888
free, 64, 25.000000, 358720, 1441824, 137824
free, 64, 24.000000, 358656, 1441824, 137760
free, 64, 25.000000, 358592, 1441824, 137696
free, 64, 25.000000, 358528, 1441824, 137632
free, 64, 26.000000, 358464, 1441824, 137568
free, 64, 31.000000, 358400, 1441824, 137504
free, 64, 24.000000, 358336, 1441824, 137440
free, 64, 24.000000, 358272, 1441824, 137376
free, 64, 31.000000, 358208, 1441824, 137312
free, 64, 26.000000, 358144, 1441824, 137248
free, 64, 24.000000, 358080, 1441824, 137184
free, 64, 26.000000, 358016, 1441824, 137120
free, 64, 25.000000, 357952, 1441824, 137056
free, 64, 25.000000, 357888, 1441824, 136992
free, 64, 24.000000, 357824, 1441824, 136928
free, 64, 24.000000, 357760, 1441824, 136864
free, 64, 25.000000, 357696, 1441824, 136800
free, 64, 25.000000, 357632, 1441824, 136736
free, 64, 24.000000, 357568, 1441824, 136672
free, 64, 23.000000, 357504, 1441824, 136608
free, 64, 26.000000, 357440, 1441824, 136544
free, 64, 26.000000, 357376, 1441824, 136480
free, 64, 24.000000, 357312, 1441824, 136416
free, 64, 25.000000, 357248, 1441824, 136352
free, 64, 25.000000, 357184, 1441824, 136288
free, 64, 25.000000, 357120, 1441824, 136224
free, 64, 27.000000, 357056, 1441824, 136160
free, 64, 24.000000, 356992, 1441824, 136096
free, 64, 27.000000, 356928, 1441824, 136032
free, 64, 26.000000, 356864, 1441824, 135968
free, 64, 26.000000, 356800, 1441824, 135904
free, 64, 27.000000, 356736, 1441824, 135840
free, 64, 27.000000, 356672, 1441824, 135776
free, 64, 26.000000, 356608, 1441824, 135712
free, 64, 26.000000, 356544, 1441824, 135648
free, 64, 26.000000, 356480, 1441824, 135584
free, 64, 27.000000, 356416, 1441824, 135520
free, 64, 27.000000, 356352, 1441824, 135456
free, 64, 27.000000, 356288, 1441824, 135392
free, 64, 27.000000, 356224, 1441824, 135328
free, 64, 26.000000, 356160, 1441824, 135264
free, 64, 27.000000, 356096, 1441824, 135200
free, 64, 27.000000, 356032, 1441824, 135136
free, 64, 25.000000, 355968, 1441824, 135072
free, 64, 25.000000, 355904, 1441824, 135008
free, 64, 27.000000, 355840, 1441824, 134944
free, 64, 27.000000, 355776, 1441824, 134880
free, 64, 27.000000, 355712, 1441824, 134816
free, 64, 25.000000, 355648, 1441824, 134752
free, 64, 25.000000, 355584, 1441824, 134688
free, 64, 24.000000, 355520, 1441824, 134624
free, 64, 35.000000, 355456, 1441824, 134560
free, 64, 24.000000, 355392, 1441824, 134496
free, 64, 24.000000, 355328, 1441824, 134432
free, 64, 24.000000, 355264, 1441824, 134368
free, 64, 25.000000, 355200, 1441824, 134304
free, 64, 25.000000, 355136, 1441824, 134240
free, 64, 25.000000, 355072, 1441824, 134176
free, 64, 24.000000, 355008, 1441824, 134112
free, 64, 25.000000, 354944, 1441824, 134048
free, 64, 25.000000, 354880, 1441824, 133984
free, 64, 23.000000, 354816, 1441824, 133920
free, 64, 24.000000, 354752, 1441824, 133856
free, 64, 25.000000, 354688, 1441824, 133792
free, 64, 25.000000, 354624, 1441824, 133728
free, 64, 24.000000, 354560, 1441824, 133664
free, 64, 26.000000, 354496, 1441824, 133600
free, 64, 27.000000, 354432, 1441824, 133536
free, 64, 28.000000, 354368, 1441824, 133472
free, 64, 26.000000, 354304, 1441824, 133408
free, 64, 23.000000, 354240, 1441824, 133344
free, 64, 26.000000, 354176, 1441824, 133280
free, 64, 24.000000, 354112, 1441824, 133216
free, 64, 25.000000, 354048, 1441824, 133152
free, 64, 26.000000, 353984, 1441824, 133088
free, 64, 24.000000, 353920, 1441824, 133024
free, 64, 25.000000, 353856, 1441824, 132960
free, 64, 24.000000, 353792, 1441824, 132896
free, 64, 25.000000, 353728, 1441824, 132832
free, 64, 24.000000, 353664, 1441824, 132768
free, 64, 25.000000, 353600, 1441824, 132704
free, 64, 25.000000, 353536, 1441824, 132640
free, 64, 25.000000, 353472, 1441824, 132576
free, 64, 25.000000, 353408, 1441824, 132512
free, 64, 25.000000, 353344, 1441824, 132448
free, 64, 24.000000, 353280, 1441824, 132384
free, 64, 24.000000, 353216, 1441824, 132320
free, 64, 24.000000, 353152, 1441824, 132256
free, 64, 25.000000, 353088, 1441824, 132192
free, 64, 26.000000, 353024, 1441824, 132128
free, 64, 36.000000, 352960, 1441824, 132064
free, 64, 24.000000, 352896, 1441824, 132000
free, 64, 24.000000, 352832, 1441824, 131936
free, 64, 24.000000, 352768, 1441824, 131872
free, 64, 24.000000, 352704, 1441824, 131808
free, 64, 25.000000, 352640, 1441824, 131744
free, 64, 25.000000, 352576, 1441824, 131680
free, 64, 24.000000, 352512, 1441824, 131616
free, 64, 26.000000, 352448, 1441824, 131552
free, 64, 23.000000, 352384, 1441824, 131488
free, 64, 23.000000, 352320, 1441824, 131424
free, 64, 25.000000, 352256, 1441824, 131360
free, 64, 25.000000, 352192, 1441824, 131296
free, 64, 24.000000, 352128, 1441824, 131232
free, 64, 24.000000, 352064, 1441824, 131168
free, 64, 25.000000, 352000, 1441824, 131104
free, 64, 24.000000, 351936, 1441824, 131040
free, 64, 26.000000, 351872, 1441824, 130976
free, 64, 24.000000, 351808, 1441824, 130912
free, 64, 26.000000, 351744, 1441824, 130848
free, 64, 37.000000, 351680, 1441824, 130784
free, 64, 24.000000, 351616, 1441824, 130720
free, 64, 36.000000, 351552, 1441824, 130656
free, 64, 24.000000, 351488, 1441824, 130592
free, 64, 24.000000, 351424, 1441824, 130528
free, 64, 36.000000, 351360, 1441824, 130464
free, 64, 24.000000, 351296, 1441824, 130400
free, 64, 25.000000, 351232, 1441824, 130336
free, 64, 25.000000, 351168, 1441824, 130272
free, 64, 24.000000, 351104, 1441824, 130208
free, 64, 24.000000, 351040, 1441824, 130144
free, 64, 24.000000, 350976, 1441824, 130080
free, 64, 23.000000, 350912, 1441824, 130016
free, 64, 24.000000, 350848, 1441824, 129952
free, 64, 36.000000, 350784, 1441824, 129888
free, 64, 24.000000, 350720, 1441824, 129824
free, 64, 25.000000, 350656, 1441824, 129760
free, 64, 25.000000, 350592, 1441824, 129696
free, 64, 25.000000, 350528, 1441824, 129632
free, 64, 27.000000, 350464, 1441824, 129568
free, 64, 25.000000, 350400, 1441824, 129504
free, 64, 27.000000, 350336, 1441824, 129440
free, 64, 24.000000, 350272, 1441824, 129376
free, 64, 24.000000, 350208, 1441824, 129312
free, 64, 24.000000, 350144, 1441824, 129248
free, 64, 25.000000, 350080, 1441824, 129184
free, 64, 25.000000, 350016, 1441824, 129120
free, 64, 25.000000, 349952, 1441824, 129056
free, 64, 35.000000, 349888, 1441824, 128992
free, 64, 24.000000, 349824, 1441824, 128928
free, 64, 24.000000, 349760, 1441824, 128864
free, 64, 25.000000, 349696, 1441824, 128800
free, 64, 24.000000, 349632, 1441824, 128736
free, 64, 26.000000, 349568, 1441824, 128672
free, 64, 24.000000, 349504, 1441824, 128608
free, 64, 24.000000, 349440, 1441824, 128544
free, 64, 24.000000, 349376, 1441824, 128480
free, 64, 25.000000, 349312, 1441824, 128416
free, 64, 24.000000, 349248, 1441824, 128352
free, 64, 25.000000, 349184, 1441824, 128288
free, 64, 24.000000, 349120, 1441824, 128224
free, 64, 26.000000, 349056, 1441824, 128160
free, 64, 25.000000, 348992, 1441824, 128096
free, 64, 24.000000, 348928, 1441824, 128032
free, 64, 24.000000, 348864, 1441824, 127968
free, 64, 25.000000, 348800, 1441824, 127904
free, 64, 24.000000, 348736, 1441824, 127840
free, 64, 36.000000, 348672, 1441824, 127776
free, 64, 25.000000, 348608, 1441824, 127712
free, 64, 25.000000, 348544, 1441824, 127648
free, 64, 23.000000, 348480, 1441824, 127584
free, 64, 24.000000, 348416, 1441824, 127520
free, 64, 24.000000, 348352, 1441824, 127456
free, 64, 24.000000, 348288, 1441824, 127392
free, 64, 24.000000, 348224, 1441824, 127328
free, 64, 26.000000, 348160, 1441824, 127264
free, 64, 26.000000, 348096, 1441824, 127200
free, 64, 35.000000, 348032, 1441824, 127136
free, 64, 24.000000, 347968, 1441824, 127072
free, 64, 24.000000, 347904, 1441824, 127008
free, 64, 24.000000, 347840, 1441824, 126944
free, 64, 24.000000, 347776, 1441824, 126880
free, 64, 25.000000, 347712, 1441824, 126816
free, 64, 32.000000, 347648, 1441824, 126752
free, 64, 24.000000, 347584, 1441824, 126688
free, 64, 25.000000, 347520, 1441824, 126624
free, 64, 24.000000, 347456, 1441824, 126560
free, 64, 25.000000, 347392, 1441824, 126496
free, 64, 24.000000, 347328, 1441824, 126432
free, 64, 25.000000, 347264, 1441824, 126368
free, 64, 24.000000, 347200, 1441824, 126304
free, 64, 23.000000, 347136, 1441824, 126240
free, 64, 26.000000, 347072, 1441824, 126176
free, 64, 25.000000, 347008, 1441824, 126112
free, 64, 24.000000, 346944, 1441824, 126048
free, 64, 26.000000, 346880, 1441824, 125984
free, 64, 25.000000, 346816, 1441824, 125920
free, 64, 24.000000, 346752, 1441824, 125856
free, 64, 24.000000, 346688, 1441824, 125792
free, 64, 26.000000, 346624, 1441824, 125728
free, 64, 35.000000, 346560, 1441824, 125664
free, 64, 35.000000, 346496, 1441824, 125600
free, 64, 25.000000, 346432, 1441824, 125536
free, 64, 36.000000, 346368, 1441824, 125472
free, 64, 27.000000, 346304, 1441824, 125408
free, 64, 24.000000, 346240, 1441824, 125344
free, 64, 23.000000, 346176, 1441824, 125280
free, 64, 24.000000, 346112, 1441824, 125216
free, 64, 24.000000, 346048, 1441824, 125152
free, 64, 24.000000, 345984, 1441824, 125088
free, 64, 25.000000, 345920, 1441824, 125024
free, 64, 25.000000, 345856, 1441824, 124960
free, 64, 25.000000, 345792, 1441824, 124896
free, 64, 24.000000, 345728, 1441824, 124832
free, 64, 25.000000, 345664, 1441824, 124768
free, 64, 25.000000, 345600, 1441824, 124704
free, 64, 25.000000, 345536, 1441824, 124640
free, 64, 25.000000, 345472, 1441824, 124576
free, 64, 25.000000, 345408, 1441824, 124512
free, 64, 25.000000, 345344, 1441824, 124448
free, 64, 25.000000, 345280, 1441824, 124384
free, 64, 25.000000, 345216, 1441824, 124320
free, 64, 24.000000, 345152, 1441824, 124256
free, 64, 24.000000, 345088, 1441824, 124192
free, 64, 26.000000, 345024, 1441824, 124128
free, 64, 25.000000, 344960, 1441824, 124064
free, 64, 25.000000, 344896, 1441824, 124000
free, 64, 24.000000, 344832, 1441824, 123936
free, 64, 26.000000, 344768, 1441824, 123872
free, 64, 24.000000, 344704, 1441824, 123808
free, 64, 24.000000, 344640, 1441824, 123744
free, 64, 25.000000, 344576, 1441824, 123680
free, 64, 24.000000, 344512, 1441824, 123616
free, 64, 25.000000, 344448, 1441824, 123552
free, 64, 24.000000, 344384, 1441824, 123488
free, 64, 25.000000, 344320, 1441824, 123424
free, 64, 25.000000, 344256, 1441824, 123360
free, 64, 25.000000, 344192, 1441824, 123296
free, 64, 24.000000, 344128, 1441824, 123232
free, 64, 26.000000, 344064, 1441824, 123168
free, 64, 34.000000, 344000, 1441824, 123104
free, 64, 25.000000, 343936, 1441824, 123040
free, 64, 24.000000, 343872, 1441824, 122976
free, 64, 25.000000, 343808, 1441824, 122912
free, 64, 24.000000, 343744, 1441824, 122848
free, 64, 26.000000, 343680, 1441824, 122784
free, 64, 27.000000, 343616, 1441824, 122720
free, 64, 23.000000, 343552, 1441824, 122656
free, 64, 22.000000, 343488, 1441824, 122592
free, 64, 23.000000, 343424, 1441824, 122528
free, 64, 24.000000, 343360, 1441824, 122464
free, 64, 23.000000, 343296, 1441824, 122400
free, 64, 24.000000, 343232, 1441824, 122336
free, 64, 24.000000, 343168, 1441824, 122272
free, 64, 24.000000, 343104, 1441824, 122208
free, 64, 26.000000, 343040, 1441824, 122144
free, 64, 25.000000, 342976, 1441824, 122080
free, 64, 24.000000, 342912, 1441824, 122016
free, 64, 24.000000, 342848, 1441824, 121952
free, 64, 35.000000, 342784, 1441824, 121888
free, 64, 24.000000, 342720, 1441824, 121824
free, 64, 26.000000, 342656, 1441824, 121760
free, 64, 25.000000, 342592, 1441824, 121696
free, 64, 26.000000, 342528, 1441824, 121632
free, 64, 25.000000, 342464, 1441824, 121568
free, 64, 26.000000, 342400, 1441824, 121504
free, 64, 27.000000, 342336, 1441824, 121440
free, 64, 26.000000, 342272, 1441824, 121376
free, 64, 24.000000, 342208, 1441824, 121312
free, 64, 24.000000, 342144, 1441824, 121248
free, 64, 25.000000, 342080, 1441824, 121184
free, 64, 25.000000, 342016, 1441824, 121120
free, 64, 25.000000, 341952, 1441824, 121056
free, 64, 24.000000, 341888, 1441824, 120992
free, 64, 24.000000, 341824, 1441824, 120928
free, 64, 26.000000, 341760, 1441824, 120864
free, 64, 25.000000, 341696, 1441824, 120800
free, 64, 25.000000, 341632, 1441824, 120736
free, 64, 25.000000, 341568, 1441824, 120672
free, 64, 24.000000, 341504, 1441824, 120608
free, 64, 24.000000, 341440, 1441824, 120544
free, 64, 24.000000, 341376, 1441824, 120480
free, 64, 25.000000, 341312, 1441824, 120416
free, 64, 25.000000, 341248, 1441824, 120352
free, 64, 25.000000, 341184, 1441824, 120288
free, 64, 25.000000, 341120, 1441824, 120224
free, 64, 24.000000, 341056, 1441824, 120160
free, 64, 26.000000, 340992, 1441824, 120096
free, 64, 26.000000, 340928, 1441824, 120032
free, 64, 23.000000, 340864, 1441824, 119968
free, 64, 24.000000, 340800, 1441824, 119904
free, 64, 23.000000, 340736, 1441824, 119840
free, 64, 24.000000, 340672, 1441824, 119776
free, 64, 24.000000, 340608, 1441824, 119712
free, 64, 24.000000, 340544, 1441824, 119648
free, 64, 24.000000, 340480, 1441824, 119584
free, 64, 25.000000, 340416, 1441824, 119520
free, 64, 24.000000, 340352, 1441824, 119456
free, 64, 25.000000, 340288, 1441824, 119392
free, 64, 24.000000, 340224, 1441824, 119328
free, 64, 25.000000, 340160, 1441824, 119264
free, 64, 24.000000, 340096, 1441824, 119200
free, 64, 36.000000, 340032, 1441824, 119136
free, 64, 24.000000, 339968, 1441824, 119072
free, 64, 25.000000, 339904, 1441824, 119008
free, 64, 25.000000, 339840, 1441824, 118944
free, 64, 26.000000, 339776, 1441824, 118880
free, 64, 27.000000, 339712, 1441824, 118816
free, 64, 26.000000, 339648, 1441824, 118752
free, 64, 25.000000, 339584, 1441824, 118688
free, 64, 24.000000, 339520, 1441824, 118624
free, 64, 24.000000, 339456, 1441824, 118560
free, 64, 24.000000, 339392, 1441824, 118496
free, 64, 25.000000, 339328, 1441824, 118432
free, 64, 24.000000, 339264, 1441824, 118368
free, 64, 24.000000, 339200, 1441824, 118304
free, 64, 24.000000, 339136, 1441824, 118240
free, 64, 35.000000, 339072, 1441824, 118176
free, 64, 24.000000, 339008, 1441824, 118112
free, 64, 24.000000, 338944, 1441824, 118048
free, 64, 24.000000, 338880, 1441824, 117984
free, 64, 24.000000, 338816, 1441824, 117920
free, 64, 24.000000, 338752, 1441824, 117856
free, 64, 35.000000, 338688, 1441824, 117792
free, 64, 23.000000, 338624, 1441824, 117728
free, 64, 25.000000, 338560, 1441824, 117664
free, 64, 25.000000, 338496, 1441824, 117600
free, 64, 35.000000, 338432, 1441824, 117536
free, 64, 25.000000, 338368, 1441824, 117472
free, 64, 29.000000, 338304, 1441824, 117408
free, 64, 26.000000, 338240, 1441824, 117344
free, 64, 24.000000, 338176, 1441824, 117280
free, 64, 25.000000, 338112, 1441824, 117216
free, 64, 26.000000, 338048, 1441824, 117152
free, 64, 24.000000, 337984, 1441824, 117088
free, 64, 24.000000, 337920, 1441824, 117024
free, 64, 25.000000, 337856, 1441824, 116960
free, 64, 25.000000, 337792, 1441824, 116896
free, 64, 24.000000, 337728, 1441824, 116832
free, 64, 24.000000, 337664, 1441824, 116768
free, 64, 24.000000, 337600, 1441824, 116704
free, 64, 25.000000, 337536, 1441824, 116640
free, 64, 25.000000, 337472, 1441824, 116576
free, 64, 25.000000, 337408, 1441824, 116512
free, 64, 24.000000, 337344, 1441824, 116448
free, 64, 25.000000, 337280, 1441824, 116384
free, 64, 25.000000, 337216, 1441824, 116320
free, 64, 23.000000, 337152, 1441824, 116256
free, 64, 25.000000, 337088, 1441824, 116192
free, 64, 25.000000, 337024, 1441824, 116128
free, 64, 27.000000, 336960, 1441824, 116064
free, 64, 27.000000, 336896, 1441824, 116000
free, 64, 25.000000, 336832, 1441824, 115936
free, 64, 24.000000, 336768, 1441824, 115872
free, 64, 24.000000, 336704, 1441824, 115808
free, 64, 26.000000, 336640, 1441824, 115744
free, 64, 24.000000, 336576, 1441824, 115680
free, 64, 25.000000, 336512, 1441824, 115616
free, 64, 25.000000, 336448, 1441824, 115552
free, 64, 26.000000, 336384, 1441824, 115488
free, 64, 24.000000, 336320, 1441824, 115424
free, 64, 24.000000, 336256, 1441824, 115360
free, 64, 24.000000, 336192, 1441824, 115296
free, 64, 25.000000, 336128, 1441824, 115232
free, 64, 26.000000, 336064, 1441824, 115168
free, 64, 23.000000, 336000, 1441824, 115104
free, 64, 25.000000, 335936, 1441824, 115040
free, 64, 25.000000, 335872, 1441824, 114976
free, 64, 25.000000, 335808, 1441824, 114912
free, 64, 25.000000, 335744, 1441824, 114848
free, 64, 24.000000, 335680, 1441824, 114784
free, 64, 26.000000, 335616, 1441824, 114720
free, 64, 27.000000, 335552, 1441824, 114656
free, 64, 24.000000, 335488, 1441824, 114592
free, 64, 25.000000, 335424, 1441824, 114528
free, 64, 25.000000, 335360, 1441824, 114464
free, 64, 24.000000, 335296, 1441824, 114400
free, 64, 23.000000, 335232, 1441824, 114336
free, 64, 24.000000, 335168, 1441824, 114272
free, 64, 24.000000, 335104, 1441824, 114208
free, 64, 25.000000, 335040, 1441824, 114144
free, 64, 25.000000, 334976, 1441824, 114080
free, 64, 28.000000, 334912, 1441824, 114016
free, 64, 26.000000, 334848, 1441824, 113952
free, 64, 25.000000, 334784, 1441824, 113888
free, 64, 26.000000, 334720, 1441824, 113824
free, 64, 27.000000, 334656, 1441824, 113760
free, 64, 26.000000, 334592, 1441824, 113696
free, 64, 31.000000, 334528, 1441824, 113632
free, 64, 26.000000, 334464, 1441824, 113568
free, 64, 26.000000, 334400, 1441824, 113504
free, 64, 27.000000, 334336, 1441824, 113440
free, 64, 28.000000, 334272, 1441824, 113376
free, 64, 35.000000, 334208, 1441824, 113312
free, 64, 25.000000, 334144, 1441824, 113248
free, 64, 26.000000, 334080, 1441824, 113184
free, 64, 26.000000, 334016, 1441824, 113120
free, 64, 26.000000, 333952, 1441824, 113056
free, 64, 24.000000, 333888, 1441824, 112992
free, 64, 24.000000, 333824, 1441824, 112928
free, 64, 25.000000, 333760, 1441824, 112864
free, 64, 25.000000, 333696, 1441824, 112800
free, 64, 34.000000, 333632, 1441824, 112736
free, 64, 25.000000, 333568, 1441824, 112672
free, 64, 24.000000, 333504, 1441824, 112608
free, 64, 35.000000, 333440, 1441824, 112544
free, 64, 25.000000, 333376, 1441824, 112480
free, 64, 23.000000, 333312, 1441824, 112416
free, 64, 35.000000, 333248, 1441824, 112352
free, 64, 24.000000, 333184, 1441824, 112288
free, 64, 24.000000, 333120, 1441824, 112224
free, 64, 24.000000, 333056, 1441824, 112160
free, 64, 24.000000, 332992, 1441824, 112096
free, 64, 26.000000, 332928, 1441824, 112032
free, 64, 26.000000, 332864, 1441824, 111968
free, 64, 24.000000, 332800, 1441824, 111904
free, 64, 25.000000, 332736, 1441824, 111840
free, 64, 24.000000, 332672, 1441824, 111776
free, 64, 24.000000, 332608, 1441824, 111712
free, 64, 25.000000, 332544, 1441824, 111648
free, 64, 23.000000, 332480, 1441824, 111584
free, 64, 24.000000, 332416, 1441824, 111520
free, 64, 26.000000, 332352, 1441824, 111456
free, 64, 24.000000, 332288, 1441824, 111392
free, 64, 26.000000, 332224, 1441824, 111328
free, 64, 25.000000, 332160, 1441824, 111264
free, 64, 24.000000, 332096, 1441824, 111200
free, 64, 26.000000, 332032, 1441824, 111136
free, 64, 23.000000, 331968, 1441824, 111072
free, 64, 25.000000, 331904, 1441824, 111008
free, 64, 25.000000, 331840, 1441824, 110944
free, 64, 35.000000, 331776, 1441824, 110880
free, 64, 24.000000, 331712, 1441824, 110816
free, 64, 26.000000, 331648, 1441824, 110752
free, 64, 27.000000, 331584, 1441824, 110688
free, 64, 27.000000, 331520, 1441824, 110624
free, 64, 24.000000, 331456, 1441824, 110560
free, 64, 25.000000, 331392, 1441824, 110496
free, 64, 24.000000, 331328, 1441824, 110432
free, 64, 24.000000, 331264, 1441824, 110368
free, 64, 25.000000, 331200, 1441824, 110304
free, 64, 23.000000, 331136, 1441824, 110240
free, 64, 25.000000, 331072, 1441824, 110176
free, 64, 24.000000, 331008, 1441824, 110112
free, 64, 25.000000, 330944, 1441824, 110048
free, 64, 24.000000, 330880, 1441824, 109984
free, 64, 25.000000, 330816, 1441824, 109920
free, 64, 26.000000, 330752, 1441824, 109856
free, 64, 25.000000, 330688, 1441824, 109792
free, 64, 26.000000, 330624, 1441824, 109728
free, 64, 25.000000, 330560, 1441824, 109664
free, 64, 24.000000, 330496, 1441824, 109600
free, 64, 25.000000, 330432, 1441824, 109536
free, 64, 24.000000, 330368, 1441824, 109472
free, 64, 26.000000, 330304, 1441824, 109408
free, 64, 25.000000, 330240, 1441824, 109344
free, 64, 26.000000, 330176, 1441824, 109280
free, 64, 24.000000, 330112, 1441824, 109216
free, 64, 25.000000, 330048, 1441824, 109152
free, 64, 25.000000, 329984, 1441824, 109088
free, 64, 26.000000, 329920, 1441824, 109024
free, 64, 25.000000, 329856, 1441824, 108960
free, 64, 27.000000, 329792, 1441824, 108896
free, 64, 25.000000, 329728, 1441824, 108832
free, 64, 25.000000, 329664, 1441824, 108768
free, 64, 24.000000, 329600, 1441824, 108704
free, 64, 24.000000, 329536, 1441824, 108640
free, 64, 25.000000, 329472, 1441824, 108576
free, 64, 24.000000, 329408, 1441824, 108512
free, 64, 24.000000, 329344, 1441824, 108448
free, 64, 24.000000, 329280, 1441824, 108384
free, 64, 24.000000, 329216, 1441824, 108320
free, 64, 24.000000, 329152, 1441824, 108256
free, 64, 25.000000, 329088, 1441824, 108192
free, 64, 24.000000, 329024, 1441824, 108128
free, 64, 23.000000, 328960, 1441824, 108064
free, 64, 26.000000, 328896, 1441824, 108000
free, 64, 27.000000, 328832, 1441824, 107936
free, 64, 25.000000, 328768, 1441824, 107872
free, 64, 23.000000, 328704, 1441824, 107808
free, 64, 25.000000, 328640, 1441824, 107744
free, 64, 24.000000, 328576, 1441824, 107680
free, 64, 24.000000, 328512, 1441824, 107616
free, 64, 24.000000, 328448, 1441824, 107552
free, 64, 24.000000, 328384, 1441824, 107488
free, 64, 25.000000, 328320, 1441824, 107424
free, 64, 25.000000, 328256, 1441824, 107360
free, 64, 25.000000, 328192, 1441824, 107296
free, 64, 25.000000, 328128, 1441824, 107232
free, 64, 24.000000, 328064, 1441824, 107168
free, 64, 25.000000, 328000, 1441824, 107104
free, 64, 35.000000, 327936, 1441824, 107040
free, 64, 25.000000, 327872, 1441824, 106976
free, 64, 24.000000, 327808, 1441824, 106912
free, 64, 25.000000, 327744, 1441824, 106848
free, 64, 25.000000, 327680, 1441824, 106784
free, 64, 24.000000, 327616, 1441824, 106720
free, 64, 26.000000, 327552, 1441824, 106656
free, 64, 27.000000, 327488, 1441824, 106592
free, 64, 26.000000, 327424, 1441824, 106528
free, 64, 25.000000, 327360, 1441824, 106464
free, 64, 24.000000, 327296, 1441824, 106400
free, 64, 24.000000, 327232, 1441824, 106336
free, 64, 25.000000, 327168, 1441824, 106272
free, 64, 23.000000, 327104, 1441824, 106208
free, 64, 25.000000, 327040, 1441824, 106144
free, 64, 24.000000, 326976, 1441824, 106080
free, 64, 25.000000, 326912, 1441824, 106016
free, 64, 24.000000, 326848, 1441824, 105952
free, 64, 24.000000, 326784, 1441824, 105888
free, 64, 25.000000, 326720, 1441824, 105824
free, 64, 25.000000, 326656, 1441824, 105760
free, 64, 36.000000, 326592, 1441824, 105696
free, 64, 26.000000, 326528, 1441824, 105632
free, 64, 25.000000, 326464, 1441824, 105568
free, 64, 24.000000, 326400, 1441824, 105504
free, 64, 26.000000, 326336, 1441824, 105440
free, 64, 22.000000, 326272, 1441824, 105376
free, 64, 26.000000, 326208, 1441824, 105312
free, 64, 27.000000, 326144, 1441824, 105248
free, 64, 24.000000, 326080, 1441824, 105184
free, 64, 25.000000, 326016, 1441824, 105120
free, 64, 26.000000, 325952, 1441824, 105056
free, 64, 24.000000, 325888, 1441824, 104992
free, 64, 22.000000, 325824, 1441824, 104928
free, 64, 24.000000, 325760, 1441824, 104864
free, 64, 22.000000, 325696, 1441824, 104800
free, 64, 23.000000, 325632, 1441824, 104736
free, 64, 25.000000, 325568, 1441824, 104672
free, 64, 25.000000, 325504, 1441824, 104608
free, 64, 24.000000, 325440, 1441824, 104544
free, 64, 26.000000, 325376, 1441824, 104480
free, 64, 25.000000, 325312, 1441824, 104416
free, 64, 24.000000, 325248, 1441824, 104352
free, 64, 24.000000, 325184, 1441824, 104288
free, 64, 23.000000, 325120, 1441824, 104224
free, 64, 26.000000, 325056, 1441824, 104160
free, 64, 24.000000, 324992, 1441824, 104096
free, 64, 37.000000, 324928, 1441824, 104032
free, 64, 27.000000, 324864, 1441824, 103968
free, 64, 26.000000, 324800, 1441824, 103904
free, 64, 25.000000, 324736, 1441824, 103840
free, 64, 35.000000, 324672, 1441824, 103776
free, 64, 25.000000, 324608, 1441824, 103712
free, 64, 26.000000, 324544, 1441824, 103648
free, 64, 24.000000, 324480, 1441824, 103584
free, 64, 24.000000, 324416, 1441824, 103520
free, 64, 24.000000, 324352, 1441824, 103456
free, 64, 24.000000, 324288, 1441824, 103392
free, 64, 23.000000, 324224, 1441824, 103328
free, 64, 25.000000, 324160, 1441824, 103264
free, 64, 24.000000, 324096, 1441824, 103200
free, 64, 24.000000, 324032, 1441824, 103136
free, 64, 25.000000, 323968, 1441824, 103072
free, 64, 26.000000, 323904, 1441824, 103008
free, 64, 23.000000, 323840, 1441824, 102944
free, 64, 24.000000, 323776, 1441824, 102880
free, 64, 24.000000, 323712, 1441824, 102816
free, 64, 25.000000, 323648, 1441824, 102752
free, 64, 23.000000, 323584, 1441824, 102688
free, 64, 25.000000, 323520, 1441824, 102624
free, 64, 26.000000, 323456, 1441824, 102560
free, 64, 25.000000, 323392, 1441824, 102496
free, 64, 23.000000, 323328, 1441824, 102432
free, 64, 26.000000, 323264, 1441824, 102368
free, 64, 25.000000, 323200, 1441824, 102304
free, 64, 22.000000, 323136, 1441824, 102240
free, 64, 25.000000, 323072, 1441824, 102176
free, 64, 33.000000, 323008, 1441824, 102112
free, 64, 25.000000, 322944, 1441824, 102048
free, 64, 25.000000, 322880, 1441824, 101984
free, 64, 23.000000, 322816, 1441824, 101920
free, 64, 25.000000, 322752, 1441824, 101856
free, 64, 24.000000, 322688, 1441824, 101792
free, 64, 24.000000, 322624, 1441824, 101728
free, 64, 25.000000, 322560, 1441824, 101664
free, 64, 25.000000, 322496, 1441824, 101600
free, 64, 24.000000, 322432, 1441824, 101536
free, 64, 25.000000, 322368, 1441824, 101472
free, 64, 25.000000, 322304, 1441824, 101408
free, 64, 33.000000, 322240, 1441824, 101344
free, 64, 26.000000, 322176, 1441824, 101280
free, 64, 31.000000, 322112, 1441824, 101216
free, 64, 24.000000, 322048, 1441824, 101152
free, 64, 24.000000, 321984, 1441824, 101088
free, 64, 23.000000, 321920, 1441824, 101024
free, 64, 25.000000, 321856, 1441824, 100960
free, 64, 24.000000, 321792, 1441824, 100896
free, 64, 24.000000, 321728, 1441824, 100832
free, 64, 25.000000, 321664, 1441824, 100768
free, 64, 24.000000, 321600, 1441824, 100704
free, 64, 24.000000, 321536, 1441824, 100640
free, 64, 24.000000, 321472, 1441824, 100576
free, 64, 25.000000, 321408, 1441824, 100512
free, 64, 24.000000, 321344, 1441824, 100448
free, 64, 24.000000, 321280, 1441824, 100384
free, 64, 25.000000, 321216, 1441824, 100320
free, 64, 25.000000, 321152, 1441824, 100256
free, 64, 25.000000, 321088, 1441824, 100192
free, 64, 25.000000, 321024, 1441824, 100128
free, 64, 24.000000, 320960, 1441824, 100064
free, 64, 26.000000, 320896, 1441824, 100000
free, 64, 27.000000, 320832, 1441824, 99936
free, 64, 31.000000, 320768, 1441824, 99872
free, 64, 25.000000, 320704, 1441824, 99808
free, 64, 26.000000, 320640, 1441824, 99744
free, 64, 23.000000, 320576, 1441824, 99680
free, 64, 26.000000, 320512, 1441824, 99616
free, 64, 26.000000, 320448, 1441824, 99552
free, 64, 25.000000, 320384, 1441824, 99488
free, 64, 25.000000, 320320, 1441824, 99424
free, 64, 25.000000, 320256, 1441824, 99360
free, 64, 24.000000, 320192, 1441824, 99296
free, 64, 24.000000, 320128, 1441824, 99232
free, 64, 24.000000, 320064, 1441824, 99168
free, 64, 24.000000, 320000, 1441824, 99104
free, 64, 26.000000, 319936, 1441824, 99040
free, 64, 24.000000, 319872, 1441824, 98976
free, 64, 25.000000, 319808, 1441824, 98912
free, 64, 24.000000, 319744, 1441824, 98848
free, 64, 24.000000, 319680, 1441824, 98784
free, 64, 25.000000, 319616, 1441824, 98720
free, 64, 25.000000, 319552, 1441824, 98656
free, 64, 25.000000, 319488, 1441824, 98592
free, 64, 30.000000, 319424, 1441824, 98528
free, 64, 25.000000, 319360, 1441824, 98464
free, 64, 23.000000, 319296, 1441824, 98400
free, 64, 23.000000, 319232, 1441824, 98336
free, 64, 24.000000, 319168, 1441824, 98272
free, 64, 24.000000, 319104, 1441824, 98208
free, 64, 25.000000, 319040, 1441824, 98144
free, 64, 24.000000, 318976, 1441824, 98080
free, 64, 24.000000, 318912, 1441824, 98016
free, 64, 24.000000, 318848, 1441824, 97952
free, 64, 26.000000, 318784, 1441824, 97888
free, 64, 26.000000, 318720, 1441824, 97824
free, 64, 25.000000, 318656, 1441824, 97760
free, 64, 26.000000, 318592, 1441824, 97696
free, 64, 25.000000, 318528, 1441824, 97632
free, 64, 25.000000, 318464, 1441824, 97568
free, 64, 25.000000, 318400, 1441824, 97504
free, 64, 25.000000, 318336, 1441824, 97440
free, 64, 24.000000, 318272, 1441824, 97376
free, 64, 24.000000, 318208, 1441824, 97312
free, 64, 27.000000, 318144, 1441824, 97248
free, 64, 35.000000, 318080, 1441824, 97184
free, 64, 25.000000, 318016, 1441824, 97120
free, 64, 25.000000, 317952, 1441824, 97056
free, 64, 23.000000, 317888, 1441824, 96992
free, 64, 24.000000, 317824, 1441824, 96928
free, 64, 25.000000, 317760, 1441824, 96864
free, 64, 24.000000, 317696, 1441824, 96800
free, 64, 25.000000, 317632, 1441824, 96736
free, 64, 25.000000, 317568, 1441824, 96672
free, 64, 25.000000, 317504, 1441824, 96608
free, 64, 25.000000, 317440, 1441824, 96544
free, 64, 25.000000, 317376, 1441824, 96480
free, 64, 24.000000, 317312, 1441824, 96416
free, 64, 24.000000, 317248, 1441824, 96352
free, 64, 24.000000, 317184, 1441824, 96288
free, 64, 24.000000, 317120, 1441824, 96224
free, 64, 24.000000, 317056, 1441824, 96160
free, 64, 25.000000, 316992, 1441824, 96096
free, 64, 24.000000, 316928, 1441824, 96032
free, 64, 25.000000, 316864, 1441824, 95968
free, 64, 25.000000, 316800, 1441824, 95904
free, 64, 34.000000, 316736, 1441824, 95840
free, 64, 22.000000, 316672, 1441824, 95776
free, 64, 24.000000, 316608, 1441824, 95712
free, 64, 25.000000, 316544, 1441824, 95648
free, 64, 24.000000, 316480, 1441824, 95584
free, 64, 24.000000, 316416, 1441824, 95520
free, 64, 23.000000, 316352, 1441824, 95456
free, 64, 25.000000, 316288, 1441824, 95392
free, 64, 24.000000, 316224, 1441824, 95328
free, 64, 25.000000, 316160, 1441824, 95264
free, 64, 24.000000, 316096, 1441824, 95200
free, 64, 25.000000, 316032, 1441824, 95136
free, 64, 24.000000, 315968, 1441824, 95072
free, 64, 24.000000, 315904, 1441824, 95008
free, 64, 25.000000, 315840, 1441824, 94944
free, 64, 36.000000, 315776, 1441824, 94880
free, 64, 26.000000, 315712, 1441824, 94816
free, 64, 25.000000, 315648, 1441824, 94752
free, 64, 25.000000, 315584, 1441824, 94688
free, 64, 25.000000, 315520, 1441824, 94624
free, 64, 26.000000, 315456, 1441824, 94560
free, 64, 32.000000, 315392, 1441824, 94496
free, 64, 25.000000, 315328, 1441824, 94432
free, 64, 23.000000, 315264, 1441824, 94368
free, 64, 25.000000, 315200, 1441824, 94304
free, 64, 24.000000, 315136, 1441824, 94240
free, 64, 25.000000, 315072, 1441824, 94176
free, 64, 24.000000, 315008, 1441824, 94112
free, 64, 25.000000, 314944, 1441824, 94048
free, 64, 26.000000, 314880, 1441824, 93984
free, 64, 25.000000, 314816, 1441824, 93920
free, 64, 24.000000, 314752, 1441824, 93856
free, 64, 24.000000, 314688, 1441824, 93792
free, 64, 25.000000, 314624, 1441824, 93728
free, 64, 23.000000, 314560, 1441824, 93664
free, 64, 24.000000, 314496, 1441824, 93600
free, 64, 24.000000, 314432, 1441824, 93536
free, 64, 24.000000, 314368, 1441824, 93472
free, 64, 24.000000, 314304, 1441824, 93408
free, 64, 24.000000, 314240, 1441824, 93344
free, 64, 24.000000, 314176, 1441824, 93280
free, 64, 26.000000, 314112, 1441824, 93216
free, 64, 29.000000, 314048, 1441824, 93152
free, 64, 24.000000, 313984, 1441824, 93088
free, 64, 26.000000, 313920, 1441824, 93024
free, 64, 25.000000, 313856, 1441824, 92960
free, 64, 24.000000, 313792, 1441824, 92896
free, 64, 24.000000, 313728, 1441824, 92832
free, 64, 25.000000, 313664, 1441824, 92768
free, 64, 25.000000, 313600, 1441824, 92704
free, 64, 24.000000, 313536, 1441824, 92640
free, 64, 26.000000, 313472, 1441824, 92576
free, 64, 26.000000, 313408, 1441824, 92512
free, 64, 25.000000, 313344, 1441824, 92448
free, 64, 25.000000, 313280, 1441824, 92384
free, 64, 26.000000, 313216, 1441824, 92320
free, 64, 25.000000, 313152, 1441824, 92256
free, 64, 24.000000, 313088, 1441824, 92192
free, 64, 25.000000, 313024, 1441824, 92128
free, 64, 24.000000, 312960, 1441824, 92064
free, 64, 24.000000, 312896, 1441824, 92000
free, 64, 24.000000, 312832, 1441824, 91936
free, 64, 27.000000, 312768, 1441824, 91872
free, 64, 40.000000, 312704, 1441824, 91808
free, 64, 24.000000, 312640, 1441824, 91744
free, 64, 26.000000, 312576, 1441824, 91680
free, 64, 24.000000, 312512, 1441824, 91616
free, 64, 24.000000, 312448, 1441824, 91552
free, 64, 24.000000, 312384, 1441824, 91488
free, 64, 25.000000, 312320, 1441824, 91424
free, 64, 25.000000, 312256, 1441824, 91360
free, 64, 25.000000, 312192, 1441824, 91296
free, 64, 25.000000, 312128, 1441824, 91232
free, 64, 26.000000, 312064, 1441824, 91168
free, 64, 26.000000, 312000, 1441824, 91104
free, 64, 25.000000, 311936, 1441824, 91040
free, 64, 26.000000, 311872, 1441824, 90976
free, 64, 25.000000, 311808, 1441824, 90912
free, 64, 24.000000, 311744, 1441824, 90848
free, 64, 24.000000, 311680, 1441824, 90784
free, 64, 25.000000, 311616, 1441824, 90720
free, 64, 24.000000, 311552, 1441824, 90656
free, 64, 26.000000, 311488, 1441824, 90592
free, 64, 30.000000, 311424, 1441824, 90528
free, 64, 26.000000, 311360, 1441824, 90464
free, 64, 25.000000, 311296, 1441824, 90400
free, 64, 24.000000, 311232, 1441824, 90336
free, 64, 24.000000, 311168, 1441824, 90272
free, 64, 24.000000, 311104, 1441824, 90208
free, 64, 24.000000, 311040, 1441824, 90144
free, 64, 24.000000, 310976, 1441824, 90080
free, 64, 24.000000, 310912, 1441824, 90016
free, 64, 24.000000, 310848, 1441824, 89952
free, 64, 25.000000, 310784, 1441824, 89888
free, 64, 25.000000, 310720, 1441824, 89824
free, 64, 25.000000, 310656, 1441824, 89760
free, 64, 25.000000, 310592, 1441824, 89696
free, 64, 25.000000, 310528, 1441824, 89632
free, 64, 25.000000, 310464, 1441824, 89568
free, 64, 25.000000, 310400, 1441824, 89504
free, 64, 25.000000, 310336, 1441824, 89440
free, 64, 24.000000, 310272, 1441824, 89376
free, 64, 25.000000, 310208, 1441824, 89312
free, 64, 24.000000, 310144, 1441824, 89248
free, 64, 27.000000, 310080, 1441824, 89184
free, 64, 27.000000, 310016, 1441824, 89120
free, 64, 24.000000, 309952, 1441824, 89056
free, 64, 25.000000, 309888, 1441824, 88992
free, 64, 26.000000, 309824, 1441824, 88928
free, 64, 24.000000, 309760, 1441824, 88864
free, 64, 25.000000, 309696, 1441824, 88800
free, 64, 24.000000, 309632, 1441824, 88736
free, 64, 25.000000, 309568, 1441824, 88672
free, 64, 24.000000, 309504, 1441824, 88608
free, 64, 25.000000, 309440, 1441824, 88544
free, 64, 24.000000, 309376, 1441824, 88480
free, 64, 25.000000, 309312, 1441824, 88416
free, 64, 25.000000, 309248, 1441824, 88352
free, 64, 25.000000, 309184, 1441824, 88288
free, 64, 26.000000, 309120, 1441824, 88224
free, 64, 24.000000, 309056, 1441824, 88160
free, 64, 25.000000, 308992, 1441824, 88096
free, 64, 25.000000, 308928, 1441824, 88032
free, 64, 25.000000, 308864, 1441824, 87968
free, 64, 25.000000, 308800, 1441824, 87904
free, 64, 25.000000, 308736, 1441824, 87840
free, 64, 25.000000, 308672, 1441824, 87776
free, 64, 25.000000, 308608, 1441824, 87712
free, 64, 24.000000, 308544, 1441824, 87648
free, 64, 24.000000, 308480, 1441824, 87584
free, 64, 25.000000, 308416, 1441824, 87520
free, 64, 26.000000, 308352, 1441824, 87456
free, 64, 25.000000, 308288, 1441824, 87392
free, 64, 26.000000, 308224, 1441824, 87328
free, 64, 24.000000, 308160, 1441824, 87264
free, 64, 26.000000, 308096, 1441824, 87200
free, 64, 24.000000, 308032, 1441824, 87136
free, 64, 25.000000, 307968, 1441824, 87072
free, 64, 26.000000, 307904, 1441824, 87008
free, 64, 25.000000, 307840, 1441824, 86944
free, 64, 24.000000, 307776, 1441824, 86880
free, 64, 24.000000, 307712, 1441824, 86816
free, 64, 25.000000, 307648, 1441824, 86752
free, 64, 24.000000, 307584, 1441824, 86688
free, 64, 24.000000, 307520, 1441824, 86624
free, 64, 24.000000, 307456, 1441824, 86560
free, 64, 27.000000, 307392, 1441824, 86496
free, 64, 27.000000, 307328, 1441824, 86432
free, 64, 24.000000, 307264, 1441824, 86368
free, 64, 24.000000, 307200, 1441824, 86304
free, 64, 25.000000, 307136, 1441824, 86240
free, 64, 25.000000, 307072, 1441824, 86176
free, 64, 26.000000, 307008, 1441824, 86112
free, 64, 26.000000, 306944, 1441824, 86048
free, 64, 24.000000, 306880, 1441824, 85984
free, 64, 25.000000, 306816, 1441824, 85920
free, 64, 25.000000, 306752, 1441824, 85856
free, 64, 25.000000, 306688, 1441824, 85792
free, 64, 25.000000, 306624, 1441824, 85728
free, 64, 25.000000, 306560, 1441824, 85664
free, 64, 24.000000, 306496, 1441824, 85600
free, 64, 24.000000, 306432, 1441824, 85536
free, 64, 24.000000, 306368, 1441824, 85472
free, 64, 23.000000, 306304, 1441824, 85408
free, 64, 25.000000, 306240, 1441824, 85344
free, 64, 24.000000, 306176, 1441824, 85280
free, 64, 25.000000, 306112, 1441824, 85216
free, 64, 26.000000, 306048, 1441824, 85152
free, 64, 27.000000, 305984, 1441824, 85088
free, 64, 23.000000, 305920, 1441824, 85024
free, 64, 24.000000, 305856, 1441824, 84960
free, 64, 25.000000, 305792, 1441824, 84896
free, 64, 25.000000, 305728, 1441824, 84832
free, 64, 25.000000, 305664, 1441824, 84768
free, 64, 34.000000, 305600, 1441824, 84704
free, 64, 25.000000, 305536, 1441824, 84640
free, 64, 34.000000, 305472, 1441824, 84576
free, 64, 34.000000, 305408, 1441824, 84512
free, 64, 26.000000, 305344, 1441824, 84448
free, 64, 24.000000, 305280, 1441824, 84384
free, 64, 24.000000, 305216, 1441824, 84320
free, 64, 25.000000, 305152, 1441824, 84256
free, 64, 25.000000, 305088, 1441824, 84192
free, 64, 24.000000, 305024, 1441824, 84128
free, 64, 24.000000, 304960, 1441824, 84064
free, 64, 25.000000, 304896, 1441824, 84000
free, 64, 25.000000, 304832, 1441824, 83936
free, 64, 24.000000, 304768, 1441824, 83872
free, 64, 26.000000, 304704, 1441824, 83808
free, 64, 27.000000, 304640, 1441824, 83744
free, 64, 25.000000, 304576, 1441824, 83680
free, 64, 26.000000, 304512, 1441824, 83616
free, 64, 25.000000, 304448, 1441824, 83552
free, 64, 25.000000, 304384, 1441824, 83488
free, 64, 24.000000, 304320, 1441824, 83424
free, 64, 25.000000, 304256, 1441824, 83360
free, 64, 24.000000, 304192, 1441824, 83296
free, 64, 25.000000, 304128, 1441824, 83232
free, 64, 25.000000, 304064, 1441824, 83168
free, 64, 25.000000, 304000, 1441824, 83104
free, 64, 25.000000, 303936, 1441824, 83040
free, 64, 26.000000, 303872, 1441824, 82976
free, 64, 24.000000, 303808, 1441824, 82912
free, 64, 25.000000, 303744, 1441824, 82848
free, 64, 25.000000, 303680, 1441824, 82784
free, 64, 24.000000, 303616, 1441824, 82720
free, 64, 25.000000, 303552, 1441824, 82656
free, 64, 24.000000, 303488, 1441824, 82592
free, 64, 24.000000, 303424, 1441824, 82528
free, 64, 26.000000, 303360, 1441824, 82464
free, 64, 27.000000, 303296, 1441824, 82400
free, 64, 25.000000, 303232, 1441824, 82336
free, 64, 26.000000, 303168, 1441824, 82272
free, 64, 24.000000, 303104, 1441824, 82208
free, 64, 25.000000, 303040, 1441824, 82144
free, 64, 24.000000, 302976, 1441824, 82080
free, 64, 34.000000, 302912, 1441824, 82016
free, 64, 26.000000, 302848, 1441824, 81952
free, 64, 25.000000, 302784, 1441824, 81888
free, 64, 24.000000, 302720, 1441824, 81824
free, 64, 26.000000, 302656, 1441824, 81760
free, 64, 24.000000, 302592, 1441824, 81696
free, 64, 24.000000, 302528, 1441824, 81632
free, 64, 25.000000, 302464, 1441824, 81568
free, 64, 24.000000, 302400, 1441824, 81504
free, 64, 25.000000, 302336, 1441824, 81440
free, 64, 25.000000, 302272, 1441824, 81376
free, 64, 24.000000, 302208, 1441824, 81312
free, 64, 26.000000, 302144, 1441824, 81248
free, 64, 24.000000, 302080, 1441824, 81184
free, 64, 26.000000, 302016, 1441824, 81120
free, 64, 27.000000, 301952, 1441824, 81056
free, 64, 25.000000, 301888, 1441824, 80992
free, 64, 25.000000, 301824, 1441824, 80928
free, 64, 24.000000, 301760, 1441824, 80864
free, 64, 24.000000, 301696, 1441824, 80800
free, 64, 25.000000, 301632, 1441824, 80736
free, 64, 24.000000, 301568, 1441824, 80672
free, 64, 25.000000, 301504, 1441824, 80608
free, 64, 24.000000, 301440, 1441824, 80544
free, 64, 26.000000, 301376, 1441824, 80480
free, 64, 25.000000, 301312, 1441824, 80416
free, 64, 25.000000, 301248, 1441824, 80352
free, 64, 24.000000, 301184, 1441824, 80288
free, 64, 25.000000, 301120, 1441824, 80224
free, 64, 25.000000, 301056, 1441824, 80160
free, 64, 25.000000, 300992, 1441824, 80096
free, 64, 25.000000, 300928, 1441824, 80032
free, 64, 24.000000, 300864, 1441824, 79968
free, 64, 24.000000, 300800, 1441824, 79904
free, 64, 24.000000, 300736, 1441824, 79840
free, 64, 27.000000, 300672, 1441824, 79776
free, 64, 26.000000, 300608, 1441824, 79712
free, 64, 25.000000, 300544, 1441824, 79648
free, 64, 25.000000, 300480, 1441824, 79584
free, 64, 24.000000, 300416, 1441824, 79520
free, 64, 26.000000, 300352, 1441824, 79456
free, 64, 25.000000, 300288, 1441824, 79392
free, 64, 25.000000, 300224, 1441824, 79328
free, 64, 25.000000, 300160, 1441824, 79264
free, 64, 25.000000, 300096, 1441824, 79200
free, 64, 26.000000, 300032, 1441824, 79136
free, 64, 25.000000, 299968, 1441824, 79072
free, 64, 25.000000, 299904, 1441824, 79008
free, 64, 24.000000, 299840, 1441824, 78944
free, 64, 24.000000, 299776, 1441824, 78880
free, 64, 24.000000, 299712, 1441824, 78816
free, 64, 24.000000, 299648, 1441824, 78752
free, 64, 24.000000, 299584, 1441824, 78688
free, 64, 24.000000, 299520, 1441824, 78624
free, 64, 29.000000, 299456, 1441824, 78560
free, 64, 25.000000, 299392, 1441824, 78496
free, 64, 26.000000, 299328, 1441824, 78432
free, 64, 26.000000, 299264, 1441824, 78368
free, 64, 25.000000, 299200, 1441824, 78304
free, 64, 24.000000, 299136, 1441824, 78240
free, 64, 24.000000, 299072, 1441824, 78176
free, 64, 24.000000, 299008, 1441824, 78112
free, 64, 24.000000, 298944, 1441824, 78048
free, 64, 24.000000, 298880, 1441824, 77984
free, 64, 25.000000, 298816, 1441824, 77920
free, 64, 25.000000, 298752, 1441824, 77856
free, 64, 25.000000, 298688, 1441824, 77792
free, 64, 25.000000, 298624, 1441824, 77728
free, 64, 25.000000, 298560, 1441824, 77664
free, 64, 25.000000, 298496, 1441824, 77600
free, 64, 24.000000, 298432, 1441824, 77536
free, 64, 25.000000, 298368, 1441824, 77472
free, 64, 24.000000, 298304, 1441824, 77408
free, 64, 24.000000, 298240, 1441824, 77344
free, 64, 25.000000, 298176, 1441824, 77280
free, 64, 25.000000, 298112, 1441824, 77216
free, 64, 25.000000, 298048, 1441824, 77152
free, 64, 25.000000, 297984, 1441824, 77088
free, 64, 27.000000, 297920, 1441824, 77024
free, 64, 24.000000, 297856, 1441824, 76960
free, 64, 34.000000, 297792, 1441824, 76896
free, 64, 25.000000, 297728, 1441824, 76832
free, 64, 26.000000, 297664, 1441824, 76768
free, 64, 24.000000, 297600, 1441824, 76704
free, 64, 24.000000, 297536, 1441824, 76640
free, 64, 24.000000, 297472, 1441824, 76576
free, 64, 24.000000, 297408, 1441824, 76512
free, 64, 23.000000, 297344, 1441824, 76448
free, 64, 26.000000, 297280, 1441824, 76384
free, 64, 24.000000, 297216, 1441824, 76320
free, 64, 25.000000, 297152, 1441824, 76256
free, 64, 24.000000, 297088, 1441824, 76192
free, 64, 26.000000, 297024, 1441824, 76128
free, 64, 24.000000, 296960, 1441824, 76064
free, 64, 25.000000, 296896, 1441824, 76000
free, 64, 25.000000, 296832, 1441824, 75936
free, 64, 24.000000, 296768, 1441824, 75872
free, 64, 26.000000, 296704, 1441824, 75808
free, 64, 25.000000, 296640, 1441824, 75744
free, 64, 26.000000, 296576, 1441824, 75680
free, 64, 26.000000, 296512, 1441824, 75616
free, 64, 25.000000, 296448, 1441824, 75552
free, 64, 25.000000, 296384, 1441824, 75488
free, 64, 25.000000, 296320, 1441824, 75424
free, 64, 24.000000, 296256, 1441824, 75360
free, 64, 24.000000, 296192, 1441824, 75296
free, 64, 24.000000, 296128, 1441824, 75232
free, 64, 24.000000, 296064, 1441824, 75168
free, 64, 25.000000, 296000, 1441824, 75104
free, 64, 25.000000, 295936, 1441824, 75040
free, 64, 24.000000, 295872, 1441824, 74976
free, 64, 24.000000, 295808, 1441824, 74912
free, 64, 23.000000, 295744, 1441824, 74848
free, 64, 24.000000, 295680, 1441824, 74784
free, 64, 23.000000, 295616, 1441824, 74720
free, 64, 35.000000, 295552, 1441824, 74656
free, 64, 35.000000, 295488, 1441824, 74592
free, 64, 26.000000, 295424, 1441824, 74528
free, 64, 35.000000, 295360, 1441824, 74464
free, 64, 27.000000, 295296, 1441824, 74400
free, 64, 27.000000, 295232, 1441824, 74336
free, 64, 24.000000, 295168, 1441824, 74272
free, 64, 24.000000, 295104, 1441824, 74208
free, 64, 25.000000, 295040, 1441824, 74144
free, 64, 24.000000, 294976, 1441824, 74080
free, 64, 26.000000, 294912, 1441824, 74016
free, 64, 24.000000, 294848, 1441824, 73952
free, 64, 24.000000, 294784, 1441824, 73888
free, 64, 25.000000, 294720, 1441824, 73824
free, 64, 25.000000, 294656, 1441824, 73760
free, 64, 25.000000, 294592, 1441824, 73696
free, 64, 24.000000, 294528, 1441824, 73632
free, 64, 25.000000, 294464, 1441824, 73568
free, 64, 24.000000, 294400, 1441824, 73504
free, 64, 26.000000, 294336, 1441824, 73440
free, 64, 25.000000, 294272, 1441824, 73376
free, 64, 25.000000, 294208, 1441824, 73312
free, 64, 24.000000, 294144, 1441824, 73248
free, 64, 24.000000, 294080, 1441824, 73184
free, 64, 24.000000, 294016, 1441824, 73120
free, 64, 26.000000, 293952, 1441824, 73056
free, 64, 26.000000, 293888, 1441824, 72992
free, 64, 25.000000, 293824, 1441824, 72928
free, 64, 24.000000, 293760, 1441824, 72864
free, 64, 25.000000, 293696, 1441824, 72800
free, 64, 24.000000, 293632, 1441824, 72736
free, 64, 23.000000, 293568, 1441824, 72672
free, 64, 24.000000, 293504, 1441824, 72608
free, 64, 25.000000, 293440, 1441824, 72544
free, 64, 24.000000, 293376, 1441824, 72480
free, 64, 24.000000, 293312, 1441824, 72416
free, 64, 25.000000, 293248, 1441824, 72352
free, 64, 25.000000, 293184, 1441824, 72288
free, 64, 25.000000, 293120, 1441824, 72224
free, 64, 25.000000, 293056, 1441824, 72160
free, 64, 25.000000, 292992, 1441824, 72096
free, 64, 25.000000, 292928, 1441824, 72032
free, 64, 26.000000, 292864, 1441824, 71968
free, 64, 24.000000, 292800, 1441824, 71904
free, 64, 23.000000, 292736, 1441824, 71840
free, 64, 24.000000, 292672, 1441824, 71776
free, 64, 27.000000, 292608, 1441824, 71712
free, 64, 26.000000, 292544, 1441824, 71648
free, 64, 25.000000, 292480, 1441824, 71584
free, 64, 24.000000, 292416, 1441824, 71520
free, 64, 26.000000, 292352, 1441824, 71456
free, 64, 25.000000, 292288, 1441824, 71392
free, 64, 24.000000, 292224, 1441824, 71328
free, 64, 24.000000, 292160, 1441824, 71264
free, 64, 24.000000, 292096, 1441824, 71200
free, 64, 24.000000, 292032, 1441824, 71136
free, 64, 25.000000, 291968, 1441824, 71072
free, 64, 24.000000, 291904, 1441824, 71008
free, 64, 25.000000, 291840, 1441824, 70944
free, 64, 24.000000, 291776, 1441824, 70880
free, 64, 23.000000, 291712, 1441824, 70816
free, 64, 23.000000, 291648, 1441824, 70752
free, 64, 35.000000, 291584, 1441824, 70688
free, 64, 35.000000, 291520, 1441824, 70624
free, 64, 25.000000, 291456, 1441824, 70560
free, 64, 24.000000, 291392, 1441824, 70496
free, 64, 24.000000, 291328, 1441824, 70432
free, 64, 26.000000, 291264, 1441824, 70368
free, 64, 28.000000, 291200, 1441824, 70304
free, 64, 26.000000, 291136, 1441824, 70240
free, 64, 24.000000, 291072, 1441824, 70176
free, 64, 24.000000, 291008, 1441824, 70112
free, 64, 25.000000, 290944, 1441824, 70048
free, 64, 24.000000, 290880, 1441824, 69984
free, 64, 25.000000, 290816, 1441824, 69920
free, 64, 26.000000, 290752, 1441824, 69856
free, 64, 24.000000, 290688, 1441824, 69792
free, 64, 24.000000, 290624, 1441824, 69728
free, 64, 25.000000, 290560, 1441824, 69664
free, 64, 24.000000, 290496, 1441824, 69600
free, 64, 24.000000, 290432, 1441824, 69536
free, 64, 25.000000, 290368, 1441824, 69472
free, 64, 25.000000, 290304, 1441824, 69408
free, 64, 25.000000, 290240, 1441824, 69344
free, 64, 25.000000, 290176, 1441824, 69280
free, 64, 24.000000, 290112, 1441824, 69216
free, 64, 25.000000, 290048, 1441824, 69152
free, 64, 26.000000, 289984, 1441824, 69088
free, 64, 25.000000, 289920, 1441824, 69024
free, 64, 27.000000, 289856, 1441824, 68960
free, 64, 24.000000, 289792, 1441824, 68896
free, 64, 26.000000, 289728, 1441824, 68832
free, 64, 24.000000, 289664, 1441824, 68768
free, 64, 24.000000, 289600, 1441824, 68704
free, 64, 25.000000, 289536, 1441824, 68640
free, 64, 26.000000, 289472, 1441824, 68576
free, 64, 25.000000, 289408, 1441824, 68512
free, 64, 35.000000, 289344, 1441824, 68448
free, 64, 26.000000, 289280, 1441824, 68384
free, 64, 25.000000, 289216, 1441824, 68320
free, 64, 24.000000, 289152, 1441824, 68256
free, 64, 25.000000, 289088, 1441824, 68192
free, 64, 25.000000, 289024, 1441824, 68128
free, 64, 24.000000, 288960, 1441824, 68064
free, 64, 26.000000, 288896, 1441824, 68000
free, 64, 25.000000, 288832, 1441824, 67936
free, 64, 24.000000, 288768, 1441824, 67872
free, 64, 25.000000, 288704, 1441824, 67808
free, 64, 24.000000, 288640, 1441824, 67744
free, 64, 28.000000, 288576, 1441824, 67680
free, 64, 27.000000, 288512, 1441824, 67616
free, 64, 25.000000, 288448, 1441824, 67552
free, 64, 24.000000, 288384, 1441824, 67488
free, 64, 26.000000, 288320, 1441824, 67424
free, 64, 25.000000, 288256, 1441824, 67360
free, 64, 24.000000, 288192, 1441824, 67296
free, 64, 24.000000, 288128, 1441824, 67232
free, 64, 25.000000, 288064, 1441824, 67168
free, 64, 24.000000, 288000, 1441824, 67104
free, 64, 25.000000, 287936, 1441824, 67040
free, 64, 24.000000, 287872, 1441824, 66976
free, 64, 24.000000, 287808, 1441824, 66912
free, 64, 24.000000, 287744, 1441824, 66848
free, 64, 25.000000, 287680, 1441824, 66784
free, 64, 25.000000, 287616, 1441824, 66720
free, 64, 27.000000, 287552, 1441824, 66656
free, 64, 24.000000, 287488, 1441824, 66592
free, 64, 24.000000, 287424, 1441824, 66528
free, 64, 29.000000, 287360, 1441824, 66464
free, 64, 39.000000, 287296, 1441824, 66400
free, 64, 32.000000, 287232, 1441824, 66336
free, 64, 26.000000, 287168, 1441824, 66272
free, 64, 24.000000, 287104, 1441824, 66208
free, 64, 24.000000, 287040, 1441824, 66144
free, 64, 23.000000, 286976, 1441824, 66080
free, 64, 24.000000, 286912, 1441824, 66016
free, 64, 23.000000, 286848, 1441824, 65952
free, 64, 23.000000, 286784, 1441824, 65888
free, 64, 25.000000, 286720, 1441824, 65824
free, 64, 24.000000, 286656, 1441824, 65760
free, 64, 25.000000, 286592, 1441824, 65696
free, 64, 25.000000, 286528, 1441824, 65632
free, 64, 24.000000, 286464, 1441824, 65568
free, 64, 25.000000, 286400, 1441824, 65504
free, 64, 25.000000, 286336, 1441824, 65440
free, 64, 25.000000, 286272, 1441824, 65376
free, 64, 23.000000, 286208, 1441824, 65312
free, 64, 24.000000, 286144, 1441824, 65248
free, 64, 24.000000, 286080, 1441824, 65184
free, 64, 25.000000, 286016, 1441824, 65120
free, 64, 26.000000, 285952, 1441824, 65056
free, 64, 27.000000, 285888, 1441824, 64992
free, 64, 27.000000, 285824, 1441824, 64928
free, 64, 24.000000, 285760, 1441824, 64864
free, 64, 35.000000, 285696, 1441824, 64800
free, 64, 24.000000, 285632, 1441824, 64736
free, 64, 24.000000, 285568, 1441824, 64672
free, 64, 25.000000, 285504, 1441824, 64608
free, 64, 25.000000, 285440, 1441824, 64544
free, 64, 24.000000, 285376, 1441824, 64480
free, 64, 26.000000, 285312, 1441824, 64416
free, 64, 24.000000, 285248, 1441824, 64352
free, 64, 24.000000, 285184, 1441824, 64288
free, 64, 25.000000, 285120, 1441824, 64224
free, 64, 23.000000, 285056, 1441824, 64160
free, 64, 24.000000, 284992, 1441824, 64096
free, 64, 25.000000, 284928, 1441824, 64032
free, 64, 26.000000, 284864, 1441824, 63968
free, 64, 25.000000, 284800, 1441824, 63904
free, 64, 24.000000, 284736, 1441824, 63840
free, 64, 25.000000, 284672, 1441824, 63776
free, 64, 25.000000, 284608, 1441824, 63712
free, 64, 25.000000, 284544, 1441824, 63648
free, 64, 37.000000, 284480, 1441824, 63584
free, 64, 24.000000, 284416, 1441824, 63520
free, 64, 25.000000, 284352, 1441824, 63456
free, 64, 25.000000, 284288, 1441824, 63392
free, 64, 24.000000, 284224, 1441824, 63328
free, 64, 24.000000, 284160, 1441824, 63264
free, 64, 25.000000, 284096, 1441824, 63200
free, 64, 25.000000, 284032, 1441824, 63136
free, 64, 24.000000, 283968, 1441824, 63072
free, 64, 25.000000, 283904, 1441824, 63008
free, 64, 24.000000, 283840, 1441824, 62944
free, 64, 26.000000, 283776, 1441824, 62880
free, 64, 25.000000, 283712, 1441824, 62816
free, 64, 24.000000, 283648, 1441824, 62752
free, 64, 23.000000, 283584, 1441824, 62688
free, 64, 24.000000, 283520, 1441824, 62624
free, 64, 26.000000, 283456, 1441824, 62560
free, 64, 24.000000, 283392, 1441824, 62496
free, 64, 25.000000, 283328, 1441824, 62432
free, 64, 26.000000, 283264, 1441824, 62368
free, 64, 27.000000, 283200, 1441824, 62304
free, 64, 32.000000, 283136, 1441824, 62240
free, 64, 24.000000, 283072, 1441824, 62176
free, 64, 24.000000, 283008, 1441824, 62112
free, 64, 24.000000, 282944, 1441824, 62048
free, 64, 24.000000, 282880, 1441824, 61984
free, 64, 25.000000, 282816, 1441824, 61920
free, 64, 24.000000, 282752, 1441824, 61856
free, 64, 24.000000, 282688, 1441824, 61792
free, 64, 25.000000, 282624, 1441824, 61728
free, 64, 25.000000, 282560, 1441824, 61664
free, 64, 24.000000, 282496, 1441824, 61600
free, 64, 24.000000, 282432, 1441824, 61536
free, 64, 24.000000, 282368, 1441824, 61472
free, 64, 25.000000, 282304, 1441824, 61408
free, 64, 24.000000, 282240, 1441824, 61344
free, 64, 26.000000, 282176, 1441824, 61280
free, 64, 25.000000, 282112, 1441824, 61216
free, 64, 24.000000, 282048, 1441824, 61152
free, 64, 25.000000, 281984, 1441824, 61088
free, 64, 24.000000, 281920, 1441824, 61024
free, 64, 27.000000, 281856, 1441824, 60960
free, 64, 29.000000, 281792, 1441824, 60896
free, 64, 25.000000, 281728, 1441824, 60832
free, 64, 25.000000, 281664, 1441824, 60768
free, 64, 25.000000, 281600, 1441824, 60704
free, 64, 24.000000, 281536, 1441824, 60640
free, 64, 25.000000, 281472, 1441824, 60576
free, 64, 24.000000, 281408, 1441824, 60512
free, 64, 23.000000, 281344, 1441824, 60448
free, 64, 25.000000, 281280, 1441824, 60384
free, 64, 25.000000, 281216, 1441824, 60320
free, 64, 24.000000, 281152, 1441824, 60256
free, 64, 25.000000, 281088, 1441824, 60192
free, 64, 25.000000, 281024, 1441824, 60128
free, 64, 24.000000, 280960, 1441824, 60064
free, 64, 25.000000, 280896, 1441824, 60000
free, 64, 24.000000, 280832, 1441824, 59936
free, 64, 25.000000, 280768, 1441824, 59872
free, 64, 24.000000, 280704, 1441824, 59808
free, 64, 25.000000, 280640, 1441824, 59744
free, 64, 25.000000, 280576, 1441824, 59680
free, 64, 25.000000, 280512, 1441824, 59616
free, 64, 32.000000, 280448, 1441824, 59552
free, 64, 25.000000, 280384, 1441824, 59488
free, 64, 23.000000, 280320, 1441824, 59424
free, 64, 25.000000, 280256, 1441824, 59360
free, 64, 25.000000, 280192, 1441824, 59296
free, 64, 24.000000, 280128, 1441824, 59232
free, 64, 24.000000, 280064, 1441824, 59168
free, 64, 24.000000, 280000, 1441824, 59104
free, 64, 25.000000, 279936, 1441824, 59040
free, 64, 24.000000, 279872, 1441824, 58976
free, 64, 26.000000, 279808, 1441824, 58912
free, 64, 25.000000, 279744, 1441824, 58848
free, 64, 25.000000, 279680, 1441824, 58784
free, 64, 25.000000, 279616, 1441824, 58720
free, 64, 25.000000, 279552, 1441824, 58656
free, 64, 26.000000, 279488, 1441824, 58592
free, 64, 22.000000, 279424, 1441824, 58528
free, 64, 24.000000, 279360, 1441824, 58464
free, 64, 24.000000, 279296, 1441824, 58400
free, 64, 26.000000, 279232, 1441824, 58336
free, 64, 25.000000, 279168, 1441824, 58272
free, 64, 34.000000, 279104, 1441824, 58208
free, 64, 25.000000, 279040, 1441824, 58144
free, 64, 22.000000, 278976, 1441824, 58080
free, 64, 24.000000, 278912, 1441824, 58016
free, 64, 24.000000, 278848, 1441824, 57952
free, 64, 24.000000, 278784, 1441824, 57888
free, 64, 25.000000, 278720, 1441824, 57824
free, 64, 24.000000, 278656, 1441824, 57760
free, 64, 23.000000, 278592, 1441824, 57696
free, 64, 33.000000, 278528, 1441824, 57632
free, 64, 25.000000, 278464, 1441824, 57568
free, 64, 25.000000, 278400, 1441824, 57504
free, 64, 23.000000, 278336, 1441824, 57440
free, 64, 24.000000, 278272, 1441824, 57376
free, 64, 24.000000, 278208, 1441824, 57312
free, 64, 24.000000, 278144, 1441824, 57248
free, 64, 25.000000, 278080, 1441824, 57184
free, 64, 25.000000, 278016, 1441824, 57120
free, 64, 25.000000, 277952, 1441824, 57056
free, 64, 24.000000, 277888, 1441824, 56992
free, 64, 27.000000, 277824, 1441824, 56928
free, 64, 44.000000, 277760, 1441824, 56864
free, 64, 25.000000, 277696, 1441824, 56800
free, 64, 25.000000, 277632, 1441824, 56736
free, 64, 26.000000, 277568, 1441824, 56672
free, 64, 25.000000, 277504, 1441824, 56608
free, 64, 26.000000, 277440, 1441824, 56544
free, 64, 25.000000, 277376, 1441824, 56480
free, 64, 25.000000, 277312, 1441824, 56416
free, 64, 25.000000, 277248, 1441824, 56352
free, 64, 25.000000, 277184, 1441824, 56288
free, 64, 24.000000, 277120, 1441824, 56224
free, 64, 25.000000, 277056, 1441824, 56160
free, 64, 25.000000, 276992, 1441824, 56096
free, 64, 26.000000, 276928, 1441824, 56032
free, 64, 25.000000, 276864, 1441824, 55968
free, 64, 25.000000, 276800, 1441824, 55904
free, 64, 24.000000, 276736, 1441824, 55840
free, 64, 24.000000, 276672, 1441824, 55776
free, 64, 25.000000, 276608, 1441824, 55712
free, 64, 25.000000, 276544, 1441824, 55648
free, 64, 26.000000, 276480, 1441824, 55584
free, 64, 32.000000, 276416, 1441824, 55520
free, 64, 26.000000, 276352, 1441824, 55456
free, 64, 24.000000, 276288, 1441824, 55392
free, 64, 25.000000, 276224, 1441824, 55328
free, 64, 25.000000, 276160, 1441824, 55264
free, 64, 25.000000, 276096, 1441824, 55200
free, 64, 25.000000, 276032, 1441824, 55136
free, 64, 25.000000, 275968, 1441824, 55072
free, 64, 24.000000, 275904, 1441824, 55008
free, 64, 34.000000, 275840, 1441824, 54944
free, 64, 25.000000, 275776, 1441824, 54880
free, 64, 25.000000, 275712, 1441824, 54816
free, 64, 30.000000, 275648, 1441824, 54752
free, 64, 25.000000, 275584, 1441824, 54688
free, 64, 24.000000, 275520, 1441824, 54624
free, 64, 25.000000, 275456, 1441824, 54560
free, 64, 25.000000, 275392, 1441824, 54496
free, 64, 31.000000, 275328, 1441824, 54432
free, 64, 25.000000, 275264, 1441824, 54368
free, 64, 25.000000, 275200, 1441824, 54304
free, 64, 26.000000, 275136, 1441824, 54240
free, 64, 27.000000, 275072, 1441824, 54176
free, 64, 25.000000, 275008, 1441824, 54112
free, 64, 25.000000, 274944, 1441824, 54048
free, 64, 26.000000, 274880, 1441824, 53984
free, 64, 25.000000, 274816, 1441824, 53920
free, 64, 24.000000, 274752, 1441824, 53856
free, 64, 24.000000, 274688, 1441824, 53792
free, 64, 23.000000, 274624, 1441824, 53728
free, 64, 25.000000, 274560, 1441824, 53664
free, 64, 25.000000, 274496, 1441824, 53600
free, 64, 24.000000, 274432, 1441824, 53536
free, 64, 25.000000, 274368, 1441824, 53472
free, 64, 25.000000, 274304, 1441824, 53408
free, 64, 25.000000, 274240, 1441824, 53344
free, 64, 25.000000, 274176, 1441824, 53280
free, 64, 23.000000, 274112, 1441824, 53216
free, 64, 24.000000, 274048, 1441824, 53152
free, 64, 24.000000, 273984, 1441824, 53088
free, 64, 23.000000, 273920, 1441824, 53024
free, 64, 25.000000, 273856, 1441824, 52960
free, 64, 26.000000, 273792, 1441824, 52896
free, 64, 27.000000, 273728, 1441824, 52832
free, 64, 25.000000, 273664, 1441824, 52768
free, 64, 26.000000, 273600, 1441824, 52704
free, 64, 26.000000, 273536, 1441824, 52640
free, 64, 25.000000, 273472, 1441824, 52576
free, 64, 24.000000, 273408, 1441824, 52512
free, 64, 25.000000, 273344, 1441824, 52448
free, 64, 24.000000, 273280, 1441824, 52384
free, 64, 25.000000, 273216, 1441824, 52320
free, 64, 24.000000, 273152, 1441824, 52256
free, 64, 25.000000, 273088, 1441824, 52192
free, 64, 24.000000, 273024, 1441824, 52128
free, 64, 23.000000, 272960, 1441824, 52064
free, 64, 24.000000, 272896, 1441824, 52000
free, 64, 36.000000, 272832, 1441824, 51936
free, 64, 24.000000, 272768, 1441824, 51872
free, 64, 25.000000, 272704, 1441824, 51808
free, 64, 26.000000, 272640, 1441824, 51744
free, 64, 24.000000, 272576, 1441824, 51680
free, 64, 24.000000, 272512, 1441824, 51616
free, 64, 26.000000, 272448, 1441824, 51552
free, 64, 26.000000, 272384, 1441824, 51488
free, 64, 23.000000, 272320, 1441824, 51424
free, 64, 25.000000, 272256, 1441824, 51360
free, 64, 23.000000, 272192, 1441824, 51296
free, 64, 25.000000, 272128, 1441824, 51232
free, 64, 24.000000, 272064, 1441824, 51168
free, 64, 24.000000, 272000, 1441824, 51104
free, 64, 25.000000, 271936, 1441824, 51040
free, 64, 25.000000, 271872, 1441824, 50976
free, 64, 25.000000, 271808, 1441824, 50912
free, 64, 25.000000, 271744, 1441824, 50848
free, 64, 24.000000, 271680, 1441824, 50784
free, 64, 25.000000, 271616, 1441824, 50720
free, 64, 25.000000, 271552, 1441824, 50656
free, 64, 25.000000, 271488, 1441824, 50592
free, 64, 25.000000, 271424, 1441824, 50528
free, 64, 25.000000, 271360, 1441824, 50464
free, 64, 25.000000, 271296, 1441824, 50400
free, 64, 24.000000, 271232, 1441824, 50336
free, 64, 25.000000, 271168, 1441824, 50272
free, 64, 25.000000, 271104, 1441824, 50208
free, 64, 26.000000, 271040, 1441824, 50144
free, 64, 25.000000, 270976, 1441824, 50080
free, 64, 26.000000, 270912, 1441824, 50016
free, 64, 24.000000, 270848, 1441824, 49952
free, 64, 26.000000, 270784, 1441824, 49888
free, 64, 25.000000, 270720, 1441824, 49824
free, 64, 25.000000, 270656, 1441824, 49760
free, 64, 25.000000, 270592, 1441824, 49696
free, 64, 24.000000, 270528, 1441824, 49632
free, 64, 24.000000, 270464, 1441824, 49568
free, 64, 24.000000, 270400, 1441824, 49504
free, 64, 24.000000, 270336, 1441824, 49440
free, 64, 25.000000, 270272, 1441824, 49376
free, 64, 24.000000, 270208, 1441824, 49312
free, 64, 25.000000, 270144, 1441824, 49248
free, 64, 24.000000, 270080, 1441824, 49184
free, 64, 26.000000, 270016, 1441824, 49120
free, 64, 24.000000, 269952, 1441824, 49056
free, 64, 24.000000, 269888, 1441824, 48992
free, 64, 24.000000, 269824, 1441824, 48928
free, 64, 27.000000, 269760, 1441824, 48864
free, 64, 28.000000, 269696, 1441824, 48800
free, 64, 25.000000, 269632, 1441824, 48736
free, 64, 24.000000, 269568, 1441824, 48672
free, 64, 25.000000, 269504, 1441824, 48608
free, 64, 24.000000, 269440, 1441824, 48544
free, 64, 24.000000, 269376, 1441824, 48480
free, 64, 24.000000, 269312, 1441824, 48416
free, 64, 24.000000, 269248, 1441824, 48352
free, 64, 23.000000, 269184, 1441824, 48288
free, 64, 24.000000, 269120, 1441824, 48224
free, 64, 25.000000, 269056, 1441824, 48160
free, 64, 26.000000, 268992, 1441824, 48096
free, 64, 24.000000, 268928, 1441824, 48032
free, 64, 25.000000, 268864, 1441824, 47968
free, 64, 25.000000, 268800, 1441824, 47904
free, 64, 25.000000, 268736, 1441824, 47840
free, 64, 24.000000, 268672, 1441824, 47776
free, 64, 28.000000, 268608, 1441824, 47712
free, 64, 25.000000, 268544, 1441824, 47648
free, 64, 25.000000, 268480, 1441824, 47584
free, 64, 26.000000, 268416, 1441824, 47520
free, 64, 36.000000, 268352, 1441824, 47456
free, 64, 24.000000, 268288, 1441824, 47392
free, 64, 24.000000, 268224, 1441824, 47328
free, 64, 25.000000, 268160, 1441824, 47264
free, 64, 24.000000, 268096, 1441824, 47200
free, 64, 24.000000, 268032, 1441824, 47136
free, 64, 25.000000, 267968, 1441824, 47072
free, 64, 25.000000, 267904, 1441824, 47008
free, 64, 26.000000, 267840, 1441824, 46944
free, 64, 34.000000, 267776, 1441824, 46880
free, 64, 24.000000, 267712, 1441824, 46816
free, 64, 23.000000, 267648, 1441824, 46752
free, 64, 23.000000, 267584, 1441824, 46688
free, 64, 24.000000, 267520, 1441824, 46624
free, 64, 25.000000, 267456, 1441824, 46560
free, 64, 24.000000, 267392, 1441824, 46496
free, 64, 26.000000, 267328, 1441824, 46432
free, 64, 24.000000, 267264, 1441824, 46368
free, 64, 24.000000, 267200, 1441824, 46304
free, 64, 26.000000, 267136, 1441824, 46240
free, 64, 25.000000, 267072, 1441824, 46176
free, 64, 27.000000, 267008, 1441824, 46112
free, 64, 24.000000, 266944, 1441824, 46048
free, 64, 25.000000, 266880, 1441824, 45984
free, 64, 24.000000, 266816, 1441824, 45920
free, 64, 24.000000, 266752, 1441824, 45856
free, 64, 25.000000, 266688, 1441824, 45792
free, 64, 24.000000, 266624, 1441824, 45728
free, 64, 23.000000, 266560, 1441824, 45664
free, 64, 35.000000, 266496, 1441824, 45600
free, 64, 25.000000, 266432, 1441824, 45536
free, 64, 25.000000, 266368, 1441824, 45472
free, 64, 25.000000, 266304, 1441824, 45408
free, 64, 24.000000, 266240, 1441824, 45344
free, 64, 25.000000, 266176, 1441824, 45280
free, 64, 23.000000, 266112, 1441824, 45216
free, 64, 26.000000, 266048, 1441824, 45152
free, 64, 24.000000, 265984, 1441824, 45088
free, 64, 24.000000, 265920, 1441824, 45024
free, 64, 24.000000, 265856, 1441824, 44960
free, 64, 23.000000, 265792, 1441824, 44896
free, 64, 27.000000, 265728, 1441824, 44832
free, 64, 25.000000, 265664, 1441824, 44768
free, 64, 24.000000, 265600, 1441824, 44704
free, 64, 25.000000, 265536, 1441824, 44640
free, 64, 25.000000, 265472, 1441824, 44576
free, 64, 35.000000, 265408, 1441824, 44512
free, 64, 26.000000, 265344, 1441824, 44448
free, 64, 24.000000, 265280, 1441824, 44384
free, 64, 24.000000, 265216, 1441824, 44320
free, 64, 24.000000, 265152, 1441824, 44256
free, 64, 24.000000, 265088, 1441824, 44192
free, 64, 24.000000, 265024, 1441824, 44128
free, 64, 24.000000, 264960, 1441824, 44064
free, 64, 24.000000, 264896, 1441824, 44000
free, 64, 26.000000, 264832, 1441824, 43936
free, 64, 24.000000, 264768, 1441824, 43872
free, 64, 24.000000, 264704, 1441824, 43808
free, 64, 24.000000, 264640, 1441824, 43744
free, 64, 24.000000, 264576, 1441824, 43680
free, 64, 35.000000, 264512, 1441824, 43616
free, 64, 24.000000, 264448, 1441824, 43552
free, 64, 27.000000, 264384, 1441824, 43488
free, 64, 27.000000, 264320, 1441824, 43424
free, 64, 25.000000, 264256, 1441824, 43360
free, 64, 24.000000, 264192, 1441824, 43296
free, 64, 24.000000, 264128, 1441824, 43232
free, 64, 24.000000, 264064, 1441824, 43168
free, 64, 26.000000, 264000, 1441824, 43104
free, 64, 26.000000, 263936, 1441824, 43040
free, 64, 24.000000, 263872, 1441824, 42976
free, 64, 25.000000, 263808, 1441824, 42912
free, 64, 29.000000, 263744, 1441824, 42848
free, 64, 23.000000, 263680, 1441824, 42784
free, 64, 25.000000, 263616, 1441824, 42720
free, 64, 25.000000, 263552, 1441824, 42656
free, 64, 24.000000, 263488, 1441824, 42592
free, 64, 24.000000, 263424, 1441824, 42528
free, 64, 23.000000, 263360, 1441824, 42464
free, 64, 25.000000, 263296, 1441824, 42400
free, 64, 24.000000, 263232, 1441824, 42336
free, 64, 24.000000, 263168, 1441824, 42272
free, 64, 25.000000, 263104, 1441824, 42208
free, 64, 26.000000, 263040, 1441824, 42144
free, 64, 27.000000, 262976, 1441824, 42080
free, 64, 25.000000, 262912, 1441824, 42016
free, 64, 24.000000, 262848, 1441824, 41952
free, 64, 24.000000, 262784, 1441824, 41888
free, 64, 24.000000, 262720, 1441824, 41824
free, 64, 25.000000, 262656, 1441824, 41760
free, 64, 24.000000, 262592, 1441824, 41696
free, 64, 23.000000, 262528, 1441824, 41632
free, 64, 23.000000, 262464, 1441824, 41568
free, 64, 23.000000, 262400, 1441824, 41504
free, 64, 25.000000, 262336, 1441824, 41440
free, 64, 25.000000, 262272, 1441824, 41376
free, 64, 25.000000, 262208, 1441824, 41312
free, 64, 24.000000, 262144, 1441824, 41248
free, 64, 24.000000, 262080, 1441824, 41184
free, 64, 24.000000, 262016, 1441824, 41120
free, 64, 24.000000, 261952, 1441824, 41056
free, 64, 24.000000, 261888, 1441824, 40992
free, 64, 26.000000, 261824, 1441824, 40928
free, 64, 24.000000, 261760, 1441824, 40864
free, 64, 26.000000, 261696, 1441824, 40800
free, 64, 27.000000, 261632, 1441824, 40736
free, 64, 24.000000, 261568, 1441824, 40672
free, 64, 25.000000, 261504, 1441824, 40608
free, 64, 26.000000, 261440, 1441824, 40544
free, 64, 24.000000, 261376, 1441824, 40480
free, 64, 23.000000, 261312, 1441824, 40416
free, 64, 24.000000, 261248, 1441824, 40352
free, 64, 24.000000, 261184, 1441824, 40288
free, 64, 24.000000, 261120, 1441824, 40224
free, 64, 25.000000, 261056, 1441824, 40160
free, 64, 24.000000, 260992, 1441824, 40096
free, 64, 24.000000, 260928, 1441824, 40032
free, 64, 24.000000, 260864, 1441824, 39968
free, 64, 24.000000, 260800, 1441824, 39904
free, 64, 25.000000, 260736, 1441824, 39840
free, 64, 25.000000, 260672, 1441824, 39776
free, 64, 25.000000, 260608, 1441824, 39712
free, 64, 25.000000, 260544, 1441824, 39648
free, 64, 25.000000, 260480, 1441824, 39584
free, 64, 24.000000, 260416, 1441824, 39520
free, 64, 27.000000, 260352, 1441824, 39456
free, 64, 25.000000, 260288, 1441824, 39392
free, 64, 23.000000, 260224, 1441824, 39328
free, 64, 24.000000, 260160, 1441824, 39264
free, 64, 25.000000, 260096, 1441824, 39200
free, 64, 24.000000, 260032, 1441824, 39136
free, 64, 25.000000, 259968, 1441824, 39072
free, 64, 24.000000, 259904, 1441824, 39008
free, 64, 25.000000, 259840, 1441824, 38944
free, 64, 25.000000, 259776, 1441824, 38880
free, 64, 26.000000, 259712, 1441824, 38816
free, 64, 25.000000, 259648, 1441824, 38752
free, 64, 25.000000, 259584, 1441824, 38688
free, 64, 25.000000, 259520, 1441824, 38624
free, 64, 25.000000, 259456, 1441824, 38560
free, 64, 24.000000, 259392, 1441824, 38496
free, 64, 24.000000, 259328, 1441824, 38432
free, 64, 25.000000, 259264, 1441824, 38368
free, 64, 24.000000, 259200, 1441824, 38304
free, 64, 25.000000, 259136, 1441824, 38240
free, 64, 25.000000, 259072, 1441824, 38176
free, 64, 26.000000, 259008, 1441824, 38112
free, 64, 25.000000, 258944, 1441824, 38048
free, 64, 23.000000, 258880, 1441824, 37984
free, 64, 24.000000, 258816, 1441824, 37920
free, 64, 25.000000, 258752, 1441824, 37856
free, 64, 23.000000, 258688, 1441824, 37792
free, 64, 26.000000, 258624, 1441824, 37728
free, 64, 25.000000, 258560, 1441824, 37664
free, 64, 25.000000, 258496, 1441824, 37600
free, 64, 25.000000, 258432, 1441824, 37536
free, 64, 23.000000, 258368, 1441824, 37472
free, 64, 25.000000, 258304, 1441824, 37408
free, 64, 24.000000, 258240, 1441824, 37344
free, 64, 25.000000, 258176, 1441824, 37280
free, 64, 25.000000, 258112, 1441824, 37216
free, 64, 25.000000, 258048, 1441824, 37152
free, 64, 25.000000, 257984, 1441824, 37088
free, 64, 25.000000, 257920, 1441824, 37024
free, 64, 25.000000, 257856, 1441824, 36960
free, 64, 25.000000, 257792, 1441824, 36896
free, 64, 25.000000, 257728, 1441824, 36832
free, 64, 27.000000, 257664, 1441824, 36768
free, 64, 27.000000, 257600, 1441824, 36704
free, 64, 24.000000, 257536, 1441824, 36640
free, 64, 24.000000, 257472, 1441824, 36576
free, 64, 27.000000, 257408, 1441824, 36512
free, 64, 25.000000, 257344, 1441824, 36448
free, 64, 24.000000, 257280, 1441824, 36384
free, 64, 24.000000, 257216, 1441824, 36320
free, 64, 25.000000, 257152, 1441824, 36256
free, 64, 25.000000, 257088, 1441824, 36192
free, 64, 24.000000, 257024, 1441824, 36128
free, 64, 25.000000, 256960, 1441824, 36064
free, 64, 25.000000, 256896, 1441824, 36000
free, 64, 26.000000, 256832, 1441824, 35936
free, 64, 24.000000, 256768, 1441824, 35872
free, 64, 24.000000, 256704, 1441824, 35808
free, 64, 24.000000, 256640, 1441824, 35744
free, 64, 26.000000, 256576, 1441824, 35680
free, 64, 24.000000, 256512, 1441824, 35616
free, 64, 26.000000, 256448, 1441824, 35552
free, 64, 23.000000, 256384, 1441824, 35488
free, 64, 26.000000, 256320, 1441824, 35424
free, 64, 26.000000, 256256, 1441824, 35360
free, 64, 23.000000, 256192, 1441824, 35296
free, 64, 24.000000, 256128, 1441824, 35232
free, 64, 24.000000, 256064, 1441824, 35168
free, 64, 42.000000, 256000, 1441824, 35136
free, 256, 40.000000, 255744, 1441824, 35104
free, 256, 22.000000, 255488, 1441824, 35072
free, 256, 22.000000, 255232, 1441824, 35040
free, 256, 23.000000, 254976, 1441824, 35008
free, 256, 23.000000, 254720, 1441824, 34976
free, 256, 23.000000, 254464, 1441824, 34944
free, 256, 29.000000, 254208, 1441824, 34912
free, 256, 30.000000, 253952, 1441824, 34880
free, 256, 29.000000, 253696, 1441824, 34848
free, 256, 54.000000, 253440, 1441824, 34784
free, 256, 45.000000, 253184, 1441824, 34784
free, 256, 29.000000, 252928, 1441824, 34752
free, 256, 29.000000, 252672, 1441824, 34720
free, 256, 28.000000, 252416, 1441824, 34688
free, 256, 29.000000, 252160, 1441824, 34656
free, 256, 28.000000, 251904, 1441824, 34624
free, 256, 27.000000, 251648, 1441824, 34592
free, 256, 29.000000, 251392, 1441824, 34560
free, 256, 26.000000, 251136, 1441824, 34528
free, 256, 28.000000, 250880, 1441824, 34496
free, 256, 32.000000, 250624, 1441824, 34464
free, 256, 31.000000, 250368, 1441824, 34432
free, 256, 30.000000, 250112, 1441824, 34400
free, 256, 30.000000, 249856, 1441824, 34368
free, 256, 32.000000, 249600, 1441824, 34336
free, 256, 28.000000, 249344, 1441824, 34304
free, 256, 31.000000, 249088, 1441824, 34272
free, 256, 23.000000, 248832, 1441824, 34240
free, 256, 29.000000, 248576, 1441824, 34208
free, 256, 28.000000, 248320, 1441824, 34176
free, 256, 27.000000, 248064, 1441824, 34144
free, 256, 30.000000, 247808, 1441824, 34112
free, 256, 30.000000, 247552, 1441824, 34080
free, 256, 26.000000, 247296, 1441824, 34048
free, 256, 30.000000, 247040, 1441824, 34016
free, 256, 32.000000, 246784, 1441824, 33984
free, 256, 27.000000, 246528, 1441824, 33952
free, 256, 31.000000, 246272, 1441824, 33920
free, 256, 31.000000, 246016, 1441824, 33888
free, 256, 33.000000, 245760, 1441824, 33856
free, 256, 30.000000, 245504, 1441824, 33824
free, 256, 29.000000, 245248, 1441824, 33792
free, 256, 29.000000, 244992, 1441824, 33760
free, 256, 28.000000, 244736, 1441824, 33728
free, 256, 28.000000, 244480, 1441824, 33696
free, 256, 28.000000, 244224, 1441824, 33664
free, 256, 29.000000, 243968, 1441824, 33632
free, 256, 28.000000, 243712, 1441824, 33600
free, 256, 27.000000, 243456, 1441824, 33568
free, 256, 32.000000, 243200, 1441824, 33536
free, 256, 31.000000, 242944, 1441824, 33504
free, 256, 30.000000, 242688, 1441824, 33472
free, 256, 29.000000, 242432, 1441824, 33440
free, 256, 22.000000, 242176, 1441824, 33408
free, 256, 29.000000, 241920, 1441824, 33376
free, 256, 30.000000, 241664, 1441824, 33344
free, 256, 31.000000, 241408, 1441824, 33312
free, 256, 33.000000, 241152, 1441824, 33280
free, 256, 33.000000, 240896, 1441824, 33248
free, 256, 31.000000, 240640, 1441824, 33216
free, 256, 30.000000, 240384, 1441824, 33184
free, 256, 32.000000, 240128, 1441824, 33152
free, 256, 31.000000, 239872, 1441824, 33120
free, 256, 31.000000, 239616, 1441824, 33088
free, 256, 27.000000, 239360, 1441824, 33056
free, 256, 29.000000, 239104, 1441824, 33024
free, 256, 28.000000, 238848, 1441824, 32992
free, 256, 24.000000, 238592, 1441824, 32960
free, 256, 29.000000, 238336, 1441824, 32928
free, 256, 30.000000, 238080, 1441824, 32896
free, 256, 30.000000, 237824, 1441824, 32864
free, 256, 30.000000, 237568, 1441824, 32832
free, 256, 34.000000, 237312, 1441824, 32800
free, 256, 31.000000, 237056, 1441824, 32768
free, 256, 32.000000, 236800, 1441824, 32736
free, 256, 30.000000, 236544, 1441824, 32704
free, 256, 31.000000, 236288, 1441824, 32672
free, 256, 28.000000, 236032, 1441824, 32640
free, 256, 29.000000, 235776, 1441824, 32608
free, 256, 30.000000, 235520, 1441824, 32576
free, 256, 28.000000, 235264, 1441824, 32544
free, 256, 32.000000, 235008, 1441824, 32512
free, 256, 32.000000, 234752, 1441824, 32480
free, 256, 31.000000, 234496, 1441824, 32448
free, 256, 28.000000, 234240, 1441824, 32416
free, 256, 28.000000, 233984, 1441824, 32384
free, 256, 28.000000, 233728, 1441824, 32352
free, 256, 28.000000, 233472, 1441824, 32320
free, 256, 28.000000, 233216, 1441824, 32288
free, 256, 29.000000, 232960, 1441824, 32256
free, 256, 29.000000, 232704, 1441824, 32224
free, 256, 31.000000, 232448, 1441824, 32192
free, 256, 30.000000, 232192, 1441824, 32160
free, 256, 31.000000, 231936, 1441824, 32128
free, 256, 32.000000, 231680, 1441824, 32096
free, 256, 29.000000, 231424, 1441824, 32064
free, 256, 28.000000, 231168, 1441824, 32032
free, 256, 30.000000, 230912, 1441824, 32000
free, 256, 30.000000, 230656, 1441824, 31968
free, 256, 31.000000, 230400, 1441824, 31936
free, 256, 32.000000, 230144, 1441824, 31904
free, 256, 31.000000, 229888, 1441824, 31872
free, 256, 30.000000, 229632, 1441824, 31840
free, 256, 29.000000, 229376, 1441824, 31808
free, 256, 32.000000, 229120, 1441824, 31776
free, 256, 28.000000, 228864, 1441824, 31744
free, 256, 28.000000, 228608, 1441824, 31712
free, 256, 30.000000, 228352, 1441824, 31680
free, 256, 29.000000, 228096, 1441824, 31648
free, 256, 31.000000, 227840, 1441824, 31616
free, 256, 32.000000, 227584, 1441824, 31584
free, 256, 30.000000, 227328, 1441824, 31552
free, 256, 28.000000, 227072, 1441824, 31520
free, 256, 28.000000, 226816, 1441824, 31488
free, 256, 27.000000, 226560, 1441824, 31456
free, 256, 28.000000, 226304, 1441824, 31424
free, 256, 28.000000, 226048, 1441824, 31392
free, 256, 28.000000, 225792, 1441824, 31360
free, 256, 28.000000, 225536, 1441824, 31328
free, 256, 28.000000, 225280, 1441824, 31296
free, 256, 32.000000, 225024, 1441824, 31264
free, 256, 28.000000, 224768, 1441824, 31232
free, 256, 27.000000, 224512, 1441824, 31200
free, 256, 31.000000, 224256, 1441824, 31168
free, 256, 22.000000, 224000, 1441824, 31136
free, 256, 28.000000, 223744, 1441824, 31104
free, 256, 30.000000, 223488, 1441824, 31072
free, 256, 29.000000, 223232, 1441824, 31040
free, 256, 29.000000, 222976, 1441824, 31008
free, 256, 27.000000, 222720, 1441824, 30976
free, 256, 28.000000, 222464, 1441824, 30944
free, 256, 29.000000, 222208, 1441824, 30912
free, 256, 28.000000, 221952, 1441824, 30880
free, 256, 28.000000, 221696, 1441824, 30848
free, 256, 33.000000, 221440, 1441824, 30816
free, 256, 29.000000, 221184, 1441824, 30784
free, 256, 30.000000, 220928, 1441824, 30752
free, 256, 27.000000, 220672, 1441824, 30720
free, 256, 20.000000, 220416, 1441824, 30688
free, 256, 26.000000, 220160, 1441824, 30656
free, 256, 28.000000, 219904, 1441824, 30624
free, 256, 30.000000, 219648, 1441824, 30592
free, 256, 31.000000, 219392, 1441824, 30560
free, 256, 32.000000, 219136, 1441824, 30528
free, 256, 31.000000, 218880, 1441824, 30496
free, 256, 28.000000, 218624, 1441824, 30464
free, 256, 33.000000, 218368, 1441824, 30432
free, 256, 29.000000, 218112, 1441824, 30400
free, 256, 28.000000, 217856, 1441824, 30368
free, 256, 28.000000, 217600, 1441824, 30336
free, 256, 29.000000, 217344, 1441824, 30304
free, 256, 29.000000, 217088, 1441824, 30272
free, 256, 29.000000, 216832, 1441824, 30240
free, 256, 29.000000, 216576, 1441824, 30208
free, 256, 26.000000, 216320, 1441824, 30176
free, 256, 31.000000, 216064, 1441824, 30144
free, 256, 31.000000, 215808, 1441824, 30112
free, 256, 30.000000, 215552, 1441824, 30080
free, 256, 27.000000, 215296, 1441824, 30048
free, 256, 32.000000, 215040, 1441824, 30016
free, 256, 33.000000, 214784, 1441824, 29984
free, 256, 31.000000, 214528, 1441824, 29952
free, 256, 29.000000, 214272, 1441824, 29920
free, 256, 28.000000, 214016, 1441824, 29888
free, 256, 29.000000, 213760, 1441824, 29856
free, 256, 26.000000, 213504, 1441824, 29824
free, 256, 33.000000, 213248, 1441824, 29792
free, 256, 31.000000, 212992, 1441824, 29760
free, 256, 30.000000, 212736, 1441824, 29728
free, 256, 28.000000, 212480, 1441824, 29696
free, 256, 28.000000, 212224, 1441824, 29664
free, 256, 29.000000, 211968, 1441824, 29632
free, 256, 29.000000, 211712, 1441824, 29600
free, 256, 28.000000, 211456, 1441824, 29568
free, 256, 30.000000, 211200, 1441824, 29536
free, 256, 26.000000, 210944, 1441824, 29504
free, 256, 25.000000, 210688, 1441824, 29472
free, 256, 31.000000, 210432, 1441824, 29440
free, 256, 29.000000, 210176, 1441824, 29408
free, 256, 31.000000, 209920, 1441824, 29376
free, 256, 34.000000, 209664, 1441824, 29344
free, 256, 23.000000, 209408, 1441824, 29312
free, 256, 31.000000, 209152, 1441824, 29280
free, 256, 31.000000, 208896, 1441824, 29248
free, 256, 28.000000, 208640, 1441824, 29216
free, 256, 27.000000, 208384, 1441824, 29184
free, 256, 28.000000, 208128, 1441824, 29152
free, 256, 28.000000, 207872, 1441824, 29120
free, 256, 29.000000, 207616, 1441824, 29088
free, 256, 28.000000, 207360, 1441824, 29056
free, 256, 28.000000, 207104, 1441824, 29024
free, 256, 31.000000, 206848, 1441824, 28992
free, 256, 30.000000, 206592, 1441824, 28960
free, 256, 31.000000, 206336, 1441824, 28928
free, 256, 28.000000, 206080, 1441824, 28896
free, 256, 23.000000, 205824, 1441824, 28864
free, 256, 27.000000, 205568, 1441824, 28832
free, 256, 28.000000, 205312, 1441824, 28800
free, 256, 32.000000, 205056, 1441824, 28768
free, 256, 31.000000, 204800, 1441824, 28736
free, 256, 30.000000, 204544, 1441824, 28704
free, 256, 29.000000, 204288, 1441824, 28672
free, 256, 31.000000, 204032, 1441824, 28640
free, 256, 30.000000, 203776, 1441824, 28608
free, 256, 29.000000, 203520, 1441824, 28576
free, 256, 29.000000, 203264, 1441824, 28544
free, 256, 27.000000, 203008, 1441824, 28512
free, 256, 31.000000, 202752, 1441824, 28480
free, 256, 28.000000, 202496, 1441824, 28448
free, 256, 30.000000, 202240, 1441824, 28416
free, 256, 26.000000, 201984, 1441824, 28384
free, 256, 30.000000, 201728, 1441824, 28352
free, 256, 29.000000, 201472, 1441824, 28320
free, 256, 29.000000, 201216, 1441824, 28288
free, 256, 32.000000, 200960, 1441824, 28256
free, 256, 29.000000, 200704, 1441824, 28224
free, 256, 31.000000, 200448, 1441824, 28192
free, 256, 32.000000, 200192, 1441824, 28160
free, 256, 29.000000, 199936, 1441824, 28128
free, 256, 26.000000, 199680, 1441824, 28096
free, 256, 29.000000, 199424, 1441824, 28064
free, 256, 28.000000, 199168, 1441824, 28032
free, 256, 27.000000, 198912, 1441824, 28000
free, 256, 27.000000, 198656, 1441824, 27968
free, 256, 28.000000, 198400, 1441824, 27936
free, 256, 27.000000, 198144, 1441824, 27904
free, 256, 30.000000, 197888, 1441824, 27872
free, 256, 30.000000, 197632, 1441824, 27840
free, 256, 31.000000, 197376, 1441824, 27808
free, 256, 30.000000, 197120, 1441824, 27776
free, 256, 32.000000, 196864, 1441824, 27744
free, 256, 31.000000, 196608, 1441824, 27712
free, 256, 30.000000, 196352, 1441824, 27680
free, 256, 29.000000, 196096, 1441824, 27648
free, 256, 29.000000, 195840, 1441824, 27616
free, 256, 28.000000, 195584, 1441824, 27584
free, 256, 28.000000, 195328, 1441824, 27552
free, 256, 30.000000, 195072, 1441824, 27520
free, 256, 30.000000, 194816, 1441824, 27488
free, 256, 30.000000, 194560, 1441824, 27456
free, 256, 32.000000, 194304, 1441824, 27424
free, 256, 28.000000, 194048, 1441824, 27392
free, 256, 28.000000, 193792, 1441824, 27360
free, 256, 27.000000, 193536, 1441824, 27328
free, 256, 28.000000, 193280, 1441824, 27296
free, 256, 30.000000, 193024, 1441824, 27264
free, 256, 27.000000, 192768, 1441824, 27232
free, 256, 28.000000, 192512, 1441824, 27200
free, 256, 29.000000, 192256, 1441824, 27168
free, 256, 32.000000, 192000, 1441824, 27136
free, 256, 31.000000, 191744, 1441824, 27104
free, 256, 30.000000, 191488, 1441824, 27072
free, 256, 24.000000, 191232, 1441824, 27040
free, 256, 31.000000, 190976, 1441824, 27008
free, 256, 32.000000, 190720, 1441824, 26976
free, 256, 27.000000, 190464, 1441824, 26944
free, 256, 28.000000, 190208, 1441824, 26912
free, 256, 28.000000, 189952, 1441824, 26880
free, 256, 27.000000, 189696, 1441824, 26848
free, 256, 28.000000, 189440, 1441824, 26816
free, 256, 29.000000, 189184, 1441824, 26784
free, 256, 29.000000, 188928, 1441824, 26752
free, 256, 29.000000, 188672, 1441824, 26720
free, 256, 30.000000, 188416, 1441824, 26688
free, 256, 31.000000, 188160, 1441824, 26656
free, 256, 27.000000, 187904, 1441824, 26624
free, 256, 21.000000, 187648, 1441824, 26592
free, 256, 29.000000, 187392, 1441824, 26560
free, 256, 28.000000, 187136, 1441824, 26528
free, 256, 28.000000, 186880, 1441824, 26496
free, 256, 30.000000, 186624, 1441824, 26464
free, 256, 32.000000, 186368, 1441824, 26432
free, 256, 31.000000, 186112, 1441824, 26400
free, 256, 31.000000, 185856, 1441824, 26368
free, 256, 31.000000, 185600, 1441824, 26336
free, 256, 32.000000, 185344, 1441824, 26304
free, 256, 28.000000, 185088, 1441824, 26272
free, 256, 25.000000, 184832, 1441824, 26240
free, 256, 29.000000, 184576, 1441824, 26208
free, 256, 26.000000, 184320, 1441824, 26176
free, 256, 27.000000, 184064, 1441824, 26144
free, 256, 29.000000, 183808, 1441824, 26112
free, 256, 29.000000, 183552, 1441824, 26080
free, 256, 30.000000, 183296, 1441824, 26048
free, 256, 30.000000, 183040, 1441824, 26016
free, 256, 30.000000, 182784, 1441824, 25984
free, 256, 31.000000, 182528, 1441824, 25952
free, 256, 33.000000, 182272, 1441824, 25920
free, 256, 32.000000, 182016, 1441824, 25888
free, 256, 30.000000, 181760, 1441824, 25856
free, 256, 30.000000, 181504, 1441824, 25824
free, 256, 29.000000, 181248, 1441824, 25792
free, 256, 29.000000, 180992, 1441824, 25760
free, 256, 28.000000, 180736, 1441824, 25728
free, 256, 31.000000, 180480, 1441824, 25696
free, 256, 30.000000, 180224, 1441824, 25664
free, 256, 32.000000, 179968, 1441824, 25632
free, 256, 29.000000, 179712, 1441824, 25600
free, 256, 28.000000, 179456, 1441824, 25568
free, 256, 28.000000, 179200, 1441824, 25536
free, 256, 30.000000, 178944, 1441824, 25504
free, 256, 29.000000, 178688, 1441824, 25472
free, 256, 29.000000, 178432, 1441824, 25440
free, 256, 30.000000, 178176, 1441824, 25408
free, 256, 29.000000, 177920, 1441824, 25376
free, 256, 29.000000, 177664, 1441824, 25344
free, 256, 33.000000, 177408, 1441824, 25312
free, 256, 30.000000, 177152, 1441824, 25280
free, 256, 28.000000, 176896, 1441824, 25248
free, 256, 23.000000, 176640, 1441824, 25216
free, 256, 23.000000, 176384, 1441824, 25184
free, 256, 31.000000, 176128, 1441824, 25152
free, 256, 24.000000, 175872, 1441824, 25120
free, 256, 29.000000, 175616, 1441824, 25088
free, 256, 26.000000, 175360, 1441824, 25056
free, 256, 29.000000, 175104, 1441824, 25024
free, 256, 25.000000, 174848, 1441824, 24992
free, 256, 30.000000, 174592, 1441824, 24960
free, 256, 24.000000, 174336, 1441824, 24928
free, 256, 32.000000, 174080, 1441824, 24896
free, 256, 23.000000, 173824, 1441824, 24864
free, 256, 31.000000, 173568, 1441824, 24832
free, 256, 31.000000, 173312, 1441824, 24800
free, 256, 23.000000, 173056, 1441824, 24768
free, 256, 27.000000, 172800, 1441824, 24736
free, 256, 30.000000, 172544, 1441824, 24704
free, 256, 33.000000, 172288, 1441824, 24672
free, 256, 31.000000, 172032, 1441824, 24640
free, 256, 30.000000, 171776, 1441824, 24608
free, 256, 31.000000, 171520, 1441824, 24576
free, 256, 30.000000, 171264, 1441824, 24544
free, 256, 31.000000, 171008, 1441824, 24512
free, 256, 29.000000, 170752, 1441824, 24480
free, 256, 28.000000, 170496, 1441824, 24448
free, 256, 28.000000, 170240, 1441824, 24416
free, 256, 26.000000, 169984, 1441824, 24384
free, 256, 27.000000, 169728, 1441824, 24352
free, 256, 30.000000, 169472, 1441824, 24320
free, 256, 27.000000, 169216, 1441824, 24288
free, 256, 28.000000, 168960, 1441824, 24256
free, 256, 32.000000, 168704, 1441824, 24224
free, 256, 32.000000, 168448, 1441824, 24192
free, 256, 30.000000, 168192, 1441824, 24160
free, 256, 30.000000, 167936, 1441824, 24128
free, 256, 31.000000, 167680, 1441824, 24096
free, 256, 31.000000, 167424, 1441824, 24064
free, 256, 30.000000, 167168, 1441824, 24032
free, 256, 29.000000, 166912, 1441824, 24000
free, 256, 29.000000, 166656, 1441824, 23968
free, 256, 28.000000, 166400, 1441824, 23936
free, 256, 28.000000, 166144, 1441824, 23904
free, 256, 30.000000, 165888, 1441824, 23872
free, 256, 29.000000, 165632, 1441824, 23840
free, 256, 30.000000, 165376, 1441824, 23808
free, 256, 27.000000, 165120, 1441824, 23776
free, 256, 29.000000, 164864, 1441824, 23744
free, 256, 28.000000, 164608, 1441824, 23712
free, 256, 28.000000, 164352, 1441824, 23680
free, 256, 29.000000, 164096, 1441824, 23648
free, 256, 27.000000, 163840, 1441824, 23616
free, 256, 30.000000, 163584, 1441824, 23584
free, 256, 29.000000, 163328, 1441824, 23552
free, 256, 27.000000, 163072, 1441824, 23520
free, 256, 31.000000, 162816, 1441824, 23488
free, 256, 32.000000, 162560, 1441824, 23456
free, 256, 30.000000, 162304, 1441824, 23424
free, 256, 28.000000, 162048, 1441824, 23392
free, 256, 29.000000, 161792, 1441824, 23360
free, 256, 28.000000, 161536, 1441824, 23328
free, 256, 30.000000, 161280, 1441824, 23296
free, 256, 32.000000, 161024, 1441824, 23264
free, 256, 30.000000, 160768, 1441824, 23232
free, 256, 30.000000, 160512, 1441824, 23200
free, 256, 28.000000, 160256, 1441824, 23168
free, 256, 31.000000, 160000, 1441824, 23136
free, 256, 33.000000, 159744, 1441824, 23104
free, 256, 28.000000, 159488, 1441824, 23072
free, 256, 29.000000, 159232, 1441824, 23040
free, 256, 29.000000, 158976, 1441824, 23008
free, 256, 29.000000, 158720, 1441824, 22976
free, 256, 29.000000, 158464, 1441824, 22944
free, 256, 27.000000, 158208, 1441824, 22912
free, 256, 28.000000, 157952, 1441824, 22880
free, 256, 31.000000, 157696, 1441824, 22848
free, 256, 32.000000, 157440, 1441824, 22816
free, 256, 31.000000, 157184, 1441824, 22784
free, 256, 33.000000, 156928, 1441824, 22752
free, 256, 33.000000, 156672, 1441824, 22720
free, 256, 31.000000, 156416, 1441824, 22688
free, 256, 30.000000, 156160, 1441824, 22656
free, 256, 29.000000, 155904, 1441824, 22624
free, 256, 31.000000, 155648, 1441824, 22592
free, 256, 28.000000, 155392, 1441824, 22560
free, 256, 26.000000, 155136, 1441824, 22528
free, 256, 27.000000, 154880, 1441824, 22496
free, 256, 27.000000, 154624, 1441824, 22464
free, 256, 28.000000, 154368, 1441824, 22432
free, 256, 31.000000, 154112, 1441824, 22400
free, 256, 24.000000, 153856, 1441824, 22368
free, 256, 33.000000, 153600, 1441824, 22336
free, 256, 32.000000, 153344, 1441824, 22304
free, 256, 29.000000, 153088, 1441824, 22272
free, 256, 32.000000, 152832, 1441824, 22240
free, 256, 30.000000, 152576, 1441824, 22208
free, 256, 25.000000, 152320, 1441824, 22176
free, 256, 27.000000, 152064, 1441824, 22144
free, 256, 26.000000, 151808, 1441824, 22112
free, 256, 29.000000, 151552, 1441824, 22080
free, 256, 29.000000, 151296, 1441824, 22048
free, 256, 28.000000, 151040, 1441824, 22016
free, 256, 29.000000, 150784, 1441824, 21984
free, 256, 32.000000, 150528, 1441824, 21952
free, 256, 31.000000, 150272, 1441824, 21920
free, 256, 29.000000, 150016, 1441824, 21888
free, 256, 31.000000, 149760, 1441824, 21856
free, 256, 31.000000, 149504, 1441824, 21824
free, 256, 32.000000, 149248, 1441824, 21792
free, 256, 29.000000, 148992, 1441824, 21760
free, 256, 28.000000, 148736, 1441824, 21728
free, 256, 30.000000, 148480, 1441824, 21696
free, 256, 28.000000, 148224, 1441824, 21664
free, 256, 29.000000, 147968, 1441824, 21632
free, 256, 30.000000, 147712, 1441824, 21600
free, 256, 30.000000, 147456, 1441824, 21568
free, 256, 31.000000, 147200, 1441824, 21536
free, 256, 28.000000, 146944, 1441824, 21504
free, 256, 28.000000, 146688, 1441824, 21472
free, 256, 30.000000, 146432, 1441824, 21440
free, 256, 27.000000, 146176, 1441824, 21408
free, 256, 25.000000, 145920, 1441824, 21376
free, 256, 29.000000, 145664, 1441824, 21344
free, 256, 29.000000, 145408, 1441824, 21312
free, 256, 31.000000, 145152, 1441824, 21280
free, 256, 30.000000, 144896, 1441824, 21248
free, 256, 31.000000, 144640, 1441824, 21216
free, 256, 33.000000, 144384, 1441824, 21184
free, 256, 31.000000, 144128, 1441824, 21152
free, 256, 24.000000, 143872, 1441824, 21120
free, 256, 31.000000, 143616, 1441824, 21088
free, 256, 32.000000, 143360, 1441824, 21056
free, 256, 28.000000, 143104, 1441824, 21024
free, 256, 29.000000, 142848, 1441824, 20992
free, 256, 45.000000, 142592, 1441824, 20960
free, 256, 25.000000, 142336, 1441824, 20928
free, 256, 27.000000, 142080, 1441824, 20896
free, 256, 28.000000, 141824, 1441824, 20864
free, 256, 30.000000, 141568, 1441824, 20832
free, 256, 30.000000, 141312, 1441824, 20800
free, 256, 31.000000, 141056, 1441824, 20768
free, 256, 29.000000, 140800, 1441824, 20736
free, 256, 31.000000, 140544, 1441824, 20704
free, 256, 21.000000, 140288, 1441824, 20672
free, 256, 29.000000, 140032, 1441824, 20640
free, 256, 33.000000, 139776, 1441824, 20608
free, 256, 27.000000, 139520, 1441824, 20576
free, 256, 35.000000, 139264, 1441824, 20544
free, 256, 29.000000, 139008, 1441824, 20512
free, 256, 28.000000, 138752, 1441824, 20480
free, 256, 25.000000, 138496, 1441824, 20448
free, 256, 29.000000, 138240, 1441824, 20416
free, 256, 29.000000, 137984, 1441824, 20384
free, 256, 30.000000, 137728, 1441824, 20352
free, 256, 31.000000, 137472, 1441824, 20320
free, 256, 31.000000, 137216, 1441824, 20288
free, 256, 29.000000, 136960, 1441824, 20256
free, 256, 28.000000, 136704, 1441824, 20224
free, 256, 28.000000, 136448, 1441824, 20192
free, 256, 27.000000, 136192, 1441824, 20160
free, 256, 31.000000, 135936, 1441824, 20128
free, 256, 33.000000, 135680, 1441824, 20096
free, 256, 28.000000, 135424, 1441824, 20064
free, 256, 30.000000, 135168, 1441824, 20032
free, 256, 30.000000, 134912, 1441824, 20000
free, 256, 29.000000, 134656, 1441824, 19968
free, 256, 31.000000, 134400, 1441824, 19936
free, 256, 28.000000, 134144, 1441824, 19904
free, 256, 28.000000, 133888, 1441824, 19872
free, 256, 27.000000, 133632, 1441824, 19840
free, 256, 27.000000, 133376, 1441824, 19808
free, 256, 31.000000, 133120, 1441824, 19776
free, 256, 31.000000, 132864, 1441824, 19744
free, 256, 31.000000, 132608, 1441824, 19712
free, 256, 28.000000, 132352, 1441824, 19680
free, 256, 29.000000, 132096, 1441824, 19648
free, 256, 29.000000, 131840, 1441824, 19616
free, 256, 30.000000, 131584, 1441824, 19584
free, 256, 29.000000, 131328, 1441824, 19552
free, 256, 27.000000, 131072, 1441824, 19520
free, 256, 28.000000, 130816, 1441824, 19488
free, 256, 30.000000, 130560, 1441824, 19456
free, 256, 30.000000, 130304, 1441824, 19424
free, 256, 31.000000, 130048, 1441824, 19392
free, 256, 28.000000, 129792, 1441824, 19360
free, 256, 32.000000, 129536, 1441824, 19328
free, 256, 26.000000, 129280, 1441824, 19296
free, 256, 28.000000, 129024, 1441824, 19264
free, 256, 27.000000, 128768, 1441824, 19232
free, 256, 31.000000, 128512, 1441824, 19200
free, 256, 28.000000, 128256, 1441824, 19168
free, 256, 28.000000, 128000, 1441824, 19136
free, 256, 29.000000, 127744, 1441824, 19104
free, 256, 33.000000, 127488, 1441824, 19072
free, 256, 31.000000, 127232, 1441824, 19040
free, 256, 31.000000, 126976, 1441824, 19008
free, 256, 29.000000, 126720, 1441824, 18976
free, 256, 28.000000, 126464, 1441824, 18944
free, 256, 30.000000, 126208, 1441824, 18912
free, 256, 30.000000, 125952, 1441824, 18880
free, 256, 25.000000, 125696, 1441824, 18848
free, 256, 28.000000, 125440, 1441824, 18816
free, 256, 28.000000, 125184, 1441824, 18784
free, 256, 32.000000, 124928, 1441824, 18752
free, 256, 32.000000, 124672, 1441824, 18720
free, 256, 29.000000, 124416, 1441824, 18688
free, 256, 32.000000, 124160, 1441824, 18656
free, 256, 29.000000, 123904, 1441824, 18624
free, 256, 30.000000, 123648, 1441824, 18592
free, 256, 30.000000, 123392, 1441824, 18560
free, 256, 29.000000, 123136, 1441824, 18528
free, 256, 27.000000, 122880, 1441824, 18496
free, 256, 26.000000, 122624, 1441824, 18464
free, 256, 26.000000, 122368, 1441824, 18432
free, 256, 21.000000, 122112, 1441824, 18400
free, 256, 29.000000, 121856, 1441824, 18368
free, 256, 30.000000, 121600, 1441824, 18336
free, 256, 30.000000, 121344, 1441824, 18304
free, 256, 31.000000, 121088, 1441824, 18272
free, 256, 31.000000, 120832, 1441824, 18240
free, 256, 31.000000, 120576, 1441824, 18208
free, 256, 30.000000, 120320, 1441824, 18176
free, 256, 31.000000, 120064, 1441824, 18144
free, 256, 32.000000, 119808, 1441824, 18112
free, 256, 25.000000, 119552, 1441824, 18080
free, 256, 28.000000, 119296, 1441824, 18048
free, 256, 27.000000, 119040, 1441824, 18016
free, 256, 28.000000, 118784, 1441824, 17984
free, 256, 32.000000, 118528, 1441824, 17952
free, 256, 28.000000, 118272, 1441824, 17920
free, 256, 29.000000, 118016, 1441824, 17888
free, 256, 29.000000, 117760, 1441824, 17856
free, 256, 28.000000, 117504, 1441824, 17824
free, 256, 26.000000, 117248, 1441824, 17792
free, 256, 29.000000, 116992, 1441824, 17760
free, 256, 29.000000, 116736, 1441824, 17728
free, 256, 29.000000, 116480, 1441824, 17696
free, 256, 27.000000, 116224, 1441824, 17664
free, 256, 32.000000, 115968, 1441824, 17632
free, 256, 32.000000, 115712, 1441824, 17600
free, 256, 30.000000, 115456, 1441824, 17568
free, 256, 29.000000, 115200, 1441824, 17536
free, 256, 27.000000, 114944, 1441824, 17504
free, 256, 27.000000, 114688, 1441824, 17472
free, 256, 28.000000, 114432, 1441824, 17440
free, 256, 32.000000, 114176, 1441824, 17408
free, 256, 31.000000, 113920, 1441824, 17376
free, 256, 30.000000, 113664, 1441824, 17344
free, 256, 31.000000, 113408, 1441824, 17312
free, 256, 31.000000, 113152, 1441824, 17280
free, 256, 31.000000, 112896, 1441824, 17248
free, 256, 30.000000, 112640, 1441824, 17216
free, 256, 26.000000, 112384, 1441824, 17184
free, 256, 28.000000, 112128, 1441824, 17152
free, 256, 30.000000, 111872, 1441824, 17120
free, 256, 28.000000, 111616, 1441824, 17088
free, 256, 27.000000, 111360, 1441824, 17056
free, 256, 29.000000, 111104, 1441824, 17024
free, 256, 27.000000, 110848, 1441824, 16992
free, 256, 28.000000, 110592, 1441824, 16960
free, 256, 31.000000, 110336, 1441824, 16928
free, 256, 31.000000, 110080, 1441824, 16896
free, 256, 30.000000, 109824, 1441824, 16864
free, 256, 29.000000, 109568, 1441824, 16832
free, 256, 31.000000, 109312, 1441824, 16800
free, 256, 31.000000, 109056, 1441824, 16768
free, 256, 27.000000, 108800, 1441824, 16736
free, 256, 30.000000, 108544, 1441824, 16704
free, 256, 29.000000, 108288, 1441824, 16672
free, 256, 28.000000, 108032, 1441824, 16640
free, 256, 30.000000, 107776, 1441824, 16608
free, 256, 29.000000, 107520, 1441824, 16576
free, 256, 28.000000, 107264, 1441824, 16544
free, 256, 28.000000, 107008, 1441824, 16512
free, 256, 32.000000, 106752, 1441824, 16480
free, 256, 33.000000, 106496, 1441824, 16448
free, 256, 31.000000, 106240, 1441824, 16416
free, 256, 32.000000, 105984, 1441824, 16384
free, 256, 32.000000, 105728, 1441824, 16352
free, 256, 28.000000, 105472, 1441824, 16320
free, 256, 22.000000, 105216, 1441824, 16288
free, 256, 29.000000, 104960, 1441824, 16256
free, 256, 28.000000, 104704, 1441824, 16224
free, 256, 26.000000, 104448, 1441824, 16192
free, 256, 28.000000, 104192, 1441824, 16160
free, 256, 32.000000, 103936, 1441824, 16128
free, 256, 28.000000, 103680, 1441824, 16096
free, 256, 32.000000, 103424, 1441824, 16064
free, 256, 29.000000, 103168, 1441824, 16032
free, 256, 29.000000, 102912, 1441824, 16000
free, 256, 29.000000, 102656, 1441824, 15968
free, 256, 28.000000, 102400, 1441824, 15936
free, 256, 29.000000, 102144, 1441824, 15904
free, 256, 27.000000, 101888, 1441824, 15872
free, 256, 29.000000, 101632, 1441824, 15840
free, 256, 31.000000, 101376, 1441824, 15808
free, 256, 29.000000, 101120, 1441824, 15776
free, 256, 31.000000, 100864, 1441824, 15744
free, 256, 33.000000, 100608, 1441824, 15712
free, 256, 30.000000, 100352, 1441824, 15680
free, 256, 28.000000, 100096, 1441824, 15648
free, 256, 27.000000, 99840, 1441824, 15616
free, 256, 32.000000, 99584, 1441824, 15584
free, 256, 29.000000, 99328, 1441824, 15552
free, 256, 30.000000, 99072, 1441824, 15520
free, 256, 30.000000, 98816, 1441824, 15488
free, 256, 31.000000, 98560, 1441824, 15456
free, 256, 32.000000, 98304, 1441824, 15424
free, 256, 32.000000, 98048, 1441824, 15392
free, 256, 29.000000, 97792, 1441824, 15360
free, 256, 29.000000, 97536, 1441824, 15328
free, 256, 29.000000, 97280, 1441824, 15296
free, 256, 26.000000, 97024, 1441824, 15264
free, 256, 30.000000, 96768, 1441824, 15232
free, 256, 30.000000, 96512, 1441824, 15200
free, 256, 30.000000, 96256, 1441824, 15168
free, 256, 23.000000, 96000, 1441824, 15136
free, 256, 32.000000, 95744, 1441824, 15104
free, 256, 31.000000, 95488, 1441824, 15072
free, 256, 32.000000, 95232, 1441824, 15040
free, 256, 24.000000, 94976, 1441824, 15008
free, 256, 33.000000, 94720, 1441824, 14976
free, 256, 24.000000, 94464, 1441824, 14944
free, 256, 32.000000, 94208, 1441824, 14912
free, 256, 23.000000, 93952, 1441824, 14880
free, 256, 28.000000, 93696, 1441824, 14848
free, 256, 30.000000, 93440, 1441824, 14816
free, 256, 33.000000, 93184, 1441824, 14784
free, 256, 28.000000, 92928, 1441824, 14752
free, 256, 28.000000, 92672, 1441824, 14720
free, 256, 28.000000, 92416, 1441824, 14688
free, 256, 32.000000, 92160, 1441824, 14656
free, 256, 31.000000, 91904, 1441824, 14624
free, 256, 28.000000, 91648, 1441824, 14592
free, 256, 31.000000, 91392, 1441824, 14560
free, 256, 31.000000, 91136, 1441824, 14528
free, 256, 30.000000, 90880, 1441824, 14496
free, 256, 28.000000, 90624, 1441824, 14464
free, 256, 30.000000, 90368, 1441824, 14432
free, 256, 29.000000, 90112, 1441824, 14400
free, 256, 30.000000, 89856, 1441824, 14368
free, 256, 31.000000, 89600, 1441824, 14336
free, 256, 32.000000, 89344, 1441824, 14304
free, 256, 29.000000, 89088, 1441824, 14272
free, 256, 29.000000, 88832, 1441824, 14240
free, 256, 29.000000, 88576, 1441824, 14208
free, 256, 28.000000, 88320, 1441824, 14176
free, 256, 28.000000, 88064, 1441824, 14144
free, 256, 27.000000, 87808, 1441824, 14112
free, 256, 28.000000, 87552, 1441824, 14080
free, 256, 28.000000, 87296, 1441824, 14048
free, 256, 28.000000, 87040, 1441824, 14016
free, 256, 32.000000, 86784, 1441824, 13984
free, 256, 31.000000, 86528, 1441824, 13952
free, 256, 30.000000, 86272, 1441824, 13920
free, 256, 29.000000, 86016, 1441824, 13888
free, 256, 31.000000, 85760, 1441824, 13856
free, 256, 31.000000, 85504, 1441824, 13824
free, 256, 30.000000, 85248, 1441824, 13792
free, 256, 30.000000, 84992, 1441824, 13760
free, 256, 29.000000, 84736, 1441824, 13728
free, 256, 26.000000, 84480, 1441824, 13696
free, 256, 28.000000, 84224, 1441824, 13664
free, 256, 29.000000, 83968, 1441824, 13632
free, 256, 26.000000, 83712, 1441824, 13600
free, 256, 28.000000, 83456, 1441824, 13568
free, 256, 30.000000, 83200, 1441824, 13536
free, 256, 32.000000, 82944, 1441824, 13504
free, 256, 32.000000, 82688, 1441824, 13472
free, 256, 30.000000, 82432, 1441824, 13440
free, 256, 28.000000, 82176, 1441824, 13408
free, 256, 27.000000, 81920, 1441824, 13376
free, 256, 28.000000, 81664, 1441824, 13344
free, 256, 30.000000, 81408, 1441824, 13312
free, 256, 30.000000, 81152, 1441824, 13280
free, 256, 30.000000, 80896, 1441824, 13248
free, 256, 32.000000, 80640, 1441824, 13216
free, 256, 29.000000, 80384, 1441824, 13184
free, 256, 29.000000, 80128, 1441824, 13152
free, 256, 31.000000, 79872, 1441824, 13120
free, 256, 31.000000, 79616, 1441824, 13088
free, 256, 28.000000, 79360, 1441824, 13056
free, 256, 27.000000, 79104, 1441824, 13024
free, 256, 29.000000, 78848, 1441824, 12992
free, 256, 31.000000, 78592, 1441824, 12960
free, 256, 22.000000, 78336, 1441824, 12928
free, 256, 30.000000, 78080, 1441824, 12896
free, 256, 31.000000, 77824, 1441824, 12864
free, 256, 29.000000, 77568, 1441824, 12832
free, 256, 28.000000, 77312, 1441824, 12800
free, 256, 28.000000, 77056, 1441824, 12768
free, 256, 28.000000, 76800, 1441824, 12736
free, 256, 28.000000, 76544, 1441824, 12704
free, 256, 30.000000, 76288, 1441824, 12672
free, 256, 31.000000, 76032, 1441824, 12640
free, 256, 32.000000, 75776, 1441824, 12608
free, 256, 31.000000, 75520, 1441824, 12576
free, 256, 29.000000, 75264, 1441824, 12544
free, 256, 27.000000, 75008, 1441824, 12512
free, 256, 23.000000, 74752, 1441824, 12480
free, 256, 28.000000, 74496, 1441824, 12448
free, 256, 29.000000, 74240, 1441824, 12416
free, 256, 30.000000, 73984, 1441824, 12384
free, 256, 30.000000, 73728, 1441824, 12352
free, 256, 32.000000, 73472, 1441824, 12320
free, 256, 32.000000, 73216, 1441824, 12288
free, 256, 31.000000, 72960, 1441824, 12256
free, 256, 31.000000, 72704, 1441824, 12224
free, 256, 29.000000, 72448, 1441824, 12192
free, 256, 25.000000, 72192, 1441824, 12160
free, 256, 28.000000, 71936, 1441824, 12128
free, 256, 29.000000, 71680, 1441824, 12096
free, 256, 28.000000, 71424, 1441824, 12064
free, 256, 29.000000, 71168, 1441824, 12032
free, 256, 27.000000, 70912, 1441824, 12000
free, 256, 25.000000, 70656, 1441824, 11968
free, 256, 30.000000, 70400, 1441824, 11936
free, 256, 31.000000, 70144, 1441824, 11904
free, 256, 30.000000, 69888, 1441824, 11872
free, 256, 29.000000, 69632, 1441824, 11840
free, 256, 29.000000, 69376, 1441824, 11808
free, 256, 29.000000, 69120, 1441824, 11776
free, 256, 31.000000, 68864, 1441824, 11744
free, 256, 29.000000, 68608, 1441824, 11712
free, 256, 27.000000, 68352, 1441824, 11680
free, 256, 29.000000, 68096, 1441824, 11648
free, 256, 28.000000, 67840, 1441824, 11616
free, 256, 27.000000, 67584, 1441824, 11584
free, 256, 28.000000, 67328, 1441824, 11552
free, 256, 28.000000, 67072, 1441824, 11520
free, 256, 33.000000, 66816, 1441824, 11488
free, 256, 29.000000, 66560, 1441824, 11456
free, 256, 30.000000, 66304, 1441824, 11424
free, 256, 30.000000, 66048, 1441824, 11392
free, 256, 31.000000, 65792, 1441824, 11360
free, 256, 32.000000, 65536, 1441824, 11328
free, 256, 30.000000, 65280, 1441824, 11296
free, 256, 29.000000, 65024, 1441824, 11264
free, 256, 29.000000, 64768, 1441824, 11232
free, 256, 28.000000, 64512, 1441824, 11200
free, 256, 29.000000, 64256, 1441824, 11168
free, 256, 29.000000, 64000, 1441824, 11136
free, 256, 28.000000, 63744, 1441824, 11104
free, 256, 28.000000, 63488, 1441824, 11072
free, 256, 29.000000, 63232, 1441824, 11040
free, 256, 31.000000, 62976, 1441824, 11008
free, 256, 32.000000, 62720, 1441824, 10976
free, 256, 29.000000, 62464, 1441824, 10944
free, 256, 29.000000, 62208, 1441824, 10912
free, 256, 31.000000, 61952, 1441824, 10880
free, 256, 32.000000, 61696, 1441824, 10848
free, 256, 31.000000, 61440, 1441824, 10816
free, 256, 30.000000, 61184, 1441824, 10784
free, 256, 29.000000, 60928, 1441824, 10752
free, 256, 28.000000, 60672, 1441824, 10720
free, 256, 31.000000, 60416, 1441824, 10688
free, 256, 24.000000, 60160, 1441824, 10656
free, 256, 32.000000, 59904, 1441824, 10624
free, 256, 29.000000, 59648, 1441824, 10592
free, 256, 29.000000, 59392, 1441824, 10560
free, 256, 28.000000, 59136, 1441824, 10528
free, 256, 29.000000, 58880, 1441824, 10496
free, 256, 29.000000, 58624, 1441824, 10464
free, 256, 27.000000, 58368, 1441824, 10432
free, 256, 28.000000, 58112, 1441824, 10400
free, 256, 29.000000, 57856, 1441824, 10368
free, 256, 32.000000, 57600, 1441824, 10336
free, 256, 33.000000, 57344, 1441824, 10304
free, 256, 30.000000, 57088, 1441824, 10272
free, 256, 28.000000, 56832, 1441824, 10240
free, 256, 23.000000, 56576, 1441824, 10208
free, 256, 28.000000, 56320, 1441824, 10176
free, 256, 29.000000, 56064, 1441824, 10144
free, 256, 29.000000, 55808, 1441824, 10112
free, 256, 27.000000, 55552, 1441824, 10080
free, 256, 32.000000, 55296, 1441824, 10048
free, 256, 31.000000, 55040, 1441824, 10016
free, 256, 31.000000, 54784, 1441824, 9984
free, 256, 32.000000, 54528, 1441824, 9952
free, 256, 30.000000, 54272, 1441824, 9920
free, 256, 28.000000, 54016, 1441824, 9888
free, 256, 27.000000, 53760, 1441824, 9856
free, 256, 27.000000, 53504, 1441824, 9824
free, 256, 29.000000, 53248, 1441824, 9792
free, 256, 31.000000, 52992, 1441824, 9760
free, 256, 30.000000, 52736, 1441824, 9728
free, 256, 28.000000, 52480, 1441824, 9696
free, 256, 32.000000, 52224, 1441824, 9664
free, 256, 30.000000, 51968, 1441824, 9632
free, 256, 29.000000, 51712, 1441824, 9600
free, 256, 28.000000, 51456, 1441824, 9568
free, 256, 29.000000, 51200, 1441824, 9536
free, 256, 27.000000, 50944, 1441824, 9504
free, 256, 28.000000, 50688, 1441824, 9472
free, 256, 30.000000, 50432, 1441824, 9440
free, 256, 31.000000, 50176, 1441824, 9408
free, 256, 29.000000, 49920, 1441824, 9376
free, 256, 30.000000, 49664, 1441824, 9344
free, 256, 31.000000, 49408, 1441824, 9312
free, 256, 31.000000, 49152, 1441824, 9280
free, 256, 32.000000, 48896, 1441824, 9248
free, 256, 29.000000, 48640, 1441824, 9216
free, 256, 27.000000, 48384, 1441824, 9184
free, 256, 29.000000, 48128, 1441824, 9152
free, 256, 30.000000, 47872, 1441824, 9120
free, 256, 28.000000, 47616, 1441824, 9088
free, 256, 27.000000, 47360, 1441824, 9056
free, 256, 28.000000, 47104, 1441824, 9024
free, 256, 29.000000, 46848, 1441824, 8992
free, 256, 30.000000, 46592, 1441824, 8960
free, 256, 33.000000, 46336, 1441824, 8928
free, 256, 30.000000, 46080, 1441824, 8896
free, 256, 29.000000, 45824, 1441824, 8864
free, 256, 23.000000, 45568, 1441824, 8832
free, 256, 29.000000, 45312, 1441824, 8800
free, 256, 28.000000, 45056, 1441824, 8768
free, 256, 30.000000, 44800, 1441824, 8736
free, 256, 30.000000, 44544, 1441824, 8704
free, 256, 31.000000, 44288, 1441824, 8672
free, 256, 30.000000, 44032, 1441824, 8640
free, 256, 30.000000, 43776, 1441824, 8608
free, 256, 31.000000, 43520, 1441824, 8576
free, 256, 31.000000, 43264, 1441824, 8544
free, 256, 28.000000, 43008, 1441824, 8512
free, 256, 27.000000, 42752, 1441824, 8480
free, 256, 29.000000, 42496, 1441824, 8448
free, 256, 30.000000, 42240, 1441824, 8416
free, 256, 23.000000, 41984, 1441824, 8384
free, 256, 29.000000, 41728, 1441824, 8352
free, 256, 29.000000, 41472, 1441824, 8320
free, 256, 31.000000, 41216, 1441824, 8288
free, 256, 32.000000, 40960, 1441824, 8256
free, 256, 30.000000, 40704, 1441824, 8224
free, 256, 31.000000, 40448, 1441824, 8192
free, 256, 32.000000, 40192, 1441824, 8160
free, 256, 29.000000, 39936, 1441824, 8128
free, 256, 31.000000, 39680, 1441824, 8096
free, 256, 28.000000, 39424, 1441824, 8064
free, 256, 26.000000, 39168, 1441824, 8032
free, 256, 28.000000, 38912, 1441824, 8000
free, 256, 28.000000, 38656, 1441824, 7968
free, 256, 30.000000, 38400, 1441824, 7936
free, 256, 32.000000, 38144, 1441824, 7904
free, 256, 31.000000, 37888, 1441824, 7872
free, 256, 28.000000, 37632, 1441824, 7840
free, 256, 27.000000, 37376, 1441824, 7808
free, 256, 28.000000, 37120, 1441824, 7776
free, 256, 30.000000, 36864, 1441824, 7744
free, 256, 28.000000, 36608, 1441824, 7712
free, 256, 29.000000, 36352, 1441824, 7680
free, 256, 28.000000, 36096, 1441824, 7648
free, 256, 31.000000, 35840, 1441824, 7616
free, 256, 31.000000, 35584, 1441824, 7584
free, 256, 32.000000, 35328, 1441824, 7552
free, 256, 32.000000, 35072, 1441824, 7520
free, 256, 30.000000, 34816, 1441824, 7488
free, 256, 30.000000, 34560, 1441824, 7456
free, 256, 31.000000, 34304, 1441824, 7424
free, 256, 28.000000, 34048, 1441824, 7392
free, 256, 28.000000, 33792, 1441824, 7360
free, 256, 28.000000, 33536, 1441824, 7328
free, 256, 29.000000, 33280, 1441824, 7296
free, 256, 28.000000, 33024, 1441824, 7264
free, 256, 28.000000, 32768, 1441824, 7232
free, 256, 29.000000, 32512, 1441824, 7200
free, 256, 29.000000, 32256, 1441824, 7168
free, 256, 32.000000, 32000, 1441824, 7136
free, 256, 31.000000, 31744, 1441824, 7104
free, 256, 31.000000, 31488, 1441824, 7072
free, 256, 29.000000, 31232, 1441824, 7040
free, 256, 28.000000, 30976, 1441824, 7008
free, 256, 29.000000, 30720, 1441824, 6976
free, 256, 30.000000, 30464, 1441824, 6944
free, 256, 29.000000, 30208, 1441824, 6912
free, 256, 28.000000, 29952, 1441824, 6880
free, 256, 30.000000, 29696, 1441824, 6848
free, 256, 29.000000, 29440, 1441824, 6816
free, 256, 26.000000, 29184, 1441824, 6784
free, 256, 30.000000, 28928, 1441824, 6752
free, 256, 29.000000, 28672, 1441824, 6720
free, 256, 30.000000, 28416, 1441824, 6688
free, 256, 32.000000, 28160, 1441824, 6656
free, 256, 32.000000, 27904, 1441824, 6624
free, 256, 26.000000, 27648, 1441824, 6592
free, 256, 23.000000, 27392, 1441824, 6560
free, 256, 29.000000, 27136, 1441824, 6528
free, 256, 28.000000, 26880, 1441824, 6496
free, 256, 32.000000, 26624, 1441824, 6464
free, 256, 31.000000, 26368, 1441824, 6432
free, 256, 30.000000, 26112, 1441824, 6400
free, 256, 31.000000, 25856, 1441824, 6368
free, 256, 28.000000, 25600, 1441824, 6336
free, 256, 31.000000, 25344, 1441824, 6304
free, 256, 31.000000, 25088, 1441824, 6272
free, 256, 27.000000, 24832, 1441824, 6240
free, 256, 30.000000, 24576, 1441824, 6208
free, 256, 27.000000, 24320, 1441824, 6176
free, 256, 30.000000, 24064, 1441824, 6144
free, 256, 24.000000, 23808, 1441824, 6112
free, 256, 29.000000, 23552, 1441824, 6080
free, 256, 29.000000, 23296, 1441824, 6048
free, 256, 32.000000, 23040, 1441824, 6016
free, 256, 31.000000, 22784, 1441824, 5984
free, 256, 31.000000, 22528, 1441824, 5952
free, 256, 30.000000, 22272, 1441824, 5920
free, 256, 32.000000, 22016, 1441824, 5888
free, 256, 30.000000, 21760, 1441824, 5856
free, 256, 30.000000, 21504, 1441824, 5824
free, 256, 29.000000, 21248, 1441824, 5792
free, 256, 28.000000, 20992, 1441824, 5760
free, 256, 29.000000, 20736, 1441824, 5728
free, 256, 27.000000, 20480, 1441824, 5696
free, 256, 33.000000, 20224, 1441824, 5664
free, 256, 30.000000, 19968, 1441824, 5632
free, 256, 28.000000, 19712, 1441824, 5600
free, 256, 29.000000, 19456, 1441824, 5568
free, 256, 29.000000, 19200, 1441824, 5536
free, 256, 29.000000, 18944, 1441824, 5504
free, 256, 27.000000, 18688, 1441824, 5472
free, 256, 29.000000, 18432, 1441824, 5440
free, 256, 30.000000, 18176, 1441824, 5408
free, 256, 29.000000, 17920, 1441824, 5376
free, 256, 33.000000, 17664, 1441824, 5344
free, 256, 30.000000, 17408, 1441824, 5312
free, 256, 30.000000, 17152, 1441824, 5280
free, 256, 31.000000, 16896, 1441824, 5248
free, 256, 29.000000, 16640, 1441824, 5216
free, 256, 26.000000, 16384, 1441824, 5184
free, 256, 29.000000, 16128, 1441824, 5152
free, 256, 31.000000, 15872, 1441824, 5120
free, 256, 32.000000, 15616, 1441824, 5088
free, 256, 29.000000, 15360, 1441824, 5056
free, 256, 30.000000, 15104, 1441824, 5024
free, 256, 30.000000, 14848, 1441824, 4992
free, 256, 30.000000, 14592, 1441824, 4960
free, 256, 30.000000, 14336, 1441824, 4928
free, 256, 31.000000, 14080, 1441824, 4896
free, 256, 29.000000, 13824, 1441824, 4864
free, 256, 29.000000, 13568, 1441824, 4832
free, 256, 28.000000, 13312, 1441824, 4800
free, 256, 31.000000, 13056, 1441824, 4768
free, 256, 22.000000, 12800, 1441824, 4736
free, 256, 29.000000, 12544, 1441824, 4704
free, 256, 31.000000, 12288, 1441824, 4672
free, 256, 29.000000, 12032, 1441824, 4640
free, 256, 28.000000, 11776, 1441824, 4608
free, 256, 29.000000, 11520, 1441824, 4576
free, 256, 30.000000, 11264, 1441824, 4544
free, 256, 28.000000, 11008, 1441824, 4512
free, 256, 28.000000, 10752, 1441824, 4480
free, 256, 29.000000, 10496, 1441824, 4448
free, 256, 32.000000, 10240, 1441824, 4416
free, 256, 30.000000, 9984, 1441824, 4384
free, 256, 29.000000, 9728, 1441824, 4352
free, 256, 28.000000, 9472, 1441824, 4320
free, 256, 23.000000, 9216, 1441824, 4288
free, 256, 27.000000, 8960, 1441824, 4256
free, 256, 29.000000, 8704, 1441824, 4224
free, 256, 31.000000, 8448, 1441824, 4192
free, 256, 42.000000, 8192, 1441824, 4160
free, 256, 32.000000, 7936, 1441824, 4128
free, 256, 31.000000, 7680, 1441824, 4096
free, 256, 29.000000, 7424, 1441824, 4064
free, 256, 31.000000, 7168, 1441824, 4032
free, 256, 30.000000, 6912, 1441824, 4000
free, 256, 28.000000, 6656, 1441824, 3968
free, 256, 28.000000, 6400, 1441824, 3936
free, 256, 30.000000, 6144, 1441824, 3904
free, 256, 30.000000, 5888, 1441824, 3872
free, 256, 30.000000, 5632, 1441824, 3840
free, 256, 28.000000, 5376, 1441824, 3808
free, 256, 29.000000, 5120, 1441824, 3776
free, 256, 30.000000, 4864, 1441824, 3744
free, 256, 30.000000, 4608, 1441824, 3712
free, 256, 32.000000, 4352, 1441824, 3680
free, 256, 31.000000, 4096, 1441824, 3648
free, 256, 30.000000, 3840, 1441824, 3616
free, 256, 29.000000, 3584, 1441824, 3584
free, 256, 31.000000, 3328, 1441824, 3552
free, 256, 31.000000, 3072, 1441824, 3520
free, 256, 29.000000, 2816, 1441824, 3488
free, 256, 29.000000, 2560, 1441824, 3456
free, 256, 28.000000, 2304, 1441824, 3424
free, 256, 30.000000, 2048, 1441824, 3392
free, 256, 27.000000, 1792, 1441824, 3360
free, 256, 28.000000, 1536, 1441824, 3328
free, 256, 30.000000, 1280, 1441824, 3296
free, 256, 29.000000, 1024, 1441824, 3264
free, 256, 31.000000, 768, 1441824, 3232
free, 256, 32.000000, 512, 1441824, 3200
free, 256, 29.000000, 256, 1441824, 3168
free, 256, 73.000000, 0, 1441824, 3104
