malloc, 64, 249.000000, 64, 4096, 64
malloc, 64, 118.000000, 128, 4096, 96
malloc, 64, 80.000000, 192, 4096, 128
malloc, 64, 72.000000, 256, 4096, 160
malloc, 64, 57.000000, 320, 4096, 192
malloc, 64, 60.000000, 384, 4096, 224
malloc, 64, 71.000000, 448, 4096, 256
malloc, 64, 68.000000, 512, 4096, 288
malloc, 64, 65.000000, 576, 4096, 320
malloc, 64, 71.000000, 640, 4096, 352
malloc, 64, 72.000000, 704, 4096, 384
malloc, 64, 76.000000, 768, 4096, 416
malloc, 64, 82.000000, 832, 4096, 448
malloc, 64, 84.000000, 896, 4096, 480
malloc, 64, 85.000000, 960, 4096, 512
malloc, 64, 89.000000, 1024, 4096, 544
malloc, 64, 81.000000, 1088, 4096, 576
malloc, 64, 83.000000, 1152, 4096, 608
malloc, 64, 79.000000, 1216, 4096, 640
malloc, 64, 96.000000, 1280, 4096, 672
malloc, 64, 99.000000, 1344, 4096, 704
malloc, 64, 101.000000, 1408, 4096, 736
malloc, 64, 110.000000, 1472, 4096, 768
malloc, 64, 113.000000, 1536, 4096, 800
malloc, 64, 115.000000, 1600, 4096, 832
malloc, 64, 115.000000, 1664, 4096, 864
malloc, 64, 129.000000, 1728, 4096, 896
malloc, 64, 116.000000, 1792, 4096, 928
malloc, 64, 104.000000, 1856, 4096, 960
malloc, 64, 120.000000, 1920, 4096, 992
malloc, 64, 121.000000, 1984, 4096, 1024
malloc, 64, 117.000000, 2048, 4096, 1056
malloc, 64, 135.000000, 2112, 4096, 1088
malloc, 64, 138.000000, 2176, 4096, 1120
malloc, 64, 137.000000, 2240, 4096, 1152
malloc, 64, 132.000000, 2304, 4096, 1184
malloc, 64, 125.000000, 2368, 4096, 1216
malloc, 64, 126.000000, 2432, 4096, 1248
malloc, 64, 126.000000, 2496, 4096, 1280
malloc, 64, 148.000000, 2560, 4096, 1312
malloc, 64, 133.000000, 2624, 4096, 1344
malloc, 64, 148.000000, 2688, 4096, 1376
malloc, 64, 5796.000000, 2752, 1052672, 1440
malloc, 64, 213.000000, 2816, 1052672, 1472
malloc, 64, 141.000000, 2880, 1052672, 1504
malloc, 64, 140.000000, 2944, 1052672, 1536
malloc, 64, 128.000000, 3008, 1052672, 1568
malloc, 64, 141.000000, 3072, 1052672, 1600
malloc, 64, 137.000000, 3136, 1052672, 1632
malloc, 64, 136.000000, 3200, 1052672, 1664
malloc, 64, 139.000000, 3264, 1052672, 1696
malloc, 64, 140.000000, 3328, 1052672, 1728
malloc, 64, 154.000000, 3392, 1052672, 1760
malloc, 64, 146.000000, 3456, 1052672, 1792
malloc, 64, 151.000000, 3520, 1052672, 1824
malloc, 64, 151.000000, 3584, 1052672, 1856
malloc, 64, 155.000000, 3648, 1052672, 1888
malloc, 64, 155.000000, 3712, 1052672, 1920
malloc, 64, 157.000000, 3776, 1052672, 1952
malloc, 64, 157.000000, 3840, 1052672, 1984
malloc, 64, 161.000000, 3904, 1052672, 2016
malloc, 64, 163.000000, 3968, 1052672, 2048
malloc, 64, 163.000000, 4032, 1052672, 2080
malloc, 64, 166.000000, 4096, 1052672, 2112
malloc, 64, 169.000000, 4160, 1052672, 2144
malloc, 64, 170.000000, 4224, 1052672, 2176
malloc, 64, 175.000000, 4288, 1052672, 2208
malloc, 64, 175.000000, 4352, 1052672, 2240
malloc, 64, 174.000000, 4416, 1052672, 2272
malloc, 64, 178.000000, 4480, 1052672, 2304
malloc, 64, 193.000000, 4544, 1052672, 2336
malloc, 64, 183.000000, 4608, 1052672, 2368
malloc, 64, 186.000000, 4672, 1052672, 2400
malloc, 64, 188.000000, 4736, 1052672, 2432
malloc, 64, 190.000000, 4800, 1052672, 2464
malloc, 64, 195.000000, 4864, 1052672, 2496
malloc, 64, 196.000000, 4928, 1052672, 2528
malloc, 64, 194.000000, 4992, 1052672, 2560
malloc, 64, 196.000000, 5056, 1052672, 2592
malloc, 64, 199.000000, 5120, 1052672, 2624
malloc, 64, 199.000000, 5184, 1052672, 2656
malloc, 64, 206.000000, 5248, 1052672, 2688
malloc, 64, 205.000000, 5312, 1052672, 2720
malloc, 64, 205.000000, 5376, 1052672, 2752
malloc, 64, 1035.000000, 5440, 1052672, 2784
malloc, 64, 290.000000, 5504, 1052672, 2816
malloc, 64, 226.000000, 5568, 1052672, 2848
malloc, 64, 213.000000, 5632, 1052672, 2880
malloc, 64, 214.000000, 5696, 1052672, 2912
malloc, 64, 219.000000, 5760, 1052672, 2944
malloc, 64, 220.000000, 5824, 1052672, 2976
malloc, 64, 227.000000, 5888, 1052672, 3008
malloc, 64, 227.000000, 5952, 1052672, 3040
malloc, 64, 234.000000, 6016, 1052672, 3072
malloc, 64, 231.000000, 6080, 1052672, 3104
malloc, 64, 231.000000, 6144, 1052672, 3136
malloc, 64, 235.000000, 6208, 1052672, 3168
malloc, 64, 235.000000, 6272, 1052672, 3200
malloc, 64, 240.000000, 6336, 1052672, 3232
malloc, 64, 238.000000, 6400, 1052672, 3264
malloc, 64, 244.000000, 6464, 1052672, 3296
malloc, 64, 248.000000, 6528, 1052672, 3328
malloc, 64, 246.000000, 6592, 1052672, 3360
malloc, 64, 252.000000, 6656, 1052672, 3392
malloc, 64, 253.000000, 6720, 1052672, 3424
malloc, 64, 253.000000, 6784, 1052672, 3456
malloc, 64, 264.000000, 6848, 1052672, 3488
malloc, 64, 254.000000, 6912, 1052672, 3520
malloc, 64, 259.000000, 6976, 1052672, 3552
malloc, 64, 259.000000, 7040, 1052672, 3584
malloc, 64, 262.000000, 7104, 1052672, 3616
malloc, 64, 265.000000, 7168, 1052672, 3648
malloc, 64, 268.000000, 7232, 1052672, 3680
malloc, 64, 270.000000, 7296, 1052672, 3712
malloc, 64, 271.000000, 7360, 1052672, 3744
malloc, 64, 274.000000, 7424, 1052672, 3776
malloc, 64, 276.000000, 7488, 1052672, 3808
malloc, 64, 280.000000, 7552, 1052672, 3840
malloc, 64, 279.000000, 7616, 1052672, 3872
malloc, 64, 282.000000, 7680, 1052672, 3904
malloc, 64, 282.000000, 7744, 1052672, 3936
malloc, 64, 290.000000, 7808, 1052672, 3968
malloc, 64, 296.000000, 7872, 1052672, 4000
malloc, 64, 292.000000, 7936, 1052672, 4032
malloc, 64, 296.000000, 8000, 1052672, 4064
malloc, 64, 302.000000, 8064, 1052672, 4096
malloc, 64, 297.000000, 8128, 1052672, 4128
malloc, 64, 1063.000000, 8192, 1052672, 4160
malloc, 64, 410.000000, 8256, 1052672, 4192
malloc, 64, 309.000000, 8320, 1052672, 4224
malloc, 64, 311.000000, 8384, 1052672, 4256
malloc, 64, 314.000000, 8448, 1052672, 4288
malloc, 64, 311.000000, 8512, 1052672, 4320
malloc, 64, 315.000000, 8576, 1052672, 4352
malloc, 64, 329.000000, 8640, 1052672, 4384
malloc, 64, 318.000000, 8704, 1052672, 4416
malloc, 64, 324.000000, 8768, 1052672, 4448
malloc, 64, 324.000000, 8832, 1052672, 4480
malloc, 64, 328.000000, 8896, 1052672, 4512
malloc, 64, 326.000000, 8960, 1052672, 4544
malloc, 64, 326.000000, 9024, 1052672, 4576
malloc, 64, 327.000000, 9088, 1052672, 4608
malloc, 64, 334.000000, 9152, 1052672, 4640
malloc, 64, 337.000000, 9216, 1052672, 4672
malloc, 64, 339.000000, 9280, 1052672, 4704
malloc, 64, 350.000000, 9344, 1052672, 4736
malloc, 64, 342.000000, 9408, 1052672, 4768
malloc, 64, 352.000000, 9472, 1052672, 4800
malloc, 64, 350.000000, 9536, 1052672, 4832
malloc, 64, 348.000000, 9600, 1052672, 4864
malloc, 64, 352.000000, 9664, 1052672, 4896
malloc, 64, 367.000000, 9728, 1052672, 4928
malloc, 64, 355.000000, 9792, 1052672, 4960
malloc, 64, 353.000000, 9856, 1052672, 4992
malloc, 64, 357.000000, 9920, 1052672, 5024
malloc, 64, 357.000000, 9984, 1052672, 5056
malloc, 64, 368.000000, 10048, 1052672, 5088
malloc, 64, 368.000000, 10112, 1052672, 5120
malloc, 64, 365.000000, 10176, 1052672, 5152
malloc, 64, 368.000000, 10240, 1052672, 5184
malloc, 64, 371.000000, 10304, 1052672, 5216
malloc, 64, 373.000000, 10368, 1052672, 5248
malloc, 64, 379.000000, 10432, 1052672, 5280
malloc, 64, 388.000000, 10496, 1052672, 5312
malloc, 64, 385.000000, 10560, 1052672, 5344
malloc, 64, 386.000000, 10624, 1052672, 5376
malloc, 64, 388.000000, 10688, 1052672, 5408
malloc, 64, 389.000000, 10752, 1052672, 5440
malloc, 64, 384.000000, 10816, 1052672, 5472
malloc, 64, 5422.000000, 10880, 1052672, 5504
malloc, 64, 566.000000, 10944, 1052672, 5536
malloc, 64, 391.000000, 11008, 1052672, 5568
malloc, 64, 393.000000, 11072, 1052672, 5600
malloc, 64, 393.000000, 11136, 1052672, 5632
malloc, 64, 395.000000, 11200, 1052672, 5664
malloc, 64, 405.000000, 11264, 1052672, 5696
malloc, 64, 402.000000, 11328, 1052672, 5728
malloc, 64, 403.000000, 11392, 1052672, 5760
malloc, 64, 411.000000, 11456, 1052672, 5792
malloc, 64, 415.000000, 11520, 1052672, 5824
malloc, 64, 418.000000, 11584, 1052672, 5856
malloc, 64, 417.000000, 11648, 1052672, 5888
malloc, 64, 422.000000, 11712, 1052672, 5920
malloc, 64, 423.000000, 11776, 1052672, 5952
malloc, 64, 423.000000, 11840, 1052672, 5984
malloc, 64, 427.000000, 11904, 1052672, 6016
malloc, 64, 430.000000, 11968, 1052672, 6048
malloc, 64, 427.000000, 12032, 1052672, 6080
malloc, 64, 435.000000, 12096, 1052672, 6112
malloc, 64, 435.000000, 12160, 1052672, 6144
malloc, 64, 837.000000, 12224, 1052672, 6176
malloc, 64, 604.000000, 12288, 1052672, 6208
malloc, 64, 542.000000, 12352, 1052672, 6240
malloc, 64, 545.000000, 12416, 1052672, 6272
malloc, 64, 573.000000, 12480, 1052672, 6304
malloc, 64, 544.000000, 12544, 1052672, 6336
malloc, 64, 600.000000, 12608, 1052672, 6368
malloc, 64, 574.000000, 12672, 1052672, 6400
malloc, 64, 550.000000, 12736, 1052672, 6432
malloc, 64, 551.000000, 12800, 1052672, 6464
malloc, 64, 557.000000, 12864, 1052672, 6496
malloc, 64, 582.000000, 12928, 1052672, 6528
malloc, 64, 593.000000, 12992, 1052672, 6560
malloc, 64, 568.000000, 13056, 1052672, 6592
malloc, 64, 566.000000, 13120, 1052672, 6624
malloc, 64, 580.000000, 13184, 1052672, 6656
malloc, 64, 622.000000, 13248, 1052672, 6688
malloc, 64, 622.000000, 13312, 1052672, 6720
malloc, 64, 595.000000, 13376, 1052672, 6752
malloc, 64, 589.000000, 13440, 1052672, 6784
malloc, 64, 607.000000, 13504, 1052672, 6816
malloc, 64, 696.000000, 13568, 1052672, 6848
malloc, 64, 2365.000000, 13632, 1052672, 6880
malloc, 64, 829.000000, 13696, 1052672, 6912
malloc, 64, 601.000000, 13760, 1052672, 6944
malloc, 64, 611.000000, 13824, 1052672, 6976
malloc, 64, 640.000000, 13888, 1052672, 7008
malloc, 64, 622.000000, 13952, 1052672, 7040
malloc, 64, 664.000000, 14016, 1052672, 7072
malloc, 64, 761.000000, 14080, 1052672, 7104
malloc, 64, 519.000000, 14144, 1052672, 7136
malloc, 64, 514.000000, 14208, 1052672, 7168
malloc, 64, 515.000000, 14272, 1052672, 7200
malloc, 64, 516.000000, 14336, 1052672, 7232
malloc, 64, 517.000000, 14400, 1052672, 7264
malloc, 64, 521.000000, 14464, 1052672, 7296
malloc, 64, 519.000000, 14528, 1052672, 7328
malloc, 64, 524.000000, 14592, 1052672, 7360
malloc, 64, 524.000000, 14656, 1052672, 7392
malloc, 64, 532.000000, 14720, 1052672, 7424
malloc, 64, 527.000000, 14784, 1052672, 7456
malloc, 64, 529.000000, 14848, 1052672, 7488
malloc, 64, 528.000000, 14912, 1052672, 7520
malloc, 64, 534.000000, 14976, 1052672, 7552
malloc, 64, 527.000000, 15040, 1052672, 7584
malloc, 64, 552.000000, 15104, 1052672, 7616
malloc, 64, 540.000000, 15168, 1052672, 7648
malloc, 64, 539.000000, 15232, 1052672, 7680
malloc, 64, 558.000000, 15296, 1052672, 7712
malloc, 64, 555.000000, 15360, 1052672, 7744
malloc, 64, 566.000000, 15424, 1052672, 7776
malloc, 64, 551.000000, 15488, 1052672, 7808
malloc, 64, 560.000000, 15552, 1052672, 7840
malloc, 64, 569.000000, 15616, 1052672, 7872
malloc, 64, 560.000000, 15680, 1052672, 7904
malloc, 64, 560.000000, 15744, 1052672, 7936
malloc, 64, 567.000000, 15808, 1052672, 7968
malloc, 64, 571.000000, 15872, 1052672, 8000
malloc, 64, 569.000000, 15936, 1052672, 8032
malloc, 64, 574.000000, 16000, 1052672, 8064
malloc, 64, 577.000000, 16064, 1052672, 8096
malloc, 64, 566.000000, 16128, 1052672, 8128
malloc, 64, 573.000000, 16192, 1052672, 8160
malloc, 64, 575.000000, 16256, 1052672, 8192
malloc, 64, 580.000000, 16320, 1052672, 8224
malloc, 64, 1646.000000, 16384, 1052672, 8256
malloc, 64, 780.000000, 16448, 1052672, 8288
malloc, 64, 587.000000, 16512, 1052672, 8320
malloc, 64, 582.000000, 16576, 1052672, 8352
malloc, 64, 591.000000, 16640, 1052672, 8384
malloc, 64, 589.000000, 16704, 1052672, 8416
malloc, 64, 595.000000, 16768, 1052672, 8448
malloc, 64, 597.000000, 16832, 1052672, 8480
malloc, 64, 603.000000, 16896, 1052672, 8512
malloc, 64, 609.000000, 16960, 1052672, 8544
malloc, 64, 611.000000, 17024, 1052672, 8576
malloc, 64, 610.000000, 17088, 1052672, 8608
malloc, 64, 618.000000, 17152, 1052672, 8640
malloc, 64, 608.000000, 17216, 1052672, 8672
malloc, 64, 626.000000, 17280, 1052672, 8704
malloc, 64, 627.000000, 17344, 1052672, 8736
malloc, 64, 627.000000, 17408, 1052672, 8768
malloc, 64, 621.000000, 17472, 1052672, 8800
malloc, 64, 620.000000, 17536, 1052672, 8832
malloc, 64, 626.000000, 17600, 1052672, 8864
malloc, 64, 618.000000, 17664, 1052672, 8896
malloc, 64, 637.000000, 17728, 1052672, 8928
malloc, 64, 632.000000, 17792, 1052672, 8960
malloc, 64, 634.000000, 17856, 1052672, 8992
malloc, 64, 635.000000, 17920, 1052672, 9024
malloc, 64, 639.000000, 17984, 1052672, 9056
malloc, 64, 654.000000, 18048, 1052672, 9088
malloc, 64, 646.000000, 18112, 1052672, 9120
malloc, 64, 644.000000, 18176, 1052672, 9152
malloc, 64, 646.000000, 18240, 1052672, 9184
malloc, 64, 665.000000, 18304, 1052672, 9216
malloc, 64, 649.000000, 18368, 1052672, 9248
malloc, 64, 649.000000, 18432, 1052672, 9280
malloc, 64, 667.000000, 18496, 1052672, 9312
malloc, 64, 654.000000, 18560, 1052672, 9344
malloc, 64, 663.000000, 18624, 1052672, 9376
malloc, 64, 669.000000, 18688, 1052672, 9408
malloc, 64, 658.000000, 18752, 1052672, 9440
malloc, 64, 676.000000, 18816, 1052672, 9472
malloc, 64, 677.000000, 18880, 1052672, 9504
malloc, 64, 667.000000, 18944, 1052672, 9536
malloc, 64, 679.000000, 19008, 1052672, 9568
malloc, 64, 1470.000000, 19072, 1052672, 9600
malloc, 64, 846.000000, 19136, 1052672, 9632
malloc, 64, 689.000000, 19200, 1052672, 9664
malloc, 64, 684.000000, 19264, 1052672, 9696
malloc, 64, 698.000000, 19328, 1052672, 9728
malloc, 64, 702.000000, 19392, 1052672, 9760
malloc, 64, 709.000000, 19456, 1052672, 9792
malloc, 64, 717.000000, 19520, 1052672, 9824
malloc, 64, 698.000000, 19584, 1052672, 9856
malloc, 64, 697.000000, 19648, 1052672, 9888
malloc, 64, 707.000000, 19712, 1052672, 9920
malloc, 64, 708.000000, 19776, 1052672, 9952
malloc, 64, 714.000000, 19840, 1052672, 9984
malloc, 64, 712.000000, 19904, 1052672, 10016
malloc, 64, 720.000000, 19968, 1052672, 10048
malloc, 64, 711.000000, 20032, 1052672, 10080
malloc, 64, 723.000000, 20096, 1052672, 10112
malloc, 64, 719.000000, 20160, 1052672, 10144
malloc, 64, 721.000000, 20224, 1052672, 10176
malloc, 64, 715.000000, 20288, 1052672, 10208
malloc, 64, 741.000000, 20352, 1052672, 10240
malloc, 64, 733.000000, 20416, 1052672, 10272
malloc, 64, 736.000000, 20480, 1052672, 10304
malloc, 64, 744.000000, 20544, 1052672, 10336
malloc, 64, 736.000000, 20608, 1052672, 10368
malloc, 64, 736.000000, 20672, 1052672, 10400
malloc, 64, 729.000000, 20736, 1052672, 10432
malloc, 64, 737.000000, 20800, 1052672, 10464
malloc, 64, 753.000000, 20864, 1052672, 10496
malloc, 64, 739.000000, 20928, 1052672, 10528
malloc, 64, 740.000000, 20992, 1052672, 10560
malloc, 64, 750.000000, 21056, 1052672, 10592
malloc, 64, 763.000000, 21120, 1052672, 10624
malloc, 64, 764.000000, 21184, 1052672, 10656
malloc, 64, 763.000000, 21248, 1052672, 10688
malloc, 64, 764.000000, 21312, 1052672, 10720
malloc, 64, 768.000000, 21376, 1052672, 10752
malloc, 64, 774.000000, 21440, 1052672, 10784
malloc, 64, 759.000000, 21504, 1052672, 10816
malloc, 64, 775.000000, 21568, 1052672, 10848
malloc, 64, 800.000000, 21632, 1052672, 10880
malloc, 64, 795.000000, 21696, 1052672, 10912
malloc, 64, 790.000000, 21760, 1052672, 10944
malloc, 64, 1602.000000, 21824, 1052672, 10976
malloc, 64, 1032.000000, 21888, 1052672, 11008
malloc, 64, 791.000000, 21952, 1052672, 11040
malloc, 64, 800.000000, 22016, 1052672, 11072
malloc, 64, 799.000000, 22080, 1052672, 11104
malloc, 64, 782.000000, 22144, 1052672, 11136
malloc, 64, 783.000000, 22208, 1052672, 11168
malloc, 64, 808.000000, 22272, 1052672, 11200
malloc, 64, 797.000000, 22336, 1052672, 11232
malloc, 64, 821.000000, 22400, 1052672, 11264
malloc, 64, 808.000000, 22464, 1052672, 11296
malloc, 64, 822.000000, 22528, 1052672, 11328
malloc, 64, 820.000000, 22592, 1052672, 11360
malloc, 64, 827.000000, 22656, 1052672, 11392
malloc, 64, 829.000000, 22720, 1052672, 11424
malloc, 64, 831.000000, 22784, 1052672, 11456
malloc, 64, 852.000000, 22848, 1052672, 11488
malloc, 64, 836.000000, 22912, 1052672, 11520
malloc, 64, 825.000000, 22976, 1052672, 11552
malloc, 64, 821.000000, 23040, 1052672, 11584
malloc, 64, 835.000000, 23104, 1052672, 11616
malloc, 64, 857.000000, 23168, 1052672, 11648
malloc, 64, 869.000000, 23232, 1052672, 11680
malloc, 64, 842.000000, 23296, 1052672, 11712
malloc, 64, 836.000000, 23360, 1052672, 11744
malloc, 64, 854.000000, 23424, 1052672, 11776
malloc, 64, 874.000000, 23488, 1052672, 11808
malloc, 64, 859.000000, 23552, 1052672, 11840
malloc, 64, 844.000000, 23616, 1052672, 11872
malloc, 64, 874.000000, 23680, 1052672, 11904
malloc, 64, 863.000000, 23744, 1052672, 11936
malloc, 64, 1261.000000, 23808, 1052672, 11968
malloc, 64, 906.000000, 23872, 1052672, 12000
malloc, 64, 888.000000, 23936, 1052672, 12032
malloc, 64, 905.000000, 24000, 1052672, 12064
malloc, 64, 891.000000, 24064, 1052672, 12096
malloc, 64, 888.000000, 24128, 1052672, 12128
malloc, 64, 901.000000, 24192, 1052672, 12160
malloc, 64, 915.000000, 24256, 1052672, 12192
malloc, 64, 900.000000, 24320, 1052672, 12224
malloc, 64, 901.000000, 24384, 1052672, 12256
malloc, 64, 907.000000, 24448, 1052672, 12288
malloc, 64, 899.000000, 24512, 1052672, 12320
malloc, 64, 1847.000000, 24576, 1052672, 12352
malloc, 64, 1163.000000, 24640, 1052672, 12384
malloc, 64, 908.000000, 24704, 1052672, 12416
malloc, 64, 931.000000, 24768, 1052672, 12448
malloc, 64, 931.000000, 24832, 1052672, 12480
malloc, 64, 922.000000, 24896, 1052672, 12512
malloc, 64, 930.000000, 24960, 1052672, 12544
malloc, 64, 940.000000, 25024, 1052672, 12576
malloc, 64, 949.000000, 25088, 1052672, 12608
malloc, 64, 953.000000, 25152, 1052672, 12640
malloc, 64, 932.000000, 25216, 1052672, 12672
malloc, 64, 955.000000, 25280, 1052672, 12704
malloc, 64, 961.000000, 25344, 1052672, 12736
malloc, 64, 941.000000, 25408, 1052672, 12768
malloc, 64, 959.000000, 25472, 1052672, 12800
malloc, 64, 954.000000, 25536, 1052672, 12832
malloc, 64, 952.000000, 25600, 1052672, 12864
malloc, 64, 969.000000, 25664, 1052672, 12896
malloc, 64, 976.000000, 25728, 1052672, 12928
malloc, 64, 958.000000, 25792, 1052672, 12960
malloc, 64, 970.000000, 25856, 1052672, 12992
malloc, 64, 955.000000, 25920, 1052672, 13024
malloc, 64, 968.000000, 25984, 1052672, 13056
malloc, 64, 964.000000, 26048, 1052672, 13088
malloc, 64, 957.000000, 26112, 1052672, 13120
malloc, 64, 966.000000, 26176, 1052672, 13152
malloc, 64, 976.000000, 26240, 1052672, 13184
malloc, 64, 971.000000, 26304, 1052672, 13216
malloc, 64, 985.000000, 26368, 1052672, 13248
malloc, 64, 1023.000000, 26432, 1052672, 13280
malloc, 64, 998.000000, 26496, 1052672, 13312
malloc, 64, 989.000000, 26560, 1052672, 13344
malloc, 64, 1013.000000, 26624, 1052672, 13376
malloc, 64, 999.000000, 26688, 1052672, 13408
malloc, 64, 997.000000, 26752, 1052672, 13440
malloc, 64, 1002.000000, 26816, 1052672, 13472
malloc, 64, 1008.000000, 26880, 1052672, 13504
malloc, 64, 1010.000000, 26944, 1052672, 13536
malloc, 64, 1035.000000, 27008, 1052672, 13568
malloc, 64, 1038.000000, 27072, 1052672, 13600
malloc, 64, 1021.000000, 27136, 1052672, 13632
malloc, 64, 1027.000000, 27200, 1052672, 13664
malloc, 64, 3051.000000, 27264, 1052672, 13696
malloc, 64, 1340.000000, 27328, 1052672, 13728
malloc, 64, 1089.000000, 27392, 1052672, 13760
malloc, 64, 1051.000000, 27456, 1052672, 13792
malloc, 64, 1067.000000, 27520, 1052672, 13824
malloc, 64, 1063.000000, 27584, 1052672, 13856
malloc, 64, 1063.000000, 27648, 1052672, 13888
malloc, 64, 1082.000000, 27712, 1052672, 13920
malloc, 64, 1092.000000, 27776, 1052672, 13952
malloc, 64, 1092.000000, 27840, 1052672, 13984
malloc, 64, 1112.000000, 27904, 1052672, 14016
malloc, 64, 1095.000000, 27968, 1052672, 14048
malloc, 64, 1111.000000, 28032, 1052672, 14080
malloc, 64, 1120.000000, 28096, 1052672, 14112
malloc, 64, 1131.000000, 28160, 1052672, 14144
malloc, 64, 1126.000000, 28224, 1052672, 14176
malloc, 64, 1141.000000, 28288, 1052672, 14208
malloc, 64, 1141.000000, 28352, 1052672, 14240
malloc, 64, 1150.000000, 28416, 1052672, 14272
malloc, 64, 1159.000000, 28480, 1052672, 14304
malloc, 64, 1162.000000, 28544, 1052672, 14336
malloc, 64, 1177.000000, 28608, 1052672, 14368
malloc, 64, 1175.000000, 28672, 1052672, 14400
malloc, 64, 1185.000000, 28736, 1052672, 14432
malloc, 64, 1208.000000, 28800, 1052672, 14464
malloc, 64, 1215.000000, 28864, 1052672, 14496
malloc, 64, 1229.000000, 28928, 1052672, 14528
malloc, 64, 1254.000000, 28992, 1052672, 14560
malloc, 64, 1263.000000, 29056, 1052672, 14592
malloc, 64, 1273.000000, 29120, 1052672, 14624
malloc, 64, 1287.000000, 29184, 1052672, 14656
malloc, 64, 1279.000000, 29248, 1052672, 14688
malloc, 64, 1282.000000, 29312, 1052672, 14720
malloc, 64, 1278.000000, 29376, 1052672, 14752
malloc, 64, 1294.000000, 29440, 1052672, 14784
malloc, 64, 1319.000000, 29504, 1052672, 14816
malloc, 64, 1315.000000, 29568, 1052672, 14848
malloc, 64, 1297.000000, 29632, 1052672, 14880
malloc, 64, 1312.000000, 29696, 1052672, 14912
malloc, 64, 1333.000000, 29760, 1052672, 14944
malloc, 64, 1360.000000, 29824, 1052672, 14976
malloc, 64, 1340.000000, 29888, 1052672, 15008
malloc, 64, 1360.000000, 29952, 1052672, 15040
malloc, 64, 2320.000000, 30016, 1052672, 15072
malloc, 64, 1471.000000, 30080, 1052672, 15104
malloc, 64, 1367.000000, 30144, 1052672, 15136
malloc, 64, 1368.000000, 30208, 1052672, 15168
malloc, 64, 1372.000000, 30272, 1052672, 15200
malloc, 64, 1374.000000, 30336, 1052672, 15232
malloc, 64, 1386.000000, 30400, 1052672, 15264
malloc, 64, 1395.000000, 30464, 1052672, 15296
malloc, 64, 1396.000000, 30528, 1052672, 15328
malloc, 64, 1381.000000, 30592, 1052672, 15360
malloc, 64, 1388.000000, 30656, 1052672, 15392
malloc, 64, 1389.000000, 30720, 1052672, 15424
malloc, 64, 1406.000000, 30784, 1052672, 15456
malloc, 64, 1424.000000, 30848, 1052672, 15488
malloc, 64, 1406.000000, 30912, 1052672, 15520
malloc, 64, 1434.000000, 30976, 1052672, 15552
malloc, 64, 1446.000000, 31040, 1052672, 15584
malloc, 64, 1455.000000, 31104, 1052672, 15616
malloc, 64, 1456.000000, 31168, 1052672, 15648
malloc, 64, 1439.000000, 31232, 1052672, 15680
malloc, 64, 1462.000000, 31296, 1052672, 15712
malloc, 64, 1462.000000, 31360, 1052672, 15744
malloc, 64, 1466.000000, 31424, 1052672, 15776
malloc, 64, 1461.000000, 31488, 1052672, 15808
malloc, 64, 1456.000000, 31552, 1052672, 15840
malloc, 64, 1468.000000, 31616, 1052672, 15872
malloc, 64, 1484.000000, 31680, 1052672, 15904
malloc, 64, 1482.000000, 31744, 1052672, 15936
malloc, 64, 1476.000000, 31808, 1052672, 15968
malloc, 64, 1478.000000, 31872, 1052672, 16000
malloc, 64, 1466.000000, 31936, 1052672, 16032
malloc, 64, 1479.000000, 32000, 1052672, 16064
malloc, 64, 1497.000000, 32064, 1052672, 16096
malloc, 64, 1502.000000, 32128, 1052672, 16128
malloc, 64, 1512.000000, 32192, 1052672, 16160
malloc, 64, 1500.000000, 32256, 1052672, 16192
malloc, 64, 1508.000000, 32320, 1052672, 16224
malloc, 64, 1506.000000, 32384, 1052672, 16256
malloc, 64, 1498.000000, 32448, 1052672, 16288
malloc, 64, 1507.000000, 32512, 1052672, 16320
malloc, 64, 1506.000000, 32576, 1052672, 16352
malloc, 64, 1528.000000, 32640, 1052672, 16384
malloc, 64, 1552.000000, 32704, 1052672, 16416
malloc, 64, 2433.000000, 32768, 1052672, 16448
malloc, 64, 1574.000000, 32832, 1052672, 16480
malloc, 64, 1549.000000, 32896, 1052672, 16512
malloc, 64, 1557.000000, 32960, 1052672, 16544
malloc, 64, 1550.000000, 33024, 1052672, 16576
malloc, 64, 1549.000000, 33088, 1052672, 16608
malloc, 64, 1558.000000, 33152, 1052672, 16640
malloc, 64, 1583.000000, 33216, 1052672, 16672
malloc, 64, 1584.000000, 33280, 1052672, 16704
malloc, 64, 1579.000000, 33344, 1052672, 16736
malloc, 64, 1579.000000, 33408, 1052672, 16768
malloc, 64, 1581.000000, 33472, 1052672, 16800
malloc, 64, 1584.000000, 33536, 1052672, 16832
malloc, 64, 1587.000000, 33600, 1052672, 16864
malloc, 64, 1571.000000, 33664, 1052672, 16896
malloc, 64, 1580.000000, 33728, 1052672, 16928
malloc, 64, 1601.000000, 33792, 1052672, 16960
malloc, 64, 1607.000000, 33856, 1052672, 16992
malloc, 64, 1618.000000, 33920, 1052672, 17024
malloc, 64, 1610.000000, 33984, 1052672, 17056
malloc, 64, 1614.000000, 34048, 1052672, 17088
malloc, 64, 1617.000000, 34112, 1052672, 17120
malloc, 64, 1623.000000, 34176, 1052672, 17152
malloc, 64, 1638.000000, 34240, 1052672, 17184
malloc, 64, 1635.000000, 34304, 1052672, 17216
malloc, 64, 1635.000000, 34368, 1052672, 17248
malloc, 64, 1628.000000, 34432, 1052672, 17280
malloc, 64, 1638.000000, 34496, 1052672, 17312
malloc, 64, 1634.000000, 34560, 1052672, 17344
malloc, 64, 1638.000000, 34624, 1052672, 17376
malloc, 64, 1644.000000, 34688, 1052672, 17408
malloc, 64, 1642.000000, 34752, 1052672, 17440
malloc, 64, 1643.000000, 34816, 1052672, 17472
malloc, 64, 1659.000000, 34880, 1052672, 17504
malloc, 64, 1654.000000, 34944, 1052672, 17536
malloc, 64, 1841.000000, 35008, 1052672, 17568
malloc, 64, 1682.000000, 35072, 1052672, 17600
malloc, 64, 1685.000000, 35136, 1052672, 17632
malloc, 64, 1672.000000, 35200, 1052672, 17664
malloc, 64, 1685.000000, 35264, 1052672, 17696
malloc, 64, 1681.000000, 35328, 1052672, 17728
malloc, 64, 1680.000000, 35392, 1052672, 17760
malloc, 64, 2596.000000, 35456, 1052672, 17792
malloc, 64, 1731.000000, 35520, 1052672, 17824
malloc, 64, 1678.000000, 35584, 1052672, 17856
malloc, 64, 1676.000000, 35648, 1052672, 17888
malloc, 64, 1687.000000, 35712, 1052672, 17920
malloc, 64, 1690.000000, 35776, 1052672, 17952
malloc, 64, 1719.000000, 35840, 1052672, 17984
malloc, 64, 1698.000000, 35904, 1052672, 18016
malloc, 64, 1711.000000, 35968, 1052672, 18048
malloc, 64, 1711.000000, 36032, 1052672, 18080
malloc, 64, 1710.000000, 36096, 1052672, 18112
malloc, 64, 1717.000000, 36160, 1052672, 18144
malloc, 64, 1715.000000, 36224, 1052672, 18176
malloc, 64, 1719.000000, 36288, 1052672, 18208
malloc, 64, 1717.000000, 36352, 1052672, 18240
malloc, 64, 1713.000000, 36416, 1052672, 18272
malloc, 64, 1719.000000, 36480, 1052672, 18304
malloc, 64, 1728.000000, 36544, 1052672, 18336
malloc, 64, 1728.000000, 36608, 1052672, 18368
malloc, 64, 1729.000000, 36672, 1052672, 18400
malloc, 64, 1746.000000, 36736, 1052672, 18432
malloc, 64, 1739.000000, 36800, 1052672, 18464
malloc, 64, 1745.000000, 36864, 1052672, 18496
malloc, 64, 1746.000000, 36928, 1052672, 18528
malloc, 64, 1753.000000, 36992, 1052672, 18560
malloc, 64, 1757.000000, 37056, 1052672, 18592
malloc, 64, 1759.000000, 37120, 1052672, 18624
malloc, 64, 1765.000000, 37184, 1052672, 18656
malloc, 64, 1763.000000, 37248, 1052672, 18688
malloc, 64, 1763.000000, 37312, 1052672, 18720
malloc, 64, 1767.000000, 37376, 1052672, 18752
malloc, 64, 1773.000000, 37440, 1052672, 18784
malloc, 64, 1783.000000, 37504, 1052672, 18816
malloc, 64, 1781.000000, 37568, 1052672, 18848
malloc, 64, 1789.000000, 37632, 1052672, 18880
malloc, 64, 1800.000000, 37696, 1052672, 18912
malloc, 64, 2034.000000, 37760, 1052672, 18944
malloc, 64, 2152.000000, 37824, 1052672, 18976
malloc, 64, 2176.000000, 37888, 1052672, 19008
malloc, 64, 2127.000000, 37952, 1052672, 19040
malloc, 64, 2076.000000, 38016, 1052672, 19072
malloc, 64, 2103.000000, 38080, 1052672, 19104
malloc, 64, 2203.000000, 38144, 1052672, 19136
malloc, 64, 3215.000000, 38208, 1052672, 19168
malloc, 64, 1878.000000, 38272, 1052672, 19200
malloc, 64, 1811.000000, 38336, 1052672, 19232
malloc, 64, 1826.000000, 38400, 1052672, 19264
malloc, 64, 1823.000000, 38464, 1052672, 19296
malloc, 64, 1824.000000, 38528, 1052672, 19328
malloc, 64, 1840.000000, 38592, 1052672, 19360
malloc, 64, 1845.000000, 38656, 1052672, 19392
malloc, 64, 1847.000000, 38720, 1052672, 19424
malloc, 64, 1843.000000, 38784, 1052672, 19456
malloc, 64, 1850.000000, 38848, 1052672, 19488
malloc, 64, 1841.000000, 38912, 1052672, 19520
malloc, 64, 1846.000000, 38976, 1052672, 19552
malloc, 64, 1867.000000, 39040, 1052672, 19584
malloc, 64, 1847.000000, 39104, 1052672, 19616
malloc, 64, 1860.000000, 39168, 1052672, 19648
malloc, 64, 1862.000000, 39232, 1052672, 19680
malloc, 64, 1867.000000, 39296, 1052672, 19712
malloc, 64, 1870.000000, 39360, 1052672, 19744
malloc, 64, 1879.000000, 39424, 1052672, 19776
malloc, 64, 1881.000000, 39488, 1052672, 19808
malloc, 64, 1891.000000, 39552, 1052672, 19840
malloc, 64, 1891.000000, 39616, 1052672, 19872
malloc, 64, 1891.000000, 39680, 1052672, 19904
malloc, 64, 1881.000000, 39744, 1052672, 19936
malloc, 64, 1900.000000, 39808, 1052672, 19968
malloc, 64, 1879.000000, 39872, 1052672, 20000
malloc, 64, 1895.000000, 39936, 1052672, 20032
malloc, 64, 1896.000000, 40000, 1052672, 20064
malloc, 64, 1890.000000, 40064, 1052672, 20096
malloc, 64, 1905.000000, 40128, 1052672, 20128
malloc, 64, 1909.000000, 40192, 1052672, 20160
malloc, 64, 1917.000000, 40256, 1052672, 20192
malloc, 64, 1917.000000, 40320, 1052672, 20224
malloc, 64, 1917.000000, 40384, 1052672, 20256
malloc, 64, 1922.000000, 40448, 1052672, 20288
malloc, 64, 1931.000000, 40512, 1052672, 20320
malloc, 64, 1933.000000, 40576, 1052672, 20352
malloc, 64, 1924.000000, 40640, 1052672, 20384
malloc, 64, 1927.000000, 40704, 1052672, 20416
malloc, 64, 1934.000000, 40768, 1052672, 20448
malloc, 64, 1934.000000, 40832, 1052672, 20480
malloc, 64, 1942.000000, 40896, 1052672, 20512
malloc, 64, 11734.000000, 40960, 1052672, 20544
malloc, 64, 2046.000000, 41024, 1052672, 20576
malloc, 64, 1955.000000, 41088, 1052672, 20608
malloc, 64, 1959.000000, 41152, 1052672, 20640
malloc, 64, 1948.000000, 41216, 1052672, 20672
malloc, 64, 1949.000000, 41280, 1052672, 20704
malloc, 64, 1957.000000, 41344, 1052672, 20736
malloc, 64, 1964.000000, 41408, 1052672, 20768
malloc, 64, 1961.000000, 41472, 1052672, 20800
malloc, 64, 1964.000000, 41536, 1052672, 20832
malloc, 64, 1974.000000, 41600, 1052672, 20864
malloc, 64, 1979.000000, 41664, 1052672, 20896
malloc, 64, 1971.000000, 41728, 1052672, 20928
malloc, 64, 1985.000000, 41792, 1052672, 20960
malloc, 64, 1991.000000, 41856, 1052672, 20992
malloc, 64, 1989.000000, 41920, 1052672, 21024
malloc, 64, 1993.000000, 41984, 1052672, 21056
malloc, 64, 1980.000000, 42048, 1052672, 21088
malloc, 64, 1983.000000, 42112, 1052672, 21120
malloc, 64, 1996.000000, 42176, 1052672, 21152
malloc, 64, 1999.000000, 42240, 1052672, 21184
malloc, 64, 2001.000000, 42304, 1052672, 21216
malloc, 64, 2001.000000, 42368, 1052672, 21248
malloc, 64, 2009.000000, 42432, 1052672, 21280
malloc, 64, 2025.000000, 42496, 1052672, 21312
malloc, 64, 2025.000000, 42560, 1052672, 21344
malloc, 64, 2017.000000, 42624, 1052672, 21376
malloc, 64, 2020.000000, 42688, 1052672, 21408
malloc, 64, 2014.000000, 42752, 1052672, 21440
malloc, 64, 2024.000000, 42816, 1052672, 21472
malloc, 64, 2034.000000, 42880, 1052672, 21504
malloc, 64, 2037.000000, 42944, 1052672, 21536
malloc, 64, 2034.000000, 43008, 1052672, 21568
malloc, 64, 2032.000000, 43072, 1052672, 21600
malloc, 64, 2022.000000, 43136, 1052672, 21632
malloc, 64, 2039.000000, 43200, 1052672, 21664
malloc, 64, 2037.000000, 43264, 1052672, 21696
malloc, 64, 2168.000000, 43328, 1052672, 21728
malloc, 64, 2392.000000, 43392, 1052672, 21760
malloc, 64, 2442.000000, 43456, 1052672, 21792
malloc, 64, 2476.000000, 43520, 1052672, 21824
malloc, 64, 2488.000000, 43584, 1052672, 21856
malloc, 64, 3930.000000, 43648, 1052672, 21888
malloc, 64, 2661.000000, 43712, 1052672, 21920
malloc, 64, 2496.000000, 43776, 1052672, 21952
malloc, 64, 2494.000000, 43840, 1052672, 21984
malloc, 64, 2434.000000, 43904, 1052672, 22016
malloc, 64, 2447.000000, 43968, 1052672, 22048
malloc, 64, 2413.000000, 44032, 1052672, 22080
malloc, 64, 2570.000000, 44096, 1052672, 22112
malloc, 64, 2137.000000, 44160, 1052672, 22144
malloc, 64, 2105.000000, 44224, 1052672, 22176
malloc, 64, 2079.000000, 44288, 1052672, 22208
malloc, 64, 2093.000000, 44352, 1052672, 22240
malloc, 64, 2102.000000, 44416, 1052672, 22272
malloc, 64, 2113.000000, 44480, 1052672, 22304
malloc, 64, 2115.000000, 44544, 1052672, 22336
malloc, 64, 2112.000000, 44608, 1052672, 22368
malloc, 64, 2128.000000, 44672, 1052672, 22400
malloc, 64, 2120.000000, 44736, 1052672, 22432
malloc, 64, 2134.000000, 44800, 1052672, 22464
malloc, 64, 2135.000000, 44864, 1052672, 22496
malloc, 64, 2145.000000, 44928, 1052672, 22528
malloc, 64, 2131.000000, 44992, 1052672, 22560
malloc, 64, 2137.000000, 45056, 1052672, 22592
malloc, 64, 2146.000000, 45120, 1052672, 22624
malloc, 64, 2133.000000, 45184, 1052672, 22656
malloc, 64, 2136.000000, 45248, 1052672, 22688
malloc, 64, 2145.000000, 45312, 1052672, 22720
malloc, 64, 2155.000000, 45376, 1052672, 22752
malloc, 64, 2162.000000, 45440, 1052672, 22784
malloc, 64, 2158.000000, 45504, 1052672, 22816
malloc, 64, 2158.000000, 45568, 1052672, 22848
malloc, 64, 2170.000000, 45632, 1052672, 22880
malloc, 64, 2162.000000, 45696, 1052672, 22912
malloc, 64, 2180.000000, 45760, 1052672, 22944
malloc, 64, 2166.000000, 45824, 1052672, 22976
malloc, 64, 2178.000000, 45888, 1052672, 23008
malloc, 64, 2176.000000, 45952, 1052672, 23040
malloc, 64, 2173.000000, 46016, 1052672, 23072
malloc, 64, 2185.000000, 46080, 1052672, 23104
malloc, 64, 2493.000000, 46144, 1052672, 23136
malloc, 64, 2192.000000, 46208, 1052672, 23168
malloc, 64, 2195.000000, 46272, 1052672, 23200
malloc, 64, 2203.000000, 46336, 1052672, 23232
malloc, 64, 3458.000000, 46400, 1052672, 23264
malloc, 64, 2231.000000, 46464, 1052672, 23296
malloc, 64, 6113.000000, 46528, 1052672, 23328
malloc, 64, 2296.000000, 46592, 1052672, 23360
malloc, 64, 2214.000000, 46656, 1052672, 23392
malloc, 64, 2223.000000, 46720, 1052672, 23424
malloc, 64, 2216.000000, 46784, 1052672, 23456
malloc, 64, 2230.000000, 46848, 1052672, 23488
malloc, 64, 2221.000000, 46912, 1052672, 23520
malloc, 64, 2232.000000, 46976, 1052672, 23552
malloc, 64, 2230.000000, 47040, 1052672, 23584
malloc, 64, 2250.000000, 47104, 1052672, 23616
malloc, 64, 2238.000000, 47168, 1052672, 23648
malloc, 64, 2251.000000, 47232, 1052672, 23680
malloc, 64, 2239.000000, 47296, 1052672, 23712
malloc, 64, 2251.000000, 47360, 1052672, 23744
malloc, 64, 2248.000000, 47424, 1052672, 23776
malloc, 64, 2250.000000, 47488, 1052672, 23808
malloc, 64, 2249.000000, 47552, 1052672, 23840
malloc, 64, 2259.000000, 47616, 1052672, 23872
malloc, 64, 2264.000000, 47680, 1052672, 23904
malloc, 64, 2265.000000, 47744, 1052672, 23936
malloc, 64, 2269.000000, 47808, 1052672, 23968
malloc, 64, 2271.000000, 47872, 1052672, 24000
malloc, 64, 2271.000000, 47936, 1052672, 24032
malloc, 64, 2280.000000, 48000, 1052672, 24064
malloc, 64, 2269.000000, 48064, 1052672, 24096
malloc, 64, 2280.000000, 48128, 1052672, 24128
malloc, 64, 2269.000000, 48192, 1052672, 24160
malloc, 64, 2295.000000, 48256, 1052672, 24192
malloc, 64, 2299.000000, 48320, 1052672, 24224
malloc, 64, 2305.000000, 48384, 1052672, 24256
malloc, 64, 2304.000000, 48448, 1052672, 24288
malloc, 64, 2319.000000, 48512, 1052672, 24320
malloc, 64, 2307.000000, 48576, 1052672, 24352
malloc, 64, 2305.000000, 48640, 1052672, 24384
malloc, 64, 2303.000000, 48704, 1052672, 24416
malloc, 64, 2311.000000, 48768, 1052672, 24448
malloc, 64, 2312.000000, 48832, 1052672, 24480
malloc, 64, 2307.000000, 48896, 1052672, 24512
malloc, 64, 2306.000000, 48960, 1052672, 24544
malloc, 64, 2322.000000, 49024, 1052672, 24576
malloc, 64, 2324.000000, 49088, 1052672, 24608
malloc, 64, 3344.000000, 49152, 1052672, 24640
malloc, 64, 2426.000000, 49216, 1052672, 24672
malloc, 64, 2325.000000, 49280, 1052672, 24704
malloc, 64, 2342.000000, 49344, 1052672, 24736
malloc, 64, 2333.000000, 49408, 1052672, 24768
malloc, 64, 2337.000000, 49472, 1052672, 24800
malloc, 64, 2345.000000, 49536, 1052672, 24832
malloc, 64, 2341.000000, 49600, 1052672, 24864
malloc, 64, 2345.000000, 49664, 1052672, 24896
malloc, 64, 2356.000000, 49728, 1052672, 24928
malloc, 64, 2354.000000, 49792, 1052672, 24960
malloc, 64, 2349.000000, 49856, 1052672, 24992
malloc, 64, 2379.000000, 49920, 1052672, 25024
malloc, 64, 2355.000000, 49984, 1052672, 25056
malloc, 64, 2386.000000, 50048, 1052672, 25088
malloc, 64, 2375.000000, 50112, 1052672, 25120
malloc, 64, 2369.000000, 50176, 1052672, 25152
malloc, 64, 2378.000000, 50240, 1052672, 25184
malloc, 64, 2374.000000, 50304, 1052672, 25216
malloc, 64, 2374.000000, 50368, 1052672, 25248
malloc, 64, 2391.000000, 50432, 1052672, 25280
malloc, 64, 2396.000000, 50496, 1052672, 25312
malloc, 64, 2394.000000, 50560, 1052672, 25344
malloc, 64, 2395.000000, 50624, 1052672, 25376
malloc, 64, 2413.000000, 50688, 1052672, 25408
malloc, 64, 2413.000000, 50752, 1052672, 25440
malloc, 64, 2401.000000, 50816, 1052672, 25472
malloc, 64, 2412.000000, 50880, 1052672, 25504
malloc, 64, 2395.000000, 50944, 1052672, 25536
malloc, 64, 2396.000000, 51008, 1052672, 25568
malloc, 64, 2411.000000, 51072, 1052672, 25600
malloc, 64, 2426.000000, 51136, 1052672, 25632
malloc, 64, 2426.000000, 51200, 1052672, 25664
malloc, 64, 2428.000000, 51264, 1052672, 25696
malloc, 64, 2441.000000, 51328, 1052672, 25728
malloc, 64, 2432.000000, 51392, 1052672, 25760
malloc, 64, 2444.000000, 51456, 1052672, 25792
malloc, 64, 2434.000000, 51520, 1052672, 25824
malloc, 64, 2424.000000, 51584, 1052672, 25856
malloc, 64, 2456.000000, 51648, 1052672, 25888
malloc, 64, 2432.000000, 51712, 1052672, 25920
malloc, 64, 2447.000000, 51776, 1052672, 25952
malloc, 64, 3255.000000, 51840, 1052672, 25984
malloc, 64, 2502.000000, 51904, 1052672, 26016
malloc, 64, 2459.000000, 51968, 1052672, 26048
malloc, 64, 2468.000000, 52032, 1052672, 26080
malloc, 64, 2459.000000, 52096, 1052672, 26112
malloc, 64, 2480.000000, 52160, 1052672, 26144
malloc, 64, 2468.000000, 52224, 1052672, 26176
malloc, 64, 2475.000000, 52288, 1052672, 26208
malloc, 64, 2480.000000, 52352, 1052672, 26240
malloc, 64, 2475.000000, 52416, 1052672, 26272
malloc, 64, 2475.000000, 52480, 1052672, 26304
malloc, 64, 2472.000000, 52544, 1052672, 26336
malloc, 64, 2485.000000, 52608, 1052672, 26368
malloc, 64, 2493.000000, 52672, 1052672, 26400
malloc, 64, 2488.000000, 52736, 1052672, 26432
malloc, 64, 2490.000000, 52800, 1052672, 26464
malloc, 64, 2511.000000, 52864, 1052672, 26496
malloc, 64, 2506.000000, 52928, 1052672, 26528
malloc, 64, 2508.000000, 52992, 1052672, 26560
malloc, 64, 2507.000000, 53056, 1052672, 26592
malloc, 64, 2519.000000, 53120, 1052672, 26624
malloc, 64, 2506.000000, 53184, 1052672, 26656
malloc, 64, 2516.000000, 53248, 1052672, 26688
malloc, 64, 2538.000000, 53312, 1052672, 26720
malloc, 64, 2529.000000, 53376, 1052672, 26752
malloc, 64, 2536.000000, 53440, 1052672, 26784
malloc, 64, 2548.000000, 53504, 1052672, 26816
malloc, 64, 2548.000000, 53568, 1052672, 26848
malloc, 64, 2541.000000, 53632, 1052672, 26880
malloc, 64, 2535.000000, 53696, 1052672, 26912
malloc, 64, 2542.000000, 53760, 1052672, 26944
malloc, 64, 2546.000000, 53824, 1052672, 26976
malloc, 64, 2538.000000, 53888, 1052672, 27008
malloc, 64, 2544.000000, 53952, 1052672, 27040
malloc, 64, 2547.000000, 54016, 1052672, 27072
malloc, 64, 2559.000000, 54080, 1052672, 27104
malloc, 64, 2557.000000, 54144, 1052672, 27136
malloc, 64, 2561.000000, 54208, 1052672, 27168
malloc, 64, 2570.000000, 54272, 1052672, 27200
malloc, 64, 2568.000000, 54336, 1052672, 27232
malloc, 64, 2553.000000, 54400, 1052672, 27264
malloc, 64, 2575.000000, 54464, 1052672, 27296
malloc, 64, 2569.000000, 54528, 1052672, 27328
malloc, 64, 3439.000000, 54592, 1052672, 27360
malloc, 64, 2674.000000, 54656, 1052672, 27392
malloc, 64, 2573.000000, 54720, 1052672, 27424
malloc, 64, 2592.000000, 54784, 1052672, 27456
malloc, 64, 2581.000000, 54848, 1052672, 27488
malloc, 64, 2587.000000, 54912, 1052672, 27520
malloc, 64, 2590.000000, 54976, 1052672, 27552
malloc, 64, 2593.000000, 55040, 1052672, 27584
malloc, 64, 2582.000000, 55104, 1052672, 27616
malloc, 64, 2590.000000, 55168, 1052672, 27648
malloc, 64, 2600.000000, 55232, 1052672, 27680
malloc, 64, 2600.000000, 55296, 1052672, 27712
malloc, 64, 2610.000000, 55360, 1052672, 27744
malloc, 64, 2614.000000, 55424, 1052672, 27776
malloc, 64, 2617.000000, 55488, 1052672, 27808
malloc, 64, 2618.000000, 55552, 1052672, 27840
malloc, 64, 2621.000000, 55616, 1052672, 27872
malloc, 64, 2637.000000, 55680, 1052672, 27904
malloc, 64, 2612.000000, 55744, 1052672, 27936
malloc, 64, 2619.000000, 55808, 1052672, 27968
malloc, 64, 2619.000000, 55872, 1052672, 28000
malloc, 64, 2616.000000, 55936, 1052672, 28032
malloc, 64, 2632.000000, 56000, 1052672, 28064
malloc, 64, 2639.000000, 56064, 1052672, 28096
malloc, 64, 2661.000000, 56128, 1052672, 28128
malloc, 64, 2649.000000, 56192, 1052672, 28160
malloc, 64, 2668.000000, 56256, 1052672, 28192
malloc, 64, 2644.000000, 56320, 1052672, 28224
malloc, 64, 2648.000000, 56384, 1052672, 28256
malloc, 64, 2653.000000, 56448, 1052672, 28288
malloc, 64, 2641.000000, 56512, 1052672, 28320
malloc, 64, 2664.000000, 56576, 1052672, 28352
malloc, 64, 2668.000000, 56640, 1052672, 28384
malloc, 64, 2657.000000, 56704, 1052672, 28416
malloc, 64, 2684.000000, 56768, 1052672, 28448
malloc, 64, 2690.000000, 56832, 1052672, 28480
malloc, 64, 2678.000000, 56896, 1052672, 28512
malloc, 64, 2684.000000, 56960, 1052672, 28544
malloc, 64, 2689.000000, 57024, 1052672, 28576
malloc, 64, 2688.000000, 57088, 1052672, 28608
malloc, 64, 2678.000000, 57152, 1052672, 28640
malloc, 64, 2690.000000, 57216, 1052672, 28672
malloc, 64, 2692.000000, 57280, 1052672, 28704
malloc, 64, 4110.000000, 57344, 1052672, 28736
malloc, 64, 2826.000000, 57408, 1052672, 28768
malloc, 64, 2715.000000, 57472, 1052672, 28800
malloc, 64, 2714.000000, 57536, 1052672, 28832
malloc, 64, 2695.000000, 57600, 1052672, 28864
malloc, 64, 2726.000000, 57664, 1052672, 28896
malloc, 64, 2723.000000, 57728, 1052672, 28928
malloc, 64, 2727.000000, 57792, 1052672, 28960
malloc, 64, 2730.000000, 57856, 1052672, 28992
malloc, 64, 2734.000000, 57920, 1052672, 29024
malloc, 64, 2756.000000, 57984, 1052672, 29056
malloc, 64, 2749.000000, 58048, 1052672, 29088
malloc, 64, 2746.000000, 58112, 1052672, 29120
malloc, 64, 2755.000000, 58176, 1052672, 29152
malloc, 64, 2752.000000, 58240, 1052672, 29184
malloc, 64, 2759.000000, 58304, 1052672, 29216
malloc, 64, 2758.000000, 58368, 1052672, 29248
malloc, 64, 2750.000000, 58432, 1052672, 29280
malloc, 64, 2779.000000, 58496, 1052672, 29312
malloc, 64, 2771.000000, 58560, 1052672, 29344
malloc, 64, 2792.000000, 58624, 1052672, 29376
malloc, 64, 2780.000000, 58688, 1052672, 29408
malloc, 64, 2780.000000, 58752, 1052672, 29440
malloc, 64, 2782.000000, 58816, 1052672, 29472
malloc, 64, 2783.000000, 58880, 1052672, 29504
malloc, 64, 2779.000000, 58944, 1052672, 29536
malloc, 64, 2784.000000, 59008, 1052672, 29568
malloc, 64, 2782.000000, 59072, 1052672, 29600
malloc, 64, 2794.000000, 59136, 1052672, 29632
malloc, 64, 2802.000000, 59200, 1052672, 29664
malloc, 64, 2793.000000, 59264, 1052672, 29696
malloc, 64, 2807.000000, 59328, 1052672, 29728
malloc, 64, 2801.000000, 59392, 1052672, 29760
malloc, 64, 2812.000000, 59456, 1052672, 29792
malloc, 64, 2811.000000, 59520, 1052672, 29824
malloc, 64, 2803.000000, 59584, 1052672, 29856
malloc, 64, 2807.000000, 59648, 1052672, 29888
malloc, 64, 2824.000000, 59712, 1052672, 29920
malloc, 64, 2828.000000, 59776, 1052672, 29952
malloc, 64, 2835.000000, 59840, 1052672, 29984
malloc, 64, 2841.000000, 59904, 1052672, 30016
malloc, 64, 2833.000000, 59968, 1052672, 30048
malloc, 64, 3645.000000, 60032, 1052672, 30080
malloc, 64, 2904.000000, 60096, 1052672, 30112
malloc, 64, 2841.000000, 60160, 1052672, 30144
malloc, 64, 3118.000000, 60224, 1052672, 30176
malloc, 64, 3455.000000, 60288, 1052672, 30208
malloc, 64, 3504.000000, 60352, 1052672, 30240
malloc, 64, 3455.000000, 60416, 1052672, 30272
malloc, 64, 3235.000000, 60480, 1052672, 30304
malloc, 64, 2857.000000, 60544, 1052672, 30336
malloc, 64, 2862.000000, 60608, 1052672, 30368
malloc, 64, 2849.000000, 60672, 1052672, 30400
malloc, 64, 2867.000000, 60736, 1052672, 30432
malloc, 64, 2872.000000, 60800, 1052672, 30464
malloc, 64, 2877.000000, 60864, 1052672, 30496
malloc, 64, 2877.000000, 60928, 1052672, 30528
malloc, 64, 2874.000000, 60992, 1052672, 30560
malloc, 64, 2893.000000, 61056, 1052672, 30592
malloc, 64, 2893.000000, 61120, 1052672, 30624
malloc, 64, 2909.000000, 61184, 1052672, 30656
malloc, 64, 2900.000000, 61248, 1052672, 30688
malloc, 64, 2890.000000, 61312, 1052672, 30720
malloc, 64, 2901.000000, 61376, 1052672, 30752
malloc, 64, 2904.000000, 61440, 1052672, 30784
malloc, 64, 2907.000000, 61504, 1052672, 30816
malloc, 64, 2908.000000, 61568, 1052672, 30848
malloc, 64, 2916.000000, 61632, 1052672, 30880
malloc, 64, 2914.000000, 61696, 1052672, 30912
malloc, 64, 2934.000000, 61760, 1052672, 30944
malloc, 64, 2913.000000, 61824, 1052672, 30976
malloc, 64, 2919.000000, 61888, 1052672, 31008
malloc, 64, 2925.000000, 61952, 1052672, 31040
malloc, 64, 2910.000000, 62016, 1052672, 31072
malloc, 64, 2924.000000, 62080, 1052672, 31104
malloc, 64, 2934.000000, 62144, 1052672, 31136
malloc, 64, 2949.000000, 62208, 1052672, 31168
malloc, 64, 2943.000000, 62272, 1052672, 31200
malloc, 64, 2955.000000, 62336, 1052672, 31232
malloc, 64, 2962.000000, 62400, 1052672, 31264
malloc, 64, 2950.000000, 62464, 1052672, 31296
malloc, 64, 2952.000000, 62528, 1052672, 31328
malloc, 64, 2965.000000, 62592, 1052672, 31360
malloc, 64, 2956.000000, 62656, 1052672, 31392
malloc, 64, 2971.000000, 62720, 1052672, 31424
malloc, 64, 4065.000000, 62784, 1052672, 31456
malloc, 64, 3148.000000, 62848, 1052672, 31488
malloc, 64, 2981.000000, 62912, 1052672, 31520
malloc, 64, 2982.000000, 62976, 1052672, 31552
malloc, 64, 2976.000000, 63040, 1052672, 31584
malloc, 64, 2976.000000, 63104, 1052672, 31616
malloc, 64, 2988.000000, 63168, 1052672, 31648
malloc, 64, 2993.000000, 63232, 1052672, 31680
malloc, 64, 3000.000000, 63296, 1052672, 31712
malloc, 64, 3002.000000, 63360, 1052672, 31744
malloc, 64, 2993.000000, 63424, 1052672, 31776
malloc, 64, 3012.000000, 63488, 1052672, 31808
malloc, 64, 2997.000000, 63552, 1052672, 31840
malloc, 64, 2993.000000, 63616, 1052672, 31872
malloc, 64, 2994.000000, 63680, 1052672, 31904
malloc, 64, 3020.000000, 63744, 1052672, 31936
malloc, 64, 3017.000000, 63808, 1052672, 31968
malloc, 64, 3014.000000, 63872, 1052672, 32000
malloc, 64, 3024.000000, 63936, 1052672, 32032
malloc, 64, 3027.000000, 64000, 1052672, 32064
malloc, 64, 3040.000000, 64064, 1052672, 32096
malloc, 64, 3033.000000, 64128, 1052672, 32128
malloc, 64, 3037.000000, 64192, 1052672, 32160
malloc, 64, 3029.000000, 64256, 1052672, 32192
malloc, 64, 3032.000000, 64320, 1052672, 32224
malloc, 64, 3046.000000, 64384, 1052672, 32256
malloc, 64, 3046.000000, 64448, 1052672, 32288
malloc, 64, 3056.000000, 64512, 1052672, 32320
malloc, 64, 3069.000000, 64576, 1052672, 32352
malloc, 64, 3049.000000, 64640, 1052672, 32384
malloc, 64, 3054.000000, 64704, 1052672, 32416
malloc, 64, 3067.000000, 64768, 1052672, 32448
malloc, 64, 3068.000000, 64832, 1052672, 32480
malloc, 64, 3047.000000, 64896, 1052672, 32512
malloc, 64, 3064.000000, 64960, 1052672, 32544
malloc, 64, 3078.000000, 65024, 1052672, 32576
malloc, 64, 3095.000000, 65088, 1052672, 32608
malloc, 64, 3065.000000, 65152, 1052672, 32640
malloc, 64, 3089.000000, 65216, 1052672, 32672
malloc, 64, 3104.000000, 65280, 1052672, 32704
malloc, 64, 3081.000000, 65344, 1052672, 32736
malloc, 64, 3072.000000, 65408, 1052672, 32768
malloc, 64, 3092.000000, 65472, 1052672, 32800
malloc, 64, 3905.000000, 65536, 1052672, 32832
malloc, 64, 3167.000000, 65600, 1052672, 32864
malloc, 64, 3080.000000, 65664, 1052672, 32896
malloc, 64, 3085.000000, 65728, 1052672, 32928
malloc, 64, 3089.000000, 65792, 1052672, 32960
malloc, 64, 3109.000000, 65856, 1052672, 32992
malloc, 64, 3100.000000, 65920, 1052672, 33024
malloc, 64, 3097.000000, 65984, 1052672, 33056
malloc, 64, 3121.000000, 66048, 1052672, 33088
malloc, 64, 3102.000000, 66112, 1052672, 33120
malloc, 64, 3103.000000, 66176, 1052672, 33152
malloc, 64, 3103.000000, 66240, 1052672, 33184
malloc, 64, 3122.000000, 66304, 1052672, 33216
malloc, 64, 3136.000000, 66368, 1052672, 33248
malloc, 64, 3126.000000, 66432, 1052672, 33280
malloc, 64, 3126.000000, 66496, 1052672, 33312
malloc, 64, 3122.000000, 66560, 1052672, 33344
malloc, 64, 3137.000000, 66624, 1052672, 33376
malloc, 64, 6989.000000, 66688, 1052672, 33408
malloc, 64, 3436.000000, 66752, 1052672, 33440
malloc, 64, 3162.000000, 66816, 1052672, 33472
malloc, 64, 3168.000000, 66880, 1052672, 33504
malloc, 64, 3167.000000, 66944, 1052672, 33536
malloc, 64, 3164.000000, 67008, 1052672, 33568
malloc, 64, 3162.000000, 67072, 1052672, 33600
malloc, 64, 3161.000000, 67136, 1052672, 33632
malloc, 64, 3182.000000, 67200, 1052672, 33664
malloc, 64, 3162.000000, 67264, 1052672, 33696
malloc, 64, 3177.000000, 67328, 1052672, 33728
malloc, 64, 3185.000000, 67392, 1052672, 33760
malloc, 64, 3200.000000, 67456, 1052672, 33792
malloc, 64, 3187.000000, 67520, 1052672, 33824
malloc, 64, 3194.000000, 67584, 1052672, 33856
malloc, 64, 3199.000000, 67648, 1052672, 33888
malloc, 64, 3192.000000, 67712, 1052672, 33920
malloc, 64, 3191.000000, 67776, 1052672, 33952
malloc, 64, 3208.000000, 67840, 1052672, 33984
malloc, 64, 3222.000000, 67904, 1052672, 34016
malloc, 64, 3209.000000, 67968, 1052672, 34048
malloc, 64, 3219.000000, 68032, 1052672, 34080
malloc, 64, 3208.000000, 68096, 1052672, 34112
malloc, 64, 3223.000000, 68160, 1052672, 34144
malloc, 64, 4278.000000, 68224, 1052672, 34176
malloc, 64, 3403.000000, 68288, 1052672, 34208
malloc, 64, 3233.000000, 68352, 1052672, 34240
malloc, 64, 3281.000000, 68416, 1052672, 34272
malloc, 64, 3748.000000, 68480, 1052672, 34304
malloc, 64, 3300.000000, 68544, 1052672, 34336
malloc, 64, 3289.000000, 68608, 1052672, 34368
malloc, 64, 3267.000000, 68672, 1052672, 34400
malloc, 64, 3296.000000, 68736, 1052672, 34432
malloc, 64, 3305.000000, 68800, 1052672, 34464
malloc, 64, 3289.000000, 68864, 1052672, 34496
malloc, 64, 3308.000000, 68928, 1052672, 34528
malloc, 64, 3310.000000, 68992, 1052672, 34560
malloc, 64, 3306.000000, 69056, 1052672, 34592
malloc, 64, 3298.000000, 69120, 1052672, 34624
malloc, 64, 3341.000000, 69184, 1052672, 34656
malloc, 64, 3315.000000, 69248, 1052672, 34688
malloc, 64, 3325.000000, 69312, 1052672, 34720
malloc, 64, 3360.000000, 69376, 1052672, 34752
malloc, 64, 3323.000000, 69440, 1052672, 34784
malloc, 64, 3347.000000, 69504, 1052672, 34816
malloc, 64, 3905.000000, 69568, 1052672, 34848
malloc, 64, 4058.000000, 69632, 1052672, 34880
malloc, 64, 4176.000000, 69696, 1052672, 34912
malloc, 64, 4038.000000, 69760, 1052672, 34944
malloc, 64, 4043.000000, 69824, 1052672, 34976
malloc, 64, 4006.000000, 69888, 1052672, 35008
malloc, 64, 4020.000000, 69952, 1052672, 35040
malloc, 64, 4065.000000, 70016, 1052672, 35072
malloc, 64, 3814.000000, 70080, 1052672, 35104
malloc, 64, 3383.000000, 70144, 1052672, 35136
malloc, 64, 3358.000000, 70208, 1052672, 35168
malloc, 64, 3379.000000, 70272, 1052672, 35200
malloc, 64, 3367.000000, 70336, 1052672, 35232
malloc, 64, 3359.000000, 70400, 1052672, 35264
malloc, 64, 3383.000000, 70464, 1052672, 35296
malloc, 64, 3383.000000, 70528, 1052672, 35328
malloc, 64, 3370.000000, 70592, 1052672, 35360
malloc, 64, 3378.000000, 70656, 1052672, 35392
malloc, 64, 3379.000000, 70720, 1052672, 35424
malloc, 64, 3385.000000, 70784, 1052672, 35456
malloc, 64, 3393.000000, 70848, 1052672, 35488
malloc, 64, 3426.000000, 70912, 1052672, 35520
malloc, 64, 5287.000000, 70976, 1052672, 35552
malloc, 64, 3596.000000, 71040, 1052672, 35584
malloc, 64, 3415.000000, 71104, 1052672, 35616
malloc, 64, 3398.000000, 71168, 1052672, 35648
malloc, 64, 3400.000000, 71232, 1052672, 35680
malloc, 64, 3426.000000, 71296, 1052672, 35712
malloc, 64, 3419.000000, 71360, 1052672, 35744
malloc, 64, 3431.000000, 71424, 1052672, 35776
malloc, 64, 3440.000000, 71488, 1052672, 35808
malloc, 64, 3428.000000, 71552, 1052672, 35840
malloc, 64, 3439.000000, 71616, 1052672, 35872
malloc, 64, 3416.000000, 71680, 1052672, 35904
malloc, 64, 3422.000000, 71744, 1052672, 35936
malloc, 64, 3426.000000, 71808, 1052672, 35968
malloc, 64, 3424.000000, 71872, 1052672, 36000
malloc, 64, 3440.000000, 71936, 1052672, 36032
malloc, 64, 3448.000000, 72000, 1052672, 36064
malloc, 64, 3445.000000, 72064, 1052672, 36096
malloc, 64, 3436.000000, 72128, 1052672, 36128
malloc, 64, 3460.000000, 72192, 1052672, 36160
malloc, 64, 3445.000000, 72256, 1052672, 36192
malloc, 64, 3445.000000, 72320, 1052672, 36224
malloc, 64, 3483.000000, 72384, 1052672, 36256
malloc, 64, 3467.000000, 72448, 1052672, 36288
malloc, 64, 3486.000000, 72512, 1052672, 36320
malloc, 64, 3505.000000, 72576, 1052672, 36352
malloc, 64, 3490.000000, 72640, 1052672, 36384
malloc, 64, 3476.000000, 72704, 1052672, 36416
malloc, 64, 3498.000000, 72768, 1052672, 36448
malloc, 64, 3514.000000, 72832, 1052672, 36480
malloc, 64, 3515.000000, 72896, 1052672, 36512
malloc, 64, 3529.000000, 72960, 1052672, 36544
malloc, 64, 3552.000000, 73024, 1052672, 36576
malloc, 64, 3549.000000, 73088, 1052672, 36608
malloc, 64, 3540.000000, 73152, 1052672, 36640
malloc, 64, 3553.000000, 73216, 1052672, 36672
malloc, 64, 3536.000000, 73280, 1052672, 36704
malloc, 64, 3556.000000, 73344, 1052672, 36736
malloc, 64, 3566.000000, 73408, 1052672, 36768
malloc, 64, 3548.000000, 73472, 1052672, 36800
malloc, 64, 3551.000000, 73536, 1052672, 36832
malloc, 64, 3576.000000, 73600, 1052672, 36864
malloc, 64, 3619.000000, 73664, 1052672, 36896
malloc, 64, 4527.000000, 73728, 1052672, 36928
malloc, 64, 3652.000000, 73792, 1052672, 36960
malloc, 64, 3539.000000, 73856, 1052672, 36992
malloc, 64, 3563.000000, 73920, 1052672, 37024
malloc, 64, 3564.000000, 73984, 1052672, 37056
malloc, 64, 3576.000000, 74048, 1052672, 37088
malloc, 64, 3589.000000, 74112, 1052672, 37120
malloc, 64, 3590.000000, 74176, 1052672, 37152
malloc, 64, 3572.000000, 74240, 1052672, 37184
malloc, 64, 3597.000000, 74304, 1052672, 37216
malloc, 64, 3584.000000, 74368, 1052672, 37248
malloc, 64, 3620.000000, 74432, 1052672, 37280
malloc, 64, 3606.000000, 74496, 1052672, 37312
malloc, 64, 3624.000000, 74560, 1052672, 37344
malloc, 64, 3659.000000, 74624, 1052672, 37376
malloc, 64, 3614.000000, 74688, 1052672, 37408
malloc, 64, 3618.000000, 74752, 1052672, 37440
malloc, 64, 3619.000000, 74816, 1052672, 37472
malloc, 64, 3599.000000, 74880, 1052672, 37504
malloc, 64, 3639.000000, 74944, 1052672, 37536
malloc, 64, 3625.000000, 75008, 1052672, 37568
malloc, 64, 3646.000000, 75072, 1052672, 37600
malloc, 64, 3631.000000, 75136, 1052672, 37632
malloc, 64, 3637.000000, 75200, 1052672, 37664
malloc, 64, 3627.000000, 75264, 1052672, 37696
malloc, 64, 3638.000000, 75328, 1052672, 37728
malloc, 64, 3638.000000, 75392, 1052672, 37760
malloc, 64, 3645.000000, 75456, 1052672, 37792
malloc, 64, 3660.000000, 75520, 1052672, 37824
malloc, 64, 3695.000000, 75584, 1052672, 37856
malloc, 64, 3658.000000, 75648, 1052672, 37888
malloc, 64, 3668.000000, 75712, 1052672, 37920
malloc, 64, 3642.000000, 75776, 1052672, 37952
malloc, 64, 3655.000000, 75840, 1052672, 37984
malloc, 64, 3676.000000, 75904, 1052672, 38016
malloc, 64, 3670.000000, 75968, 1052672, 38048
malloc, 64, 3683.000000, 76032, 1052672, 38080
malloc, 64, 3704.000000, 76096, 1052672, 38112
malloc, 64, 3683.000000, 76160, 1052672, 38144
malloc, 64, 3714.000000, 76224, 1052672, 38176
malloc, 64, 3683.000000, 76288, 1052672, 38208
malloc, 64, 3665.000000, 76352, 1052672, 38240
malloc, 64, 4601.000000, 76416, 1052672, 38272
malloc, 64, 3796.000000, 76480, 1052672, 38304
malloc, 64, 3686.000000, 76544, 1052672, 38336
malloc, 64, 3697.000000, 76608, 1052672, 38368
malloc, 64, 3695.000000, 76672, 1052672, 38400
malloc, 64, 3716.000000, 76736, 1052672, 38432
malloc, 64, 3750.000000, 76800, 1052672, 38464
malloc, 64, 3734.000000, 76864, 1052672, 38496
malloc, 64, 3755.000000, 76928, 1052672, 38528
malloc, 64, 3715.000000, 76992, 1052672, 38560
malloc, 64, 3764.000000, 77056, 1052672, 38592
malloc, 64, 3733.000000, 77120, 1052672, 38624
malloc, 64, 3731.000000, 77184, 1052672, 38656
malloc, 64, 3730.000000, 77248, 1052672, 38688
malloc, 64, 3727.000000, 77312, 1052672, 38720
malloc, 64, 3744.000000, 77376, 1052672, 38752
malloc, 64, 3726.000000, 77440, 1052672, 38784
malloc, 64, 3745.000000, 77504, 1052672, 38816
malloc, 64, 3765.000000, 77568, 1052672, 38848
malloc, 64, 3752.000000, 77632, 1052672, 38880
malloc, 64, 3750.000000, 77696, 1052672, 38912
malloc, 64, 3729.000000, 77760, 1052672, 38944
malloc, 64, 3773.000000, 77824, 1052672, 38976
malloc, 64, 3779.000000, 77888, 1052672, 39008
malloc, 64, 3753.000000, 77952, 1052672, 39040
malloc, 64, 3759.000000, 78016, 1052672, 39072
malloc, 64, 3785.000000, 78080, 1052672, 39104
malloc, 64, 3784.000000, 78144, 1052672, 39136
malloc, 64, 3779.000000, 78208, 1052672, 39168
malloc, 64, 3785.000000, 78272, 1052672, 39200
malloc, 64, 3777.000000, 78336, 1052672, 39232
malloc, 64, 3791.000000, 78400, 1052672, 39264
malloc, 64, 3777.000000, 78464, 1052672, 39296
malloc, 64, 3790.000000, 78528, 1052672, 39328
malloc, 64, 3808.000000, 78592, 1052672, 39360
malloc, 64, 3794.000000, 78656, 1052672, 39392
malloc, 64, 3798.000000, 78720, 1052672, 39424
malloc, 64, 3784.000000, 78784, 1052672, 39456
malloc, 64, 3803.000000, 78848, 1052672, 39488
malloc, 64, 3809.000000, 78912, 1052672, 39520
malloc, 64, 3791.000000, 78976, 1052672, 39552
malloc, 64, 3825.000000, 79040, 1052672, 39584
malloc, 64, 3816.000000, 79104, 1052672, 39616
malloc, 64, 4722.000000, 79168, 1052672, 39648
malloc, 64, 3898.000000, 79232, 1052672, 39680
malloc, 64, 3832.000000, 79296, 1052672, 39712
malloc, 64, 3817.000000, 79360, 1052672, 39744
malloc, 64, 3821.000000, 79424, 1052672, 39776
malloc, 64, 3833.000000, 79488, 1052672, 39808
malloc, 64, 3834.000000, 79552, 1052672, 39840
malloc, 64, 4366.000000, 79616, 1052672, 39872
malloc, 64, 3918.000000, 79680, 1052672, 39904
malloc, 64, 3865.000000, 79744, 1052672, 39936
malloc, 64, 4210.000000, 79808, 1052672, 39968
malloc, 64, 4709.000000, 79872, 1052672, 40000
malloc, 64, 4635.000000, 79936, 1052672, 40032
malloc, 64, 4394.000000, 80000, 1052672, 40064
malloc, 64, 3881.000000, 80064, 1052672, 40096
malloc, 64, 3861.000000, 80128, 1052672, 40128
malloc, 64, 3886.000000, 80192, 1052672, 40160
malloc, 64, 3885.000000, 80256, 1052672, 40192
malloc, 64, 3897.000000, 80320, 1052672, 40224
malloc, 64, 3876.000000, 80384, 1052672, 40256
malloc, 64, 3858.000000, 80448, 1052672, 40288
malloc, 64, 3870.000000, 80512, 1052672, 40320
malloc, 64, 3905.000000, 80576, 1052672, 40352
malloc, 64, 3878.000000, 80640, 1052672, 40384
malloc, 64, 3886.000000, 80704, 1052672, 40416
malloc, 64, 3907.000000, 80768, 1052672, 40448
malloc, 64, 3900.000000, 80832, 1052672, 40480
malloc, 64, 3904.000000, 80896, 1052672, 40512
malloc, 64, 3925.000000, 80960, 1052672, 40544
malloc, 64, 3896.000000, 81024, 1052672, 40576
malloc, 64, 3901.000000, 81088, 1052672, 40608
malloc, 64, 3934.000000, 81152, 1052672, 40640
malloc, 64, 3929.000000, 81216, 1052672, 40672
malloc, 64, 3921.000000, 81280, 1052672, 40704
malloc, 64, 3909.000000, 81344, 1052672, 40736
malloc, 64, 3935.000000, 81408, 1052672, 40768
malloc, 64, 3939.000000, 81472, 1052672, 40800
malloc, 64, 3931.000000, 81536, 1052672, 40832
malloc, 64, 3943.000000, 81600, 1052672, 40864
malloc, 64, 3944.000000, 81664, 1052672, 40896
malloc, 64, 3944.000000, 81728, 1052672, 40928
malloc, 64, 3968.000000, 81792, 1052672, 40960
malloc, 64, 3955.000000, 81856, 1052672, 40992
malloc, 64, 6742.000000, 81920, 1052672, 41024
malloc, 64, 4258.000000, 81984, 1052672, 41056
malloc, 64, 4344.000000, 82048, 1052672, 41088
malloc, 64, 4051.000000, 82112, 1052672, 41120
malloc, 64, 4040.000000, 82176, 1052672, 41152
malloc, 64, 4009.000000, 82240, 1052672, 41184
malloc, 64, 3985.000000, 82304, 1052672, 41216
malloc, 64, 4001.000000, 82368, 1052672, 41248
malloc, 64, 4023.000000, 82432, 1052672, 41280
malloc, 64, 4046.000000, 82496, 1052672, 41312
malloc, 64, 4025.000000, 82560, 1052672, 41344
malloc, 64, 4024.000000, 82624, 1052672, 41376
malloc, 64, 4001.000000, 82688, 1052672, 41408
malloc, 64, 4017.000000, 82752, 1052672, 41440
malloc, 64, 4048.000000, 82816, 1052672, 41472
malloc, 64, 4033.000000, 82880, 1052672, 41504
malloc, 64, 4032.000000, 82944, 1052672, 41536
malloc, 64, 4031.000000, 83008, 1052672, 41568
malloc, 64, 4055.000000, 83072, 1052672, 41600
malloc, 64, 4023.000000, 83136, 1052672, 41632
malloc, 64, 4042.000000, 83200, 1052672, 41664
malloc, 64, 4037.000000, 83264, 1052672, 41696
malloc, 64, 4048.000000, 83328, 1052672, 41728
malloc, 64, 4065.000000, 83392, 1052672, 41760
malloc, 64, 4084.000000, 83456, 1052672, 41792
malloc, 64, 4085.000000, 83520, 1052672, 41824
malloc, 64, 4055.000000, 83584, 1052672, 41856
malloc, 64, 4054.000000, 83648, 1052672, 41888
malloc, 64, 4053.000000, 83712, 1052672, 41920
malloc, 64, 4071.000000, 83776, 1052672, 41952
malloc, 64, 4057.000000, 83840, 1052672, 41984
malloc, 64, 4088.000000, 83904, 1052672, 42016
malloc, 64, 4089.000000, 83968, 1052672, 42048
malloc, 64, 4115.000000, 84032, 1052672, 42080
malloc, 64, 4077.000000, 84096, 1052672, 42112
malloc, 64, 4096.000000, 84160, 1052672, 42144
malloc, 64, 4113.000000, 84224, 1052672, 42176
malloc, 64, 4116.000000, 84288, 1052672, 42208
malloc, 64, 4101.000000, 84352, 1052672, 42240
malloc, 64, 4112.000000, 84416, 1052672, 42272
malloc, 64, 4123.000000, 84480, 1052672, 42304
malloc, 64, 4636.000000, 84544, 1052672, 42336
malloc, 64, 6612.000000, 84608, 1052672, 42368
malloc, 64, 5516.000000, 84672, 1052672, 42400
malloc, 64, 5100.000000, 84736, 1052672, 42432
malloc, 64, 4902.000000, 84800, 1052672, 42464
malloc, 64, 4962.000000, 84864, 1052672, 42496
malloc, 64, 4278.000000, 84928, 1052672, 42528
malloc, 64, 4165.000000, 84992, 1052672, 42560
malloc, 64, 4203.000000, 85056, 1052672, 42592
malloc, 64, 4216.000000, 85120, 1052672, 42624
malloc, 64, 4190.000000, 85184, 1052672, 42656
malloc, 64, 4220.000000, 85248, 1052672, 42688
malloc, 64, 4174.000000, 85312, 1052672, 42720
malloc, 64, 4222.000000, 85376, 1052672, 42752
malloc, 64, 4215.000000, 85440, 1052672, 42784
malloc, 64, 4211.000000, 85504, 1052672, 42816
malloc, 64, 4218.000000, 85568, 1052672, 42848
malloc, 64, 4208.000000, 85632, 1052672, 42880
malloc, 64, 4170.000000, 85696, 1052672, 42912
malloc, 64, 4158.000000, 85760, 1052672, 42944
malloc, 64, 4174.000000, 85824, 1052672, 42976
malloc, 64, 4203.000000, 85888, 1052672, 43008
malloc, 64, 4206.000000, 85952, 1052672, 43040
malloc, 64, 4225.000000, 86016, 1052672, 43072
malloc, 64, 4205.000000, 86080, 1052672, 43104
malloc, 64, 4205.000000, 86144, 1052672, 43136
malloc, 64, 4180.000000, 86208, 1052672, 43168
malloc, 64, 4190.000000, 86272, 1052672, 43200
malloc, 64, 4206.000000, 86336, 1052672, 43232
malloc, 64, 4233.000000, 86400, 1052672, 43264
malloc, 64, 4240.000000, 86464, 1052672, 43296
malloc, 64, 4229.000000, 86528, 1052672, 43328
malloc, 64, 4226.000000, 86592, 1052672, 43360
malloc, 64, 4221.000000, 86656, 1052672, 43392
malloc, 64, 4254.000000, 86720, 1052672, 43424
malloc, 64, 4243.000000, 86784, 1052672, 43456
malloc, 64, 4288.000000, 86848, 1052672, 43488
malloc, 64, 4271.000000, 86912, 1052672, 43520
malloc, 64, 4270.000000, 86976, 1052672, 43552
malloc, 64, 4266.000000, 87040, 1052672, 43584
malloc, 64, 4227.000000, 87104, 1052672, 43616
malloc, 64, 4249.000000, 87168, 1052672, 43648
malloc, 64, 4269.000000, 87232, 1052672, 43680
malloc, 64, 4276.000000, 87296, 1052672, 43712
malloc, 64, 5399.000000, 87360, 1052672, 43744
malloc, 64, 4441.000000, 87424, 1052672, 43776
malloc, 64, 4248.000000, 87488, 1052672, 43808
malloc, 64, 4271.000000, 87552, 1052672, 43840
malloc, 64, 4321.000000, 87616, 1052672, 43872
malloc, 64, 4288.000000, 87680, 1052672, 43904
malloc, 64, 4289.000000, 87744, 1052672, 43936
malloc, 64, 4324.000000, 87808, 1052672, 43968
malloc, 64, 4286.000000, 87872, 1052672, 44000
malloc, 64, 4312.000000, 87936, 1052672, 44032
malloc, 64, 4336.000000, 88000, 1052672, 44064
malloc, 64, 4304.000000, 88064, 1052672, 44096
malloc, 64, 4316.000000, 88128, 1052672, 44128
malloc, 64, 4304.000000, 88192, 1052672, 44160
malloc, 64, 4315.000000, 88256, 1052672, 44192
malloc, 64, 4359.000000, 88320, 1052672, 44224
malloc, 64, 4313.000000, 88384, 1052672, 44256
malloc, 64, 4312.000000, 88448, 1052672, 44288
malloc, 64, 4325.000000, 88512, 1052672, 44320
malloc, 64, 4362.000000, 88576, 1052672, 44352
malloc, 64, 4334.000000, 88640, 1052672, 44384
malloc, 64, 4349.000000, 88704, 1052672, 44416
malloc, 64, 4306.000000, 88768, 1052672, 44448
malloc, 64, 4363.000000, 88832, 1052672, 44480
malloc, 64, 4350.000000, 88896, 1052672, 44512
malloc, 64, 4374.000000, 88960, 1052672, 44544
malloc, 64, 4384.000000, 89024, 1052672, 44576
malloc, 64, 4348.000000, 89088, 1052672, 44608
malloc, 64, 4369.000000, 89152, 1052672, 44640
malloc, 64, 4362.000000, 89216, 1052672, 44672
malloc, 64, 4376.000000, 89280, 1052672, 44704
malloc, 64, 4369.000000, 89344, 1052672, 44736
malloc, 64, 4365.000000, 89408, 1052672, 44768
malloc, 64, 4383.000000, 89472, 1052672, 44800
malloc, 64, 4360.000000, 89536, 1052672, 44832
malloc, 64, 4389.000000, 89600, 1052672, 44864
malloc, 64, 4385.000000, 89664, 1052672, 44896
malloc, 64, 4427.000000, 89728, 1052672, 44928
malloc, 64, 4417.000000, 89792, 1052672, 44960
malloc, 64, 4405.000000, 89856, 1052672, 44992
malloc, 64, 4403.000000, 89920, 1052672, 45024
malloc, 64, 4425.000000, 89984, 1052672, 45056
malloc, 64, 4376.000000, 90048, 1052672, 45088
malloc, 64, 5347.000000, 90112, 1052672, 45120
malloc, 64, 4510.000000, 90176, 1052672, 45152
malloc, 64, 4437.000000, 90240, 1052672, 45184
malloc, 64, 4426.000000, 90304, 1052672, 45216
malloc, 64, 4474.000000, 90368, 1052672, 45248
malloc, 64, 4459.000000, 90432, 1052672, 45280
malloc, 64, 4435.000000, 90496, 1052672, 45312
malloc, 64, 4457.000000, 90560, 1052672, 45344
malloc, 64, 4477.000000, 90624, 1052672, 45376
malloc, 64, 4488.000000, 90688, 1052672, 45408
malloc, 64, 4936.000000, 90752, 1052672, 45440
malloc, 64, 4429.000000, 90816, 1052672, 45472
malloc, 64, 4501.000000, 90880, 1052672, 45504
malloc, 64, 4528.000000, 90944, 1052672, 45536
malloc, 64, 4478.000000, 91008, 1052672, 45568
malloc, 64, 5258.000000, 91072, 1052672, 45600
malloc, 64, 5453.000000, 91136, 1052672, 45632
malloc, 64, 4927.000000, 91200, 1052672, 45664
malloc, 64, 4535.000000, 91264, 1052672, 45696
malloc, 64, 4534.000000, 91328, 1052672, 45728
malloc, 64, 4502.000000, 91392, 1052672, 45760
malloc, 64, 4505.000000, 91456, 1052672, 45792
malloc, 64, 4511.000000, 91520, 1052672, 45824
malloc, 64, 4502.000000, 91584, 1052672, 45856
malloc, 64, 4520.000000, 91648, 1052672, 45888
malloc, 64, 4564.000000, 91712, 1052672, 45920
malloc, 64, 4541.000000, 91776, 1052672, 45952
malloc, 64, 4525.000000, 91840, 1052672, 45984
malloc, 64, 4549.000000, 91904, 1052672, 46016
malloc, 64, 4558.000000, 91968, 1052672, 46048
malloc, 64, 4515.000000, 92032, 1052672, 46080
malloc, 64, 4536.000000, 92096, 1052672, 46112
malloc, 64, 4586.000000, 92160, 1052672, 46144
malloc, 64, 4569.000000, 92224, 1052672, 46176
malloc, 64, 4560.000000, 92288, 1052672, 46208
malloc, 64, 4539.000000, 92352, 1052672, 46240
malloc, 64, 4530.000000, 92416, 1052672, 46272
malloc, 64, 4568.000000, 92480, 1052672, 46304
malloc, 64, 4567.000000, 92544, 1052672, 46336
malloc, 64, 4612.000000, 92608, 1052672, 46368
malloc, 64, 4596.000000, 92672, 1052672, 46400
malloc, 64, 4564.000000, 92736, 1052672, 46432
malloc, 64, 5986.000000, 92800, 1052672, 46464
malloc, 64, 4777.000000, 92864, 1052672, 46496
malloc, 64, 4558.000000, 92928, 1052672, 46528
malloc, 64, 4595.000000, 92992, 1052672, 46560
malloc, 64, 4616.000000, 93056, 1052672, 46592
malloc, 64, 4555.000000, 93120, 1052672, 46624
malloc, 64, 4593.000000, 93184, 1052672, 46656
malloc, 64, 4568.000000, 93248, 1052672, 46688
malloc, 64, 4615.000000, 93312, 1052672, 46720
malloc, 64, 4642.000000, 93376, 1052672, 46752
malloc, 64, 4616.000000, 93440, 1052672, 46784
malloc, 64, 4608.000000, 93504, 1052672, 46816
malloc, 64, 4636.000000, 93568, 1052672, 46848
malloc, 64, 4642.000000, 93632, 1052672, 46880
malloc, 64, 4644.000000, 93696, 1052672, 46912
malloc, 64, 4635.000000, 93760, 1052672, 46944
malloc, 64, 4617.000000, 93824, 1052672, 46976
malloc, 64, 4611.000000, 93888, 1052672, 47008
malloc, 64, 4620.000000, 93952, 1052672, 47040
malloc, 64, 4612.000000, 94016, 1052672, 47072
malloc, 64, 4639.000000, 94080, 1052672, 47104
malloc, 64, 4673.000000, 94144, 1052672, 47136
malloc, 64, 4621.000000, 94208, 1052672, 47168
malloc, 64, 4667.000000, 94272, 1052672, 47200
malloc, 64, 4655.000000, 94336, 1052672, 47232
malloc, 64, 4624.000000, 94400, 1052672, 47264
malloc, 64, 4628.000000, 94464, 1052672, 47296
malloc, 64, 4643.000000, 94528, 1052672, 47328
malloc, 64, 4671.000000, 94592, 1052672, 47360
malloc, 64, 4692.000000, 94656, 1052672, 47392
malloc, 64, 4654.000000, 94720, 1052672, 47424
malloc, 64, 4675.000000, 94784, 1052672, 47456
malloc, 64, 4655.000000, 94848, 1052672, 47488
malloc, 64, 4669.000000, 94912, 1052672, 47520
malloc, 64, 4670.000000, 94976, 1052672, 47552
malloc, 64, 8406.000000, 95040, 1052672, 47584
malloc, 64, 4859.000000, 95104, 1052672, 47616
malloc, 64, 4658.000000, 95168, 1052672, 47648
malloc, 64, 4859.000000, 95232, 1052672, 47680
malloc, 64, 5577.000000, 95296, 1052672, 47712
malloc, 64, 5765.000000, 95360, 1052672, 47744
malloc, 64, 5646.000000, 95424, 1052672, 47776
malloc, 64, 5655.000000, 95488, 1052672, 47808
malloc, 64, 7614.000000, 95552, 1052672, 47840
malloc, 64, 5222.000000, 95616, 1052672, 47872
malloc, 64, 4755.000000, 95680, 1052672, 47904
malloc, 64, 4740.000000, 95744, 1052672, 47936
malloc, 64, 4732.000000, 95808, 1052672, 47968
malloc, 64, 4740.000000, 95872, 1052672, 48000
malloc, 64, 4804.000000, 95936, 1052672, 48032
malloc, 64, 4797.000000, 96000, 1052672, 48064
malloc, 64, 4762.000000, 96064, 1052672, 48096
malloc, 64, 4809.000000, 96128, 1052672, 48128
malloc, 64, 4733.000000, 96192, 1052672, 48160
malloc, 64, 4745.000000, 96256, 1052672, 48192
malloc, 64, 4815.000000, 96320, 1052672, 48224
malloc, 64, 4795.000000, 96384, 1052672, 48256
malloc, 64, 4778.000000, 96448, 1052672, 48288
malloc, 64, 4780.000000, 96512, 1052672, 48320
malloc, 64, 4807.000000, 96576, 1052672, 48352
malloc, 64, 4757.000000, 96640, 1052672, 48384
malloc, 64, 4787.000000, 96704, 1052672, 48416
malloc, 64, 4767.000000, 96768, 1052672, 48448
malloc, 64, 4850.000000, 96832, 1052672, 48480
malloc, 64, 4800.000000, 96896, 1052672, 48512
malloc, 64, 4785.000000, 96960, 1052672, 48544
malloc, 64, 4768.000000, 97024, 1052672, 48576
malloc, 64, 4809.000000, 97088, 1052672, 48608
malloc, 64, 4789.000000, 97152, 1052672, 48640
malloc, 64, 4815.000000, 97216, 1052672, 48672
malloc, 64, 4798.000000, 97280, 1052672, 48704
malloc, 64, 4850.000000, 97344, 1052672, 48736
malloc, 64, 4807.000000, 97408, 1052672, 48768
malloc, 64, 4818.000000, 97472, 1052672, 48800
malloc, 64, 4844.000000, 97536, 1052672, 48832
malloc, 64, 4838.000000, 97600, 1052672, 48864
malloc, 64, 4829.000000, 97664, 1052672, 48896
malloc, 64, 4832.000000, 97728, 1052672, 48928
malloc, 64, 4820.000000, 97792, 1052672, 48960
malloc, 64, 4830.000000, 97856, 1052672, 48992
malloc, 64, 4850.000000, 97920, 1052672, 49024
malloc, 64, 4835.000000, 97984, 1052672, 49056
malloc, 64, 4844.000000, 98048, 1052672, 49088
malloc, 64, 4859.000000, 98112, 1052672, 49120
malloc, 64, 4840.000000, 98176, 1052672, 49152
malloc, 64, 4845.000000, 98240, 1052672, 49184
malloc, 64, 5878.000000, 98304, 1052672, 49216
malloc, 64, 4965.000000, 98368, 1052672, 49248
malloc, 64, 4909.000000, 98432, 1052672, 49280
malloc, 64, 4905.000000, 98496, 1052672, 49312
malloc, 64, 4912.000000, 98560, 1052672, 49344
malloc, 64, 4881.000000, 98624, 1052672, 49376
malloc, 64, 4890.000000, 98688, 1052672, 49408
malloc, 64, 4929.000000, 98752, 1052672, 49440
malloc, 64, 4925.000000, 98816, 1052672, 49472
malloc, 64, 4915.000000, 98880, 1052672, 49504
malloc, 64, 4933.000000, 98944, 1052672, 49536
malloc, 64, 4952.000000, 99008, 1052672, 49568
malloc, 64, 4914.000000, 99072, 1052672, 49600
malloc, 64, 4905.000000, 99136, 1052672, 49632
malloc, 64, 4943.000000, 99200, 1052672, 49664
malloc, 64, 4899.000000, 99264, 1052672, 49696
malloc, 64, 4917.000000, 99328, 1052672, 49728
malloc, 64, 4923.000000, 99392, 1052672, 49760
malloc, 64, 4955.000000, 99456, 1052672, 49792
malloc, 64, 4967.000000, 99520, 1052672, 49824
malloc, 64, 4942.000000, 99584, 1052672, 49856
malloc, 64, 4943.000000, 99648, 1052672, 49888
malloc, 64, 4962.000000, 99712, 1052672, 49920
malloc, 64, 4936.000000, 99776, 1052672, 49952
malloc, 64, 5015.000000, 99840, 1052672, 49984
malloc, 64, 4984.000000, 99904, 1052672, 50016
malloc, 64, 4972.000000, 99968, 1052672, 50048
malloc, 64, 4958.000000, 100032, 1052672, 50080
malloc, 64, 4947.000000, 100096, 1052672, 50112
malloc, 64, 4961.000000, 100160, 1052672, 50144
malloc, 64, 4979.000000, 100224, 1052672, 50176
malloc, 64, 5014.000000, 100288, 1052672, 50208
malloc, 64, 4956.000000, 100352, 1052672, 50240
malloc, 64, 4960.000000, 100416, 1052672, 50272
malloc, 64, 4969.000000, 100480, 1052672, 50304
malloc, 64, 4996.000000, 100544, 1052672, 50336
malloc, 64, 4984.000000, 100608, 1052672, 50368
malloc, 64, 5014.000000, 100672, 1052672, 50400
malloc, 64, 4973.000000, 100736, 1052672, 50432
malloc, 64, 4977.000000, 100800, 1052672, 50464
malloc, 64, 4974.000000, 100864, 1052672, 50496
malloc, 64, 5025.000000, 100928, 1052672, 50528
malloc, 64, 6039.000000, 100992, 1052672, 50560
malloc, 64, 5166.000000, 101056, 1052672, 50592
malloc, 64, 5052.000000, 101120, 1052672, 50624
malloc, 64, 5029.000000, 101184, 1052672, 50656
malloc, 64, 5321.000000, 101248, 1052672, 50688
malloc, 64, 5950.000000, 101312, 1052672, 50720
malloc, 64, 5883.000000, 101376, 1052672, 50752
malloc, 64, 5174.000000, 101440, 1052672, 50784
malloc, 64, 5038.000000, 101504, 1052672, 50816
malloc, 64, 5057.000000, 101568, 1052672, 50848
malloc, 64, 5048.000000, 101632, 1052672, 50880
malloc, 64, 5034.000000, 101696, 1052672, 50912
malloc, 64, 5060.000000, 101760, 1052672, 50944
malloc, 64, 5061.000000, 101824, 1052672, 50976
malloc, 64, 5492.000000, 101888, 1052672, 51008
malloc, 64, 5090.000000, 101952, 1052672, 51040
malloc, 64, 5076.000000, 102016, 1052672, 51072
malloc, 64, 5078.000000, 102080, 1052672, 51104
malloc, 64, 5090.000000, 102144, 1052672, 51136
malloc, 64, 5048.000000, 102208, 1052672, 51168
malloc, 64, 5082.000000, 102272, 1052672, 51200
malloc, 64, 5085.000000, 102336, 1052672, 51232
malloc, 64, 5115.000000, 102400, 1052672, 51264
malloc, 64, 5109.000000, 102464, 1052672, 51296
malloc, 64, 5117.000000, 102528, 1052672, 51328
malloc, 64, 5072.000000, 102592, 1052672, 51360
malloc, 64, 5109.000000, 102656, 1052672, 51392
malloc, 64, 5087.000000, 102720, 1052672, 51424
malloc, 64, 5115.000000, 102784, 1052672, 51456
malloc, 64, 5101.000000, 102848, 1052672, 51488
malloc, 64, 5133.000000, 102912, 1052672, 51520
malloc, 64, 5134.000000, 102976, 1052672, 51552
malloc, 64, 5116.000000, 103040, 1052672, 51584
malloc, 64, 5132.000000, 103104, 1052672, 51616
malloc, 64, 5104.000000, 103168, 1052672, 51648
malloc, 64, 5105.000000, 103232, 1052672, 51680
malloc, 64, 5084.000000, 103296, 1052672, 51712
malloc, 64, 5081.000000, 103360, 1052672, 51744
malloc, 64, 5121.000000, 103424, 1052672, 51776
malloc, 64, 5188.000000, 103488, 1052672, 51808
malloc, 64, 5164.000000, 103552, 1052672, 51840
malloc, 64, 5144.000000, 103616, 1052672, 51872
malloc, 64, 5106.000000, 103680, 1052672, 51904
malloc, 64, 6567.000000, 103744, 1052672, 51936
malloc, 64, 5406.000000, 103808, 1052672, 51968
malloc, 64, 5227.000000, 103872, 1052672, 52000
malloc, 64, 5223.000000, 103936, 1052672, 52032
malloc, 64, 5206.000000, 104000, 1052672, 52064
malloc, 64, 5163.000000, 104064, 1052672, 52096
malloc, 64, 5181.000000, 104128, 1052672, 52128
malloc, 64, 5217.000000, 104192, 1052672, 52160
malloc, 64, 5185.000000, 104256, 1052672, 52192
malloc, 64, 5172.000000, 104320, 1052672, 52224
malloc, 64, 5178.000000, 104384, 1052672, 52256
malloc, 64, 5158.000000, 104448, 1052672, 52288
malloc, 64, 5249.000000, 104512, 1052672, 52320
malloc, 64, 5252.000000, 104576, 1052672, 52352
malloc, 64, 5242.000000, 104640, 1052672, 52384
malloc, 64, 5224.000000, 104704, 1052672, 52416
malloc, 64, 5194.000000, 104768, 1052672, 52448
malloc, 64, 5215.000000, 104832, 1052672, 52480
malloc, 64, 5229.000000, 104896, 1052672, 52512
malloc, 64, 5210.000000, 104960, 1052672, 52544
malloc, 64, 5213.000000, 105024, 1052672, 52576
malloc, 64, 5196.000000, 105088, 1052672, 52608
malloc, 64, 5216.000000, 105152, 1052672, 52640
malloc, 64, 5214.000000, 105216, 1052672, 52672
malloc, 64, 5243.000000, 105280, 1052672, 52704
malloc, 64, 5231.000000, 105344, 1052672, 52736
malloc, 64, 5282.000000, 105408, 1052672, 52768
malloc, 64, 5247.000000, 105472, 1052672, 52800
malloc, 64, 5239.000000, 105536, 1052672, 52832
malloc, 64, 5250.000000, 105600, 1052672, 52864
malloc, 64, 5254.000000, 105664, 1052672, 52896
malloc, 64, 5818.000000, 105728, 1052672, 52928
malloc, 64, 6241.000000, 105792, 1052672, 52960
malloc, 64, 6451.000000, 105856, 1052672, 52992
malloc, 64, 6339.000000, 105920, 1052672, 53024
malloc, 64, 6221.000000, 105984, 1052672, 53056
malloc, 64, 5523.000000, 106048, 1052672, 53088
malloc, 64, 5243.000000, 106112, 1052672, 53120
malloc, 64, 5271.000000, 106176, 1052672, 53152
malloc, 64, 5286.000000, 106240, 1052672, 53184
malloc, 64, 5314.000000, 106304, 1052672, 53216
malloc, 64, 8507.000000, 106368, 1052672, 53248
malloc, 64, 5478.000000, 106432, 1052672, 53280
malloc, 64, 6910.000000, 106496, 1052672, 53312
malloc, 64, 5569.000000, 106560, 1052672, 53344
malloc, 64, 5276.000000, 106624, 1052672, 53376
malloc, 64, 5294.000000, 106688, 1052672, 53408
malloc, 64, 5286.000000, 106752, 1052672, 53440
malloc, 64, 5319.000000, 106816, 1052672, 53472
malloc, 64, 5354.000000, 106880, 1052672, 53504
malloc, 64, 5323.000000, 106944, 1052672, 53536
malloc, 64, 5296.000000, 107008, 1052672, 53568
malloc, 64, 5311.000000, 107072, 1052672, 53600
malloc, 64, 5343.000000, 107136, 1052672, 53632
malloc, 64, 5348.000000, 107200, 1052672, 53664
malloc, 64, 5323.000000, 107264, 1052672, 53696
malloc, 64, 5316.000000, 107328, 1052672, 53728
malloc, 64, 5321.000000, 107392, 1052672, 53760
malloc, 64, 5339.000000, 107456, 1052672, 53792
malloc, 64, 5372.000000, 107520, 1052672, 53824
malloc, 64, 5330.000000, 107584, 1052672, 53856
malloc, 64, 5324.000000, 107648, 1052672, 53888
malloc, 64, 5353.000000, 107712, 1052672, 53920
malloc, 64, 5390.000000, 107776, 1052672, 53952
malloc, 64, 5307.000000, 107840, 1052672, 53984
malloc, 64, 5346.000000, 107904, 1052672, 54016
malloc, 64, 5372.000000, 107968, 1052672, 54048
malloc, 64, 5345.000000, 108032, 1052672, 54080
malloc, 64, 5342.000000, 108096, 1052672, 54112
malloc, 64, 6061.000000, 108160, 1052672, 54144
malloc, 64, 6109.000000, 108224, 1052672, 54176
malloc, 64, 5458.000000, 108288, 1052672, 54208
malloc, 64, 5400.000000, 108352, 1052672, 54240
malloc, 64, 5425.000000, 108416, 1052672, 54272
malloc, 64, 5415.000000, 108480, 1052672, 54304
malloc, 64, 5377.000000, 108544, 1052672, 54336
malloc, 64, 5384.000000, 108608, 1052672, 54368
malloc, 64, 5408.000000, 108672, 1052672, 54400
malloc, 64, 5413.000000, 108736, 1052672, 54432
malloc, 64, 5361.000000, 108800, 1052672, 54464
malloc, 64, 5370.000000, 108864, 1052672, 54496
malloc, 64, 5406.000000, 108928, 1052672, 54528
malloc, 64, 5448.000000, 108992, 1052672, 54560
malloc, 64, 5999.000000, 109056, 1052672, 54592
malloc, 64, 6577.000000, 109120, 1052672, 54624
malloc, 64, 7286.000000, 109184, 1052672, 54656
malloc, 64, 5686.000000, 109248, 1052672, 54688
malloc, 64, 5418.000000, 109312, 1052672, 54720
malloc, 64, 5481.000000, 109376, 1052672, 54752
malloc, 64, 5396.000000, 109440, 1052672, 54784
malloc, 64, 5395.000000, 109504, 1052672, 54816
malloc, 64, 5430.000000, 109568, 1052672, 54848
malloc, 64, 5438.000000, 109632, 1052672, 54880
malloc, 64, 5447.000000, 109696, 1052672, 54912
malloc, 64, 5434.000000, 109760, 1052672, 54944
malloc, 64, 5457.000000, 109824, 1052672, 54976
malloc, 64, 5483.000000, 109888, 1052672, 55008
malloc, 64, 5446.000000, 109952, 1052672, 55040
malloc, 64, 5437.000000, 110016, 1052672, 55072
malloc, 64, 5465.000000, 110080, 1052672, 55104
malloc, 64, 5448.000000, 110144, 1052672, 55136
malloc, 64, 5453.000000, 110208, 1052672, 55168
malloc, 64, 5521.000000, 110272, 1052672, 55200
malloc, 64, 5480.000000, 110336, 1052672, 55232
malloc, 64, 5488.000000, 110400, 1052672, 55264
malloc, 64, 5467.000000, 110464, 1052672, 55296
malloc, 64, 5444.000000, 110528, 1052672, 55328
malloc, 64, 5487.000000, 110592, 1052672, 55360
malloc, 64, 5499.000000, 110656, 1052672, 55392
malloc, 64, 5503.000000, 110720, 1052672, 55424
malloc, 64, 5482.000000, 110784, 1052672, 55456
malloc, 64, 5465.000000, 110848, 1052672, 55488
malloc, 64, 5469.000000, 110912, 1052672, 55520
malloc, 64, 5488.000000, 110976, 1052672, 55552
malloc, 64, 5504.000000, 111040, 1052672, 55584
malloc, 64, 5524.000000, 111104, 1052672, 55616
malloc, 64, 5472.000000, 111168, 1052672, 55648
malloc, 64, 5468.000000, 111232, 1052672, 55680
malloc, 64, 5475.000000, 111296, 1052672, 55712
malloc, 64, 5549.000000, 111360, 1052672, 55744
malloc, 64, 5547.000000, 111424, 1052672, 55776
malloc, 64, 5537.000000, 111488, 1052672, 55808
malloc, 64, 5479.000000, 111552, 1052672, 55840
malloc, 64, 5519.000000, 111616, 1052672, 55872
malloc, 64, 5501.000000, 111680, 1052672, 55904
malloc, 64, 5518.000000, 111744, 1052672, 55936
malloc, 64, 5530.000000, 111808, 1052672, 55968
malloc, 64, 5511.000000, 111872, 1052672, 56000
malloc, 64, 7555.000000, 111936, 1052672, 56032
malloc, 64, 5879.000000, 112000, 1052672, 56064
malloc, 64, 5538.000000, 112064, 1052672, 56096
malloc, 64, 5568.000000, 112128, 1052672, 56128
malloc, 64, 5581.000000, 112192, 1052672, 56160
malloc, 64, 5569.000000, 112256, 1052672, 56192
malloc, 64, 5570.000000, 112320, 1052672, 56224
malloc, 64, 5574.000000, 112384, 1052672, 56256
malloc, 64, 5596.000000, 112448, 1052672, 56288
malloc, 64, 5572.000000, 112512, 1052672, 56320
malloc, 64, 5613.000000, 112576, 1052672, 56352
malloc, 64, 5602.000000, 112640, 1052672, 56384
malloc, 64, 5584.000000, 112704, 1052672, 56416
malloc, 64, 5619.000000, 112768, 1052672, 56448
malloc, 64, 6043.000000, 112832, 1052672, 56480
malloc, 64, 5664.000000, 112896, 1052672, 56512
malloc, 64, 5572.000000, 112960, 1052672, 56544
malloc, 64, 5665.000000, 113024, 1052672, 56576
malloc, 64, 6400.000000, 113088, 1052672, 56608
malloc, 64, 6736.000000, 113152, 1052672, 56640
malloc, 64, 6944.000000, 113216, 1052672, 56672
malloc, 64, 6727.000000, 113280, 1052672, 56704
malloc, 64, 6697.000000, 113344, 1052672, 56736
malloc, 64, 6050.000000, 113408, 1052672, 56768
malloc, 64, 5633.000000, 113472, 1052672, 56800
malloc, 64, 5734.000000, 113536, 1052672, 56832
malloc, 64, 5706.000000, 113600, 1052672, 56864
malloc, 64, 5646.000000, 113664, 1052672, 56896
malloc, 64, 5634.000000, 113728, 1052672, 56928
malloc, 64, 5651.000000, 113792, 1052672, 56960
malloc, 64, 5685.000000, 113856, 1052672, 56992
malloc, 64, 5663.000000, 113920, 1052672, 57024
malloc, 64, 5641.000000, 113984, 1052672, 57056
malloc, 64, 5696.000000, 114048, 1052672, 57088
malloc, 64, 5604.000000, 114112, 1052672, 57120
malloc, 64, 5672.000000, 114176, 1052672, 57152
malloc, 64, 5658.000000, 114240, 1052672, 57184
malloc, 64, 5725.000000, 114304, 1052672, 57216
malloc, 64, 5656.000000, 114368, 1052672, 57248
malloc, 64, 5687.000000, 114432, 1052672, 57280
malloc, 64, 5680.000000, 114496, 1052672, 57312
malloc, 64, 5694.000000, 114560, 1052672, 57344
malloc, 64, 5707.000000, 114624, 1052672, 57376
malloc, 64, 7511.000000, 114688, 1052672, 57408
malloc, 64, 6038.000000, 114752, 1052672, 57440
malloc, 64, 5711.000000, 114816, 1052672, 57472
malloc, 64, 5746.000000, 114880, 1052672, 57504
malloc, 64, 5738.000000, 114944, 1052672, 57536
malloc, 64, 5696.000000, 115008, 1052672, 57568
malloc, 64, 5729.000000, 115072, 1052672, 57600
malloc, 64, 5803.000000, 115136, 1052672, 57632
malloc, 64, 5750.000000, 115200, 1052672, 57664
malloc, 64, 5711.000000, 115264, 1052672, 57696
malloc, 64, 5703.000000, 115328, 1052672, 57728
malloc, 64, 5703.000000, 115392, 1052672, 57760
malloc, 64, 5782.000000, 115456, 1052672, 57792
malloc, 64, 5716.000000, 115520, 1052672, 57824
malloc, 64, 5803.000000, 115584, 1052672, 57856
malloc, 64, 5727.000000, 115648, 1052672, 57888
malloc, 64, 5737.000000, 115712, 1052672, 57920
malloc, 64, 5750.000000, 115776, 1052672, 57952
malloc, 64, 5825.000000, 115840, 1052672, 57984
malloc, 64, 5769.000000, 115904, 1052672, 58016
malloc, 64, 5765.000000, 115968, 1052672, 58048
malloc, 64, 5829.000000, 116032, 1052672, 58080
malloc, 64, 5783.000000, 116096, 1052672, 58112
malloc, 64, 5790.000000, 116160, 1052672, 58144
malloc, 64, 5817.000000, 116224, 1052672, 58176
malloc, 64, 5762.000000, 116288, 1052672, 58208
malloc, 64, 5788.000000, 116352, 1052672, 58240
malloc, 64, 5834.000000, 116416, 1052672, 58272
malloc, 64, 5796.000000, 116480, 1052672, 58304
malloc, 64, 5821.000000, 116544, 1052672, 58336
malloc, 64, 5868.000000, 116608, 1052672, 58368
malloc, 64, 5811.000000, 116672, 1052672, 58400
malloc, 64, 6115.000000, 116736, 1052672, 58432
malloc, 64, 5883.000000, 116800, 1052672, 58464
malloc, 64, 5824.000000, 116864, 1052672, 58496
malloc, 64, 5818.000000, 116928, 1052672, 58528
malloc, 64, 5918.000000, 116992, 1052672, 58560
malloc, 64, 5859.000000, 117056, 1052672, 58592
malloc, 64, 5864.000000, 117120, 1052672, 58624
malloc, 64, 5851.000000, 117184, 1052672, 58656
malloc, 64, 5859.000000, 117248, 1052672, 58688
malloc, 64, 5808.000000, 117312, 1052672, 58720
malloc, 64, 6941.000000, 117376, 1052672, 58752
malloc, 64, 6172.000000, 117440, 1052672, 58784
malloc, 64, 5887.000000, 117504, 1052672, 58816
malloc, 64, 5856.000000, 117568, 1052672, 58848
malloc, 64, 5839.000000, 117632, 1052672, 58880
malloc, 64, 5832.000000, 117696, 1052672, 58912
malloc, 64, 5904.000000, 117760, 1052672, 58944
malloc, 64, 5846.000000, 117824, 1052672, 58976
malloc, 64, 5857.000000, 117888, 1052672, 59008
malloc, 64, 5911.000000, 117952, 1052672, 59040
malloc, 64, 5927.000000, 118016, 1052672, 59072
malloc, 64, 5925.000000, 118080, 1052672, 59104
malloc, 64, 5888.000000, 118144, 1052672, 59136
malloc, 64, 5934.000000, 118208, 1052672, 59168
malloc, 64, 5833.000000, 118272, 1052672, 59200
malloc, 64, 5893.000000, 118336, 1052672, 59232
malloc, 64, 5987.000000, 118400, 1052672, 59264
malloc, 64, 5887.000000, 118464, 1052672, 59296
malloc, 64, 5895.000000, 118528, 1052672, 59328
malloc, 64, 5903.000000, 118592, 1052672, 59360
malloc, 64, 5950.000000, 118656, 1052672, 59392
malloc, 64, 6874.000000, 118720, 1052672, 59424
malloc, 64, 7107.000000, 118784, 1052672, 59456
malloc, 64, 6175.000000, 118848, 1052672, 59488
malloc, 64, 5933.000000, 118912, 1052672, 59520
malloc, 64, 5946.000000, 118976, 1052672, 59552
malloc, 64, 5926.000000, 119040, 1052672, 59584
malloc, 64, 5954.000000, 119104, 1052672, 59616
malloc, 64, 5911.000000, 119168, 1052672, 59648
malloc, 64, 5918.000000, 119232, 1052672, 59680
malloc, 64, 5959.000000, 119296, 1052672, 59712
malloc, 64, 5951.000000, 119360, 1052672, 59744
malloc, 64, 5904.000000, 119424, 1052672, 59776
malloc, 64, 5902.000000, 119488, 1052672, 59808
malloc, 64, 5926.000000, 119552, 1052672, 59840
malloc, 64, 5978.000000, 119616, 1052672, 59872
malloc, 64, 5949.000000, 119680, 1052672, 59904
malloc, 64, 5915.000000, 119744, 1052672, 59936
malloc, 64, 5965.000000, 119808, 1052672, 59968
malloc, 64, 5976.000000, 119872, 1052672, 60000
malloc, 64, 5997.000000, 119936, 1052672, 60032
malloc, 64, 5961.000000, 120000, 1052672, 60064
malloc, 64, 5994.000000, 120064, 1052672, 60096
malloc, 64, 7289.000000, 120128, 1052672, 60128
malloc, 64, 6265.000000, 120192, 1052672, 60160
malloc, 64, 6056.000000, 120256, 1052672, 60192
malloc, 64, 6022.000000, 120320, 1052672, 60224
malloc, 64, 6051.000000, 120384, 1052672, 60256
malloc, 64, 6000.000000, 120448, 1052672, 60288
malloc, 64, 5970.000000, 120512, 1052672, 60320
malloc, 64, 6016.000000, 120576, 1052672, 60352
malloc, 64, 6046.000000, 120640, 1052672, 60384
malloc, 64, 6013.000000, 120704, 1052672, 60416
malloc, 64, 6037.000000, 120768, 1052672, 60448
malloc, 64, 6072.000000, 120832, 1052672, 60480
malloc, 64, 5992.000000, 120896, 1052672, 60512
malloc, 64, 6053.000000, 120960, 1052672, 60544
malloc, 64, 6033.000000, 121024, 1052672, 60576
malloc, 64, 6113.000000, 121088, 1052672, 60608
malloc, 64, 6099.000000, 121152, 1052672, 60640
malloc, 64, 6045.000000, 121216, 1052672, 60672
malloc, 64, 6040.000000, 121280, 1052672, 60704
malloc, 64, 6046.000000, 121344, 1052672, 60736
malloc, 64, 5983.000000, 121408, 1052672, 60768
malloc, 64, 6057.000000, 121472, 1052672, 60800
malloc, 64, 6255.000000, 121536, 1052672, 60832
malloc, 64, 7154.000000, 121600, 1052672, 60864
malloc, 64, 6825.000000, 121664, 1052672, 60896
malloc, 64, 6177.000000, 121728, 1052672, 60928
malloc, 64, 6133.000000, 121792, 1052672, 60960
malloc, 64, 6091.000000, 121856, 1052672, 60992
malloc, 64, 6066.000000, 121920, 1052672, 61024
malloc, 64, 6120.000000, 121984, 1052672, 61056
malloc, 64, 6096.000000, 122048, 1052672, 61088
malloc, 64, 6114.000000, 122112, 1052672, 61120
malloc, 64, 6071.000000, 122176, 1052672, 61152
malloc, 64, 6067.000000, 122240, 1052672, 61184
malloc, 64, 6090.000000, 122304, 1052672, 61216
malloc, 64, 6122.000000, 122368, 1052672, 61248
malloc, 64, 6044.000000, 122432, 1052672, 61280
malloc, 64, 6101.000000, 122496, 1052672, 61312
malloc, 64, 6091.000000, 122560, 1052672, 61344
malloc, 64, 6131.000000, 122624, 1052672, 61376
malloc, 64, 6051.000000, 122688, 1052672, 61408
malloc, 64, 6111.000000, 122752, 1052672, 61440
malloc, 64, 6101.000000, 122816, 1052672, 61472
malloc, 64, 7465.000000, 122880, 1052672, 61504
malloc, 64, 6436.000000, 122944, 1052672, 61536
malloc, 64, 6191.000000, 123008, 1052672, 61568
malloc, 64, 6144.000000, 123072, 1052672, 61600
malloc, 64, 6153.000000, 123136, 1052672, 61632
malloc, 64, 6039.000000, 123200, 1052672, 61664
malloc, 64, 6122.000000, 123264, 1052672, 61696
malloc, 64, 6137.000000, 123328, 1052672, 61728
malloc, 64, 6158.000000, 123392, 1052672, 61760
malloc, 64, 6203.000000, 123456, 1052672, 61792
malloc, 64, 6106.000000, 123520, 1052672, 61824
malloc, 64, 6133.000000, 123584, 1052672, 61856
malloc, 64, 6237.000000, 123648, 1052672, 61888
malloc, 64, 6196.000000, 123712, 1052672, 61920
malloc, 64, 7537.000000, 123776, 1052672, 61952
malloc, 64, 7510.000000, 123840, 1052672, 61984
malloc, 64, 7430.000000, 123904, 1052672, 62016
malloc, 64, 7292.000000, 123968, 1052672, 62048
malloc, 64, 6466.000000, 124032, 1052672, 62080
malloc, 64, 6271.000000, 124096, 1052672, 62112
malloc, 64, 6237.000000, 124160, 1052672, 62144
malloc, 64, 6189.000000, 124224, 1052672, 62176
malloc, 64, 6216.000000, 124288, 1052672, 62208
malloc, 64, 6147.000000, 124352, 1052672, 62240
malloc, 64, 6228.000000, 124416, 1052672, 62272
malloc, 64, 6165.000000, 124480, 1052672, 62304
malloc, 64, 6184.000000, 124544, 1052672, 62336
malloc, 64, 6205.000000, 124608, 1052672, 62368
malloc, 64, 6133.000000, 124672, 1052672, 62400
malloc, 64, 6186.000000, 124736, 1052672, 62432
malloc, 64, 6191.000000, 124800, 1052672, 62464
malloc, 64, 6194.000000, 124864, 1052672, 62496
malloc, 64, 6253.000000, 124928, 1052672, 62528
malloc, 64, 6211.000000, 124992, 1052672, 62560
malloc, 64, 6252.000000, 125056, 1052672, 62592
malloc, 64, 6178.000000, 125120, 1052672, 62624
malloc, 64, 6199.000000, 125184, 1052672, 62656
malloc, 64, 6220.000000, 125248, 1052672, 62688
malloc, 64, 6225.000000, 125312, 1052672, 62720
malloc, 64, 6255.000000, 125376, 1052672, 62752
malloc, 64, 6200.000000, 125440, 1052672, 62784
malloc, 64, 6201.000000, 125504, 1052672, 62816
malloc, 64, 7915.000000, 125568, 1052672, 62848
malloc, 64, 6692.000000, 125632, 1052672, 62880
malloc, 64, 6349.000000, 125696, 1052672, 62912
malloc, 64, 6319.000000, 125760, 1052672, 62944
malloc, 64, 6252.000000, 125824, 1052672, 62976
malloc, 64, 6324.000000, 125888, 1052672, 63008
malloc, 64, 6300.000000, 125952, 1052672, 63040
malloc, 64, 6244.000000, 126016, 1052672, 63072
malloc, 64, 6305.000000, 126080, 1052672, 63104
malloc, 64, 6302.000000, 126144, 1052672, 63136
malloc, 64, 9846.000000, 126208, 1052672, 63168
malloc, 64, 6564.000000, 126272, 1052672, 63200
malloc, 64, 6392.000000, 126336, 1052672, 63232
malloc, 64, 6337.000000, 126400, 1052672, 63264
malloc, 64, 6358.000000, 126464, 1052672, 63296
malloc, 64, 6342.000000, 126528, 1052672, 63328
malloc, 64, 6385.000000, 126592, 1052672, 63360
malloc, 64, 6320.000000, 126656, 1052672, 63392
malloc, 64, 6287.000000, 126720, 1052672, 63424
malloc, 64, 6346.000000, 126784, 1052672, 63456
malloc, 64, 6342.000000, 126848, 1052672, 63488
malloc, 64, 6375.000000, 126912, 1052672, 63520
malloc, 64, 6338.000000, 126976, 1052672, 63552
malloc, 64, 6328.000000, 127040, 1052672, 63584
malloc, 64, 6366.000000, 127104, 1052672, 63616
malloc, 64, 6411.000000, 127168, 1052672, 63648
malloc, 64, 6377.000000, 127232, 1052672, 63680
malloc, 64, 6331.000000, 127296, 1052672, 63712
malloc, 64, 6375.000000, 127360, 1052672, 63744
malloc, 64, 6369.000000, 127424, 1052672, 63776
malloc, 64, 6405.000000, 127488, 1052672, 63808
malloc, 64, 6403.000000, 127552, 1052672, 63840
malloc, 64, 6377.000000, 127616, 1052672, 63872
malloc, 64, 6374.000000, 127680, 1052672, 63904
malloc, 64, 6444.000000, 127744, 1052672, 63936
malloc, 64, 6442.000000, 127808, 1052672, 63968
malloc, 64, 6372.000000, 127872, 1052672, 64000
malloc, 64, 6362.000000, 127936, 1052672, 64032
malloc, 64, 6409.000000, 128000, 1052672, 64064
malloc, 64, 6427.000000, 128064, 1052672, 64096
malloc, 64, 6358.000000, 128128, 1052672, 64128
malloc, 64, 6401.000000, 128192, 1052672, 64160
malloc, 64, 6505.000000, 128256, 1052672, 64192
malloc, 64, 7667.000000, 128320, 1052672, 64224
malloc, 64, 6781.000000, 128384, 1052672, 64256
malloc, 64, 6466.000000, 128448, 1052672, 64288
malloc, 64, 6475.000000, 128512, 1052672, 64320
malloc, 64, 6413.000000, 128576, 1052672, 64352
malloc, 64, 6432.000000, 128640, 1052672, 64384
malloc, 64, 6455.000000, 128704, 1052672, 64416
malloc, 64, 6431.000000, 128768, 1052672, 64448
malloc, 64, 6514.000000, 128832, 1052672, 64480
malloc, 64, 6484.000000, 128896, 1052672, 64512
malloc, 64, 6465.000000, 128960, 1052672, 64544
malloc, 64, 6465.000000, 129024, 1052672, 64576
malloc, 64, 6463.000000, 129088, 1052672, 64608
malloc, 64, 6835.000000, 129152, 1052672, 64640
malloc, 64, 7591.000000, 129216, 1052672, 64672
malloc, 64, 7320.000000, 129280, 1052672, 64704
malloc, 64, 6576.000000, 129344, 1052672, 64736
malloc, 64, 6539.000000, 129408, 1052672, 64768
malloc, 64, 6524.000000, 129472, 1052672, 64800
malloc, 64, 6500.000000, 129536, 1052672, 64832
malloc, 64, 6541.000000, 129600, 1052672, 64864
malloc, 64, 6531.000000, 129664, 1052672, 64896
malloc, 64, 6519.000000, 129728, 1052672, 64928
malloc, 64, 6474.000000, 129792, 1052672, 64960
malloc, 64, 6477.000000, 129856, 1052672, 64992
malloc, 64, 6518.000000, 129920, 1052672, 65024
malloc, 64, 6504.000000, 129984, 1052672, 65056
malloc, 64, 6509.000000, 130048, 1052672, 65088
malloc, 64, 6515.000000, 130112, 1052672, 65120
malloc, 64, 6492.000000, 130176, 1052672, 65152
malloc, 64, 6504.000000, 130240, 1052672, 65184
malloc, 64, 6562.000000, 130304, 1052672, 65216
malloc, 64, 6554.000000, 130368, 1052672, 65248
malloc, 64, 6527.000000, 130432, 1052672, 65280
malloc, 64, 6590.000000, 130496, 1052672, 65312
malloc, 64, 6536.000000, 130560, 1052672, 65344
malloc, 64, 6517.000000, 130624, 1052672, 65376
malloc, 64, 6538.000000, 130688, 1052672, 65408
malloc, 64, 6460.000000, 130752, 1052672, 65440
malloc, 64, 6526.000000, 130816, 1052672, 65472
malloc, 64, 6545.000000, 130880, 1052672, 65504
malloc, 64, 6573.000000, 130944, 1052672, 65536
malloc, 64, 6527.000000, 131008, 1052672, 65568
malloc, 64, 7798.000000, 131072, 1052672, 65600
malloc, 64, 6831.000000, 131136, 1052672, 65632
malloc, 64, 6632.000000, 131200, 1052672, 65664
malloc, 64, 6597.000000, 131264, 1052672, 65696
malloc, 64, 6639.000000, 131328, 1052672, 65728
malloc, 64, 6589.000000, 131392, 1052672, 65760
malloc, 64, 6616.000000, 131456, 1052672, 65792
malloc, 64, 6593.000000, 131520, 1052672, 65824
malloc, 64, 6536.000000, 131584, 1052672, 65856
malloc, 64, 6608.000000, 131648, 1052672, 65888
malloc, 64, 6562.000000, 131712, 1052672, 65920
malloc, 64, 6615.000000, 131776, 1052672, 65952
malloc, 64, 6618.000000, 131840, 1052672, 65984
malloc, 64, 6601.000000, 131904, 1052672, 66016
malloc, 64, 6599.000000, 131968, 1052672, 66048
malloc, 64, 6601.000000, 132032, 1052672, 66080
malloc, 64, 6686.000000, 132096, 1052672, 66112
malloc, 64, 6634.000000, 132160, 1052672, 66144
malloc, 64, 6589.000000, 132224, 1052672, 66176
malloc, 64, 7770.000000, 132288, 1052672, 66208
malloc, 64, 7687.000000, 132352, 1052672, 66240
malloc, 64, 6804.000000, 132416, 1052672, 66272
malloc, 64, 6682.000000, 132480, 1052672, 66304
malloc, 64, 6643.000000, 132544, 1052672, 66336
malloc, 64, 6671.000000, 132608, 1052672, 66368
malloc, 64, 6608.000000, 132672, 1052672, 66400
malloc, 64, 6585.000000, 132736, 1052672, 66432
malloc, 64, 6644.000000, 132800, 1052672, 66464
malloc, 64, 6648.000000, 132864, 1052672, 66496
malloc, 64, 6631.000000, 132928, 1052672, 66528
malloc, 64, 6593.000000, 132992, 1052672, 66560
malloc, 64, 6620.000000, 133056, 1052672, 66592
malloc, 64, 6624.000000, 133120, 1052672, 66624
malloc, 64, 6636.000000, 133184, 1052672, 66656
malloc, 64, 6606.000000, 133248, 1052672, 66688
malloc, 64, 6578.000000, 133312, 1052672, 66720
malloc, 64, 6661.000000, 133376, 1052672, 66752
malloc, 64, 6607.000000, 133440, 1052672, 66784
malloc, 64, 6643.000000, 133504, 1052672, 66816
malloc, 64, 6676.000000, 133568, 1052672, 66848
malloc, 64, 6750.000000, 133632, 1052672, 66880
malloc, 64, 6625.000000, 133696, 1052672, 66912
malloc, 64, 8016.000000, 133760, 1052672, 66944
malloc, 64, 7079.000000, 133824, 1052672, 66976
malloc, 64, 6636.000000, 133888, 1052672, 67008
malloc, 64, 6675.000000, 133952, 1052672, 67040
malloc, 64, 6697.000000, 134016, 1052672, 67072
malloc, 64, 6774.000000, 134080, 1052672, 67104
malloc, 64, 6733.000000, 134144, 1052672, 67136
malloc, 64, 6691.000000, 134208, 1052672, 67168
malloc, 64, 6745.000000, 134272, 1052672, 67200
malloc, 64, 6736.000000, 134336, 1052672, 67232
malloc, 64, 6752.000000, 134400, 1052672, 67264
malloc, 64, 6735.000000, 134464, 1052672, 67296
malloc, 64, 6733.000000, 134528, 1052672, 67328
malloc, 64, 6738.000000, 134592, 1052672, 67360
malloc, 64, 8260.000000, 134656, 1052672, 67392
malloc, 64, 8422.000000, 134720, 1052672, 67424
malloc, 64, 7911.000000, 134784, 1052672, 67456
malloc, 64, 7614.000000, 134848, 1052672, 67488
malloc, 64, 6863.000000, 134912, 1052672, 67520
malloc, 64, 6828.000000, 134976, 1052672, 67552
malloc, 64, 11063.000000, 135040, 1052672, 67584
malloc, 64, 7023.000000, 135104, 1052672, 67616
malloc, 64, 6755.000000, 135168, 1052672, 67648
malloc, 64, 6721.000000, 135232, 1052672, 67680
malloc, 64, 6817.000000, 135296, 1052672, 67712
malloc, 64, 6775.000000, 135360, 1052672, 67744
malloc, 64, 6750.000000, 135424, 1052672, 67776
malloc, 64, 6768.000000, 135488, 1052672, 67808
malloc, 64, 6801.000000, 135552, 1052672, 67840
malloc, 64, 6745.000000, 135616, 1052672, 67872
malloc, 64, 6673.000000, 135680, 1052672, 67904
malloc, 64, 6670.000000, 135744, 1052672, 67936
malloc, 64, 6826.000000, 135808, 1052672, 67968
malloc, 64, 6769.000000, 135872, 1052672, 68000
malloc, 64, 6792.000000, 135936, 1052672, 68032
malloc, 64, 6771.000000, 136000, 1052672, 68064
malloc, 64, 6782.000000, 136064, 1052672, 68096
malloc, 64, 6775.000000, 136128, 1052672, 68128
malloc, 64, 6782.000000, 136192, 1052672, 68160
malloc, 64, 6850.000000, 136256, 1052672, 68192
malloc, 64, 6821.000000, 136320, 1052672, 68224
malloc, 64, 6869.000000, 136384, 1052672, 68256
malloc, 64, 6828.000000, 136448, 1052672, 68288
malloc, 64, 9761.000000, 136512, 1052672, 68320
malloc, 64, 7299.000000, 136576, 1052672, 68352
malloc, 64, 6829.000000, 136640, 1052672, 68384
malloc, 64, 6882.000000, 136704, 1052672, 68416
malloc, 64, 6846.000000, 136768, 1052672, 68448
malloc, 64, 6884.000000, 136832, 1052672, 68480
malloc, 64, 6834.000000, 136896, 1052672, 68512
malloc, 64, 6908.000000, 136960, 1052672, 68544
malloc, 64, 6907.000000, 137024, 1052672, 68576
malloc, 64, 6853.000000, 137088, 1052672, 68608
malloc, 64, 6899.000000, 137152, 1052672, 68640
malloc, 64, 6884.000000, 137216, 1052672, 68672
malloc, 64, 6889.000000, 137280, 1052672, 68704
malloc, 64, 6874.000000, 137344, 1052672, 68736
malloc, 64, 6964.000000, 137408, 1052672, 68768
malloc, 64, 6865.000000, 137472, 1052672, 68800
malloc, 64, 6911.000000, 137536, 1052672, 68832
malloc, 64, 6921.000000, 137600, 1052672, 68864
malloc, 64, 6902.000000, 137664, 1052672, 68896
malloc, 64, 6974.000000, 137728, 1052672, 68928
malloc, 64, 6874.000000, 137792, 1052672, 68960
malloc, 64, 6936.000000, 137856, 1052672, 68992
malloc, 64, 6909.000000, 137920, 1052672, 69024
malloc, 64, 6934.000000, 137984, 1052672, 69056
malloc, 64, 6963.000000, 138048, 1052672, 69088
malloc, 64, 6995.000000, 138112, 1052672, 69120
malloc, 64, 7009.000000, 138176, 1052672, 69152
malloc, 64, 6971.000000, 138240, 1052672, 69184
malloc, 64, 7046.000000, 138304, 1052672, 69216
malloc, 64, 6910.000000, 138368, 1052672, 69248
malloc, 64, 6936.000000, 138432, 1052672, 69280
malloc, 64, 6885.000000, 138496, 1052672, 69312
malloc, 64, 7040.000000, 138560, 1052672, 69344
malloc, 64, 6995.000000, 138624, 1052672, 69376
malloc, 64, 7024.000000, 138688, 1052672, 69408
malloc, 64, 6969.000000, 138752, 1052672, 69440
malloc, 64, 7004.000000, 138816, 1052672, 69472
malloc, 64, 6936.000000, 138880, 1052672, 69504
malloc, 64, 6949.000000, 138944, 1052672, 69536
malloc, 64, 6995.000000, 139008, 1052672, 69568
malloc, 64, 6941.000000, 139072, 1052672, 69600
malloc, 64, 7018.000000, 139136, 1052672, 69632
malloc, 64, 6926.000000, 139200, 1052672, 69664
malloc, 64, 7964.000000, 139264, 1052672, 69696
malloc, 64, 7250.000000, 139328, 1052672, 69728
malloc, 64, 7101.000000, 139392, 1052672, 69760
malloc, 64, 7064.000000, 139456, 1052672, 69792
malloc, 64, 6999.000000, 139520, 1052672, 69824
malloc, 64, 8051.000000, 139584, 1052672, 69856
malloc, 64, 8167.000000, 139648, 1052672, 69888
malloc, 64, 7680.000000, 139712, 1052672, 69920
malloc, 64, 7062.000000, 139776, 1052672, 69952
malloc, 64, 7104.000000, 139840, 1052672, 69984
malloc, 64, 7106.000000, 139904, 1052672, 70016
malloc, 64, 7122.000000, 139968, 1052672, 70048
malloc, 64, 7067.000000, 140032, 1052672, 70080
malloc, 64, 7050.000000, 140096, 1052672, 70112
malloc, 64, 7129.000000, 140160, 1052672, 70144
malloc, 64, 7058.000000, 140224, 1052672, 70176
malloc, 64, 7066.000000, 140288, 1052672, 70208
malloc, 64, 7094.000000, 140352, 1052672, 70240
malloc, 64, 7085.000000, 140416, 1052672, 70272
malloc, 64, 7041.000000, 140480, 1052672, 70304
malloc, 64, 7048.000000, 140544, 1052672, 70336
malloc, 64, 7129.000000, 140608, 1052672, 70368
malloc, 64, 7020.000000, 140672, 1052672, 70400
malloc, 64, 7088.000000, 140736, 1052672, 70432
malloc, 64, 7036.000000, 140800, 1052672, 70464
malloc, 64, 7128.000000, 140864, 1052672, 70496
malloc, 64, 7086.000000, 140928, 1052672, 70528
malloc, 64, 7022.000000, 140992, 1052672, 70560
malloc, 64, 7037.000000, 141056, 1052672, 70592
malloc, 64, 7111.000000, 141120, 1052672, 70624
malloc, 64, 7103.000000, 141184, 1052672, 70656
malloc, 64, 7190.000000, 141248, 1052672, 70688
malloc, 64, 7128.000000, 141312, 1052672, 70720
malloc, 64, 7122.000000, 141376, 1052672, 70752
malloc, 64, 7135.000000, 141440, 1052672, 70784
malloc, 64, 7126.000000, 141504, 1052672, 70816
malloc, 64, 7193.000000, 141568, 1052672, 70848
malloc, 64, 7070.000000, 141632, 1052672, 70880
malloc, 64, 7059.000000, 141696, 1052672, 70912
malloc, 64, 7122.000000, 141760, 1052672, 70944
malloc, 64, 7153.000000, 141824, 1052672, 70976
malloc, 64, 7106.000000, 141888, 1052672, 71008
malloc, 64, 8701.000000, 141952, 1052672, 71040
malloc, 64, 7552.000000, 142016, 1052672, 71072
malloc, 64, 7132.000000, 142080, 1052672, 71104
malloc, 64, 7155.000000, 142144, 1052672, 71136
malloc, 64, 7171.000000, 142208, 1052672, 71168
malloc, 64, 7133.000000, 142272, 1052672, 71200
malloc, 64, 7152.000000, 142336, 1052672, 71232
malloc, 64, 7170.000000, 142400, 1052672, 71264
malloc, 64, 7120.000000, 142464, 1052672, 71296
malloc, 64, 7155.000000, 142528, 1052672, 71328
malloc, 64, 7196.000000, 142592, 1052672, 71360
malloc, 64, 7206.000000, 142656, 1052672, 71392
malloc, 64, 7142.000000, 142720, 1052672, 71424
malloc, 64, 7213.000000, 142784, 1052672, 71456
malloc, 64, 8005.000000, 142848, 1052672, 71488
malloc, 64, 8682.000000, 142912, 1052672, 71520
malloc, 64, 7410.000000, 142976, 1052672, 71552
malloc, 64, 7252.000000, 143040, 1052672, 71584
malloc, 64, 7218.000000, 143104, 1052672, 71616
malloc, 64, 7289.000000, 143168, 1052672, 71648
malloc, 64, 7173.000000, 143232, 1052672, 71680
malloc, 64, 7219.000000, 143296, 1052672, 71712
malloc, 64, 7341.000000, 143360, 1052672, 71744
malloc, 64, 10598.000000, 143424, 1052672, 71776
malloc, 64, 7446.000000, 143488, 1052672, 71808
malloc, 64, 7198.000000, 143552, 1052672, 71840
malloc, 64, 7301.000000, 143616, 1052672, 71872
malloc, 64, 7290.000000, 143680, 1052672, 71904
malloc, 64, 7259.000000, 143744, 1052672, 71936
malloc, 64, 7397.000000, 143808, 1052672, 71968
malloc, 64, 7301.000000, 143872, 1052672, 72000
malloc, 64, 7288.000000, 143936, 1052672, 72032
malloc, 64, 7248.000000, 144000, 1052672, 72064
malloc, 64, 7242.000000, 144064, 1052672, 72096
malloc, 64, 7253.000000, 144128, 1052672, 72128
malloc, 64, 7290.000000, 144192, 1052672, 72160
malloc, 64, 7279.000000, 144256, 1052672, 72192
malloc, 64, 7272.000000, 144320, 1052672, 72224
malloc, 64, 7258.000000, 144384, 1052672, 72256
malloc, 64, 7242.000000, 144448, 1052672, 72288
malloc, 64, 7242.000000, 144512, 1052672, 72320
malloc, 64, 7260.000000, 144576, 1052672, 72352
malloc, 64, 7267.000000, 144640, 1052672, 72384
malloc, 64, 8710.000000, 144704, 1052672, 72416
malloc, 64, 7668.000000, 144768, 1052672, 72448
malloc, 64, 7386.000000, 144832, 1052672, 72480
malloc, 64, 7333.000000, 144896, 1052672, 72512
malloc, 64, 7310.000000, 144960, 1052672, 72544
malloc, 64, 7347.000000, 145024, 1052672, 72576
malloc, 64, 7324.000000, 145088, 1052672, 72608
malloc, 64, 7278.000000, 145152, 1052672, 72640
malloc, 64, 7281.000000, 145216, 1052672, 72672
malloc, 64, 7394.000000, 145280, 1052672, 72704
malloc, 64, 7257.000000, 145344, 1052672, 72736
malloc, 64, 7409.000000, 145408, 1052672, 72768
malloc, 64, 7380.000000, 145472, 1052672, 72800
malloc, 64, 7417.000000, 145536, 1052672, 72832
malloc, 64, 9060.000000, 145600, 1052672, 72864
malloc, 64, 8878.000000, 145664, 1052672, 72896
malloc, 64, 8441.000000, 145728, 1052672, 72928
malloc, 64, 8049.000000, 145792, 1052672, 72960
malloc, 64, 7420.000000, 145856, 1052672, 72992
malloc, 64, 7411.000000, 145920, 1052672, 73024
malloc, 64, 7400.000000, 145984, 1052672, 73056
malloc, 64, 7403.000000, 146048, 1052672, 73088
malloc, 64, 7341.000000, 146112, 1052672, 73120
malloc, 64, 7335.000000, 146176, 1052672, 73152
malloc, 64, 7364.000000, 146240, 1052672, 73184
malloc, 64, 7399.000000, 146304, 1052672, 73216
malloc, 64, 7378.000000, 146368, 1052672, 73248
malloc, 64, 7336.000000, 146432, 1052672, 73280
malloc, 64, 7347.000000, 146496, 1052672, 73312
malloc, 64, 7336.000000, 146560, 1052672, 73344
malloc, 64, 7344.000000, 146624, 1052672, 73376
malloc, 64, 7301.000000, 146688, 1052672, 73408
malloc, 64, 7351.000000, 146752, 1052672, 73440
malloc, 64, 7401.000000, 146816, 1052672, 73472
malloc, 64, 7429.000000, 146880, 1052672, 73504
malloc, 64, 7375.000000, 146944, 1052672, 73536
malloc, 64, 7400.000000, 147008, 1052672, 73568
malloc, 64, 7315.000000, 147072, 1052672, 73600
malloc, 64, 7387.000000, 147136, 1052672, 73632
malloc, 64, 7397.000000, 147200, 1052672, 73664
malloc, 64, 7365.000000, 147264, 1052672, 73696
malloc, 64, 7441.000000, 147328, 1052672, 73728
malloc, 64, 7425.000000, 147392, 1052672, 73760
malloc, 64, 9193.000000, 147456, 1052672, 73792
malloc, 64, 7787.000000, 147520, 1052672, 73824
malloc, 64, 7499.000000, 147584, 1052672, 73856
malloc, 64, 7510.000000, 147648, 1052672, 73888
malloc, 64, 7392.000000, 147712, 1052672, 73920
malloc, 64, 7481.000000, 147776, 1052672, 73952
malloc, 64, 7513.000000, 147840, 1052672, 73984
malloc, 64, 7496.000000, 147904, 1052672, 74016
malloc, 64, 7432.000000, 147968, 1052672, 74048
malloc, 64, 7475.000000, 148032, 1052672, 74080
malloc, 64, 7477.000000, 148096, 1052672, 74112
malloc, 64, 7525.000000, 148160, 1052672, 74144
malloc, 64, 7568.000000, 148224, 1052672, 74176
malloc, 64, 7453.000000, 148288, 1052672, 74208
malloc, 64, 7572.000000, 148352, 1052672, 74240
malloc, 64, 7477.000000, 148416, 1052672, 74272
malloc, 64, 7446.000000, 148480, 1052672, 74304
malloc, 64, 7485.000000, 148544, 1052672, 74336
malloc, 64, 7517.000000, 148608, 1052672, 74368
malloc, 64, 7529.000000, 148672, 1052672, 74400
malloc, 64, 7498.000000, 148736, 1052672, 74432
malloc, 64, 7484.000000, 148800, 1052672, 74464
malloc, 64, 7554.000000, 148864, 1052672, 74496
malloc, 64, 7528.000000, 148928, 1052672, 74528
malloc, 64, 7518.000000, 148992, 1052672, 74560
malloc, 64, 7524.000000, 149056, 1052672, 74592
malloc, 64, 7592.000000, 149120, 1052672, 74624
malloc, 64, 7547.000000, 149184, 1052672, 74656
malloc, 64, 7646.000000, 149248, 1052672, 74688
malloc, 64, 7515.000000, 149312, 1052672, 74720
malloc, 64, 7523.000000, 149376, 1052672, 74752
malloc, 64, 7579.000000, 149440, 1052672, 74784
malloc, 64, 7564.000000, 149504, 1052672, 74816
malloc, 64, 7555.000000, 149568, 1052672, 74848
malloc, 64, 7527.000000, 149632, 1052672, 74880
malloc, 64, 7555.000000, 149696, 1052672, 74912
malloc, 64, 7578.000000, 149760, 1052672, 74944
malloc, 64, 7537.000000, 149824, 1052672, 74976
malloc, 64, 7578.000000, 149888, 1052672, 75008
malloc, 64, 8848.000000, 149952, 1052672, 75040
malloc, 64, 8635.000000, 150016, 1052672, 75072
malloc, 64, 7693.000000, 150080, 1052672, 75104
malloc, 64, 8926.000000, 150144, 1052672, 75136
malloc, 64, 8030.000000, 150208, 1052672, 75168
malloc, 64, 7605.000000, 150272, 1052672, 75200
malloc, 64, 7625.000000, 150336, 1052672, 75232
malloc, 64, 7598.000000, 150400, 1052672, 75264
malloc, 64, 7638.000000, 150464, 1052672, 75296
malloc, 64, 7596.000000, 150528, 1052672, 75328
malloc, 64, 7554.000000, 150592, 1052672, 75360
malloc, 64, 7573.000000, 150656, 1052672, 75392
malloc, 64, 7636.000000, 150720, 1052672, 75424
malloc, 64, 7584.000000, 150784, 1052672, 75456
malloc, 64, 7571.000000, 150848, 1052672, 75488
malloc, 64, 7677.000000, 150912, 1052672, 75520
malloc, 64, 7612.000000, 150976, 1052672, 75552
malloc, 64, 7682.000000, 151040, 1052672, 75584
malloc, 64, 7663.000000, 151104, 1052672, 75616
malloc, 64, 7627.000000, 151168, 1052672, 75648
malloc, 64, 7617.000000, 151232, 1052672, 75680
malloc, 64, 10379.000000, 151296, 1052672, 75712
malloc, 64, 7948.000000, 151360, 1052672, 75744
malloc, 64, 7753.000000, 151424, 1052672, 75776
malloc, 64, 7636.000000, 151488, 1052672, 75808
malloc, 64, 7706.000000, 151552, 1052672, 75840
malloc, 64, 7639.000000, 151616, 1052672, 75872
malloc, 64, 7655.000000, 151680, 1052672, 75904
malloc, 64, 7652.000000, 151744, 1052672, 75936
malloc, 64, 7647.000000, 151808, 1052672, 75968
malloc, 64, 7668.000000, 151872, 1052672, 76000
malloc, 64, 7700.000000, 151936, 1052672, 76032
malloc, 64, 7601.000000, 152000, 1052672, 76064
malloc, 64, 7672.000000, 152064, 1052672, 76096
malloc, 64, 7680.000000, 152128, 1052672, 76128
malloc, 64, 7666.000000, 152192, 1052672, 76160
malloc, 64, 7622.000000, 152256, 1052672, 76192
malloc, 64, 7734.000000, 152320, 1052672, 76224
malloc, 64, 7682.000000, 152384, 1052672, 76256
malloc, 64, 7648.000000, 152448, 1052672, 76288
malloc, 64, 7767.000000, 152512, 1052672, 76320
malloc, 64, 8285.000000, 152576, 1052672, 76352
malloc, 64, 9200.000000, 152640, 1052672, 76384
malloc, 64, 7797.000000, 152704, 1052672, 76416
malloc, 64, 7728.000000, 152768, 1052672, 76448
malloc, 64, 7744.000000, 152832, 1052672, 76480
malloc, 64, 9220.000000, 152896, 1052672, 76512
malloc, 64, 8256.000000, 152960, 1052672, 76544
malloc, 64, 7823.000000, 153024, 1052672, 76576
malloc, 64, 7797.000000, 153088, 1052672, 76608
malloc, 64, 7761.000000, 153152, 1052672, 76640
malloc, 64, 7750.000000, 153216, 1052672, 76672
malloc, 64, 7784.000000, 153280, 1052672, 76704
malloc, 64, 7787.000000, 153344, 1052672, 76736
malloc, 64, 7930.000000, 153408, 1052672, 76768
malloc, 64, 7832.000000, 153472, 1052672, 76800
malloc, 64, 7787.000000, 153536, 1052672, 76832
malloc, 64, 7861.000000, 153600, 1052672, 76864
malloc, 64, 7873.000000, 153664, 1052672, 76896
malloc, 64, 7827.000000, 153728, 1052672, 76928
malloc, 64, 7833.000000, 153792, 1052672, 76960
malloc, 64, 7857.000000, 153856, 1052672, 76992
malloc, 64, 7837.000000, 153920, 1052672, 77024
malloc, 64, 7824.000000, 153984, 1052672, 77056
malloc, 64, 7884.000000, 154048, 1052672, 77088
malloc, 64, 7845.000000, 154112, 1052672, 77120
malloc, 64, 7790.000000, 154176, 1052672, 77152
malloc, 64, 7808.000000, 154240, 1052672, 77184
malloc, 64, 7886.000000, 154304, 1052672, 77216
malloc, 64, 7873.000000, 154368, 1052672, 77248
malloc, 64, 7897.000000, 154432, 1052672, 77280
malloc, 64, 7801.000000, 154496, 1052672, 77312
malloc, 64, 7883.000000, 154560, 1052672, 77344
malloc, 64, 7837.000000, 154624, 1052672, 77376
malloc, 64, 7820.000000, 154688, 1052672, 77408
malloc, 64, 7864.000000, 154752, 1052672, 77440
malloc, 64, 7907.000000, 154816, 1052672, 77472
malloc, 64, 7847.000000, 154880, 1052672, 77504
malloc, 64, 7798.000000, 154944, 1052672, 77536
malloc, 64, 7894.000000, 155008, 1052672, 77568
malloc, 64, 7865.000000, 155072, 1052672, 77600
malloc, 64, 7840.000000, 155136, 1052672, 77632
malloc, 64, 7769.000000, 155200, 1052672, 77664
malloc, 64, 7872.000000, 155264, 1052672, 77696
malloc, 64, 7905.000000, 155328, 1052672, 77728
malloc, 64, 7892.000000, 155392, 1052672, 77760
malloc, 64, 7874.000000, 155456, 1052672, 77792
malloc, 64, 7871.000000, 155520, 1052672, 77824
malloc, 64, 7889.000000, 155584, 1052672, 77856
malloc, 64, 8958.000000, 155648, 1052672, 77888
malloc, 64, 8185.000000, 155712, 1052672, 77920
malloc, 64, 7913.000000, 155776, 1052672, 77952
malloc, 64, 8002.000000, 155840, 1052672, 77984
malloc, 64, 7943.000000, 155904, 1052672, 78016
malloc, 64, 7910.000000, 155968, 1052672, 78048
malloc, 64, 9101.000000, 156032, 1052672, 78080
malloc, 64, 9012.000000, 156096, 1052672, 78112
malloc, 64, 8065.000000, 156160, 1052672, 78144
malloc, 64, 8036.000000, 156224, 1052672, 78176
malloc, 64, 8018.000000, 156288, 1052672, 78208
malloc, 64, 7960.000000, 156352, 1052672, 78240
malloc, 64, 7998.000000, 156416, 1052672, 78272
malloc, 64, 9611.000000, 156480, 1052672, 78304
malloc, 64, 9595.000000, 156544, 1052672, 78336
malloc, 64, 9167.000000, 156608, 1052672, 78368
malloc, 64, 8323.000000, 156672, 1052672, 78400
malloc, 64, 7986.000000, 156736, 1052672, 78432
malloc, 64, 8034.000000, 156800, 1052672, 78464
malloc, 64, 8098.000000, 156864, 1052672, 78496
malloc, 64, 8037.000000, 156928, 1052672, 78528
malloc, 64, 7916.000000, 156992, 1052672, 78560
malloc, 64, 7959.000000, 157056, 1052672, 78592
malloc, 64, 8006.000000, 157120, 1052672, 78624
malloc, 64, 8007.000000, 157184, 1052672, 78656
malloc, 64, 7985.000000, 157248, 1052672, 78688
malloc, 64, 8027.000000, 157312, 1052672, 78720
malloc, 64, 8048.000000, 157376, 1052672, 78752
malloc, 64, 7975.000000, 157440, 1052672, 78784
malloc, 64, 8002.000000, 157504, 1052672, 78816
malloc, 64, 8023.000000, 157568, 1052672, 78848
malloc, 64, 8019.000000, 157632, 1052672, 78880
malloc, 64, 8025.000000, 157696, 1052672, 78912
malloc, 64, 7968.000000, 157760, 1052672, 78944
malloc, 64, 8035.000000, 157824, 1052672, 78976
malloc, 64, 8061.000000, 157888, 1052672, 79008
malloc, 64, 8013.000000, 157952, 1052672, 79040
malloc, 64, 8032.000000, 158016, 1052672, 79072
malloc, 64, 8029.000000, 158080, 1052672, 79104
malloc, 64, 8110.000000, 158144, 1052672, 79136
malloc, 64, 8015.000000, 158208, 1052672, 79168
malloc, 64, 8042.000000, 158272, 1052672, 79200
malloc, 64, 9878.000000, 158336, 1052672, 79232
malloc, 64, 8534.000000, 158400, 1052672, 79264
malloc, 64, 8055.000000, 158464, 1052672, 79296
malloc, 64, 8162.000000, 158528, 1052672, 79328
malloc, 64, 8151.000000, 158592, 1052672, 79360
malloc, 64, 8097.000000, 158656, 1052672, 79392
malloc, 64, 11400.000000, 158720, 1052672, 79424
malloc, 64, 8278.000000, 158784, 1052672, 79456
malloc, 64, 8101.000000, 158848, 1052672, 79488
malloc, 64, 8132.000000, 158912, 1052672, 79520
malloc, 64, 8139.000000, 158976, 1052672, 79552
malloc, 64, 8152.000000, 159040, 1052672, 79584
malloc, 64, 8154.000000, 159104, 1052672, 79616
malloc, 64, 8158.000000, 159168, 1052672, 79648
malloc, 64, 8140.000000, 159232, 1052672, 79680
malloc, 64, 8222.000000, 159296, 1052672, 79712
malloc, 64, 8159.000000, 159360, 1052672, 79744
malloc, 64, 8174.000000, 159424, 1052672, 79776
malloc, 64, 8157.000000, 159488, 1052672, 79808
malloc, 64, 8141.000000, 159552, 1052672, 79840
malloc, 64, 8192.000000, 159616, 1052672, 79872
malloc, 64, 8136.000000, 159680, 1052672, 79904
malloc, 64, 8108.000000, 159744, 1052672, 79936
malloc, 64, 8125.000000, 159808, 1052672, 79968
malloc, 64, 8165.000000, 159872, 1052672, 80000
malloc, 64, 8055.000000, 159936, 1052672, 80032
malloc, 64, 8183.000000, 160000, 1052672, 80064
malloc, 64, 8171.000000, 160064, 1052672, 80096
malloc, 64, 8154.000000, 160128, 1052672, 80128
malloc, 64, 8171.000000, 160192, 1052672, 80160
malloc, 64, 8164.000000, 160256, 1052672, 80192
malloc, 64, 8738.000000, 160320, 1052672, 80224
malloc, 64, 9530.000000, 160384, 1052672, 80256
malloc, 64, 9097.000000, 160448, 1052672, 80288
malloc, 64, 8252.000000, 160512, 1052672, 80320
malloc, 64, 8201.000000, 160576, 1052672, 80352
malloc, 64, 8113.000000, 160640, 1052672, 80384
malloc, 64, 8171.000000, 160704, 1052672, 80416
malloc, 64, 8126.000000, 160768, 1052672, 80448
malloc, 64, 8165.000000, 160832, 1052672, 80480
malloc, 64, 8305.000000, 160896, 1052672, 80512
malloc, 64, 8248.000000, 160960, 1052672, 80544
malloc, 64, 8122.000000, 161024, 1052672, 80576
malloc, 64, 9884.000000, 161088, 1052672, 80608
malloc, 64, 8571.000000, 161152, 1052672, 80640
malloc, 64, 8248.000000, 161216, 1052672, 80672
malloc, 64, 8232.000000, 161280, 1052672, 80704
malloc, 64, 8307.000000, 161344, 1052672, 80736
malloc, 64, 8285.000000, 161408, 1052672, 80768
malloc, 64, 8242.000000, 161472, 1052672, 80800
malloc, 64, 8287.000000, 161536, 1052672, 80832
malloc, 64, 8269.000000, 161600, 1052672, 80864
malloc, 64, 8180.000000, 161664, 1052672, 80896
malloc, 64, 8227.000000, 161728, 1052672, 80928
malloc, 64, 8260.000000, 161792, 1052672, 80960
malloc, 64, 8225.000000, 161856, 1052672, 80992
malloc, 64, 8236.000000, 161920, 1052672, 81024
malloc, 64, 8260.000000, 161984, 1052672, 81056
malloc, 64, 8245.000000, 162048, 1052672, 81088
malloc, 64, 8245.000000, 162112, 1052672, 81120
malloc, 64, 8340.000000, 162176, 1052672, 81152
malloc, 64, 8226.000000, 162240, 1052672, 81184
malloc, 64, 8249.000000, 162304, 1052672, 81216
malloc, 64, 8216.000000, 162368, 1052672, 81248
malloc, 64, 8293.000000, 162432, 1052672, 81280
malloc, 64, 8223.000000, 162496, 1052672, 81312
malloc, 64, 8277.000000, 162560, 1052672, 81344
malloc, 64, 8257.000000, 162624, 1052672, 81376
malloc, 64, 8352.000000, 162688, 1052672, 81408
malloc, 64, 8304.000000, 162752, 1052672, 81440
malloc, 64, 8188.000000, 162816, 1052672, 81472
malloc, 64, 8278.000000, 162880, 1052672, 81504
malloc, 64, 8301.000000, 162944, 1052672, 81536
malloc, 64, 8263.000000, 163008, 1052672, 81568
malloc, 64, 8264.000000, 163072, 1052672, 81600
malloc, 64, 8813.000000, 163136, 1052672, 81632
malloc, 64, 10076.000000, 163200, 1052672, 81664
malloc, 64, 8594.000000, 163264, 1052672, 81696
malloc, 64, 8260.000000, 163328, 1052672, 81728
malloc, 64, 8275.000000, 163392, 1052672, 81760
malloc, 64, 8272.000000, 163456, 1052672, 81792
malloc, 64, 8280.000000, 163520, 1052672, 81824
malloc, 64, 8309.000000, 163584, 1052672, 81856
malloc, 64, 8350.000000, 163648, 1052672, 81888
malloc, 64, 8371.000000, 163712, 1052672, 81920
malloc, 64, 8325.000000, 163776, 1052672, 81952
malloc, 64, 9705.000000, 163840, 1052672, 81984
malloc, 64, 8661.000000, 163904, 1052672, 82016
malloc, 64, 8389.000000, 163968, 1052672, 82048
malloc, 64, 8314.000000, 164032, 1052672, 82080
malloc, 64, 8380.000000, 164096, 1052672, 82112
malloc, 64, 8429.000000, 164160, 1052672, 82144
malloc, 64, 8380.000000, 164224, 1052672, 82176
malloc, 64, 8396.000000, 164288, 1052672, 82208
malloc, 64, 8364.000000, 164352, 1052672, 82240
malloc, 64, 8413.000000, 164416, 1052672, 82272
malloc, 64, 8475.000000, 164480, 1052672, 82304
malloc, 64, 8414.000000, 164544, 1052672, 82336
malloc, 64, 8408.000000, 164608, 1052672, 82368
malloc, 64, 8471.000000, 164672, 1052672, 82400
malloc, 64, 8438.000000, 164736, 1052672, 82432
malloc, 64, 8432.000000, 164800, 1052672, 82464
malloc, 64, 8461.000000, 164864, 1052672, 82496
malloc, 64, 8475.000000, 164928, 1052672, 82528
malloc, 64, 8457.000000, 164992, 1052672, 82560
malloc, 64, 8448.000000, 165056, 1052672, 82592
malloc, 64, 8424.000000, 165120, 1052672, 82624
malloc, 64, 8513.000000, 165184, 1052672, 82656
malloc, 64, 8466.000000, 165248, 1052672, 82688
malloc, 64, 8480.000000, 165312, 1052672, 82720
malloc, 64, 8491.000000, 165376, 1052672, 82752
malloc, 64, 8529.000000, 165440, 1052672, 82784
malloc, 64, 8497.000000, 165504, 1052672, 82816
malloc, 64, 8513.000000, 165568, 1052672, 82848
malloc, 64, 8488.000000, 165632, 1052672, 82880
malloc, 64, 8456.000000, 165696, 1052672, 82912
malloc, 64, 8452.000000, 165760, 1052672, 82944
malloc, 64, 8487.000000, 165824, 1052672, 82976
malloc, 64, 8463.000000, 165888, 1052672, 83008
malloc, 64, 12255.000000, 165952, 1052672, 83040
malloc, 64, 8563.000000, 166016, 1052672, 83072
malloc, 64, 8507.000000, 166080, 1052672, 83104
malloc, 64, 8500.000000, 166144, 1052672, 83136
malloc, 64, 8470.000000, 166208, 1052672, 83168
malloc, 64, 8417.000000, 166272, 1052672, 83200
malloc, 64, 8478.000000, 166336, 1052672, 83232
malloc, 64, 8597.000000, 166400, 1052672, 83264
malloc, 64, 8479.000000, 166464, 1052672, 83296
malloc, 64, 10944.000000, 166528, 1052672, 83328
malloc, 64, 8873.000000, 166592, 1052672, 83360
malloc, 64, 8596.000000, 166656, 1052672, 83392
malloc, 64, 8597.000000, 166720, 1052672, 83424
malloc, 64, 8562.000000, 166784, 1052672, 83456
malloc, 64, 8597.000000, 166848, 1052672, 83488
malloc, 64, 8569.000000, 166912, 1052672, 83520
malloc, 64, 8562.000000, 166976, 1052672, 83552
malloc, 64, 8591.000000, 167040, 1052672, 83584
malloc, 64, 8553.000000, 167104, 1052672, 83616
malloc, 64, 8569.000000, 167168, 1052672, 83648
malloc, 64, 8563.000000, 167232, 1052672, 83680
malloc, 64, 8559.000000, 167296, 1052672, 83712
malloc, 64, 8561.000000, 167360, 1052672, 83744
malloc, 64, 10549.000000, 167424, 1052672, 83776
malloc, 64, 10331.000000, 167488, 1052672, 83808
malloc, 64, 9961.000000, 167552, 1052672, 83840
malloc, 64, 8828.000000, 167616, 1052672, 83872
malloc, 64, 8587.000000, 167680, 1052672, 83904
malloc, 64, 8531.000000, 167744, 1052672, 83936
malloc, 64, 8708.000000, 167808, 1052672, 83968
malloc, 64, 8611.000000, 167872, 1052672, 84000
malloc, 64, 8586.000000, 167936, 1052672, 84032
malloc, 64, 8677.000000, 168000, 1052672, 84064
malloc, 64, 8703.000000, 168064, 1052672, 84096
malloc, 64, 8616.000000, 168128, 1052672, 84128
malloc, 64, 8649.000000, 168192, 1052672, 84160
malloc, 64, 8641.000000, 168256, 1052672, 84192
malloc, 64, 8657.000000, 168320, 1052672, 84224
malloc, 64, 8618.000000, 168384, 1052672, 84256
malloc, 64, 8695.000000, 168448, 1052672, 84288
malloc, 64, 8682.000000, 168512, 1052672, 84320
malloc, 64, 8618.000000, 168576, 1052672, 84352
malloc, 64, 8591.000000, 168640, 1052672, 84384
malloc, 64, 8682.000000, 168704, 1052672, 84416
malloc, 64, 8644.000000, 168768, 1052672, 84448
malloc, 64, 8648.000000, 168832, 1052672, 84480
malloc, 64, 8690.000000, 168896, 1052672, 84512
malloc, 64, 8692.000000, 168960, 1052672, 84544
malloc, 64, 8646.000000, 169024, 1052672, 84576
malloc, 64, 8636.000000, 169088, 1052672, 84608
malloc, 64, 8647.000000, 169152, 1052672, 84640
malloc, 64, 8668.000000, 169216, 1052672, 84672
malloc, 64, 10429.000000, 169280, 1052672, 84704
malloc, 64, 9062.000000, 169344, 1052672, 84736
malloc, 64, 8742.000000, 169408, 1052672, 84768
malloc, 64, 8682.000000, 169472, 1052672, 84800
malloc, 64, 8766.000000, 169536, 1052672, 84832
malloc, 64, 8677.000000, 169600, 1052672, 84864
malloc, 64, 8740.000000, 169664, 1052672, 84896
malloc, 64, 8682.000000, 169728, 1052672, 84928
malloc, 64, 8758.000000, 169792, 1052672, 84960
malloc, 64, 8748.000000, 169856, 1052672, 84992
malloc, 64, 8603.000000, 169920, 1052672, 85024
malloc, 64, 8684.000000, 169984, 1052672, 85056
malloc, 64, 8729.000000, 170048, 1052672, 85088
malloc, 64, 8706.000000, 170112, 1052672, 85120
malloc, 64, 8747.000000, 170176, 1052672, 85152
malloc, 64, 8764.000000, 170240, 1052672, 85184
malloc, 64, 8715.000000, 170304, 1052672, 85216
malloc, 64, 8802.000000, 170368, 1052672, 85248
malloc, 64, 8733.000000, 170432, 1052672, 85280
malloc, 64, 8734.000000, 170496, 1052672, 85312
malloc, 64, 8732.000000, 170560, 1052672, 85344
malloc, 64, 8784.000000, 170624, 1052672, 85376
malloc, 64, 8722.000000, 170688, 1052672, 85408
malloc, 64, 8738.000000, 170752, 1052672, 85440
malloc, 64, 8786.000000, 170816, 1052672, 85472
malloc, 64, 8778.000000, 170880, 1052672, 85504
malloc, 64, 8759.000000, 170944, 1052672, 85536
malloc, 64, 8712.000000, 171008, 1052672, 85568
malloc, 64, 8712.000000, 171072, 1052672, 85600
malloc, 64, 8792.000000, 171136, 1052672, 85632
malloc, 64, 8720.000000, 171200, 1052672, 85664
malloc, 64, 8765.000000, 171264, 1052672, 85696
malloc, 64, 8743.000000, 171328, 1052672, 85728
malloc, 64, 8686.000000, 171392, 1052672, 85760
malloc, 64, 8752.000000, 171456, 1052672, 85792
malloc, 64, 8754.000000, 171520, 1052672, 85824
malloc, 64, 8815.000000, 171584, 1052672, 85856
malloc, 64, 8754.000000, 171648, 1052672, 85888
malloc, 64, 10177.000000, 171712, 1052672, 85920
malloc, 64, 9907.000000, 171776, 1052672, 85952
malloc, 64, 8867.000000, 171840, 1052672, 85984
malloc, 64, 8836.000000, 171904, 1052672, 86016
malloc, 64, 8866.000000, 171968, 1052672, 86048
malloc, 64, 9904.000000, 172032, 1052672, 86080
malloc, 64, 9152.000000, 172096, 1052672, 86112
malloc, 64, 8912.000000, 172160, 1052672, 86144
malloc, 64, 8826.000000, 172224, 1052672, 86176
malloc, 64, 8775.000000, 172288, 1052672, 86208
malloc, 64, 8812.000000, 172352, 1052672, 86240
malloc, 64, 8840.000000, 172416, 1052672, 86272
malloc, 64, 8851.000000, 172480, 1052672, 86304
malloc, 64, 8766.000000, 172544, 1052672, 86336
malloc, 64, 9021.000000, 172608, 1052672, 86368
malloc, 64, 12390.000000, 172672, 1052672, 86400
malloc, 64, 9011.000000, 172736, 1052672, 86432
malloc, 64, 8977.000000, 172800, 1052672, 86464
malloc, 64, 8893.000000, 172864, 1052672, 86496
malloc, 64, 8891.000000, 172928, 1052672, 86528
malloc, 64, 8944.000000, 172992, 1052672, 86560
malloc, 64, 8918.000000, 173056, 1052672, 86592
malloc, 64, 8855.000000, 173120, 1052672, 86624
malloc, 64, 8867.000000, 173184, 1052672, 86656
malloc, 64, 8948.000000, 173248, 1052672, 86688
malloc, 64, 8908.000000, 173312, 1052672, 86720
malloc, 64, 8899.000000, 173376, 1052672, 86752
malloc, 64, 8864.000000, 173440, 1052672, 86784
malloc, 64, 8863.000000, 173504, 1052672, 86816
malloc, 64, 8866.000000, 173568, 1052672, 86848
malloc, 64, 8941.000000, 173632, 1052672, 86880
malloc, 64, 8955.000000, 173696, 1052672, 86912
malloc, 64, 8990.000000, 173760, 1052672, 86944
malloc, 64, 8998.000000, 173824, 1052672, 86976
malloc, 64, 9009.000000, 173888, 1052672, 87008
malloc, 64, 8937.000000, 173952, 1052672, 87040
malloc, 64, 8917.000000, 174016, 1052672, 87072
malloc, 64, 9079.000000, 174080, 1052672, 87104
malloc, 64, 9087.000000, 174144, 1052672, 87136
malloc, 64, 8935.000000, 174208, 1052672, 87168
malloc, 64, 9014.000000, 174272, 1052672, 87200
malloc, 64, 8998.000000, 174336, 1052672, 87232
malloc, 64, 9670.000000, 174400, 1052672, 87264
malloc, 64, 10298.000000, 174464, 1052672, 87296
malloc, 64, 9219.000000, 174528, 1052672, 87328
malloc, 64, 9018.000000, 174592, 1052672, 87360
malloc, 64, 9003.000000, 174656, 1052672, 87392
malloc, 64, 10510.000000, 174720, 1052672, 87424
malloc, 64, 9187.000000, 174784, 1052672, 87456
malloc, 64, 8947.000000, 174848, 1052672, 87488
malloc, 64, 8976.000000, 174912, 1052672, 87520
malloc, 64, 8995.000000, 174976, 1052672, 87552
malloc, 64, 8987.000000, 175040, 1052672, 87584
malloc, 64, 9072.000000, 175104, 1052672, 87616
malloc, 64, 9000.000000, 175168, 1052672, 87648
malloc, 64, 9026.000000, 175232, 1052672, 87680
malloc, 64, 9000.000000, 175296, 1052672, 87712
malloc, 64, 9072.000000, 175360, 1052672, 87744
malloc, 64, 9109.000000, 175424, 1052672, 87776
malloc, 64, 9010.000000, 175488, 1052672, 87808
malloc, 64, 9030.000000, 175552, 1052672, 87840
malloc, 64, 9059.000000, 175616, 1052672, 87872
malloc, 64, 9018.000000, 175680, 1052672, 87904
malloc, 64, 9150.000000, 175744, 1052672, 87936
malloc, 64, 9092.000000, 175808, 1052672, 87968
malloc, 64, 9057.000000, 175872, 1052672, 88000
malloc, 64, 9024.000000, 175936, 1052672, 88032
malloc, 64, 9107.000000, 176000, 1052672, 88064
malloc, 64, 9064.000000, 176064, 1052672, 88096
malloc, 64, 9054.000000, 176128, 1052672, 88128
malloc, 64, 8992.000000, 176192, 1052672, 88160
malloc, 64, 9112.000000, 176256, 1052672, 88192
malloc, 64, 9124.000000, 176320, 1052672, 88224
malloc, 64, 9038.000000, 176384, 1052672, 88256
malloc, 64, 9090.000000, 176448, 1052672, 88288
malloc, 64, 9092.000000, 176512, 1052672, 88320
malloc, 64, 9080.000000, 176576, 1052672, 88352
malloc, 64, 9121.000000, 176640, 1052672, 88384
malloc, 64, 9107.000000, 176704, 1052672, 88416
malloc, 64, 9014.000000, 176768, 1052672, 88448
malloc, 64, 9075.000000, 176832, 1052672, 88480
malloc, 64, 9096.000000, 176896, 1052672, 88512
malloc, 64, 9159.000000, 176960, 1052672, 88544
malloc, 64, 9152.000000, 177024, 1052672, 88576
malloc, 64, 9089.000000, 177088, 1052672, 88608
malloc, 64, 9140.000000, 177152, 1052672, 88640
malloc, 64, 9079.000000, 177216, 1052672, 88672
malloc, 64, 9110.000000, 177280, 1052672, 88704
malloc, 64, 9129.000000, 177344, 1052672, 88736
malloc, 64, 9155.000000, 177408, 1052672, 88768
malloc, 64, 10155.000000, 177472, 1052672, 88800
malloc, 64, 9370.000000, 177536, 1052672, 88832
malloc, 64, 9185.000000, 177600, 1052672, 88864
malloc, 64, 9190.000000, 177664, 1052672, 88896
malloc, 64, 9176.000000, 177728, 1052672, 88928
malloc, 64, 9214.000000, 177792, 1052672, 88960
malloc, 64, 9184.000000, 177856, 1052672, 88992
malloc, 64, 9144.000000, 177920, 1052672, 89024
malloc, 64, 9207.000000, 177984, 1052672, 89056
malloc, 64, 9107.000000, 178048, 1052672, 89088
malloc, 64, 9195.000000, 178112, 1052672, 89120
malloc, 64, 9206.000000, 178176, 1052672, 89152
malloc, 64, 9197.000000, 178240, 1052672, 89184
malloc, 64, 9229.000000, 178304, 1052672, 89216
malloc, 64, 11000.000000, 178368, 1052672, 89248
malloc, 64, 10803.000000, 178432, 1052672, 89280
malloc, 64, 10304.000000, 178496, 1052672, 89312
malloc, 64, 9392.000000, 178560, 1052672, 89344
malloc, 64, 9246.000000, 178624, 1052672, 89376
malloc, 64, 9361.000000, 178688, 1052672, 89408
malloc, 64, 9259.000000, 178752, 1052672, 89440
malloc, 64, 9168.000000, 178816, 1052672, 89472
malloc, 64, 9268.000000, 178880, 1052672, 89504
malloc, 64, 9252.000000, 178944, 1052672, 89536
malloc, 64, 9260.000000, 179008, 1052672, 89568
malloc, 64, 9234.000000, 179072, 1052672, 89600
malloc, 64, 9265.000000, 179136, 1052672, 89632
malloc, 64, 12344.000000, 179200, 1052672, 89664
malloc, 64, 9314.000000, 179264, 1052672, 89696
malloc, 64, 9313.000000, 179328, 1052672, 89728
malloc, 64, 9146.000000, 179392, 1052672, 89760
malloc, 64, 9238.000000, 179456, 1052672, 89792
malloc, 64, 9233.000000, 179520, 1052672, 89824
malloc, 64, 9233.000000, 179584, 1052672, 89856
malloc, 64, 9264.000000, 179648, 1052672, 89888
malloc, 64, 9322.000000, 179712, 1052672, 89920
malloc, 64, 9274.000000, 179776, 1052672, 89952
malloc, 64, 9350.000000, 179840, 1052672, 89984
malloc, 64, 9295.000000, 179904, 1052672, 90016
malloc, 64, 9261.000000, 179968, 1052672, 90048
malloc, 64, 9257.000000, 180032, 1052672, 90080
malloc, 64, 9271.000000, 180096, 1052672, 90112
malloc, 64, 9944.000000, 180160, 1052672, 90144
malloc, 64, 12688.000000, 180224, 1052672, 90176
malloc, 64, 10890.000000, 180288, 1052672, 90208
malloc, 64, 9572.000000, 180352, 1052672, 90240
malloc, 64, 9350.000000, 180416, 1052672, 90272
malloc, 64, 9361.000000, 180480, 1052672, 90304
malloc, 64, 9344.000000, 180544, 1052672, 90336
malloc, 64, 9328.000000, 180608, 1052672, 90368
malloc, 64, 9322.000000, 180672, 1052672, 90400
malloc, 64, 9297.000000, 180736, 1052672, 90432
malloc, 64, 9336.000000, 180800, 1052672, 90464
malloc, 64, 9279.000000, 180864, 1052672, 90496
malloc, 64, 9364.000000, 180928, 1052672, 90528
malloc, 64, 9294.000000, 180992, 1052672, 90560
malloc, 64, 9314.000000, 181056, 1052672, 90592
malloc, 64, 9300.000000, 181120, 1052672, 90624
malloc, 64, 9303.000000, 181184, 1052672, 90656
malloc, 64, 9305.000000, 181248, 1052672, 90688
malloc, 64, 9355.000000, 181312, 1052672, 90720
malloc, 64, 9289.000000, 181376, 1052672, 90752
malloc, 64, 9278.000000, 181440, 1052672, 90784
malloc, 64, 9379.000000, 181504, 1052672, 90816
malloc, 64, 9371.000000, 181568, 1052672, 90848
malloc, 64, 9368.000000, 181632, 1052672, 90880
malloc, 64, 9292.000000, 181696, 1052672, 90912
malloc, 64, 9418.000000, 181760, 1052672, 90944
malloc, 64, 9272.000000, 181824, 1052672, 90976
malloc, 64, 9334.000000, 181888, 1052672, 91008
malloc, 64, 9312.000000, 181952, 1052672, 91040
malloc, 64, 9275.000000, 182016, 1052672, 91072
malloc, 64, 9299.000000, 182080, 1052672, 91104
malloc, 64, 9347.000000, 182144, 1052672, 91136
malloc, 64, 9389.000000, 182208, 1052672, 91168
malloc, 64, 9371.000000, 182272, 1052672, 91200
malloc, 64, 9339.000000, 182336, 1052672, 91232
malloc, 64, 9314.000000, 182400, 1052672, 91264
malloc, 64, 9447.000000, 182464, 1052672, 91296
malloc, 64, 10126.000000, 182528, 1052672, 91328
malloc, 64, 10929.000000, 182592, 1052672, 91360
malloc, 64, 9471.000000, 182656, 1052672, 91392
malloc, 64, 9333.000000, 182720, 1052672, 91424
malloc, 64, 9399.000000, 182784, 1052672, 91456
malloc, 64, 9349.000000, 182848, 1052672, 91488
malloc, 64, 10945.000000, 182912, 1052672, 91520
malloc, 64, 9784.000000, 182976, 1052672, 91552
malloc, 64, 9418.000000, 183040, 1052672, 91584
malloc, 64, 9522.000000, 183104, 1052672, 91616
malloc, 64, 9443.000000, 183168, 1052672, 91648
malloc, 64, 9474.000000, 183232, 1052672, 91680
malloc, 64, 9367.000000, 183296, 1052672, 91712
malloc, 64, 9406.000000, 183360, 1052672, 91744
malloc, 64, 9455.000000, 183424, 1052672, 91776
malloc, 64, 9424.000000, 183488, 1052672, 91808
malloc, 64, 9493.000000, 183552, 1052672, 91840
malloc, 64, 9492.000000, 183616, 1052672, 91872
malloc, 64, 9548.000000, 183680, 1052672, 91904
malloc, 64, 9467.000000, 183744, 1052672, 91936
malloc, 64, 9502.000000, 183808, 1052672, 91968
malloc, 64, 9478.000000, 183872, 1052672, 92000
malloc, 64, 9506.000000, 183936, 1052672, 92032
malloc, 64, 9562.000000, 184000, 1052672, 92064
malloc, 64, 10524.000000, 184064, 1052672, 92096
malloc, 64, 10780.000000, 184128, 1052672, 92128
malloc, 64, 9594.000000, 184192, 1052672, 92160
malloc, 64, 9561.000000, 184256, 1052672, 92192
malloc, 64, 9529.000000, 184320, 1052672, 92224
malloc, 64, 9589.000000, 184384, 1052672, 92256
malloc, 64, 9552.000000, 184448, 1052672, 92288
malloc, 64, 9506.000000, 184512, 1052672, 92320
malloc, 64, 9577.000000, 184576, 1052672, 92352
malloc, 64, 9542.000000, 184640, 1052672, 92384
malloc, 64, 9535.000000, 184704, 1052672, 92416
malloc, 64, 9559.000000, 184768, 1052672, 92448
malloc, 64, 9510.000000, 184832, 1052672, 92480
malloc, 64, 9548.000000, 184896, 1052672, 92512
malloc, 64, 9517.000000, 184960, 1052672, 92544
malloc, 64, 9567.000000, 185024, 1052672, 92576
malloc, 64, 9584.000000, 185088, 1052672, 92608
malloc, 64, 9597.000000, 185152, 1052672, 92640
malloc, 64, 9518.000000, 185216, 1052672, 92672
malloc, 64, 9492.000000, 185280, 1052672, 92704
malloc, 64, 9586.000000, 185344, 1052672, 92736
malloc, 64, 9549.000000, 185408, 1052672, 92768
malloc, 64, 9520.000000, 185472, 1052672, 92800
malloc, 64, 12902.000000, 185536, 1052672, 92832
malloc, 64, 9866.000000, 185600, 1052672, 92864
malloc, 64, 11122.000000, 185664, 1052672, 92896
malloc, 64, 10031.000000, 185728, 1052672, 92928
malloc, 64, 9595.000000, 185792, 1052672, 92960
malloc, 64, 9507.000000, 185856, 1052672, 92992
malloc, 64, 9640.000000, 185920, 1052672, 93024
malloc, 64, 9514.000000, 185984, 1052672, 93056
malloc, 64, 9527.000000, 186048, 1052672, 93088
malloc, 64, 9587.000000, 186112, 1052672, 93120
malloc, 64, 9533.000000, 186176, 1052672, 93152
malloc, 64, 9589.000000, 186240, 1052672, 93184
malloc, 64, 9626.000000, 186304, 1052672, 93216
malloc, 64, 9709.000000, 186368, 1052672, 93248
malloc, 64, 9628.000000, 186432, 1052672, 93280
malloc, 64, 9583.000000, 186496, 1052672, 93312
malloc, 64, 9622.000000, 186560, 1052672, 93344
malloc, 64, 9656.000000, 186624, 1052672, 93376
malloc, 64, 9592.000000, 186688, 1052672, 93408
malloc, 64, 9575.000000, 186752, 1052672, 93440
malloc, 64, 9620.000000, 186816, 1052672, 93472
malloc, 64, 9642.000000, 186880, 1052672, 93504
malloc, 64, 9624.000000, 186944, 1052672, 93536
malloc, 64, 9589.000000, 187008, 1052672, 93568
malloc, 64, 9579.000000, 187072, 1052672, 93600
malloc, 64, 9665.000000, 187136, 1052672, 93632
malloc, 64, 9686.000000, 187200, 1052672, 93664
malloc, 64, 9632.000000, 187264, 1052672, 93696
malloc, 64, 9595.000000, 187328, 1052672, 93728
malloc, 64, 9672.000000, 187392, 1052672, 93760
malloc, 64, 9592.000000, 187456, 1052672, 93792
malloc, 64, 9606.000000, 187520, 1052672, 93824
malloc, 64, 9824.000000, 187584, 1052672, 93856
malloc, 64, 9662.000000, 187648, 1052672, 93888
malloc, 64, 9690.000000, 187712, 1052672, 93920
malloc, 64, 9666.000000, 187776, 1052672, 93952
malloc, 64, 9617.000000, 187840, 1052672, 93984
malloc, 64, 9616.000000, 187904, 1052672, 94016
malloc, 64, 9696.000000, 187968, 1052672, 94048
malloc, 64, 9631.000000, 188032, 1052672, 94080
malloc, 64, 9730.000000, 188096, 1052672, 94112
malloc, 64, 9720.000000, 188160, 1052672, 94144
malloc, 64, 9756.000000, 188224, 1052672, 94176
malloc, 64, 9600.000000, 188288, 1052672, 94208
malloc, 64, 9774.000000, 188352, 1052672, 94240
malloc, 64, 10733.000000, 188416, 1052672, 94272
malloc, 64, 9826.000000, 188480, 1052672, 94304
malloc, 64, 9773.000000, 188544, 1052672, 94336
malloc, 64, 9783.000000, 188608, 1052672, 94368
malloc, 64, 9740.000000, 188672, 1052672, 94400
malloc, 64, 9768.000000, 188736, 1052672, 94432
malloc, 64, 9756.000000, 188800, 1052672, 94464
malloc, 64, 9708.000000, 188864, 1052672, 94496
malloc, 64, 9736.000000, 188928, 1052672, 94528
malloc, 64, 9740.000000, 188992, 1052672, 94560
malloc, 64, 9673.000000, 189056, 1052672, 94592
malloc, 64, 9779.000000, 189120, 1052672, 94624
malloc, 64, 9770.000000, 189184, 1052672, 94656
malloc, 64, 11791.000000, 189248, 1052672, 94688
malloc, 64, 11571.000000, 189312, 1052672, 94720
malloc, 64, 10862.000000, 189376, 1052672, 94752
malloc, 64, 9889.000000, 189440, 1052672, 94784
malloc, 64, 9816.000000, 189504, 1052672, 94816
malloc, 64, 9756.000000, 189568, 1052672, 94848
malloc, 64, 9811.000000, 189632, 1052672, 94880
malloc, 64, 9883.000000, 189696, 1052672, 94912
malloc, 64, 9717.000000, 189760, 1052672, 94944
malloc, 64, 9758.000000, 189824, 1052672, 94976
malloc, 64, 9787.000000, 189888, 1052672, 95008
malloc, 64, 9797.000000, 189952, 1052672, 95040
malloc, 64, 9793.000000, 190016, 1052672, 95072
malloc, 64, 9781.000000, 190080, 1052672, 95104
malloc, 64, 9769.000000, 190144, 1052672, 95136
malloc, 64, 9800.000000, 190208, 1052672, 95168
malloc, 64, 9881.000000, 190272, 1052672, 95200
malloc, 64, 9839.000000, 190336, 1052672, 95232
malloc, 64, 9783.000000, 190400, 1052672, 95264
malloc, 64, 9817.000000, 190464, 1052672, 95296
malloc, 64, 9764.000000, 190528, 1052672, 95328
malloc, 64, 9850.000000, 190592, 1052672, 95360
malloc, 64, 9720.000000, 190656, 1052672, 95392
malloc, 64, 9803.000000, 190720, 1052672, 95424
malloc, 64, 9825.000000, 190784, 1052672, 95456
malloc, 64, 9778.000000, 190848, 1052672, 95488
malloc, 64, 9773.000000, 190912, 1052672, 95520
malloc, 64, 9879.000000, 190976, 1052672, 95552
malloc, 64, 9816.000000, 191040, 1052672, 95584
malloc, 64, 12880.000000, 191104, 1052672, 95616
malloc, 64, 10130.000000, 191168, 1052672, 95648
malloc, 64, 9833.000000, 191232, 1052672, 95680
malloc, 64, 9925.000000, 191296, 1052672, 95712
malloc, 64, 9842.000000, 191360, 1052672, 95744
malloc, 64, 9830.000000, 191424, 1052672, 95776
malloc, 64, 9790.000000, 191488, 1052672, 95808
malloc, 64, 9791.000000, 191552, 1052672, 95840
malloc, 64, 13166.000000, 191616, 1052672, 95872
malloc, 64, 10383.000000, 191680, 1052672, 95904
malloc, 64, 10056.000000, 191744, 1052672, 95936
malloc, 64, 9988.000000, 191808, 1052672, 95968
malloc, 64, 9784.000000, 191872, 1052672, 96000
malloc, 64, 9878.000000, 191936, 1052672, 96032
malloc, 64, 9862.000000, 192000, 1052672, 96064
malloc, 64, 9941.000000, 192064, 1052672, 96096
malloc, 64, 9846.000000, 192128, 1052672, 96128
malloc, 64, 9915.000000, 192192, 1052672, 96160
malloc, 64, 9886.000000, 192256, 1052672, 96192
malloc, 64, 9872.000000, 192320, 1052672, 96224
malloc, 64, 9934.000000, 192384, 1052672, 96256
malloc, 64, 9906.000000, 192448, 1052672, 96288
malloc, 64, 9856.000000, 192512, 1052672, 96320
malloc, 64, 9835.000000, 192576, 1052672, 96352
malloc, 64, 9893.000000, 192640, 1052672, 96384
malloc, 64, 9909.000000, 192704, 1052672, 96416
malloc, 64, 9844.000000, 192768, 1052672, 96448
malloc, 64, 9926.000000, 192832, 1052672, 96480
malloc, 64, 9887.000000, 192896, 1052672, 96512
malloc, 64, 9959.000000, 192960, 1052672, 96544
malloc, 64, 9971.000000, 193024, 1052672, 96576
malloc, 64, 9868.000000, 193088, 1052672, 96608
malloc, 64, 9913.000000, 193152, 1052672, 96640
malloc, 64, 9950.000000, 193216, 1052672, 96672
malloc, 64, 11151.000000, 193280, 1052672, 96704
malloc, 64, 11581.000000, 193344, 1052672, 96736
malloc, 64, 10053.000000, 193408, 1052672, 96768
malloc, 64, 9955.000000, 193472, 1052672, 96800
malloc, 64, 9936.000000, 193536, 1052672, 96832
malloc, 64, 9970.000000, 193600, 1052672, 96864
malloc, 64, 9997.000000, 193664, 1052672, 96896
malloc, 64, 10036.000000, 193728, 1052672, 96928
malloc, 64, 9939.000000, 193792, 1052672, 96960
malloc, 64, 11646.000000, 193856, 1052672, 96992
malloc, 64, 10371.000000, 193920, 1052672, 97024
malloc, 64, 10008.000000, 193984, 1052672, 97056
malloc, 64, 9916.000000, 194048, 1052672, 97088
malloc, 64, 10057.000000, 194112, 1052672, 97120
malloc, 64, 9918.000000, 194176, 1052672, 97152
malloc, 64, 10009.000000, 194240, 1052672, 97184
malloc, 64, 10013.000000, 194304, 1052672, 97216
malloc, 64, 9984.000000, 194368, 1052672, 97248
malloc, 64, 9995.000000, 194432, 1052672, 97280
malloc, 64, 10061.000000, 194496, 1052672, 97312
malloc, 64, 10064.000000, 194560, 1052672, 97344
malloc, 64, 10030.000000, 194624, 1052672, 97376
malloc, 64, 10033.000000, 194688, 1052672, 97408
malloc, 64, 10027.000000, 194752, 1052672, 97440
malloc, 64, 10028.000000, 194816, 1052672, 97472
malloc, 64, 10068.000000, 194880, 1052672, 97504
malloc, 64, 9981.000000, 194944, 1052672, 97536
malloc, 64, 10614.000000, 195008, 1052672, 97568
malloc, 64, 11264.000000, 195072, 1052672, 97600
malloc, 64, 10102.000000, 195136, 1052672, 97632
malloc, 64, 10080.000000, 195200, 1052672, 97664
malloc, 64, 10106.000000, 195264, 1052672, 97696
malloc, 64, 10054.000000, 195328, 1052672, 97728
malloc, 64, 9993.000000, 195392, 1052672, 97760
malloc, 64, 10047.000000, 195456, 1052672, 97792
malloc, 64, 9975.000000, 195520, 1052672, 97824
malloc, 64, 10119.000000, 195584, 1052672, 97856
malloc, 64, 10056.000000, 195648, 1052672, 97888
malloc, 64, 10110.000000, 195712, 1052672, 97920
malloc, 64, 10014.000000, 195776, 1052672, 97952
malloc, 64, 10111.000000, 195840, 1052672, 97984
malloc, 64, 10127.000000, 195904, 1052672, 98016
malloc, 64, 10089.000000, 195968, 1052672, 98048
malloc, 64, 10077.000000, 196032, 1052672, 98080
malloc, 64, 10060.000000, 196096, 1052672, 98112
malloc, 64, 10125.000000, 196160, 1052672, 98144
malloc, 64, 10154.000000, 196224, 1052672, 98176
malloc, 64, 10171.000000, 196288, 1052672, 98208
malloc, 64, 10126.000000, 196352, 1052672, 98240
malloc, 64, 10042.000000, 196416, 1052672, 98272
malloc, 64, 10145.000000, 196480, 1052672, 98304
malloc, 64, 10113.000000, 196544, 1052672, 98336
malloc, 64, 11435.000000, 196608, 1052672, 98368
malloc, 64, 10490.000000, 196672, 1052672, 98400
malloc, 64, 10200.000000, 196736, 1052672, 98432
malloc, 64, 10081.000000, 196800, 1052672, 98464
malloc, 64, 10226.000000, 196864, 1052672, 98496
malloc, 64, 10233.000000, 196928, 1052672, 98528
malloc, 64, 10213.000000, 196992, 1052672, 98560
malloc, 64, 10204.000000, 197056, 1052672, 98592
malloc, 64, 10272.000000, 197120, 1052672, 98624
malloc, 64, 10323.000000, 197184, 1052672, 98656
malloc, 64, 10262.000000, 197248, 1052672, 98688
malloc, 64, 10119.000000, 197312, 1052672, 98720
malloc, 64, 10133.000000, 197376, 1052672, 98752
malloc, 64, 11366.000000, 197440, 1052672, 98784
malloc, 64, 11420.000000, 197504, 1052672, 98816
malloc, 64, 11608.000000, 197568, 1052672, 98848
malloc, 64, 11939.000000, 197632, 1052672, 98880
malloc, 64, 11665.000000, 197696, 1052672, 98912
malloc, 64, 11248.000000, 197760, 1052672, 98944
malloc, 64, 10205.000000, 197824, 1052672, 98976
malloc, 64, 10311.000000, 197888, 1052672, 99008
malloc, 64, 10197.000000, 197952, 1052672, 99040
malloc, 64, 10183.000000, 198016, 1052672, 99072
malloc, 64, 10194.000000, 198080, 1052672, 99104
malloc, 64, 10111.000000, 198144, 1052672, 99136
malloc, 64, 10229.000000, 198208, 1052672, 99168
malloc, 64, 10094.000000, 198272, 1052672, 99200
malloc, 64, 10111.000000, 198336, 1052672, 99232
malloc, 64, 10098.000000, 198400, 1052672, 99264
malloc, 64, 10207.000000, 198464, 1052672, 99296
malloc, 64, 10101.000000, 198528, 1052672, 99328
malloc, 64, 10146.000000, 198592, 1052672, 99360
malloc, 64, 10281.000000, 198656, 1052672, 99392
malloc, 64, 10273.000000, 198720, 1052672, 99424
malloc, 64, 10180.000000, 198784, 1052672, 99456
malloc, 64, 10196.000000, 198848, 1052672, 99488
malloc, 64, 10241.000000, 198912, 1052672, 99520
malloc, 64, 10284.000000, 198976, 1052672, 99552
malloc, 64, 10250.000000, 199040, 1052672, 99584
malloc, 64, 10283.000000, 199104, 1052672, 99616
malloc, 64, 10210.000000, 199168, 1052672, 99648
malloc, 64, 10361.000000, 199232, 1052672, 99680
malloc, 64, 11865.000000, 199296, 1052672, 99712
malloc, 64, 10577.000000, 199360, 1052672, 99744
malloc, 64, 10276.000000, 199424, 1052672, 99776
malloc, 64, 10218.000000, 199488, 1052672, 99808
malloc, 64, 10452.000000, 199552, 1052672, 99840
malloc, 64, 10236.000000, 199616, 1052672, 99872
malloc, 64, 10368.000000, 199680, 1052672, 99904
malloc, 64, 10305.000000, 199744, 1052672, 99936
malloc, 64, 10326.000000, 199808, 1052672, 99968
malloc, 64, 10213.000000, 199872, 1052672, 100000
malloc, 64, 10313.000000, 199936, 1052672, 100032
malloc, 64, 12203.000000, 200000, 1052672, 100064
malloc, 64, 12173.000000, 200064, 1052672, 100096
malloc, 64, 11020.000000, 200128, 1052672, 100128
malloc, 64, 10317.000000, 200192, 1052672, 100160
malloc, 64, 10322.000000, 200256, 1052672, 100192
malloc, 64, 10327.000000, 200320, 1052672, 100224
malloc, 64, 10318.000000, 200384, 1052672, 100256
malloc, 64, 10356.000000, 200448, 1052672, 100288
malloc, 64, 10441.000000, 200512, 1052672, 100320
malloc, 64, 10295.000000, 200576, 1052672, 100352
malloc, 64, 10333.000000, 200640, 1052672, 100384
malloc, 64, 10248.000000, 200704, 1052672, 100416
malloc, 64, 10293.000000, 200768, 1052672, 100448
malloc, 64, 10338.000000, 200832, 1052672, 100480
malloc, 64, 10348.000000, 200896, 1052672, 100512
malloc, 64, 10420.000000, 200960, 1052672, 100544
malloc, 64, 10303.000000, 201024, 1052672, 100576
malloc, 64, 10348.000000, 201088, 1052672, 100608
malloc, 64, 10390.000000, 201152, 1052672, 100640
malloc, 64, 10482.000000, 201216, 1052672, 100672
malloc, 64, 10336.000000, 201280, 1052672, 100704
malloc, 64, 10359.000000, 201344, 1052672, 100736
malloc, 64, 10400.000000, 201408, 1052672, 100768
malloc, 64, 10343.000000, 201472, 1052672, 100800
malloc, 64, 10365.000000, 201536, 1052672, 100832
malloc, 64, 10438.000000, 201600, 1052672, 100864
malloc, 64, 10308.000000, 201664, 1052672, 100896
malloc, 64, 10351.000000, 201728, 1052672, 100928
malloc, 64, 10432.000000, 201792, 1052672, 100960
malloc, 64, 10322.000000, 201856, 1052672, 100992
malloc, 64, 10350.000000, 201920, 1052672, 101024
malloc, 64, 10381.000000, 201984, 1052672, 101056
malloc, 64, 12068.000000, 202048, 1052672, 101088
malloc, 64, 10790.000000, 202112, 1052672, 101120
malloc, 64, 10448.000000, 202176, 1052672, 101152
malloc, 64, 10427.000000, 202240, 1052672, 101184
malloc, 64, 10461.000000, 202304, 1052672, 101216
malloc, 64, 10408.000000, 202368, 1052672, 101248
malloc, 64, 10404.000000, 202432, 1052672, 101280
malloc, 64, 10483.000000, 202496, 1052672, 101312
malloc, 64, 10398.000000, 202560, 1052672, 101344
malloc, 64, 10391.000000, 202624, 1052672, 101376
malloc, 64, 10434.000000, 202688, 1052672, 101408
malloc, 64, 10458.000000, 202752, 1052672, 101440
malloc, 64, 10439.000000, 202816, 1052672, 101472
malloc, 64, 10442.000000, 202880, 1052672, 101504
malloc, 64, 10471.000000, 202944, 1052672, 101536
malloc, 64, 10447.000000, 203008, 1052672, 101568
malloc, 64, 10371.000000, 203072, 1052672, 101600
malloc, 64, 10461.000000, 203136, 1052672, 101632
malloc, 64, 10484.000000, 203200, 1052672, 101664
malloc, 64, 10448.000000, 203264, 1052672, 101696
malloc, 64, 13700.000000, 203328, 1052672, 101728
malloc, 64, 10652.000000, 203392, 1052672, 101760
malloc, 64, 10470.000000, 203456, 1052672, 101792
malloc, 64, 10449.000000, 203520, 1052672, 101824
malloc, 64, 10481.000000, 203584, 1052672, 101856
malloc, 64, 11034.000000, 203648, 1052672, 101888
malloc, 64, 12030.000000, 203712, 1052672, 101920
malloc, 64, 10541.000000, 203776, 1052672, 101952
malloc, 64, 10502.000000, 203840, 1052672, 101984
malloc, 64, 10478.000000, 203904, 1052672, 102016
malloc, 64, 10480.000000, 203968, 1052672, 102048
malloc, 64, 10545.000000, 204032, 1052672, 102080
malloc, 64, 10572.000000, 204096, 1052672, 102112
malloc, 64, 10540.000000, 204160, 1052672, 102144
malloc, 64, 10602.000000, 204224, 1052672, 102176
malloc, 64, 10579.000000, 204288, 1052672, 102208
malloc, 64, 10544.000000, 204352, 1052672, 102240
malloc, 64, 10508.000000, 204416, 1052672, 102272
malloc, 64, 10497.000000, 204480, 1052672, 102304
malloc, 64, 10515.000000, 204544, 1052672, 102336
malloc, 64, 10513.000000, 204608, 1052672, 102368
malloc, 64, 10581.000000, 204672, 1052672, 102400
malloc, 64, 10536.000000, 204736, 1052672, 102432
malloc, 64, 11837.000000, 204800, 1052672, 102464
malloc, 64, 10815.000000, 204864, 1052672, 102496
malloc, 64, 10498.000000, 204928, 1052672, 102528
malloc, 64, 10696.000000, 204992, 1052672, 102560
malloc, 64, 10621.000000, 205056, 1052672, 102592
malloc, 64, 10546.000000, 205120, 1052672, 102624
malloc, 64, 10610.000000, 205184, 1052672, 102656
malloc, 64, 10557.000000, 205248, 1052672, 102688
malloc, 64, 10501.000000, 205312, 1052672, 102720
malloc, 64, 10550.000000, 205376, 1052672, 102752
malloc, 64, 10622.000000, 205440, 1052672, 102784
malloc, 64, 10579.000000, 205504, 1052672, 102816
malloc, 64, 10961.000000, 205568, 1052672, 102848
malloc, 64, 11932.000000, 205632, 1052672, 102880
malloc, 64, 10712.000000, 205696, 1052672, 102912
malloc, 64, 10671.000000, 205760, 1052672, 102944
malloc, 64, 10644.000000, 205824, 1052672, 102976
malloc, 64, 10660.000000, 205888, 1052672, 103008
malloc, 64, 10636.000000, 205952, 1052672, 103040
malloc, 64, 10622.000000, 206016, 1052672, 103072
malloc, 64, 10665.000000, 206080, 1052672, 103104
malloc, 64, 10688.000000, 206144, 1052672, 103136
malloc, 64, 10673.000000, 206208, 1052672, 103168
malloc, 64, 10672.000000, 206272, 1052672, 103200
malloc, 64, 10704.000000, 206336, 1052672, 103232
malloc, 64, 10712.000000, 206400, 1052672, 103264
malloc, 64, 10701.000000, 206464, 1052672, 103296
malloc, 64, 10694.000000, 206528, 1052672, 103328
malloc, 64, 10607.000000, 206592, 1052672, 103360
malloc, 64, 10743.000000, 206656, 1052672, 103392
malloc, 64, 10725.000000, 206720, 1052672, 103424
malloc, 64, 10715.000000, 206784, 1052672, 103456
malloc, 64, 10728.000000, 206848, 1052672, 103488
malloc, 64, 10738.000000, 206912, 1052672, 103520
malloc, 64, 10778.000000, 206976, 1052672, 103552
malloc, 64, 10684.000000, 207040, 1052672, 103584
malloc, 64, 10738.000000, 207104, 1052672, 103616
malloc, 64, 10726.000000, 207168, 1052672, 103648
malloc, 64, 10818.000000, 207232, 1052672, 103680
malloc, 64, 10773.000000, 207296, 1052672, 103712
malloc, 64, 10688.000000, 207360, 1052672, 103744
malloc, 64, 10663.000000, 207424, 1052672, 103776
malloc, 64, 12002.000000, 207488, 1052672, 103808
malloc, 64, 11010.000000, 207552, 1052672, 103840
malloc, 64, 10812.000000, 207616, 1052672, 103872
malloc, 64, 10846.000000, 207680, 1052672, 103904
malloc, 64, 10739.000000, 207744, 1052672, 103936
malloc, 64, 10772.000000, 207808, 1052672, 103968
malloc, 64, 10727.000000, 207872, 1052672, 104000
malloc, 64, 10778.000000, 207936, 1052672, 104032
malloc, 64, 10747.000000, 208000, 1052672, 104064
malloc, 64, 10720.000000, 208064, 1052672, 104096
malloc, 64, 10817.000000, 208128, 1052672, 104128
malloc, 64, 10808.000000, 208192, 1052672, 104160
malloc, 64, 10737.000000, 208256, 1052672, 104192
malloc, 64, 10887.000000, 208320, 1052672, 104224
malloc, 64, 10786.000000, 208384, 1052672, 104256
malloc, 64, 10738.000000, 208448, 1052672, 104288
malloc, 64, 10880.000000, 208512, 1052672, 104320
malloc, 64, 10937.000000, 208576, 1052672, 104352
malloc, 64, 10808.000000, 208640, 1052672, 104384
malloc, 64, 10868.000000, 208704, 1052672, 104416
malloc, 64, 10753.000000, 208768, 1052672, 104448
malloc, 64, 10839.000000, 208832, 1052672, 104480
malloc, 64, 10778.000000, 208896, 1052672, 104512
malloc, 64, 10764.000000, 208960, 1052672, 104544
malloc, 64, 14301.000000, 209024, 1052672, 104576
malloc, 64, 10925.000000, 209088, 1052672, 104608
malloc, 64, 10796.000000, 209152, 1052672, 104640
malloc, 64, 10779.000000, 209216, 1052672, 104672
malloc, 64, 10795.000000, 209280, 1052672, 104704
malloc, 64, 10856.000000, 209344, 1052672, 104736
malloc, 64, 10818.000000, 209408, 1052672, 104768
malloc, 64, 10853.000000, 209472, 1052672, 104800
malloc, 64, 10831.000000, 209536, 1052672, 104832
malloc, 64, 10879.000000, 209600, 1052672, 104864
malloc, 64, 10841.000000, 209664, 1052672, 104896
malloc, 64, 10839.000000, 209728, 1052672, 104928
malloc, 64, 10900.000000, 209792, 1052672, 104960
malloc, 64, 10858.000000, 209856, 1052672, 104992
malloc, 64, 10850.000000, 209920, 1052672, 105024
malloc, 64, 10878.000000, 209984, 1052672, 105056
malloc, 64, 10828.000000, 210048, 1052672, 105088
malloc, 64, 10871.000000, 210112, 1052672, 105120
malloc, 64, 10845.000000, 210176, 1052672, 105152
malloc, 64, 12045.000000, 210240, 1052672, 105184
malloc, 64, 11149.000000, 210304, 1052672, 105216
malloc, 64, 10845.000000, 210368, 1052672, 105248
malloc, 64, 10785.000000, 210432, 1052672, 105280
malloc, 64, 12898.000000, 210496, 1052672, 105312
malloc, 64, 12609.000000, 210560, 1052672, 105344
malloc, 64, 11695.000000, 210624, 1052672, 105376
malloc, 64, 10997.000000, 210688, 1052672, 105408
malloc, 64, 11057.000000, 210752, 1052672, 105440
malloc, 64, 10796.000000, 210816, 1052672, 105472
malloc, 64, 10926.000000, 210880, 1052672, 105504
malloc, 64, 10930.000000, 210944, 1052672, 105536
malloc, 64, 10928.000000, 211008, 1052672, 105568
malloc, 64, 11022.000000, 211072, 1052672, 105600
malloc, 64, 10867.000000, 211136, 1052672, 105632
malloc, 64, 10963.000000, 211200, 1052672, 105664
malloc, 64, 10966.000000, 211264, 1052672, 105696
malloc, 64, 10920.000000, 211328, 1052672, 105728
malloc, 64, 10962.000000, 211392, 1052672, 105760
malloc, 64, 10963.000000, 211456, 1052672, 105792
malloc, 64, 10847.000000, 211520, 1052672, 105824
malloc, 64, 10903.000000, 211584, 1052672, 105856
malloc, 64, 10940.000000, 211648, 1052672, 105888
malloc, 64, 10953.000000, 211712, 1052672, 105920
malloc, 64, 10982.000000, 211776, 1052672, 105952
malloc, 64, 10960.000000, 211840, 1052672, 105984
malloc, 64, 10929.000000, 211904, 1052672, 106016
malloc, 64, 10931.000000, 211968, 1052672, 106048
malloc, 64, 11000.000000, 212032, 1052672, 106080
malloc, 64, 10977.000000, 212096, 1052672, 106112
malloc, 64, 10977.000000, 212160, 1052672, 106144
malloc, 64, 10992.000000, 212224, 1052672, 106176
malloc, 64, 10987.000000, 212288, 1052672, 106208
malloc, 64, 11088.000000, 212352, 1052672, 106240
malloc, 64, 10865.000000, 212416, 1052672, 106272
malloc, 64, 10993.000000, 212480, 1052672, 106304
malloc, 64, 11115.000000, 212544, 1052672, 106336
malloc, 64, 11026.000000, 212608, 1052672, 106368
malloc, 64, 10961.000000, 212672, 1052672, 106400
malloc, 64, 10987.000000, 212736, 1052672, 106432
malloc, 64, 10979.000000, 212800, 1052672, 106464
malloc, 64, 11049.000000, 212864, 1052672, 106496
malloc, 64, 11033.000000, 212928, 1052672, 106528
malloc, 64, 12680.000000, 212992, 1052672, 106560
malloc, 64, 11307.000000, 213056, 1052672, 106592
malloc, 64, 11067.000000, 213120, 1052672, 106624
malloc, 64, 11017.000000, 213184, 1052672, 106656
malloc, 64, 11101.000000, 213248, 1052672, 106688
malloc, 64, 11042.000000, 213312, 1052672, 106720
malloc, 64, 10970.000000, 213376, 1052672, 106752
malloc, 64, 11010.000000, 213440, 1052672, 106784
malloc, 64, 11043.000000, 213504, 1052672, 106816
malloc, 64, 11102.000000, 213568, 1052672, 106848
malloc, 64, 11157.000000, 213632, 1052672, 106880
malloc, 64, 10994.000000, 213696, 1052672, 106912
malloc, 64, 11123.000000, 213760, 1052672, 106944
malloc, 64, 11419.000000, 213824, 1052672, 106976
malloc, 64, 12622.000000, 213888, 1052672, 107008
malloc, 64, 11154.000000, 213952, 1052672, 107040
malloc, 64, 11104.000000, 214016, 1052672, 107072
malloc, 64, 11137.000000, 214080, 1052672, 107104
malloc, 64, 11054.000000, 214144, 1052672, 107136
malloc, 64, 11014.000000, 214208, 1052672, 107168
malloc, 64, 11160.000000, 214272, 1052672, 107200
malloc, 64, 11120.000000, 214336, 1052672, 107232
malloc, 64, 11085.000000, 214400, 1052672, 107264
malloc, 64, 14849.000000, 214464, 1052672, 107296
malloc, 64, 11297.000000, 214528, 1052672, 107328
malloc, 64, 11200.000000, 214592, 1052672, 107360
malloc, 64, 11222.000000, 214656, 1052672, 107392
malloc, 64, 11068.000000, 214720, 1052672, 107424
malloc, 64, 10994.000000, 214784, 1052672, 107456
malloc, 64, 11155.000000, 214848, 1052672, 107488
malloc, 64, 11038.000000, 214912, 1052672, 107520
malloc, 64, 11106.000000, 214976, 1052672, 107552
malloc, 64, 11099.000000, 215040, 1052672, 107584
malloc, 64, 11149.000000, 215104, 1052672, 107616
malloc, 64, 11256.000000, 215168, 1052672, 107648
malloc, 64, 11115.000000, 215232, 1052672, 107680
malloc, 64, 11143.000000, 215296, 1052672, 107712
malloc, 64, 11231.000000, 215360, 1052672, 107744
malloc, 64, 11113.000000, 215424, 1052672, 107776
malloc, 64, 11152.000000, 215488, 1052672, 107808
malloc, 64, 11109.000000, 215552, 1052672, 107840
malloc, 64, 12170.000000, 215616, 1052672, 107872
malloc, 64, 14106.000000, 215680, 1052672, 107904
malloc, 64, 11449.000000, 215744, 1052672, 107936
malloc, 64, 11273.000000, 215808, 1052672, 107968
malloc, 64, 11136.000000, 215872, 1052672, 108000
malloc, 64, 11127.000000, 215936, 1052672, 108032
malloc, 64, 11232.000000, 216000, 1052672, 108064
malloc, 64, 11275.000000, 216064, 1052672, 108096
malloc, 64, 11217.000000, 216128, 1052672, 108128
malloc, 64, 11300.000000, 216192, 1052672, 108160
malloc, 64, 11128.000000, 216256, 1052672, 108192
malloc, 64, 11285.000000, 216320, 1052672, 108224
malloc, 64, 11295.000000, 216384, 1052672, 108256
malloc, 64, 11146.000000, 216448, 1052672, 108288
malloc, 64, 11253.000000, 216512, 1052672, 108320
malloc, 64, 11214.000000, 216576, 1052672, 108352
malloc, 64, 11282.000000, 216640, 1052672, 108384
malloc, 64, 11198.000000, 216704, 1052672, 108416
malloc, 64, 11269.000000, 216768, 1052672, 108448
malloc, 64, 11221.000000, 216832, 1052672, 108480
malloc, 64, 11272.000000, 216896, 1052672, 108512
malloc, 64, 11251.000000, 216960, 1052672, 108544
malloc, 64, 11344.000000, 217024, 1052672, 108576
malloc, 64, 11172.000000, 217088, 1052672, 108608
malloc, 64, 11311.000000, 217152, 1052672, 108640
malloc, 64, 11288.000000, 217216, 1052672, 108672
malloc, 64, 11209.000000, 217280, 1052672, 108704
malloc, 64, 11156.000000, 217344, 1052672, 108736
malloc, 64, 11240.000000, 217408, 1052672, 108768
malloc, 64, 11245.000000, 217472, 1052672, 108800
malloc, 64, 11250.000000, 217536, 1052672, 108832
malloc, 64, 11309.000000, 217600, 1052672, 108864
malloc, 64, 11243.000000, 217664, 1052672, 108896
malloc, 64, 11323.000000, 217728, 1052672, 108928
malloc, 64, 11349.000000, 217792, 1052672, 108960
malloc, 64, 11259.000000, 217856, 1052672, 108992
malloc, 64, 11336.000000, 217920, 1052672, 109024
malloc, 64, 11203.000000, 217984, 1052672, 109056
malloc, 64, 11308.000000, 218048, 1052672, 109088
malloc, 64, 11336.000000, 218112, 1052672, 109120
malloc, 64, 11314.000000, 218176, 1052672, 109152
malloc, 64, 11392.000000, 218240, 1052672, 109184
malloc, 64, 11382.000000, 218304, 1052672, 109216
malloc, 64, 11327.000000, 218368, 1052672, 109248
malloc, 64, 12390.000000, 218432, 1052672, 109280
malloc, 64, 11648.000000, 218496, 1052672, 109312
malloc, 64, 11316.000000, 218560, 1052672, 109344
malloc, 64, 11289.000000, 218624, 1052672, 109376
malloc, 64, 11336.000000, 218688, 1052672, 109408
malloc, 64, 11251.000000, 218752, 1052672, 109440
malloc, 64, 11352.000000, 218816, 1052672, 109472
malloc, 64, 11272.000000, 218880, 1052672, 109504
malloc, 64, 11321.000000, 218944, 1052672, 109536
malloc, 64, 11315.000000, 219008, 1052672, 109568
malloc, 64, 11326.000000, 219072, 1052672, 109600
malloc, 64, 11285.000000, 219136, 1052672, 109632
malloc, 64, 11319.000000, 219200, 1052672, 109664
malloc, 64, 11311.000000, 219264, 1052672, 109696
malloc, 64, 11217.000000, 219328, 1052672, 109728
malloc, 64, 11302.000000, 219392, 1052672, 109760
malloc, 64, 11424.000000, 219456, 1052672, 109792
malloc, 64, 11298.000000, 219520, 1052672, 109824
malloc, 64, 11450.000000, 219584, 1052672, 109856
malloc, 64, 11338.000000, 219648, 1052672, 109888
malloc, 64, 11319.000000, 219712, 1052672, 109920
malloc, 64, 11456.000000, 219776, 1052672, 109952
malloc, 64, 14788.000000, 219840, 1052672, 109984
malloc, 64, 11518.000000, 219904, 1052672, 110016
malloc, 64, 11459.000000, 219968, 1052672, 110048
malloc, 64, 11385.000000, 220032, 1052672, 110080
malloc, 64, 11385.000000, 220096, 1052672, 110112
malloc, 64, 11390.000000, 220160, 1052672, 110144
malloc, 64, 11382.000000, 220224, 1052672, 110176
malloc, 64, 11420.000000, 220288, 1052672, 110208
malloc, 64, 11352.000000, 220352, 1052672, 110240
malloc, 64, 11412.000000, 220416, 1052672, 110272
malloc, 64, 11307.000000, 220480, 1052672, 110304
malloc, 64, 11349.000000, 220544, 1052672, 110336
malloc, 64, 11449.000000, 220608, 1052672, 110368
malloc, 64, 11522.000000, 220672, 1052672, 110400
malloc, 64, 11461.000000, 220736, 1052672, 110432
malloc, 64, 11394.000000, 220800, 1052672, 110464
malloc, 64, 11408.000000, 220864, 1052672, 110496
malloc, 64, 11411.000000, 220928, 1052672, 110528
malloc, 64, 13648.000000, 220992, 1052672, 110560
malloc, 64, 13522.000000, 221056, 1052672, 110592
malloc, 64, 12406.000000, 221120, 1052672, 110624
malloc, 64, 13402.000000, 221184, 1052672, 110656
malloc, 64, 11735.000000, 221248, 1052672, 110688
malloc, 64, 11525.000000, 221312, 1052672, 110720
malloc, 64, 11444.000000, 221376, 1052672, 110752
malloc, 64, 11539.000000, 221440, 1052672, 110784
malloc, 64, 11446.000000, 221504, 1052672, 110816
malloc, 64, 11456.000000, 221568, 1052672, 110848
malloc, 64, 11406.000000, 221632, 1052672, 110880
malloc, 64, 11406.000000, 221696, 1052672, 110912
malloc, 64, 11459.000000, 221760, 1052672, 110944
malloc, 64, 11479.000000, 221824, 1052672, 110976
malloc, 64, 11506.000000, 221888, 1052672, 111008
malloc, 64, 11421.000000, 221952, 1052672, 111040
malloc, 64, 11470.000000, 222016, 1052672, 111072
malloc, 64, 11353.000000, 222080, 1052672, 111104
malloc, 64, 11544.000000, 222144, 1052672, 111136
malloc, 64, 11497.000000, 222208, 1052672, 111168
malloc, 64, 11556.000000, 222272, 1052672, 111200
malloc, 64, 11417.000000, 222336, 1052672, 111232
malloc, 64, 11517.000000, 222400, 1052672, 111264
malloc, 64, 11566.000000, 222464, 1052672, 111296
malloc, 64, 11587.000000, 222528, 1052672, 111328
malloc, 64, 11595.000000, 222592, 1052672, 111360
malloc, 64, 11593.000000, 222656, 1052672, 111392
malloc, 64, 11694.000000, 222720, 1052672, 111424
malloc, 64, 11599.000000, 222784, 1052672, 111456
malloc, 64, 11561.000000, 222848, 1052672, 111488
malloc, 64, 11539.000000, 222912, 1052672, 111520
malloc, 64, 11554.000000, 222976, 1052672, 111552
malloc, 64, 11446.000000, 223040, 1052672, 111584
malloc, 64, 11558.000000, 223104, 1052672, 111616
malloc, 64, 11594.000000, 223168, 1052672, 111648
malloc, 64, 11516.000000, 223232, 1052672, 111680
malloc, 64, 11594.000000, 223296, 1052672, 111712
malloc, 64, 11486.000000, 223360, 1052672, 111744
malloc, 64, 11685.000000, 223424, 1052672, 111776
malloc, 64, 11550.000000, 223488, 1052672, 111808
malloc, 64, 11546.000000, 223552, 1052672, 111840
malloc, 64, 11628.000000, 223616, 1052672, 111872
malloc, 64, 11529.000000, 223680, 1052672, 111904
malloc, 64, 11543.000000, 223744, 1052672, 111936
malloc, 64, 11619.000000, 223808, 1052672, 111968
malloc, 64, 12514.000000, 223872, 1052672, 112000
malloc, 64, 11984.000000, 223936, 1052672, 112032
malloc, 64, 11736.000000, 224000, 1052672, 112064
malloc, 64, 11618.000000, 224064, 1052672, 112096
malloc, 64, 11640.000000, 224128, 1052672, 112128
malloc, 64, 11609.000000, 224192, 1052672, 112160
malloc, 64, 11698.000000, 224256, 1052672, 112192
malloc, 64, 13191.000000, 224320, 1052672, 112224
malloc, 64, 12040.000000, 224384, 1052672, 112256
malloc, 64, 11667.000000, 224448, 1052672, 112288
malloc, 64, 11571.000000, 224512, 1052672, 112320
malloc, 64, 11656.000000, 224576, 1052672, 112352
malloc, 64, 11701.000000, 224640, 1052672, 112384
malloc, 64, 11629.000000, 224704, 1052672, 112416
malloc, 64, 11718.000000, 224768, 1052672, 112448
malloc, 64, 11652.000000, 224832, 1052672, 112480
malloc, 64, 11645.000000, 224896, 1052672, 112512
malloc, 64, 11750.000000, 224960, 1052672, 112544
malloc, 64, 14760.000000, 225024, 1052672, 112576
malloc, 64, 11783.000000, 225088, 1052672, 112608
malloc, 64, 11650.000000, 225152, 1052672, 112640
malloc, 64, 11719.000000, 225216, 1052672, 112672
malloc, 64, 11671.000000, 225280, 1052672, 112704
malloc, 64, 11654.000000, 225344, 1052672, 112736
malloc, 64, 11705.000000, 225408, 1052672, 112768
malloc, 64, 11735.000000, 225472, 1052672, 112800
malloc, 64, 11648.000000, 225536, 1052672, 112832
malloc, 64, 11639.000000, 225600, 1052672, 112864
malloc, 64, 11710.000000, 225664, 1052672, 112896
malloc, 64, 11686.000000, 225728, 1052672, 112928
malloc, 64, 11740.000000, 225792, 1052672, 112960
malloc, 64, 11751.000000, 225856, 1052672, 112992
malloc, 64, 11732.000000, 225920, 1052672, 113024
malloc, 64, 11598.000000, 225984, 1052672, 113056
malloc, 64, 11657.000000, 226048, 1052672, 113088
malloc, 64, 11692.000000, 226112, 1052672, 113120
malloc, 64, 11684.000000, 226176, 1052672, 113152
malloc, 64, 11794.000000, 226240, 1052672, 113184
malloc, 64, 12234.000000, 226304, 1052672, 113216
malloc, 64, 13153.000000, 226368, 1052672, 113248
malloc, 64, 11754.000000, 226432, 1052672, 113280
malloc, 64, 11766.000000, 226496, 1052672, 113312
malloc, 64, 11709.000000, 226560, 1052672, 113344
malloc, 64, 13416.000000, 226624, 1052672, 113376
malloc, 64, 12084.000000, 226688, 1052672, 113408
malloc, 64, 11728.000000, 226752, 1052672, 113440
malloc, 64, 11709.000000, 226816, 1052672, 113472
malloc, 64, 11775.000000, 226880, 1052672, 113504
malloc, 64, 11777.000000, 226944, 1052672, 113536
malloc, 64, 11727.000000, 227008, 1052672, 113568
malloc, 64, 11762.000000, 227072, 1052672, 113600
malloc, 64, 11786.000000, 227136, 1052672, 113632
malloc, 64, 11769.000000, 227200, 1052672, 113664
malloc, 64, 11809.000000, 227264, 1052672, 113696
malloc, 64, 11728.000000, 227328, 1052672, 113728
malloc, 64, 11717.000000, 227392, 1052672, 113760
malloc, 64, 11886.000000, 227456, 1052672, 113792
malloc, 64, 11850.000000, 227520, 1052672, 113824
malloc, 64, 11787.000000, 227584, 1052672, 113856
malloc, 64, 11777.000000, 227648, 1052672, 113888
malloc, 64, 11801.000000, 227712, 1052672, 113920
malloc, 64, 11758.000000, 227776, 1052672, 113952
malloc, 64, 11812.000000, 227840, 1052672, 113984
malloc, 64, 11814.000000, 227904, 1052672, 114016
malloc, 64, 11784.000000, 227968, 1052672, 114048
malloc, 64, 11752.000000, 228032, 1052672, 114080
malloc, 64, 11735.000000, 228096, 1052672, 114112
malloc, 64, 11825.000000, 228160, 1052672, 114144
malloc, 64, 11896.000000, 228224, 1052672, 114176
malloc, 64, 11820.000000, 228288, 1052672, 114208
malloc, 64, 11839.000000, 228352, 1052672, 114240
malloc, 64, 11909.000000, 228416, 1052672, 114272
malloc, 64, 11899.000000, 228480, 1052672, 114304
malloc, 64, 11762.000000, 228544, 1052672, 114336
malloc, 64, 12012.000000, 228608, 1052672, 114368
malloc, 64, 11917.000000, 228672, 1052672, 114400
malloc, 64, 11875.000000, 228736, 1052672, 114432
malloc, 64, 11813.000000, 228800, 1052672, 114464
malloc, 64, 11832.000000, 228864, 1052672, 114496
malloc, 64, 11881.000000, 228928, 1052672, 114528
malloc, 64, 11991.000000, 228992, 1052672, 114560
malloc, 64, 11752.000000, 229056, 1052672, 114592
malloc, 64, 11961.000000, 229120, 1052672, 114624
malloc, 64, 11859.000000, 229184, 1052672, 114656
malloc, 64, 11919.000000, 229248, 1052672, 114688
malloc, 64, 11831.000000, 229312, 1052672, 114720
malloc, 64, 12725.000000, 229376, 1052672, 114752
malloc, 64, 12161.000000, 229440, 1052672, 114784
malloc, 64, 11869.000000, 229504, 1052672, 114816
malloc, 64, 11939.000000, 229568, 1052672, 114848
malloc, 64, 11921.000000, 229632, 1052672, 114880
malloc, 64, 11799.000000, 229696, 1052672, 114912
malloc, 64, 11925.000000, 229760, 1052672, 114944
malloc, 64, 11855.000000, 229824, 1052672, 114976
malloc, 64, 11866.000000, 229888, 1052672, 115008
malloc, 64, 11960.000000, 229952, 1052672, 115040
malloc, 64, 11893.000000, 230016, 1052672, 115072
malloc, 64, 11777.000000, 230080, 1052672, 115104
malloc, 64, 11918.000000, 230144, 1052672, 115136
malloc, 64, 14973.000000, 230208, 1052672, 115168
malloc, 64, 11960.000000, 230272, 1052672, 115200
malloc, 64, 11947.000000, 230336, 1052672, 115232
malloc, 64, 12007.000000, 230400, 1052672, 115264
malloc, 64, 12065.000000, 230464, 1052672, 115296
malloc, 64, 11997.000000, 230528, 1052672, 115328
malloc, 64, 11921.000000, 230592, 1052672, 115360
malloc, 64, 11935.000000, 230656, 1052672, 115392
malloc, 64, 12043.000000, 230720, 1052672, 115424
malloc, 64, 12005.000000, 230784, 1052672, 115456
malloc, 64, 12074.000000, 230848, 1052672, 115488
malloc, 64, 11879.000000, 230912, 1052672, 115520
malloc, 64, 12080.000000, 230976, 1052672, 115552
malloc, 64, 11939.000000, 231040, 1052672, 115584
malloc, 64, 11972.000000, 231104, 1052672, 115616
malloc, 64, 12004.000000, 231168, 1052672, 115648
malloc, 64, 11923.000000, 231232, 1052672, 115680
malloc, 64, 11983.000000, 231296, 1052672, 115712
malloc, 64, 12128.000000, 231360, 1052672, 115744
malloc, 64, 12538.000000, 231424, 1052672, 115776
malloc, 64, 13498.000000, 231488, 1052672, 115808
malloc, 64, 12055.000000, 231552, 1052672, 115840
malloc, 64, 11988.000000, 231616, 1052672, 115872
malloc, 64, 12040.000000, 231680, 1052672, 115904
malloc, 64, 12151.000000, 231744, 1052672, 115936
malloc, 64, 12078.000000, 231808, 1052672, 115968
malloc, 64, 11968.000000, 231872, 1052672, 116000
malloc, 64, 11845.000000, 231936, 1052672, 116032
malloc, 64, 11983.000000, 232000, 1052672, 116064
malloc, 64, 13918.000000, 232064, 1052672, 116096
malloc, 64, 12368.000000, 232128, 1052672, 116128
malloc, 64, 12011.000000, 232192, 1052672, 116160
malloc, 64, 12052.000000, 232256, 1052672, 116192
malloc, 64, 11999.000000, 232320, 1052672, 116224
malloc, 64, 12092.000000, 232384, 1052672, 116256
malloc, 64, 11970.000000, 232448, 1052672, 116288
malloc, 64, 12150.000000, 232512, 1052672, 116320
malloc, 64, 11978.000000, 232576, 1052672, 116352
malloc, 64, 11974.000000, 232640, 1052672, 116384
malloc, 64, 12105.000000, 232704, 1052672, 116416
malloc, 64, 12046.000000, 232768, 1052672, 116448
malloc, 64, 12058.000000, 232832, 1052672, 116480
malloc, 64, 12099.000000, 232896, 1052672, 116512
malloc, 64, 12376.000000, 232960, 1052672, 116544
malloc, 64, 13478.000000, 233024, 1052672, 116576
malloc, 64, 12620.000000, 233088, 1052672, 116608
malloc, 64, 12048.000000, 233152, 1052672, 116640
malloc, 64, 11977.000000, 233216, 1052672, 116672
malloc, 64, 11985.000000, 233280, 1052672, 116704
malloc, 64, 12105.000000, 233344, 1052672, 116736
malloc, 64, 11913.000000, 233408, 1052672, 116768
malloc, 64, 12047.000000, 233472, 1052672, 116800
malloc, 64, 12117.000000, 233536, 1052672, 116832
malloc, 64, 12074.000000, 233600, 1052672, 116864
malloc, 64, 12162.000000, 233664, 1052672, 116896
malloc, 64, 12117.000000, 233728, 1052672, 116928
malloc, 64, 12062.000000, 233792, 1052672, 116960
malloc, 64, 12119.000000, 233856, 1052672, 116992
malloc, 64, 12032.000000, 233920, 1052672, 117024
malloc, 64, 12107.000000, 233984, 1052672, 117056
malloc, 64, 12200.000000, 234048, 1052672, 117088
malloc, 64, 12143.000000, 234112, 1052672, 117120
malloc, 64, 12195.000000, 234176, 1052672, 117152
malloc, 64, 12155.000000, 234240, 1052672, 117184
malloc, 64, 12194.000000, 234304, 1052672, 117216
malloc, 64, 12179.000000, 234368, 1052672, 117248
malloc, 64, 12185.000000, 234432, 1052672, 117280
malloc, 64, 12088.000000, 234496, 1052672, 117312
malloc, 64, 12085.000000, 234560, 1052672, 117344
malloc, 64, 12223.000000, 234624, 1052672, 117376
malloc, 64, 12091.000000, 234688, 1052672, 117408
malloc, 64, 12123.000000, 234752, 1052672, 117440
malloc, 64, 13564.000000, 234816, 1052672, 117472
malloc, 64, 12510.000000, 234880, 1052672, 117504
malloc, 64, 12182.000000, 234944, 1052672, 117536
malloc, 64, 12266.000000, 235008, 1052672, 117568
malloc, 64, 12176.000000, 235072, 1052672, 117600
malloc, 64, 15847.000000, 235136, 1052672, 117632
malloc, 64, 13509.000000, 235200, 1052672, 117664
malloc, 64, 13723.000000, 235264, 1052672, 117696
malloc, 64, 12390.000000, 235328, 1052672, 117728
malloc, 64, 12290.000000, 235392, 1052672, 117760
malloc, 64, 12302.000000, 235456, 1052672, 117792
malloc, 64, 12177.000000, 235520, 1052672, 117824
malloc, 64, 12231.000000, 235584, 1052672, 117856
malloc, 64, 12244.000000, 235648, 1052672, 117888
malloc, 64, 12306.000000, 235712, 1052672, 117920
malloc, 64, 12166.000000, 235776, 1052672, 117952
malloc, 64, 12267.000000, 235840, 1052672, 117984
malloc, 64, 12301.000000, 235904, 1052672, 118016
malloc, 64, 12246.000000, 235968, 1052672, 118048
malloc, 64, 12110.000000, 236032, 1052672, 118080
malloc, 64, 13365.000000, 236096, 1052672, 118112
malloc, 64, 13406.000000, 236160, 1052672, 118144
malloc, 64, 12379.000000, 236224, 1052672, 118176
malloc, 64, 12243.000000, 236288, 1052672, 118208
malloc, 64, 13190.000000, 236352, 1052672, 118240
malloc, 64, 12344.000000, 236416, 1052672, 118272
malloc, 64, 12356.000000, 236480, 1052672, 118304
malloc, 64, 12236.000000, 236544, 1052672, 118336
malloc, 64, 13507.000000, 236608, 1052672, 118368
malloc, 64, 12445.000000, 236672, 1052672, 118400
malloc, 64, 12172.000000, 236736, 1052672, 118432
malloc, 64, 12392.000000, 236800, 1052672, 118464
malloc, 64, 12191.000000, 236864, 1052672, 118496
malloc, 64, 12375.000000, 236928, 1052672, 118528
malloc, 64, 12264.000000, 236992, 1052672, 118560
malloc, 64, 12369.000000, 237056, 1052672, 118592
malloc, 64, 12267.000000, 237120, 1052672, 118624
malloc, 64, 12348.000000, 237184, 1052672, 118656
malloc, 64, 12422.000000, 237248, 1052672, 118688
malloc, 64, 12264.000000, 237312, 1052672, 118720
malloc, 64, 12305.000000, 237376, 1052672, 118752
malloc, 64, 12298.000000, 237440, 1052672, 118784
malloc, 64, 12340.000000, 237504, 1052672, 118816
malloc, 64, 14181.000000, 237568, 1052672, 118848
malloc, 64, 12739.000000, 237632, 1052672, 118880
malloc, 64, 12347.000000, 237696, 1052672, 118912
malloc, 64, 12313.000000, 237760, 1052672, 118944
malloc, 64, 12348.000000, 237824, 1052672, 118976
malloc, 64, 12275.000000, 237888, 1052672, 119008
malloc, 64, 12443.000000, 237952, 1052672, 119040
malloc, 64, 12327.000000, 238016, 1052672, 119072
malloc, 64, 12482.000000, 238080, 1052672, 119104
malloc, 64, 12281.000000, 238144, 1052672, 119136
malloc, 64, 12412.000000, 238208, 1052672, 119168
malloc, 64, 12452.000000, 238272, 1052672, 119200
malloc, 64, 12385.000000, 238336, 1052672, 119232
malloc, 64, 12361.000000, 238400, 1052672, 119264
malloc, 64, 12334.000000, 238464, 1052672, 119296
malloc, 64, 12372.000000, 238528, 1052672, 119328
malloc, 64, 12362.000000, 238592, 1052672, 119360
malloc, 64, 12437.000000, 238656, 1052672, 119392
malloc, 64, 12390.000000, 238720, 1052672, 119424
malloc, 64, 12386.000000, 238784, 1052672, 119456
malloc, 64, 12400.000000, 238848, 1052672, 119488
malloc, 64, 12402.000000, 238912, 1052672, 119520
malloc, 64, 12357.000000, 238976, 1052672, 119552
malloc, 64, 12461.000000, 239040, 1052672, 119584
malloc, 64, 12369.000000, 239104, 1052672, 119616
malloc, 64, 12385.000000, 239168, 1052672, 119648
malloc, 64, 12406.000000, 239232, 1052672, 119680
malloc, 64, 12399.000000, 239296, 1052672, 119712
malloc, 64, 12286.000000, 239360, 1052672, 119744
malloc, 64, 12457.000000, 239424, 1052672, 119776
malloc, 64, 12371.000000, 239488, 1052672, 119808
malloc, 64, 12456.000000, 239552, 1052672, 119840
malloc, 64, 13342.000000, 239616, 1052672, 119872
malloc, 64, 12594.000000, 239680, 1052672, 119904
malloc, 64, 12447.000000, 239744, 1052672, 119936
malloc, 64, 12482.000000, 239808, 1052672, 119968
malloc, 64, 12454.000000, 239872, 1052672, 120000
malloc, 64, 12419.000000, 239936, 1052672, 120032
malloc, 64, 12439.000000, 240000, 1052672, 120064
malloc, 64, 15960.000000, 240064, 1052672, 120096
malloc, 64, 12495.000000, 240128, 1052672, 120128
malloc, 64, 12478.000000, 240192, 1052672, 120160
malloc, 64, 13791.000000, 240256, 1052672, 120192
malloc, 64, 12832.000000, 240320, 1052672, 120224
malloc, 64, 12464.000000, 240384, 1052672, 120256
malloc, 64, 12401.000000, 240448, 1052672, 120288
malloc, 64, 12496.000000, 240512, 1052672, 120320
malloc, 64, 12450.000000, 240576, 1052672, 120352
malloc, 64, 12413.000000, 240640, 1052672, 120384
malloc, 64, 12363.000000, 240704, 1052672, 120416
malloc, 64, 12535.000000, 240768, 1052672, 120448
malloc, 64, 12464.000000, 240832, 1052672, 120480
malloc, 64, 12584.000000, 240896, 1052672, 120512
malloc, 64, 12464.000000, 240960, 1052672, 120544
malloc, 64, 12354.000000, 241024, 1052672, 120576
malloc, 64, 12567.000000, 241088, 1052672, 120608
malloc, 64, 12518.000000, 241152, 1052672, 120640
malloc, 64, 12603.000000, 241216, 1052672, 120672
malloc, 64, 12490.000000, 241280, 1052672, 120704
malloc, 64, 12517.000000, 241344, 1052672, 120736
malloc, 64, 12477.000000, 241408, 1052672, 120768
malloc, 64, 12427.000000, 241472, 1052672, 120800
malloc, 64, 12539.000000, 241536, 1052672, 120832
malloc, 64, 12537.000000, 241600, 1052672, 120864
malloc, 64, 12529.000000, 241664, 1052672, 120896
malloc, 64, 12539.000000, 241728, 1052672, 120928
malloc, 64, 12553.000000, 241792, 1052672, 120960
malloc, 64, 12553.000000, 241856, 1052672, 120992
malloc, 64, 12531.000000, 241920, 1052672, 121024
malloc, 64, 12865.000000, 241984, 1052672, 121056
malloc, 64, 13276.000000, 242048, 1052672, 121088
malloc, 64, 14579.000000, 242112, 1052672, 121120
malloc, 64, 12726.000000, 242176, 1052672, 121152
malloc, 64, 12651.000000, 242240, 1052672, 121184
malloc, 64, 12511.000000, 242304, 1052672, 121216
malloc, 64, 12573.000000, 242368, 1052672, 121248
malloc, 64, 12555.000000, 242432, 1052672, 121280
malloc, 64, 12570.000000, 242496, 1052672, 121312
malloc, 64, 12541.000000, 242560, 1052672, 121344
malloc, 64, 12562.000000, 242624, 1052672, 121376
malloc, 64, 12574.000000, 242688, 1052672, 121408
malloc, 64, 12566.000000, 242752, 1052672, 121440
malloc, 64, 12477.000000, 242816, 1052672, 121472
malloc, 64, 12541.000000, 242880, 1052672, 121504
malloc, 64, 12612.000000, 242944, 1052672, 121536
malloc, 64, 14261.000000, 243008, 1052672, 121568
malloc, 64, 12934.000000, 243072, 1052672, 121600
malloc, 64, 12572.000000, 243136, 1052672, 121632
malloc, 64, 12640.000000, 243200, 1052672, 121664
malloc, 64, 12576.000000, 243264, 1052672, 121696
malloc, 64, 12656.000000, 243328, 1052672, 121728
malloc, 64, 12591.000000, 243392, 1052672, 121760
malloc, 64, 12734.000000, 243456, 1052672, 121792
malloc, 64, 12639.000000, 243520, 1052672, 121824
malloc, 64, 12643.000000, 243584, 1052672, 121856
malloc, 64, 12676.000000, 243648, 1052672, 121888
malloc, 64, 12614.000000, 243712, 1052672, 121920
malloc, 64, 12639.000000, 243776, 1052672, 121952
malloc, 64, 12728.000000, 243840, 1052672, 121984
malloc, 64, 12663.000000, 243904, 1052672, 122016
malloc, 64, 12637.000000, 243968, 1052672, 122048
malloc, 64, 12646.000000, 244032, 1052672, 122080
malloc, 64, 12769.000000, 244096, 1052672, 122112
malloc, 64, 12673.000000, 244160, 1052672, 122144
malloc, 64, 12667.000000, 244224, 1052672, 122176
malloc, 64, 12756.000000, 244288, 1052672, 122208
malloc, 64, 12541.000000, 244352, 1052672, 122240
malloc, 64, 12529.000000, 244416, 1052672, 122272
malloc, 64, 12666.000000, 244480, 1052672, 122304
malloc, 64, 12597.000000, 244544, 1052672, 122336
malloc, 64, 12533.000000, 244608, 1052672, 122368
malloc, 64, 12630.000000, 244672, 1052672, 122400
malloc, 64, 12746.000000, 244736, 1052672, 122432
malloc, 64, 16304.000000, 244800, 1052672, 122464
malloc, 64, 13697.000000, 244864, 1052672, 122496
malloc, 64, 12800.000000, 244928, 1052672, 122528
malloc, 64, 12683.000000, 244992, 1052672, 122560
malloc, 64, 12693.000000, 245056, 1052672, 122592
malloc, 64, 12615.000000, 245120, 1052672, 122624
malloc, 64, 12761.000000, 245184, 1052672, 122656
malloc, 64, 12718.000000, 245248, 1052672, 122688
malloc, 64, 12763.000000, 245312, 1052672, 122720
malloc, 64, 13646.000000, 245376, 1052672, 122752
malloc, 64, 12976.000000, 245440, 1052672, 122784
malloc, 64, 12777.000000, 245504, 1052672, 122816
malloc, 64, 12855.000000, 245568, 1052672, 122848
malloc, 64, 13693.000000, 245632, 1052672, 122880
malloc, 64, 13621.000000, 245696, 1052672, 122912
malloc, 64, 15696.000000, 245760, 1052672, 122944
malloc, 64, 13123.000000, 245824, 1052672, 122976
malloc, 64, 12778.000000, 245888, 1052672, 123008
malloc, 64, 12774.000000, 245952, 1052672, 123040
malloc, 64, 12811.000000, 246016, 1052672, 123072
malloc, 64, 12882.000000, 246080, 1052672, 123104
malloc, 64, 12808.000000, 246144, 1052672, 123136
malloc, 64, 12842.000000, 246208, 1052672, 123168
malloc, 64, 12892.000000, 246272, 1052672, 123200
malloc, 64, 12937.000000, 246336, 1052672, 123232
malloc, 64, 12874.000000, 246400, 1052672, 123264
malloc, 64, 12786.000000, 246464, 1052672, 123296
malloc, 64, 12922.000000, 246528, 1052672, 123328
malloc, 64, 12885.000000, 246592, 1052672, 123360
malloc, 64, 12895.000000, 246656, 1052672, 123392
malloc, 64, 12884.000000, 246720, 1052672, 123424
malloc, 64, 12899.000000, 246784, 1052672, 123456
malloc, 64, 12867.000000, 246848, 1052672, 123488
malloc, 64, 12757.000000, 246912, 1052672, 123520
malloc, 64, 12787.000000, 246976, 1052672, 123552
malloc, 64, 12772.000000, 247040, 1052672, 123584
malloc, 64, 12929.000000, 247104, 1052672, 123616
malloc, 64, 12790.000000, 247168, 1052672, 123648
malloc, 64, 12801.000000, 247232, 1052672, 123680
malloc, 64, 13002.000000, 247296, 1052672, 123712
malloc, 64, 13393.000000, 247360, 1052672, 123744
malloc, 64, 13957.000000, 247424, 1052672, 123776
malloc, 64, 12783.000000, 247488, 1052672, 123808
malloc, 64, 12824.000000, 247552, 1052672, 123840
malloc, 64, 12949.000000, 247616, 1052672, 123872
malloc, 64, 12839.000000, 247680, 1052672, 123904
malloc, 64, 12940.000000, 247744, 1052672, 123936
malloc, 64, 12814.000000, 247808, 1052672, 123968
malloc, 64, 13322.000000, 247872, 1052672, 124000
malloc, 64, 13395.000000, 247936, 1052672, 124032
malloc, 64, 12854.000000, 248000, 1052672, 124064
malloc, 64, 12690.000000, 248064, 1052672, 124096
malloc, 64, 12856.000000, 248128, 1052672, 124128
malloc, 64, 13994.000000, 248192, 1052672, 124160
malloc, 64, 12957.000000, 248256, 1052672, 124192
malloc, 64, 12913.000000, 248320, 1052672, 124224
malloc, 64, 12913.000000, 248384, 1052672, 124256
malloc, 64, 14370.000000, 248448, 1052672, 124288
malloc, 64, 13347.000000, 248512, 1052672, 124320
malloc, 64, 12868.000000, 248576, 1052672, 124352
malloc, 64, 13033.000000, 248640, 1052672, 124384
malloc, 64, 12862.000000, 248704, 1052672, 124416
malloc, 64, 12975.000000, 248768, 1052672, 124448
malloc, 64, 12955.000000, 248832, 1052672, 124480
malloc, 64, 12972.000000, 248896, 1052672, 124512
malloc, 64, 12984.000000, 248960, 1052672, 124544
malloc, 64, 12932.000000, 249024, 1052672, 124576
malloc, 64, 12967.000000, 249088, 1052672, 124608
malloc, 64, 12986.000000, 249152, 1052672, 124640
malloc, 64, 13012.000000, 249216, 1052672, 124672
malloc, 64, 12953.000000, 249280, 1052672, 124704
malloc, 64, 12998.000000, 249344, 1052672, 124736
malloc, 64, 12958.000000, 249408, 1052672, 124768
malloc, 64, 13803.000000, 249472, 1052672, 124800
malloc, 64, 13348.000000, 249536, 1052672, 124832
malloc, 64, 12968.000000, 249600, 1052672, 124864
malloc, 64, 13087.000000, 249664, 1052672, 124896
malloc, 64, 13022.000000, 249728, 1052672, 124928
malloc, 64, 13041.000000, 249792, 1052672, 124960
malloc, 64, 12989.000000, 249856, 1052672, 124992
malloc, 64, 13086.000000, 249920, 1052672, 125024
malloc, 64, 13034.000000, 249984, 1052672, 125056
malloc, 64, 13012.000000, 250048, 1052672, 125088
malloc, 64, 13110.000000, 250112, 1052672, 125120
malloc, 64, 13024.000000, 250176, 1052672, 125152
malloc, 64, 13065.000000, 250240, 1052672, 125184
malloc, 64, 12977.000000, 250304, 1052672, 125216
malloc, 64, 12980.000000, 250368, 1052672, 125248
malloc, 64, 13022.000000, 250432, 1052672, 125280
malloc, 64, 12913.000000, 250496, 1052672, 125312
malloc, 64, 12998.000000, 250560, 1052672, 125344
malloc, 64, 12987.000000, 250624, 1052672, 125376
malloc, 64, 13062.000000, 250688, 1052672, 125408
malloc, 64, 12911.000000, 250752, 1052672, 125440
malloc, 64, 12946.000000, 250816, 1052672, 125472
malloc, 64, 13035.000000, 250880, 1052672, 125504
malloc, 64, 12823.000000, 250944, 1052672, 125536
malloc, 64, 13044.000000, 251008, 1052672, 125568
malloc, 64, 13091.000000, 251072, 1052672, 125600
malloc, 64, 13061.000000, 251136, 1052672, 125632
malloc, 64, 14339.000000, 251200, 1052672, 125664
malloc, 64, 13347.000000, 251264, 1052672, 125696
malloc, 64, 13063.000000, 251328, 1052672, 125728
malloc, 64, 12983.000000, 251392, 1052672, 125760
malloc, 64, 13034.000000, 251456, 1052672, 125792
malloc, 64, 13072.000000, 251520, 1052672, 125824
malloc, 64, 13091.000000, 251584, 1052672, 125856
malloc, 64, 13011.000000, 251648, 1052672, 125888
malloc, 64, 13050.000000, 251712, 1052672, 125920
malloc, 64, 13127.000000, 251776, 1052672, 125952
malloc, 64, 12892.000000, 251840, 1052672, 125984
malloc, 64, 13155.000000, 251904, 1052672, 126016
malloc, 64, 13074.000000, 251968, 1052672, 126048
malloc, 64, 13062.000000, 252032, 1052672, 126080
malloc, 64, 13152.000000, 252096, 1052672, 126112
malloc, 64, 12921.000000, 252160, 1052672, 126144
malloc, 64, 13026.000000, 252224, 1052672, 126176
malloc, 64, 13016.000000, 252288, 1052672, 126208
malloc, 64, 13135.000000, 252352, 1052672, 126240
malloc, 64, 13127.000000, 252416, 1052672, 126272
malloc, 64, 13322.000000, 252480, 1052672, 126304
malloc, 64, 14196.000000, 252544, 1052672, 126336
malloc, 64, 14488.000000, 252608, 1052672, 126368
malloc, 64, 13291.000000, 252672, 1052672, 126400
malloc, 64, 13221.000000, 252736, 1052672, 126432
malloc, 64, 13155.000000, 252800, 1052672, 126464
malloc, 64, 13083.000000, 252864, 1052672, 126496
malloc, 64, 13149.000000, 252928, 1052672, 126528
malloc, 64, 13072.000000, 252992, 1052672, 126560
malloc, 64, 13275.000000, 253056, 1052672, 126592
malloc, 64, 13051.000000, 253120, 1052672, 126624
malloc, 64, 13036.000000, 253184, 1052672, 126656
malloc, 64, 13177.000000, 253248, 1052672, 126688
malloc, 64, 13053.000000, 253312, 1052672, 126720
malloc, 64, 13225.000000, 253376, 1052672, 126752
malloc, 64, 13174.000000, 253440, 1052672, 126784
malloc, 64, 13222.000000, 253504, 1052672, 126816
malloc, 64, 13242.000000, 253568, 1052672, 126848
malloc, 64, 13160.000000, 253632, 1052672, 126880
malloc, 64, 13158.000000, 253696, 1052672, 126912
malloc, 64, 13178.000000, 253760, 1052672, 126944
malloc, 64, 13110.000000, 253824, 1052672, 126976
malloc, 64, 13182.000000, 253888, 1052672, 127008
malloc, 64, 14887.000000, 253952, 1052672, 127040
malloc, 64, 13611.000000, 254016, 1052672, 127072
malloc, 64, 13243.000000, 254080, 1052672, 127104
malloc, 64, 16620.000000, 254144, 1052672, 127136
malloc, 64, 13295.000000, 254208, 1052672, 127168
malloc, 64, 13194.000000, 254272, 1052672, 127200
malloc, 64, 13203.000000, 254336, 1052672, 127232
malloc, 64, 13203.000000, 254400, 1052672, 127264
malloc, 64, 13282.000000, 254464, 1052672, 127296
malloc, 64, 13292.000000, 254528, 1052672, 127328
malloc, 64, 14175.000000, 254592, 1052672, 127360
malloc, 64, 13282.000000, 254656, 1052672, 127392
malloc, 64, 13308.000000, 254720, 1052672, 127424
malloc, 64, 13200.000000, 254784, 1052672, 127456
malloc, 64, 13626.000000, 254848, 1052672, 127488
malloc, 64, 14363.000000, 254912, 1052672, 127520
malloc, 64, 13234.000000, 254976, 1052672, 127552
malloc, 64, 13312.000000, 255040, 1052672, 127584
malloc, 64, 14167.000000, 255104, 1052672, 127616
malloc, 64, 13352.000000, 255168, 1052672, 127648
malloc, 64, 13346.000000, 255232, 1052672, 127680
malloc, 64, 13402.000000, 255296, 1052672, 127712
malloc, 64, 13272.000000, 255360, 1052672, 127744
malloc, 64, 13368.000000, 255424, 1052672, 127776
malloc, 64, 13338.000000, 255488, 1052672, 127808
malloc, 64, 13356.000000, 255552, 1052672, 127840
malloc, 64, 13250.000000, 255616, 1052672, 127872
malloc, 64, 13293.000000, 255680, 1052672, 127904
malloc, 64, 13353.000000, 255744, 1052672, 127936
malloc, 64, 13833.000000, 255808, 1052672, 127968
malloc, 64, 14751.000000, 255872, 1052672, 128000
malloc, 64, 13197.000000, 255936, 1052672, 128032
malloc, 64, 13298.000000, 256000, 1052672, 128064
free, 64, 190.000000, 255936, 1052672, 128064
free, 64, 38.000000, 255872, 1052672, 128064
free, 64, 20.000000, 255808, 1052672, 128064
free, 64, 81.000000, 255744, 1052672, 128064
free, 64, 21.000000, 255680, 1052672, 128064
free, 64, 20.000000, 255616, 1052672, 128064
free, 64, 20.000000, 255552, 1052672, 128064
free, 64, 22.000000, 255488, 1052672, 128064
free, 64, 21.000000, 255424, 1052672, 128064
free, 64, 20.000000, 255360, 1052672, 128064
free, 64, 22.000000, 255296, 1052672, 128064
free, 64, 23.000000, 255232, 1052672, 128064
free, 64, 21.000000, 255168, 1052672, 128064
free, 64, 19.000000, 255104, 1052672, 128064
free, 64, 20.000000, 255040, 1052672, 128064
free, 64, 21.000000, 254976, 1052672, 128064
free, 64, 19.000000, 254912, 1052672, 128064
free, 64, 20.000000, 254848, 1052672, 128064
free, 64, 21.000000, 254784, 1052672, 128064
free, 64, 22.000000, 254720, 1052672, 128064
free, 64, 22.000000, 254656, 1052672, 128064
free, 64, 49.000000, 254592, 1052672, 128064
free, 64, 28.000000, 254528, 1052672, 128064
free, 64, 21.000000, 254464, 1052672, 128064
free, 64, 20.000000, 254400, 1052672, 128064
free, 64, 19.000000, 254336, 1052672, 128064
free, 64, 21.000000, 254272, 1052672, 128064
free, 64, 22.000000, 254208, 1052672, 128064
free, 64, 19.000000, 254144, 1052672, 128064
free, 64, 20.000000, 254080, 1052672, 128064
free, 64, 21.000000, 254016, 1052672, 128064
free, 64, 22.000000, 253952, 1052672, 128064
free, 64, 19.000000, 253888, 1052672, 128064
free, 64, 21.000000, 253824, 1052672, 128064
free, 64, 21.000000, 253760, 1052672, 128064
free, 64, 22.000000, 253696, 1052672, 128064
free, 64, 20.000000, 253632, 1052672, 128064
free, 64, 20.000000, 253568, 1052672, 128064
free, 64, 19.000000, 253504, 1052672, 128064
free, 64, 22.000000, 253440, 1052672, 128064
free, 64, 20.000000, 253376, 1052672, 128064
free, 64, 19.000000, 253312, 1052672, 128064
free, 64, 27.000000, 253248, 1052672, 128064
free, 64, 21.000000, 253184, 1052672, 128064
free, 64, 20.000000, 253120, 1052672, 128064
free, 64, 20.000000, 253056, 1052672, 128064
free, 64, 20.000000, 252992, 1052672, 128064
free, 64, 23.000000, 252928, 1052672, 128064
free, 64, 21.000000, 252864, 1052672, 128064
free, 64, 21.000000, 252800, 1052672, 128064
free, 64, 20.000000, 252736, 1052672, 128064
free, 64, 22.000000, 252672, 1052672, 128064
free, 64, 20.000000, 252608, 1052672, 128064
free, 64, 20.000000, 252544, 1052672, 128064
free, 64, 19.000000, 252480, 1052672, 128064
free, 64, 20.000000, 252416, 1052672, 128064
free, 64, 21.000000, 252352, 1052672, 128064
free, 64, 21.000000, 252288, 1052672, 128064
free, 64, 20.000000, 252224, 1052672, 128064
free, 64, 28.000000, 252160, 1052672, 128064
free, 64, 28.000000, 252096, 1052672, 128064
free, 64, 20.000000, 252032, 1052672, 128064
free, 64, 21.000000, 251968, 1052672, 128064
free, 64, 22.000000, 251904, 1052672, 128064
free, 64, 30.000000, 251840, 1052672, 128064
free, 64, 23.000000, 251776, 1052672, 128064
free, 64, 23.000000, 251712, 1052672, 128064
free, 64, 24.000000, 251648, 1052672, 128064
free, 64, 22.000000, 251584, 1052672, 128064
free, 64, 21.000000, 251520, 1052672, 128064
free, 64, 21.000000, 251456, 1052672, 128064
free, 64, 24.000000, 251392, 1052672, 128064
free, 64, 22.000000, 251328, 1052672, 128064
free, 64, 22.000000, 251264, 1052672, 128064
free, 64, 22.000000, 251200, 1052672, 128064
free, 64, 24.000000, 251136, 1052672, 128064
free, 64, 23.000000, 251072, 1052672, 128064
free, 64, 21.000000, 251008, 1052672, 128064
free, 64, 22.000000, 250944, 1052672, 128064
free, 64, 24.000000, 250880, 1052672, 128064
free, 64, 23.000000, 250816, 1052672, 128064
free, 64, 22.000000, 250752, 1052672, 128064
free, 64, 21.000000, 250688, 1052672, 128064
free, 64, 23.000000, 250624, 1052672, 128064
free, 64, 22.000000, 250560, 1052672, 128064
free, 64, 30.000000, 250496, 1052672, 128064
free, 64, 20.000000, 250432, 1052672, 128064
free, 64, 22.000000, 250368, 1052672, 128064
free, 64, 20.000000, 250304, 1052672, 128064
free, 64, 20.000000, 250240, 1052672, 128064
free, 64, 20.000000, 250176, 1052672, 128064
free, 64, 22.000000, 250112, 1052672, 128064
free, 64, 20.000000, 250048, 1052672, 128064
free, 64, 21.000000, 249984, 1052672, 128064
free, 64, 20.000000, 249920, 1052672, 128064
free, 64, 22.000000, 249856, 1052672, 128064
free, 64, 20.000000, 249792, 1052672, 128064
free, 64, 20.000000, 249728, 1052672, 128064
free, 64, 20.000000, 249664, 1052672, 128064
free, 64, 22.000000, 249600, 1052672, 128064
free, 64, 20.000000, 249536, 1052672, 128064
free, 64, 22.000000, 249472, 1052672, 128064
free, 64, 21.000000, 249408, 1052672, 128064
free, 64, 22.000000, 249344, 1052672, 128064
free, 64, 21.000000, 249280, 1052672, 128064
free, 64, 21.000000, 249216, 1052672, 128064
free, 64, 30.000000, 249152, 1052672, 128064
free, 64, 23.000000, 249088, 1052672, 128064
free, 64, 21.000000, 249024, 1052672, 128064
free, 64, 21.000000, 248960, 1052672, 128064
free, 64, 20.000000, 248896, 1052672, 128064
free, 64, 22.000000, 248832, 1052672, 128064
free, 64, 20.000000, 248768, 1052672, 128064
free, 64, 21.000000, 248704, 1052672, 128064
free, 64, 21.000000, 248640, 1052672, 128064
free, 64, 22.000000, 248576, 1052672, 128064
free, 64, 20.000000, 248512, 1052672, 128064
free, 64, 21.000000, 248448, 1052672, 128064
free, 64, 19.000000, 248384, 1052672, 128064
free, 64, 33.000000, 248320, 1052672, 128064
free, 64, 20.000000, 248256, 1052672, 128064
free, 64, 20.000000, 248192, 1052672, 128064
free, 64, 20.000000, 248128, 1052672, 128064
free, 64, 26.000000, 248064, 1052672, 128064
free, 64, 22.000000, 248000, 1052672, 128064
free, 64, 20.000000, 247936, 1052672, 128064
free, 64, 21.000000, 247872, 1052672, 128064
free, 64, 21.000000, 247808, 1052672, 128064
free, 64, 23.000000, 247744, 1052672, 128064
free, 64, 25.000000, 247680, 1052672, 128064
free, 64, 19.000000, 247616, 1052672, 128064
free, 64, 23.000000, 247552, 1052672, 128064
free, 64, 22.000000, 247488, 1052672, 128064
free, 64, 20.000000, 247424, 1052672, 128064
free, 64, 21.000000, 247360, 1052672, 128064
free, 64, 22.000000, 247296, 1052672, 128064
free, 64, 22.000000, 247232, 1052672, 128064
free, 64, 20.000000, 247168, 1052672, 128064
free, 64, 20.000000, 247104, 1052672, 128064
free, 64, 22.000000, 247040, 1052672, 128064
free, 64, 21.000000, 246976, 1052672, 128064
free, 64, 21.000000, 246912, 1052672, 128064
free, 64, 21.000000, 246848, 1052672, 128064
free, 64, 21.000000, 246784, 1052672, 128064
free, 64, 21.000000, 246720, 1052672, 128064
free, 64, 20.000000, 246656, 1052672, 128064
free, 64, 21.000000, 246592, 1052672, 128064
free, 64, 22.000000, 246528, 1052672, 128064
free, 64, 22.000000, 246464, 1052672, 128064
free, 64, 29.000000, 246400, 1052672, 128064
free, 64, 21.000000, 246336, 1052672, 128064
free, 64, 22.000000, 246272, 1052672, 128064
free, 64, 22.000000, 246208, 1052672, 128064
free, 64, 22.000000, 246144, 1052672, 128064
free, 64, 20.000000, 246080, 1052672, 128064
free, 64, 22.000000, 246016, 1052672, 128064
free, 64, 22.000000, 245952, 1052672, 128064
free, 64, 20.000000, 245888, 1052672, 128064
free, 64, 21.000000, 245824, 1052672, 128064
free, 64, 22.000000, 245760, 1052672, 128064
free, 64, 21.000000, 245696, 1052672, 128064
free, 64, 20.000000, 245632, 1052672, 128064
free, 64, 21.000000, 245568, 1052672, 128064
free, 64, 22.000000, 245504, 1052672, 128064
free, 64, 22.000000, 245440, 1052672, 128064
free, 64, 22.000000, 245376, 1052672, 128064
free, 64, 18.000000, 245312, 1052672, 128064
free, 64, 21.000000, 245248, 1052672, 128064
free, 64, 20.000000, 245184, 1052672, 128064
free, 64, 21.000000, 245120, 1052672, 128064
free, 64, 30.000000, 245056, 1052672, 128064
free, 64, 21.000000, 244992, 1052672, 128064
free, 64, 22.000000, 244928, 1052672, 128064
free, 64, 20.000000, 244864, 1052672, 128064
free, 64, 19.000000, 244800, 1052672, 128064
free, 64, 22.000000, 244736, 1052672, 128064
free, 64, 21.000000, 244672, 1052672, 128064
free, 64, 20.000000, 244608, 1052672, 128064
free, 64, 20.000000, 244544, 1052672, 128064
free, 64, 22.000000, 244480, 1052672, 128064
free, 64, 22.000000, 244416, 1052672, 128064
free, 64, 22.000000, 244352, 1052672, 128064
free, 64, 19.000000, 244288, 1052672, 128064
free, 64, 22.000000, 244224, 1052672, 128064
free, 64, 27.000000, 244160, 1052672, 128064
free, 64, 25.000000, 244096, 1052672, 128064
free, 64, 21.000000, 244032, 1052672, 128064
free, 64, 22.000000, 243968, 1052672, 128064
free, 64, 20.000000, 243904, 1052672, 128064
free, 64, 21.000000, 243840, 1052672, 128064
free, 64, 17.000000, 243776, 1052672, 128064
free, 64, 22.000000, 243712, 1052672, 128064
free, 64, 29.000000, 243648, 1052672, 128064
free, 64, 20.000000, 243584, 1052672, 128064
free, 64, 20.000000, 243520, 1052672, 128064
free, 64, 22.000000, 243456, 1052672, 128064
free, 64, 21.000000, 243392, 1052672, 128064
free, 64, 20.000000, 243328, 1052672, 128064
free, 64, 20.000000, 243264, 1052672, 128064
free, 64, 22.000000, 243200, 1052672, 128064
free, 64, 19.000000, 243136, 1052672, 128064
free, 64, 21.000000, 243072, 1052672, 128064
free, 64, 21.000000, 243008, 1052672, 128064
free, 64, 22.000000, 242944, 1052672, 128064
free, 64, 20.000000, 242880, 1052672, 128064
free, 64, 21.000000, 242816, 1052672, 128064
free, 64, 21.000000, 242752, 1052672, 128064
free, 64, 27.000000, 242688, 1052672, 128064
free, 64, 21.000000, 242624, 1052672, 128064
free, 64, 19.000000, 242560, 1052672, 128064
free, 64, 20.000000, 242496, 1052672, 128064
free, 64, 95.000000, 242432, 1052672, 128064
free, 64, 20.000000, 242368, 1052672, 128064
free, 64, 33.000000, 242304, 1052672, 128064
free, 64, 29.000000, 242240, 1052672, 128064
free, 64, 22.000000, 242176, 1052672, 128064
free, 64, 20.000000, 242112, 1052672, 128064
free, 64, 20.000000, 242048, 1052672, 128064
free, 64, 21.000000, 241984, 1052672, 128064
free, 64, 22.000000, 241920, 1052672, 128064
free, 64, 19.000000, 241856, 1052672, 128064
free, 64, 19.000000, 241792, 1052672, 128064
free, 64, 19.000000, 241728, 1052672, 128064
free, 64, 22.000000, 241664, 1052672, 128064
free, 64, 20.000000, 241600, 1052672, 128064
free, 64, 20.000000, 241536, 1052672, 128064
free, 64, 21.000000, 241472, 1052672, 128064
free, 64, 23.000000, 241408, 1052672, 128064
free, 64, 22.000000, 241344, 1052672, 128064
free, 64, 23.000000, 241280, 1052672, 128064
free, 64, 34.000000, 241216, 1052672, 128064
free, 64, 24.000000, 241152, 1052672, 128064
free, 64, 21.000000, 241088, 1052672, 128064
free, 64, 20.000000, 241024, 1052672, 128064
free, 64, 30.000000, 240960, 1052672, 128064
free, 64, 29.000000, 240896, 1052672, 128064
free, 64, 21.000000, 240832, 1052672, 128064
free, 64, 20.000000, 240768, 1052672, 128064
free, 64, 21.000000, 240704, 1052672, 128064
free, 64, 23.000000, 240640, 1052672, 128064
free, 64, 22.000000, 240576, 1052672, 128064
free, 64, 19.000000, 240512, 1052672, 128064
free, 64, 20.000000, 240448, 1052672, 128064
free, 64, 22.000000, 240384, 1052672, 128064
free, 64, 19.000000, 240320, 1052672, 128064
free, 64, 21.000000, 240256, 1052672, 128064
free, 64, 20.000000, 240192, 1052672, 128064
free, 64, 21.000000, 240128, 1052672, 128064
free, 64, 21.000000, 240064, 1052672, 128064
free, 64, 25.000000, 240000, 1052672, 128064
free, 64, 20.000000, 239936, 1052672, 128064
free, 64, 22.000000, 239872, 1052672, 128064
free, 64, 20.000000, 239808, 1052672, 128064
free, 64, 22.000000, 239744, 1052672, 128064
free, 64, 20.000000, 239680, 1052672, 128064
free, 64, 21.000000, 239616, 1052672, 128064
free, 64, 26.000000, 239552, 1052672, 128064
free, 64, 21.000000, 239488, 1052672, 128064
free, 64, 20.000000, 239424, 1052672, 128064
free, 64, 22.000000, 239360, 1052672, 128064
free, 64, 21.000000, 239296, 1052672, 128064
free, 64, 21.000000, 239232, 1052672, 128064
free, 64, 21.000000, 239168, 1052672, 128064
free, 64, 22.000000, 239104, 1052672, 128064
free, 64, 21.000000, 239040, 1052672, 128064
free, 64, 20.000000, 238976, 1052672, 128064
free, 64, 21.000000, 238912, 1052672, 128064
free, 64, 23.000000, 238848, 1052672, 128064
free, 64, 20.000000, 238784, 1052672, 128064
free, 64, 20.000000, 238720, 1052672, 128064
free, 64, 22.000000, 238656, 1052672, 128064
free, 64, 23.000000, 238592, 1052672, 128064
free, 64, 19.000000, 238528, 1052672, 128064
free, 64, 22.000000, 238464, 1052672, 128064
free, 64, 20.000000, 238400, 1052672, 128064
free, 64, 22.000000, 238336, 1052672, 128064
free, 64, 21.000000, 238272, 1052672, 128064
free, 64, 29.000000, 238208, 1052672, 128064
free, 64, 25.000000, 238144, 1052672, 128064
free, 64, 21.000000, 238080, 1052672, 128064
free, 64, 22.000000, 238016, 1052672, 128064
free, 64, 20.000000, 237952, 1052672, 128064
free, 64, 21.000000, 237888, 1052672, 128064
free, 64, 23.000000, 237824, 1052672, 128064
free, 64, 21.000000, 237760, 1052672, 128064
free, 64, 19.000000, 237696, 1052672, 128064
free, 64, 21.000000, 237632, 1052672, 128064
free, 64, 22.000000, 237568, 1052672, 128064
free, 64, 20.000000, 237504, 1052672, 128064
free, 64, 20.000000, 237440, 1052672, 128064
free, 64, 21.000000, 237376, 1052672, 128064
free, 64, 21.000000, 237312, 1052672, 128064
free, 64, 20.000000, 237248, 1052672, 128064
free, 64, 21.000000, 237184, 1052672, 128064
free, 64, 20.000000, 237120, 1052672, 128064
free, 64, 22.000000, 237056, 1052672, 128064
free, 64, 20.000000, 236992, 1052672, 128064
free, 64, 19.000000, 236928, 1052672, 128064
free, 64, 22.000000, 236864, 1052672, 128064
free, 64, 22.000000, 236800, 1052672, 128064
free, 64, 21.000000, 236736, 1052672, 128064
free, 64, 21.000000, 236672, 1052672, 128064
free, 64, 20.000000, 236608, 1052672, 128064
free, 64, 23.000000, 236544, 1052672, 128064
free, 64, 18.000000, 236480, 1052672, 128064
free, 64, 18.000000, 236416, 1052672, 128064
free, 64, 21.000000, 236352, 1052672, 128064
free, 64, 22.000000, 236288, 1052672, 128064
free, 64, 20.000000, 236224, 1052672, 128064
free, 64, 20.000000, 236160, 1052672, 128064
free, 64, 20.000000, 236096, 1052672, 128064
free, 64, 23.000000, 236032, 1052672, 128064
free, 64, 20.000000, 235968, 1052672, 128064
free, 64, 26.000000, 235904, 1052672, 128064
free, 64, 20.000000, 235840, 1052672, 128064
free, 64, 21.000000, 235776, 1052672, 128064
free, 64, 21.000000, 235712, 1052672, 128064
free, 64, 22.000000, 235648, 1052672, 128064
free, 64, 19.000000, 235584, 1052672, 128064
free, 64, 23.000000, 235520, 1052672, 128064
free, 64, 40.000000, 235456, 1052672, 128064
free, 64, 28.000000, 235392, 1052672, 128064
free, 64, 22.000000, 235328, 1052672, 128064
free, 64, 22.000000, 235264, 1052672, 128064
free, 64, 20.000000, 235200, 1052672, 128064
free, 64, 20.000000, 235136, 1052672, 128064
free, 64, 20.000000, 235072, 1052672, 128064
free, 64, 22.000000, 235008, 1052672, 128064
free, 64, 21.000000, 234944, 1052672, 128064
free, 64, 21.000000, 234880, 1052672, 128064
free, 64, 21.000000, 234816, 1052672, 128064
free, 64, 21.000000, 234752, 1052672, 128064
free, 64, 18.000000, 234688, 1052672, 128064
free, 64, 21.000000, 234624, 1052672, 128064
free, 64, 21.000000, 234560, 1052672, 128064
free, 64, 22.000000, 234496, 1052672, 128064
free, 64, 30.000000, 234432, 1052672, 128064
free, 64, 22.000000, 234368, 1052672, 128064
free, 64, 20.000000, 234304, 1052672, 128064
free, 64, 26.000000, 234240, 1052672, 128064
free, 64, 21.000000, 234176, 1052672, 128064
free, 64, 31.000000, 234112, 1052672, 128064
free, 64, 31.000000, 234048, 1052672, 128064
free, 64, 22.000000, 233984, 1052672, 128064
free, 64, 37.000000, 233920, 1052672, 128064
free, 64, 28.000000, 233856, 1052672, 128064
free, 64, 24.000000, 233792, 1052672, 128064
free, 64, 22.000000, 233728, 1052672, 128064
free, 64, 23.000000, 233664, 1052672, 128064
free, 64, 28.000000, 233600, 1052672, 128064
free, 64, 26.000000, 233536, 1052672, 128064
free, 64, 48.000000, 233472, 1052672, 128064
free, 64, 24.000000, 233408, 1052672, 128064
free, 64, 21.000000, 233344, 1052672, 128064
free, 64, 21.000000, 233280, 1052672, 128064
free, 64, 31.000000, 233216, 1052672, 128064
free, 64, 31.000000, 233152, 1052672, 128064
free, 64, 31.000000, 233088, 1052672, 128064
free, 64, 23.000000, 233024, 1052672, 128064
free, 64, 34.000000, 232960, 1052672, 128064
free, 64, 21.000000, 232896, 1052672, 128064
free, 64, 25.000000, 232832, 1052672, 128064
free, 64, 32.000000, 232768, 1052672, 128064
free, 64, 41.000000, 232704, 1052672, 128064
free, 64, 23.000000, 232640, 1052672, 128064
free, 64, 19.000000, 232576, 1052672, 128064
free, 64, 19.000000, 232512, 1052672, 128064
free, 64, 33.000000, 232448, 1052672, 128064
free, 64, 21.000000, 232384, 1052672, 128064
free, 64, 20.000000, 232320, 1052672, 128064
free, 64, 20.000000, 232256, 1052672, 128064
free, 64, 27.000000, 232192, 1052672, 128064
free, 64, 19.000000, 232128, 1052672, 128064
free, 64, 21.000000, 232064, 1052672, 128064
free, 64, 21.000000, 232000, 1052672, 128064
free, 64, 23.000000, 231936, 1052672, 128064
free, 64, 19.000000, 231872, 1052672, 128064
free, 64, 20.000000, 231808, 1052672, 128064
free, 64, 21.000000, 231744, 1052672, 128064
free, 64, 23.000000, 231680, 1052672, 128064
free, 64, 21.000000, 231616, 1052672, 128064
free, 64, 21.000000, 231552, 1052672, 128064
free, 64, 24.000000, 231488, 1052672, 128064
free, 64, 21.000000, 231424, 1052672, 128064
free, 64, 30.000000, 231360, 1052672, 128064
free, 64, 20.000000, 231296, 1052672, 128064
free, 64, 22.000000, 231232, 1052672, 128064
free, 64, 22.000000, 231168, 1052672, 128064
free, 64, 22.000000, 231104, 1052672, 128064
free, 64, 19.000000, 231040, 1052672, 128064
free, 64, 19.000000, 230976, 1052672, 128064
free, 64, 23.000000, 230912, 1052672, 128064
free, 64, 21.000000, 230848, 1052672, 128064
free, 64, 22.000000, 230784, 1052672, 128064
free, 64, 22.000000, 230720, 1052672, 128064
free, 64, 21.000000, 230656, 1052672, 128064
free, 64, 18.000000, 230592, 1052672, 128064
free, 64, 18.000000, 230528, 1052672, 128064
free, 64, 20.000000, 230464, 1052672, 128064
free, 64, 23.000000, 230400, 1052672, 128064
free, 64, 24.000000, 230336, 1052672, 128064
free, 64, 27.000000, 230272, 1052672, 128064
free, 64, 22.000000, 230208, 1052672, 128064
free, 64, 22.000000, 230144, 1052672, 128064
free, 64, 21.000000, 230080, 1052672, 128064
free, 64, 32.000000, 230016, 1052672, 128064
free, 64, 20.000000, 229952, 1052672, 128064
free, 64, 26.000000, 229888, 1052672, 128064
free, 64, 22.000000, 229824, 1052672, 128064
free, 64, 22.000000, 229760, 1052672, 128064
free, 64, 22.000000, 229696, 1052672, 128064
free, 64, 25.000000, 229632, 1052672, 128064
free, 64, 21.000000, 229568, 1052672, 128064
free, 64, 21.000000, 229504, 1052672, 128064
free, 64, 19.000000, 229440, 1052672, 128064
free, 64, 24.000000, 229376, 1052672, 128064
free, 64, 21.000000, 229312, 1052672, 128064
free, 64, 21.000000, 229248, 1052672, 128064
free, 64, 23.000000, 229184, 1052672, 128064
free, 64, 24.000000, 229120, 1052672, 128064
free, 64, 22.000000, 229056, 1052672, 128064
free, 64, 22.000000, 228992, 1052672, 128064
free, 64, 22.000000, 228928, 1052672, 128064
free, 64, 35.000000, 228864, 1052672, 128064
free, 64, 43.000000, 228800, 1052672, 128064
free, 64, 31.000000, 228736, 1052672, 128064
free, 64, 34.000000, 228672, 1052672, 128064
free, 64, 22.000000, 228608, 1052672, 128064
free, 64, 21.000000, 228544, 1052672, 128064
free, 64, 20.000000, 228480, 1052672, 128064
free, 64, 20.000000, 228416, 1052672, 128064
free, 64, 22.000000, 228352, 1052672, 128064
free, 64, 21.000000, 228288, 1052672, 128064
free, 64, 19.000000, 228224, 1052672, 128064
free, 64, 22.000000, 228160, 1052672, 128064
free, 64, 22.000000, 228096, 1052672, 128064
free, 64, 20.000000, 228032, 1052672, 128064
free, 64, 20.000000, 227968, 1052672, 128064
free, 64, 21.000000, 227904, 1052672, 128064
free, 64, 21.000000, 227840, 1052672, 128064
free, 64, 30.000000, 227776, 1052672, 128064
free, 64, 29.000000, 227712, 1052672, 128064
free, 64, 20.000000, 227648, 1052672, 128064
free, 64, 22.000000, 227584, 1052672, 128064
free, 64, 22.000000, 227520, 1052672, 128064
free, 64, 20.000000, 227456, 1052672, 128064
free, 64, 21.000000, 227392, 1052672, 128064
free, 64, 21.000000, 227328, 1052672, 128064
free, 64, 28.000000, 227264, 1052672, 128064
free, 64, 21.000000, 227200, 1052672, 128064
free, 64, 21.000000, 227136, 1052672, 128064
free, 64, 22.000000, 227072, 1052672, 128064
free, 64, 22.000000, 227008, 1052672, 128064
free, 64, 21.000000, 226944, 1052672, 128064
free, 64, 20.000000, 226880, 1052672, 128064
free, 64, 21.000000, 226816, 1052672, 128064
free, 64, 21.000000, 226752, 1052672, 128064
free, 64, 22.000000, 226688, 1052672, 128064
free, 64, 22.000000, 226624, 1052672, 128064
free, 64, 22.000000, 226560, 1052672, 128064
free, 64, 21.000000, 226496, 1052672, 128064
free, 64, 21.000000, 226432, 1052672, 128064
free, 64, 19.000000, 226368, 1052672, 128064
free, 64, 23.000000, 226304, 1052672, 128064
free, 64, 20.000000, 226240, 1052672, 128064
free, 64, 20.000000, 226176, 1052672, 128064
free, 64, 20.000000, 226112, 1052672, 128064
free, 64, 75.000000, 226048, 1052672, 128064
free, 64, 19.000000, 225984, 1052672, 128064
free, 64, 29.000000, 225920, 1052672, 128064
free, 64, 19.000000, 225856, 1052672, 128064
free, 64, 21.000000, 225792, 1052672, 128064
free, 64, 21.000000, 225728, 1052672, 128064
free, 64, 20.000000, 225664, 1052672, 128064
free, 64, 21.000000, 225600, 1052672, 128064
free, 64, 22.000000, 225536, 1052672, 128064
free, 64, 21.000000, 225472, 1052672, 128064
free, 64, 21.000000, 225408, 1052672, 128064
free, 64, 22.000000, 225344, 1052672, 128064
free, 64, 22.000000, 225280, 1052672, 128064
free, 64, 20.000000, 225216, 1052672, 128064
free, 64, 21.000000, 225152, 1052672, 128064
free, 64, 20.000000, 225088, 1052672, 128064
free, 64, 30.000000, 225024, 1052672, 128064
free, 64, 20.000000, 224960, 1052672, 128064
free, 64, 21.000000, 224896, 1052672, 128064
free, 64, 21.000000, 224832, 1052672, 128064
free, 64, 21.000000, 224768, 1052672, 128064
free, 64, 20.000000, 224704, 1052672, 128064
free, 64, 21.000000, 224640, 1052672, 128064
free, 64, 31.000000, 224576, 1052672, 128064
free, 64, 32.000000, 224512, 1052672, 128064
free, 64, 21.000000, 224448, 1052672, 128064
free, 64, 21.000000, 224384, 1052672, 128064
free, 64, 20.000000, 224320, 1052672, 128064
free, 64, 23.000000, 224256, 1052672, 128064
free, 64, 20.000000, 224192, 1052672, 128064
free, 64, 20.000000, 224128, 1052672, 128064
free, 64, 21.000000, 224064, 1052672, 128064
free, 64, 24.000000, 224000, 1052672, 128064
free, 64, 20.000000, 223936, 1052672, 128064
free, 64, 20.000000, 223872, 1052672, 128064
free, 64, 19.000000, 223808, 1052672, 128064
free, 64, 21.000000, 223744, 1052672, 128064
free, 64, 19.000000, 223680, 1052672, 128064
free, 64, 21.000000, 223616, 1052672, 128064
free, 64, 29.000000, 223552, 1052672, 128064
free, 64, 22.000000, 223488, 1052672, 128064
free, 64, 20.000000, 223424, 1052672, 128064
free, 64, 20.000000, 223360, 1052672, 128064
free, 64, 21.000000, 223296, 1052672, 128064
free, 64, 22.000000, 223232, 1052672, 128064
free, 64, 35.000000, 223168, 1052672, 128064
free, 64, 28.000000, 223104, 1052672, 128064
free, 64, 19.000000, 223040, 1052672, 128064
free, 64, 28.000000, 222976, 1052672, 128064
free, 64, 21.000000, 222912, 1052672, 128064
free, 64, 20.000000, 222848, 1052672, 128064
free, 64, 20.000000, 222784, 1052672, 128064
free, 64, 23.000000, 222720, 1052672, 128064
free, 64, 20.000000, 222656, 1052672, 128064
free, 64, 21.000000, 222592, 1052672, 128064
free, 64, 22.000000, 222528, 1052672, 128064
free, 64, 21.000000, 222464, 1052672, 128064
free, 64, 20.000000, 222400, 1052672, 128064
free, 64, 21.000000, 222336, 1052672, 128064
free, 64, 20.000000, 222272, 1052672, 128064
free, 64, 23.000000, 222208, 1052672, 128064
free, 64, 20.000000, 222144, 1052672, 128064
free, 64, 22.000000, 222080, 1052672, 128064
free, 64, 28.000000, 222016, 1052672, 128064
free, 64, 22.000000, 221952, 1052672, 128064
free, 64, 20.000000, 221888, 1052672, 128064
free, 64, 30.000000, 221824, 1052672, 128064
free, 64, 22.000000, 221760, 1052672, 128064
free, 64, 21.000000, 221696, 1052672, 128064
free, 64, 21.000000, 221632, 1052672, 128064
free, 64, 21.000000, 221568, 1052672, 128064
free, 64, 22.000000, 221504, 1052672, 128064
free, 64, 21.000000, 221440, 1052672, 128064
free, 64, 21.000000, 221376, 1052672, 128064
free, 64, 20.000000, 221312, 1052672, 128064
free, 64, 21.000000, 221248, 1052672, 128064
free, 64, 22.000000, 221184, 1052672, 128064
free, 64, 19.000000, 221120, 1052672, 128064
free, 64, 22.000000, 221056, 1052672, 128064
free, 64, 23.000000, 220992, 1052672, 128064
free, 64, 23.000000, 220928, 1052672, 128064
free, 64, 21.000000, 220864, 1052672, 128064
free, 64, 21.000000, 220800, 1052672, 128064
free, 64, 20.000000, 220736, 1052672, 128064
free, 64, 22.000000, 220672, 1052672, 128064
free, 64, 22.000000, 220608, 1052672, 128064
free, 64, 20.000000, 220544, 1052672, 128064
free, 64, 27.000000, 220480, 1052672, 128064
free, 64, 29.000000, 220416, 1052672, 128064
free, 64, 21.000000, 220352, 1052672, 128064
free, 64, 21.000000, 220288, 1052672, 128064
free, 64, 20.000000, 220224, 1052672, 128064
free, 64, 22.000000, 220160, 1052672, 128064
free, 64, 21.000000, 220096, 1052672, 128064
free, 64, 20.000000, 220032, 1052672, 128064
free, 64, 19.000000, 219968, 1052672, 128064
free, 64, 22.000000, 219904, 1052672, 128064
free, 64, 21.000000, 219840, 1052672, 128064
free, 64, 21.000000, 219776, 1052672, 128064
free, 64, 22.000000, 219712, 1052672, 128064
free, 64, 23.000000, 219648, 1052672, 128064
free, 64, 21.000000, 219584, 1052672, 128064
free, 64, 20.000000, 219520, 1052672, 128064
free, 64, 21.000000, 219456, 1052672, 128064
free, 64, 22.000000, 219392, 1052672, 128064
free, 64, 21.000000, 219328, 1052672, 128064
free, 64, 21.000000, 219264, 1052672, 128064
free, 64, 22.000000, 219200, 1052672, 128064
free, 64, 22.000000, 219136, 1052672, 128064
free, 64, 33.000000, 219072, 1052672, 128064
free, 64, 24.000000, 219008, 1052672, 128064
free, 64, 20.000000, 218944, 1052672, 128064
free, 64, 22.000000, 218880, 1052672, 128064
free, 64, 20.000000, 218816, 1052672, 128064
free, 64, 20.000000, 218752, 1052672, 128064
free, 64, 20.000000, 218688, 1052672, 128064
free, 64, 22.000000, 218624, 1052672, 128064
free, 64, 21.000000, 218560, 1052672, 128064
free, 64, 22.000000, 218496, 1052672, 128064
free, 64, 22.000000, 218432, 1052672, 128064
free, 64, 22.000000, 218368, 1052672, 128064
free, 64, 21.000000, 218304, 1052672, 128064
free, 64, 21.000000, 218240, 1052672, 128064
free, 64, 21.000000, 218176, 1052672, 128064
free, 64, 23.000000, 218112, 1052672, 128064
free, 64, 21.000000, 218048, 1052672, 128064
free, 64, 29.000000, 217984, 1052672, 128064
free, 64, 22.000000, 217920, 1052672, 128064
free, 64, 23.000000, 217856, 1052672, 128064
free, 64, 20.000000, 217792, 1052672, 128064
free, 64, 29.000000, 217728, 1052672, 128064
free, 64, 26.000000, 217664, 1052672, 128064
free, 64, 22.000000, 217600, 1052672, 128064
free, 64, 20.000000, 217536, 1052672, 128064
free, 64, 21.000000, 217472, 1052672, 128064
free, 64, 19.000000, 217408, 1052672, 128064
free, 64, 23.000000, 217344, 1052672, 128064
free, 64, 21.000000, 217280, 1052672, 128064
free, 64, 22.000000, 217216, 1052672, 128064
free, 64, 21.000000, 217152, 1052672, 128064
free, 64, 21.000000, 217088, 1052672, 128064
free, 64, 20.000000, 217024, 1052672, 128064
free, 64, 18.000000, 216960, 1052672, 128064
free, 64, 21.000000, 216896, 1052672, 128064
free, 64, 21.000000, 216832, 1052672, 128064
free, 64, 19.000000, 216768, 1052672, 128064
free, 64, 25.000000, 216704, 1052672, 128064
free, 64, 20.000000, 216640, 1052672, 128064
free, 64, 22.000000, 216576, 1052672, 128064
free, 64, 18.000000, 216512, 1052672, 128064
free, 64, 19.000000, 216448, 1052672, 128064
free, 64, 30.000000, 216384, 1052672, 128064
free, 64, 29.000000, 216320, 1052672, 128064
free, 64, 21.000000, 216256, 1052672, 128064
free, 64, 21.000000, 216192, 1052672, 128064
free, 64, 20.000000, 216128, 1052672, 128064
free, 64, 22.000000, 216064, 1052672, 128064
free, 64, 20.000000, 216000, 1052672, 128064
free, 64, 20.000000, 215936, 1052672, 128064
free, 64, 21.000000, 215872, 1052672, 128064
free, 64, 23.000000, 215808, 1052672, 128064
free, 64, 22.000000, 215744, 1052672, 128064
free, 64, 22.000000, 215680, 1052672, 128064
free, 64, 20.000000, 215616, 1052672, 128064
free, 64, 22.000000, 215552, 1052672, 128064
free, 64, 20.000000, 215488, 1052672, 128064
free, 64, 20.000000, 215424, 1052672, 128064
free, 64, 21.000000, 215360, 1052672, 128064
free, 64, 29.000000, 215296, 1052672, 128064
free, 64, 20.000000, 215232, 1052672, 128064
free, 64, 20.000000, 215168, 1052672, 128064
free, 64, 21.000000, 215104, 1052672, 128064
free, 64, 19.000000, 215040, 1052672, 128064
free, 64, 30.000000, 214976, 1052672, 128064
free, 64, 25.000000, 214912, 1052672, 128064
free, 64, 20.000000, 214848, 1052672, 128064
free, 64, 22.000000, 214784, 1052672, 128064
free, 64, 21.000000, 214720, 1052672, 128064
free, 64, 22.000000, 214656, 1052672, 128064
free, 64, 19.000000, 214592, 1052672, 128064
free, 64, 22.000000, 214528, 1052672, 128064
free, 64, 21.000000, 214464, 1052672, 128064
free, 64, 20.000000, 214400, 1052672, 128064
free, 64, 20.000000, 214336, 1052672, 128064
free, 64, 22.000000, 214272, 1052672, 128064
free, 64, 20.000000, 214208, 1052672, 128064
free, 64, 18.000000, 214144, 1052672, 128064
free, 64, 18.000000, 214080, 1052672, 128064
free, 64, 31.000000, 214016, 1052672, 128064
free, 64, 20.000000, 213952, 1052672, 128064
free, 64, 21.000000, 213888, 1052672, 128064
free, 64, 20.000000, 213824, 1052672, 128064
free, 64, 22.000000, 213760, 1052672, 128064
free, 64, 20.000000, 213696, 1052672, 128064
free, 64, 29.000000, 213632, 1052672, 128064
free, 64, 25.000000, 213568, 1052672, 128064
free, 64, 22.000000, 213504, 1052672, 128064
free, 64, 21.000000, 213440, 1052672, 128064
free, 64, 27.000000, 213376, 1052672, 128064
free, 64, 20.000000, 213312, 1052672, 128064
free, 64, 28.000000, 213248, 1052672, 128064
free, 64, 20.000000, 213184, 1052672, 128064
free, 64, 20.000000, 213120, 1052672, 128064
free, 64, 20.000000, 213056, 1052672, 128064
free, 64, 21.000000, 212992, 1052672, 128064
free, 64, 21.000000, 212928, 1052672, 128064
free, 64, 20.000000, 212864, 1052672, 128064
free, 64, 20.000000, 212800, 1052672, 128064
free, 64, 22.000000, 212736, 1052672, 128064
free, 64, 20.000000, 212672, 1052672, 128064
free, 64, 21.000000, 212608, 1052672, 128064
free, 64, 19.000000, 212544, 1052672, 128064
free, 64, 22.000000, 212480, 1052672, 128064
free, 64, 26.000000, 212416, 1052672, 128064
free, 64, 19.000000, 212352, 1052672, 128064
free, 64, 29.000000, 212288, 1052672, 128064
free, 64, 28.000000, 212224, 1052672, 128064
free, 64, 21.000000, 212160, 1052672, 128064
free, 64, 21.000000, 212096, 1052672, 128064
free, 64, 21.000000, 212032, 1052672, 128064
free, 64, 22.000000, 211968, 1052672, 128064
free, 64, 20.000000, 211904, 1052672, 128064
free, 64, 21.000000, 211840, 1052672, 128064
free, 64, 21.000000, 211776, 1052672, 128064
free, 64, 21.000000, 211712, 1052672, 128064
free, 64, 20.000000, 211648, 1052672, 128064
free, 64, 20.000000, 211584, 1052672, 128064
free, 64, 20.000000, 211520, 1052672, 128064
free, 64, 23.000000, 211456, 1052672, 128064
free, 64, 21.000000, 211392, 1052672, 128064
free, 64, 20.000000, 211328, 1052672, 128064
free, 64, 21.000000, 211264, 1052672, 128064
free, 64, 29.000000, 211200, 1052672, 128064
free, 64, 22.000000, 211136, 1052672, 128064
free, 64, 21.000000, 211072, 1052672, 128064
free, 64, 19.000000, 211008, 1052672, 128064
free, 64, 22.000000, 210944, 1052672, 128064
free, 64, 27.000000, 210880, 1052672, 128064
free, 64, 21.000000, 210816, 1052672, 128064
free, 64, 21.000000, 210752, 1052672, 128064
free, 64, 21.000000, 210688, 1052672, 128064
free, 64, 19.000000, 210624, 1052672, 128064
free, 64, 19.000000, 210560, 1052672, 128064
free, 64, 20.000000, 210496, 1052672, 128064
free, 64, 22.000000, 210432, 1052672, 128064
free, 64, 20.000000, 210368, 1052672, 128064
free, 64, 20.000000, 210304, 1052672, 128064
free, 64, 20.000000, 210240, 1052672, 128064
free, 64, 22.000000, 210176, 1052672, 128064
free, 64, 20.000000, 210112, 1052672, 128064
free, 64, 21.000000, 210048, 1052672, 128064
free, 64, 18.000000, 209984, 1052672, 128064
free, 64, 21.000000, 209920, 1052672, 128064
free, 64, 21.000000, 209856, 1052672, 128064
free, 64, 22.000000, 209792, 1052672, 128064
free, 64, 21.000000, 209728, 1052672, 128064
free, 64, 41.000000, 209664, 1052672, 128064
free, 64, 19.000000, 209600, 1052672, 128064
free, 64, 30.000000, 209536, 1052672, 128064
free, 64, 28.000000, 209472, 1052672, 128064
free, 64, 22.000000, 209408, 1052672, 128064
free, 64, 20.000000, 209344, 1052672, 128064
free, 64, 20.000000, 209280, 1052672, 128064
free, 64, 20.000000, 209216, 1052672, 128064
free, 64, 22.000000, 209152, 1052672, 128064
free, 64, 20.000000, 209088, 1052672, 128064
free, 64, 20.000000, 209024, 1052672, 128064
free, 64, 21.000000, 208960, 1052672, 128064
free, 64, 22.000000, 208896, 1052672, 128064
free, 64, 20.000000, 208832, 1052672, 128064
free, 64, 18.000000, 208768, 1052672, 128064
free, 64, 22.000000, 208704, 1052672, 128064
free, 64, 21.000000, 208640, 1052672, 128064
free, 64, 21.000000, 208576, 1052672, 128064
free, 64, 30.000000, 208512, 1052672, 128064
free, 64, 22.000000, 208448, 1052672, 128064
free, 64, 22.000000, 208384, 1052672, 128064
free, 64, 20.000000, 208320, 1052672, 128064
free, 64, 22.000000, 208256, 1052672, 128064
free, 64, 32.000000, 208192, 1052672, 128064
free, 64, 36.000000, 208128, 1052672, 128064
free, 64, 20.000000, 208064, 1052672, 128064
free, 64, 21.000000, 208000, 1052672, 128064
free, 64, 21.000000, 207936, 1052672, 128064
free, 64, 24.000000, 207872, 1052672, 128064
free, 64, 20.000000, 207808, 1052672, 128064
free, 64, 23.000000, 207744, 1052672, 128064
free, 64, 22.000000, 207680, 1052672, 128064
free, 64, 25.000000, 207616, 1052672, 128064
free, 64, 22.000000, 207552, 1052672, 128064
free, 64, 23.000000, 207488, 1052672, 128064
free, 64, 22.000000, 207424, 1052672, 128064
free, 64, 23.000000, 207360, 1052672, 128064
free, 64, 21.000000, 207296, 1052672, 128064
free, 64, 22.000000, 207232, 1052672, 128064
free, 64, 21.000000, 207168, 1052672, 128064
free, 64, 25.000000, 207104, 1052672, 128064
free, 64, 20.000000, 207040, 1052672, 128064
free, 64, 22.000000, 206976, 1052672, 128064
free, 64, 21.000000, 206912, 1052672, 128064
free, 64, 24.000000, 206848, 1052672, 128064
free, 64, 33.000000, 206784, 1052672, 128064
free, 64, 26.000000, 206720, 1052672, 128064
free, 64, 21.000000, 206656, 1052672, 128064
free, 64, 22.000000, 206592, 1052672, 128064
free, 64, 19.000000, 206528, 1052672, 128064
free, 64, 23.000000, 206464, 1052672, 128064
free, 64, 21.000000, 206400, 1052672, 128064
free, 64, 21.000000, 206336, 1052672, 128064
free, 64, 20.000000, 206272, 1052672, 128064
free, 64, 22.000000, 206208, 1052672, 128064
free, 64, 21.000000, 206144, 1052672, 128064
free, 64, 23.000000, 206080, 1052672, 128064
free, 64, 20.000000, 206016, 1052672, 128064
free, 64, 21.000000, 205952, 1052672, 128064
free, 64, 20.000000, 205888, 1052672, 128064
free, 64, 22.000000, 205824, 1052672, 128064
free, 64, 28.000000, 205760, 1052672, 128064
free, 64, 20.000000, 205696, 1052672, 128064
free, 64, 22.000000, 205632, 1052672, 128064
free, 64, 23.000000, 205568, 1052672, 128064
free, 64, 21.000000, 205504, 1052672, 128064
free, 64, 31.000000, 205440, 1052672, 128064
free, 64, 28.000000, 205376, 1052672, 128064
free, 64, 22.000000, 205312, 1052672, 128064
free, 64, 22.000000, 205248, 1052672, 128064
free, 64, 20.000000, 205184, 1052672, 128064
free, 64, 21.000000, 205120, 1052672, 128064
free, 64, 22.000000, 205056, 1052672, 128064
free, 64, 20.000000, 204992, 1052672, 128064
free, 64, 21.000000, 204928, 1052672, 128064
free, 64, 21.000000, 204864, 1052672, 128064
free, 64, 24.000000, 204800, 1052672, 128064
free, 64, 22.000000, 204736, 1052672, 128064
free, 64, 21.000000, 204672, 1052672, 128064
free, 64, 21.000000, 204608, 1052672, 128064
free, 64, 23.000000, 204544, 1052672, 128064
free, 64, 20.000000, 204480, 1052672, 128064
free, 64, 20.000000, 204416, 1052672, 128064
free, 64, 22.000000, 204352, 1052672, 128064
free, 64, 22.000000, 204288, 1052672, 128064
free, 64, 22.000000, 204224, 1052672, 128064
free, 64, 21.000000, 204160, 1052672, 128064
free, 64, 28.000000, 204096, 1052672, 128064
free, 64, 29.000000, 204032, 1052672, 128064
free, 64, 21.000000, 203968, 1052672, 128064
free, 64, 21.000000, 203904, 1052672, 128064
free, 64, 21.000000, 203840, 1052672, 128064
free, 64, 22.000000, 203776, 1052672, 128064
free, 64, 24.000000, 203712, 1052672, 128064
free, 64, 20.000000, 203648, 1052672, 128064
free, 64, 25.000000, 203584, 1052672, 128064
free, 64, 28.000000, 203520, 1052672, 128064
free, 64, 24.000000, 203456, 1052672, 128064
free, 64, 20.000000, 203392, 1052672, 128064
free, 64, 23.000000, 203328, 1052672, 128064
free, 64, 25.000000, 203264, 1052672, 128064
free, 64, 24.000000, 203200, 1052672, 128064
free, 64, 28.000000, 203136, 1052672, 128064
free, 64, 34.000000, 203072, 1052672, 128064
free, 64, 35.000000, 203008, 1052672, 128064
free, 64, 20.000000, 202944, 1052672, 128064
free, 64, 25.000000, 202880, 1052672, 128064
free, 64, 25.000000, 202816, 1052672, 128064
free, 64, 33.000000, 202752, 1052672, 128064
free, 64, 32.000000, 202688, 1052672, 128064
free, 64, 24.000000, 202624, 1052672, 128064
free, 64, 20.000000, 202560, 1052672, 128064
free, 64, 28.000000, 202496, 1052672, 128064
free, 64, 21.000000, 202432, 1052672, 128064
free, 64, 21.000000, 202368, 1052672, 128064
free, 64, 20.000000, 202304, 1052672, 128064
free, 64, 22.000000, 202240, 1052672, 128064
free, 64, 19.000000, 202176, 1052672, 128064
free, 64, 20.000000, 202112, 1052672, 128064
free, 64, 22.000000, 202048, 1052672, 128064
free, 64, 22.000000, 201984, 1052672, 128064
free, 64, 22.000000, 201920, 1052672, 128064
free, 64, 21.000000, 201856, 1052672, 128064
free, 64, 19.000000, 201792, 1052672, 128064
free, 64, 30.000000, 201728, 1052672, 128064
free, 64, 24.000000, 201664, 1052672, 128064
free, 64, 20.000000, 201600, 1052672, 128064
free, 64, 22.000000, 201536, 1052672, 128064
free, 64, 26.000000, 201472, 1052672, 128064
free, 64, 20.000000, 201408, 1052672, 128064
free, 64, 34.000000, 201344, 1052672, 128064
free, 64, 21.000000, 201280, 1052672, 128064
free, 64, 22.000000, 201216, 1052672, 128064
free, 64, 21.000000, 201152, 1052672, 128064
free, 64, 20.000000, 201088, 1052672, 128064
free, 64, 20.000000, 201024, 1052672, 128064
free, 64, 21.000000, 200960, 1052672, 128064
free, 64, 20.000000, 200896, 1052672, 128064
free, 64, 19.000000, 200832, 1052672, 128064
free, 64, 21.000000, 200768, 1052672, 128064
free, 64, 21.000000, 200704, 1052672, 128064
free, 64, 21.000000, 200640, 1052672, 128064
free, 64, 21.000000, 200576, 1052672, 128064
free, 64, 21.000000, 200512, 1052672, 128064
free, 64, 27.000000, 200448, 1052672, 128064
free, 64, 24.000000, 200384, 1052672, 128064
free, 64, 20.000000, 200320, 1052672, 128064
free, 64, 20.000000, 200256, 1052672, 128064
free, 64, 21.000000, 200192, 1052672, 128064
free, 64, 22.000000, 200128, 1052672, 128064
free, 64, 19.000000, 200064, 1052672, 128064
free, 64, 29.000000, 200000, 1052672, 128064
free, 64, 22.000000, 199936, 1052672, 128064
free, 64, 21.000000, 199872, 1052672, 128064
free, 64, 21.000000, 199808, 1052672, 128064
free, 64, 21.000000, 199744, 1052672, 128064
free, 64, 23.000000, 199680, 1052672, 128064
free, 64, 19.000000, 199616, 1052672, 128064
free, 64, 19.000000, 199552, 1052672, 128064
free, 64, 22.000000, 199488, 1052672, 128064
free, 64, 21.000000, 199424, 1052672, 128064
free, 64, 21.000000, 199360, 1052672, 128064
free, 64, 20.000000, 199296, 1052672, 128064
free, 64, 20.000000, 199232, 1052672, 128064
free, 64, 23.000000, 199168, 1052672, 128064
free, 64, 28.000000, 199104, 1052672, 128064
free, 64, 30.000000, 199040, 1052672, 128064
free, 64, 21.000000, 198976, 1052672, 128064
free, 64, 23.000000, 198912, 1052672, 128064
free, 64, 27.000000, 198848, 1052672, 128064
free, 64, 29.000000, 198784, 1052672, 128064
free, 64, 46.000000, 198720, 1052672, 128064
free, 64, 39.000000, 198656, 1052672, 128064
free, 64, 32.000000, 198592, 1052672, 128064
free, 64, 35.000000, 198528, 1052672, 128064
free, 64, 55.000000, 198464, 1052672, 128064
free, 64, 25.000000, 198400, 1052672, 128064
free, 64, 22.000000, 198336, 1052672, 128064
free, 64, 23.000000, 198272, 1052672, 128064
free, 64, 25.000000, 198208, 1052672, 128064
free, 64, 27.000000, 198144, 1052672, 128064
free, 64, 21.000000, 198080, 1052672, 128064
free, 64, 23.000000, 198016, 1052672, 128064
free, 64, 26.000000, 197952, 1052672, 128064
free, 64, 28.000000, 197888, 1052672, 128064
free, 64, 28.000000, 197824, 1052672, 128064
free, 64, 23.000000, 197760, 1052672, 128064
free, 64, 24.000000, 197696, 1052672, 128064
free, 64, 26.000000, 197632, 1052672, 128064
free, 64, 24.000000, 197568, 1052672, 128064
free, 64, 22.000000, 197504, 1052672, 128064
free, 64, 22.000000, 197440, 1052672, 128064
free, 64, 30.000000, 197376, 1052672, 128064
free, 64, 20.000000, 197312, 1052672, 128064
free, 64, 27.000000, 197248, 1052672, 128064
free, 64, 20.000000, 197184, 1052672, 128064
free, 64, 23.000000, 197120, 1052672, 128064
free, 64, 20.000000, 197056, 1052672, 128064
free, 64, 21.000000, 196992, 1052672, 128064
free, 64, 20.000000, 196928, 1052672, 128064
free, 64, 23.000000, 196864, 1052672, 128064
free, 64, 21.000000, 196800, 1052672, 128064
free, 64, 20.000000, 196736, 1052672, 128064
free, 64, 21.000000, 196672, 1052672, 128064
free, 64, 22.000000, 196608, 1052672, 128064
free, 64, 22.000000, 196544, 1052672, 128064
free, 64, 25.000000, 196480, 1052672, 128064
free, 64, 23.000000, 196416, 1052672, 128064
free, 64, 22.000000, 196352, 1052672, 128064
free, 64, 30.000000, 196288, 1052672, 128064
free, 64, 32.000000, 196224, 1052672, 128064
free, 64, 30.000000, 196160, 1052672, 128064
free, 64, 24.000000, 196096, 1052672, 128064
free, 64, 20.000000, 196032, 1052672, 128064
free, 64, 21.000000, 195968, 1052672, 128064
free, 64, 28.000000, 195904, 1052672, 128064
free, 64, 22.000000, 195840, 1052672, 128064
free, 64, 22.000000, 195776, 1052672, 128064
free, 64, 19.000000, 195712, 1052672, 128064
free, 64, 20.000000, 195648, 1052672, 128064
free, 64, 21.000000, 195584, 1052672, 128064
free, 64, 21.000000, 195520, 1052672, 128064
free, 64, 20.000000, 195456, 1052672, 128064
free, 64, 21.000000, 195392, 1052672, 128064
free, 64, 31.000000, 195328, 1052672, 128064
free, 64, 20.000000, 195264, 1052672, 128064
free, 64, 19.000000, 195200, 1052672, 128064
free, 64, 20.000000, 195136, 1052672, 128064
free, 64, 23.000000, 195072, 1052672, 128064
free, 64, 20.000000, 195008, 1052672, 128064
free, 64, 22.000000, 194944, 1052672, 128064
free, 64, 21.000000, 194880, 1052672, 128064
free, 64, 29.000000, 194816, 1052672, 128064
free, 64, 20.000000, 194752, 1052672, 128064
free, 64, 20.000000, 194688, 1052672, 128064
free, 64, 21.000000, 194624, 1052672, 128064
free, 64, 22.000000, 194560, 1052672, 128064
free, 64, 28.000000, 194496, 1052672, 128064
free, 64, 22.000000, 194432, 1052672, 128064
free, 64, 21.000000, 194368, 1052672, 128064
free, 64, 82.000000, 194304, 1052672, 128064
free, 64, 20.000000, 194240, 1052672, 128064
free, 64, 21.000000, 194176, 1052672, 128064
free, 64, 21.000000, 194112, 1052672, 128064
free, 64, 21.000000, 194048, 1052672, 128064
free, 64, 20.000000, 193984, 1052672, 128064
free, 64, 21.000000, 193920, 1052672, 128064
free, 64, 21.000000, 193856, 1052672, 128064
free, 64, 84.000000, 193792, 1052672, 128064
free, 64, 20.000000, 193728, 1052672, 128064
free, 64, 20.000000, 193664, 1052672, 128064
free, 64, 31.000000, 193600, 1052672, 128064
free, 64, 30.000000, 193536, 1052672, 128064
free, 64, 21.000000, 193472, 1052672, 128064
free, 64, 21.000000, 193408, 1052672, 128064
free, 64, 21.000000, 193344, 1052672, 128064
free, 64, 92.000000, 193280, 1052672, 128064
free, 64, 21.000000, 193216, 1052672, 128064
free, 64, 28.000000, 193152, 1052672, 128064
free, 64, 22.000000, 193088, 1052672, 128064
free, 64, 23.000000, 193024, 1052672, 128064
free, 64, 21.000000, 192960, 1052672, 128064
free, 64, 20.000000, 192896, 1052672, 128064
free, 64, 21.000000, 192832, 1052672, 128064
free, 64, 22.000000, 192768, 1052672, 128064
free, 64, 21.000000, 192704, 1052672, 128064
free, 64, 20.000000, 192640, 1052672, 128064
free, 64, 21.000000, 192576, 1052672, 128064
free, 64, 23.000000, 192512, 1052672, 128064
free, 64, 19.000000, 192448, 1052672, 128064
free, 64, 20.000000, 192384, 1052672, 128064
free, 64, 22.000000, 192320, 1052672, 128064
free, 64, 31.000000, 192256, 1052672, 128064
free, 64, 27.000000, 192192, 1052672, 128064
free, 64, 21.000000, 192128, 1052672, 128064
free, 64, 20.000000, 192064, 1052672, 128064
free, 64, 22.000000, 192000, 1052672, 128064
free, 64, 20.000000, 191936, 1052672, 128064
free, 64, 20.000000, 191872, 1052672, 128064
free, 64, 31.000000, 191808, 1052672, 128064
free, 64, 22.000000, 191744, 1052672, 128064
free, 64, 19.000000, 191680, 1052672, 128064
free, 64, 20.000000, 191616, 1052672, 128064
free, 64, 21.000000, 191552, 1052672, 128064
free, 64, 21.000000, 191488, 1052672, 128064
free, 64, 21.000000, 191424, 1052672, 128064
free, 64, 20.000000, 191360, 1052672, 128064
free, 64, 20.000000, 191296, 1052672, 128064
free, 64, 23.000000, 191232, 1052672, 128064
free, 64, 20.000000, 191168, 1052672, 128064
free, 64, 19.000000, 191104, 1052672, 128064
free, 64, 20.000000, 191040, 1052672, 128064
free, 64, 21.000000, 190976, 1052672, 128064
free, 64, 26.000000, 190912, 1052672, 128064
free, 64, 26.000000, 190848, 1052672, 128064
free, 64, 20.000000, 190784, 1052672, 128064
free, 64, 23.000000, 190720, 1052672, 128064
free, 64, 21.000000, 190656, 1052672, 128064
free, 64, 20.000000, 190592, 1052672, 128064
free, 64, 20.000000, 190528, 1052672, 128064
free, 64, 22.000000, 190464, 1052672, 128064
free, 64, 31.000000, 190400, 1052672, 128064
free, 64, 20.000000, 190336, 1052672, 128064
free, 64, 21.000000, 190272, 1052672, 128064
free, 64, 22.000000, 190208, 1052672, 128064
free, 64, 21.000000, 190144, 1052672, 128064
free, 64, 21.000000, 190080, 1052672, 128064
free, 64, 35.000000, 190016, 1052672, 128064
free, 64, 28.000000, 189952, 1052672, 128064
free, 64, 21.000000, 189888, 1052672, 128064
free, 64, 22.000000, 189824, 1052672, 128064
free, 64, 22.000000, 189760, 1052672, 128064
free, 64, 26.000000, 189696, 1052672, 128064
free, 64, 19.000000, 189632, 1052672, 128064
free, 64, 20.000000, 189568, 1052672, 128064
free, 64, 20.000000, 189504, 1052672, 128064
free, 64, 22.000000, 189440, 1052672, 128064
free, 64, 20.000000, 189376, 1052672, 128064
free, 64, 21.000000, 189312, 1052672, 128064
free, 64, 21.000000, 189248, 1052672, 128064
free, 64, 22.000000, 189184, 1052672, 128064
free, 64, 20.000000, 189120, 1052672, 128064
free, 64, 30.000000, 189056, 1052672, 128064
free, 64, 23.000000, 188992, 1052672, 128064
free, 64, 23.000000, 188928, 1052672, 128064
free, 64, 21.000000, 188864, 1052672, 128064
free, 64, 19.000000, 188800, 1052672, 128064
free, 64, 19.000000, 188736, 1052672, 128064
free, 64, 22.000000, 188672, 1052672, 128064
free, 64, 19.000000, 188608, 1052672, 128064
free, 64, 20.000000, 188544, 1052672, 128064
free, 64, 20.000000, 188480, 1052672, 128064
free, 64, 22.000000, 188416, 1052672, 128064
free, 64, 21.000000, 188352, 1052672, 128064
free, 64, 20.000000, 188288, 1052672, 128064
free, 64, 20.000000, 188224, 1052672, 128064
free, 64, 22.000000, 188160, 1052672, 128064
free, 64, 19.000000, 188096, 1052672, 128064
free, 64, 20.000000, 188032, 1052672, 128064
free, 64, 25.000000, 187968, 1052672, 128064
free, 64, 22.000000, 187904, 1052672, 128064
free, 64, 21.000000, 187840, 1052672, 128064
free, 64, 21.000000, 187776, 1052672, 128064
free, 64, 28.000000, 187712, 1052672, 128064
free, 64, 27.000000, 187648, 1052672, 128064
free, 64, 20.000000, 187584, 1052672, 128064
free, 64, 21.000000, 187520, 1052672, 128064
free, 64, 20.000000, 187456, 1052672, 128064
free, 64, 23.000000, 187392, 1052672, 128064
free, 64, 20.000000, 187328, 1052672, 128064
free, 64, 22.000000, 187264, 1052672, 128064
free, 64, 21.000000, 187200, 1052672, 128064
free, 64, 22.000000, 187136, 1052672, 128064
free, 64, 21.000000, 187072, 1052672, 128064
free, 64, 20.000000, 187008, 1052672, 128064
free, 64, 20.000000, 186944, 1052672, 128064
free, 64, 22.000000, 186880, 1052672, 128064
free, 64, 20.000000, 186816, 1052672, 128064
free, 64, 21.000000, 186752, 1052672, 128064
free, 64, 21.000000, 186688, 1052672, 128064
free, 64, 25.000000, 186624, 1052672, 128064
free, 64, 20.000000, 186560, 1052672, 128064
free, 64, 21.000000, 186496, 1052672, 128064
free, 64, 21.000000, 186432, 1052672, 128064
free, 64, 22.000000, 186368, 1052672, 128064
free, 64, 34.000000, 186304, 1052672, 128064
free, 64, 27.000000, 186240, 1052672, 128064
free, 64, 23.000000, 186176, 1052672, 128064
free, 64, 24.000000, 186112, 1052672, 128064
free, 64, 22.000000, 186048, 1052672, 128064
free, 64, 22.000000, 185984, 1052672, 128064
free, 64, 20.000000, 185920, 1052672, 128064
free, 64, 24.000000, 185856, 1052672, 128064
free, 64, 22.000000, 185792, 1052672, 128064
free, 64, 23.000000, 185728, 1052672, 128064
free, 64, 23.000000, 185664, 1052672, 128064
free, 64, 25.000000, 185600, 1052672, 128064
free, 64, 22.000000, 185536, 1052672, 128064
free, 64, 23.000000, 185472, 1052672, 128064
free, 64, 21.000000, 185408, 1052672, 128064
free, 64, 25.000000, 185344, 1052672, 128064
free, 64, 22.000000, 185280, 1052672, 128064
free, 64, 23.000000, 185216, 1052672, 128064
free, 64, 23.000000, 185152, 1052672, 128064
free, 64, 24.000000, 185088, 1052672, 128064
free, 64, 23.000000, 185024, 1052672, 128064
free, 64, 30.000000, 184960, 1052672, 128064
free, 64, 28.000000, 184896, 1052672, 128064
free, 64, 22.000000, 184832, 1052672, 128064
free, 64, 20.000000, 184768, 1052672, 128064
free, 64, 20.000000, 184704, 1052672, 128064
free, 64, 21.000000, 184640, 1052672, 128064
free, 64, 23.000000, 184576, 1052672, 128064
free, 64, 20.000000, 184512, 1052672, 128064
free, 64, 21.000000, 184448, 1052672, 128064
free, 64, 21.000000, 184384, 1052672, 128064
free, 64, 22.000000, 184320, 1052672, 128064
free, 64, 19.000000, 184256, 1052672, 128064
free, 64, 20.000000, 184192, 1052672, 128064
free, 64, 21.000000, 184128, 1052672, 128064
free, 64, 22.000000, 184064, 1052672, 128064
free, 64, 21.000000, 184000, 1052672, 128064
free, 64, 21.000000, 183936, 1052672, 128064
free, 64, 28.000000, 183872, 1052672, 128064
free, 64, 23.000000, 183808, 1052672, 128064
free, 64, 21.000000, 183744, 1052672, 128064
free, 64, 20.000000, 183680, 1052672, 128064
free, 64, 29.000000, 183616, 1052672, 128064
free, 64, 29.000000, 183552, 1052672, 128064
free, 64, 19.000000, 183488, 1052672, 128064
free, 64, 20.000000, 183424, 1052672, 128064
free, 64, 21.000000, 183360, 1052672, 128064
free, 64, 22.000000, 183296, 1052672, 128064
free, 64, 19.000000, 183232, 1052672, 128064
free, 64, 21.000000, 183168, 1052672, 128064
free, 64, 20.000000, 183104, 1052672, 128064
free, 64, 21.000000, 183040, 1052672, 128064
free, 64, 21.000000, 182976, 1052672, 128064
free, 64, 20.000000, 182912, 1052672, 128064
free, 64, 20.000000, 182848, 1052672, 128064
free, 64, 20.000000, 182784, 1052672, 128064
free, 64, 21.000000, 182720, 1052672, 128064
free, 64, 20.000000, 182656, 1052672, 128064
free, 64, 28.000000, 182592, 1052672, 128064
free, 64, 22.000000, 182528, 1052672, 128064
free, 64, 20.000000, 182464, 1052672, 128064
free, 64, 22.000000, 182400, 1052672, 128064
free, 64, 20.000000, 182336, 1052672, 128064
free, 64, 20.000000, 182272, 1052672, 128064
free, 64, 31.000000, 182208, 1052672, 128064
free, 64, 25.000000, 182144, 1052672, 128064
free, 64, 20.000000, 182080, 1052672, 128064
free, 64, 23.000000, 182016, 1052672, 128064
free, 64, 21.000000, 181952, 1052672, 128064
free, 64, 20.000000, 181888, 1052672, 128064
free, 64, 21.000000, 181824, 1052672, 128064
free, 64, 22.000000, 181760, 1052672, 128064
free, 64, 18.000000, 181696, 1052672, 128064
free, 64, 22.000000, 181632, 1052672, 128064
free, 64, 19.000000, 181568, 1052672, 128064
free, 64, 22.000000, 181504, 1052672, 128064
free, 64, 21.000000, 181440, 1052672, 128064
free, 64, 18.000000, 181376, 1052672, 128064
free, 64, 18.000000, 181312, 1052672, 128064
free, 64, 22.000000, 181248, 1052672, 128064
free, 64, 20.000000, 181184, 1052672, 128064
free, 64, 21.000000, 181120, 1052672, 128064
free, 64, 21.000000, 181056, 1052672, 128064
free, 64, 21.000000, 180992, 1052672, 128064
free, 64, 20.000000, 180928, 1052672, 128064
free, 64, 29.000000, 180864, 1052672, 128064
free, 64, 25.000000, 180800, 1052672, 128064
free, 64, 22.000000, 180736, 1052672, 128064
free, 64, 20.000000, 180672, 1052672, 128064
free, 64, 20.000000, 180608, 1052672, 128064
free, 64, 21.000000, 180544, 1052672, 128064
free, 64, 23.000000, 180480, 1052672, 128064
free, 64, 21.000000, 180416, 1052672, 128064
free, 64, 20.000000, 180352, 1052672, 128064
free, 64, 21.000000, 180288, 1052672, 128064
free, 64, 22.000000, 180224, 1052672, 128064
free, 64, 20.000000, 180160, 1052672, 128064
free, 64, 20.000000, 180096, 1052672, 128064
free, 64, 20.000000, 180032, 1052672, 128064
free, 64, 22.000000, 179968, 1052672, 128064
free, 64, 20.000000, 179904, 1052672, 128064
free, 64, 21.000000, 179840, 1052672, 128064
free, 64, 20.000000, 179776, 1052672, 128064
free, 64, 22.000000, 179712, 1052672, 128064
free, 64, 21.000000, 179648, 1052672, 128064
free, 64, 21.000000, 179584, 1052672, 128064
free, 64, 30.000000, 179520, 1052672, 128064
free, 64, 28.000000, 179456, 1052672, 128064
free, 64, 22.000000, 179392, 1052672, 128064
free, 64, 20.000000, 179328, 1052672, 128064
free, 64, 20.000000, 179264, 1052672, 128064
free, 64, 21.000000, 179200, 1052672, 128064
free, 64, 22.000000, 179136, 1052672, 128064
free, 64, 20.000000, 179072, 1052672, 128064
free, 64, 20.000000, 179008, 1052672, 128064
free, 64, 22.000000, 178944, 1052672, 128064
free, 64, 21.000000, 178880, 1052672, 128064
free, 64, 20.000000, 178816, 1052672, 128064
free, 64, 20.000000, 178752, 1052672, 128064
free, 64, 23.000000, 178688, 1052672, 128064
free, 64, 21.000000, 178624, 1052672, 128064
free, 64, 20.000000, 178560, 1052672, 128064
free, 64, 29.000000, 178496, 1052672, 128064
free, 64, 28.000000, 178432, 1052672, 128064
free, 64, 27.000000, 178368, 1052672, 128064
free, 64, 21.000000, 178304, 1052672, 128064
free, 64, 20.000000, 178240, 1052672, 128064
free, 64, 20.000000, 178176, 1052672, 128064
free, 64, 29.000000, 178112, 1052672, 128064
free, 64, 21.000000, 178048, 1052672, 128064
free, 64, 20.000000, 177984, 1052672, 128064
free, 64, 23.000000, 177920, 1052672, 128064
free, 64, 21.000000, 177856, 1052672, 128064
free, 64, 20.000000, 177792, 1052672, 128064
free, 64, 21.000000, 177728, 1052672, 128064
free, 64, 27.000000, 177664, 1052672, 128064
free, 64, 20.000000, 177600, 1052672, 128064
free, 64, 21.000000, 177536, 1052672, 128064
free, 64, 22.000000, 177472, 1052672, 128064
free, 64, 28.000000, 177408, 1052672, 128064
free, 64, 19.000000, 177344, 1052672, 128064
free, 64, 20.000000, 177280, 1052672, 128064
free, 64, 20.000000, 177216, 1052672, 128064
free, 64, 22.000000, 177152, 1052672, 128064
free, 64, 20.000000, 177088, 1052672, 128064
free, 64, 19.000000, 177024, 1052672, 128064
free, 64, 20.000000, 176960, 1052672, 128064
free, 64, 185.000000, 176896, 1052672, 128064
free, 64, 20.000000, 176832, 1052672, 128064
free, 64, 27.000000, 176768, 1052672, 128064
free, 64, 20.000000, 176704, 1052672, 128064
free, 64, 21.000000, 176640, 1052672, 128064
free, 64, 20.000000, 176576, 1052672, 128064
free, 64, 21.000000, 176512, 1052672, 128064
free, 64, 20.000000, 176448, 1052672, 128064
free, 64, 23.000000, 176384, 1052672, 128064
free, 64, 20.000000, 176320, 1052672, 128064
free, 64, 18.000000, 176256, 1052672, 128064
free, 64, 21.000000, 176192, 1052672, 128064
free, 64, 22.000000, 176128, 1052672, 128064
free, 64, 21.000000, 176064, 1052672, 128064
free, 64, 19.000000, 176000, 1052672, 128064
free, 64, 20.000000, 175936, 1052672, 128064
free, 64, 22.000000, 175872, 1052672, 128064
free, 64, 20.000000, 175808, 1052672, 128064
free, 64, 20.000000, 175744, 1052672, 128064
free, 64, 21.000000, 175680, 1052672, 128064
free, 64, 21.000000, 175616, 1052672, 128064
free, 64, 19.000000, 175552, 1052672, 128064
free, 64, 22.000000, 175488, 1052672, 128064
free, 64, 29.000000, 175424, 1052672, 128064
free, 64, 22.000000, 175360, 1052672, 128064
free, 64, 20.000000, 175296, 1052672, 128064
free, 64, 20.000000, 175232, 1052672, 128064
free, 64, 19.000000, 175168, 1052672, 128064
free, 64, 22.000000, 175104, 1052672, 128064
free, 64, 20.000000, 175040, 1052672, 128064
free, 64, 21.000000, 174976, 1052672, 128064
free, 64, 20.000000, 174912, 1052672, 128064
free, 64, 23.000000, 174848, 1052672, 128064
free, 64, 20.000000, 174784, 1052672, 128064
free, 64, 22.000000, 174720, 1052672, 128064
free, 64, 20.000000, 174656, 1052672, 128064
free, 64, 22.000000, 174592, 1052672, 128064
free, 64, 27.000000, 174528, 1052672, 128064
free, 64, 27.000000, 174464, 1052672, 128064
free, 64, 21.000000, 174400, 1052672, 128064
free, 64, 21.000000, 174336, 1052672, 128064
free, 64, 20.000000, 174272, 1052672, 128064
free, 64, 20.000000, 174208, 1052672, 128064
free, 64, 21.000000, 174144, 1052672, 128064
free, 64, 23.000000, 174080, 1052672, 128064
free, 64, 28.000000, 174016, 1052672, 128064
free, 64, 21.000000, 173952, 1052672, 128064
free, 64, 20.000000, 173888, 1052672, 128064
free, 64, 22.000000, 173824, 1052672, 128064
free, 64, 18.000000, 173760, 1052672, 128064
free, 64, 19.000000, 173696, 1052672, 128064
free, 64, 21.000000, 173632, 1052672, 128064
free, 64, 21.000000, 173568, 1052672, 128064
free, 64, 21.000000, 173504, 1052672, 128064
free, 64, 19.000000, 173440, 1052672, 128064
free, 64, 20.000000, 173376, 1052672, 128064
free, 64, 21.000000, 173312, 1052672, 128064
free, 64, 20.000000, 173248, 1052672, 128064
free, 64, 21.000000, 173184, 1052672, 128064
free, 64, 21.000000, 173120, 1052672, 128064
free, 64, 23.000000, 173056, 1052672, 128064
free, 64, 21.000000, 172992, 1052672, 128064
free, 64, 21.000000, 172928, 1052672, 128064
free, 64, 20.000000, 172864, 1052672, 128064
free, 64, 22.000000, 172800, 1052672, 128064
free, 64, 21.000000, 172736, 1052672, 128064
free, 64, 30.000000, 172672, 1052672, 128064
free, 64, 21.000000, 172608, 1052672, 128064
free, 64, 22.000000, 172544, 1052672, 128064
free, 64, 19.000000, 172480, 1052672, 128064
free, 64, 21.000000, 172416, 1052672, 128064
free, 64, 21.000000, 172352, 1052672, 128064
free, 64, 22.000000, 172288, 1052672, 128064
free, 64, 20.000000, 172224, 1052672, 128064
free, 64, 21.000000, 172160, 1052672, 128064
free, 64, 22.000000, 172096, 1052672, 128064
free, 64, 21.000000, 172032, 1052672, 128064
free, 64, 20.000000, 171968, 1052672, 128064
free, 64, 21.000000, 171904, 1052672, 128064
free, 64, 19.000000, 171840, 1052672, 128064
free, 64, 21.000000, 171776, 1052672, 128064
free, 64, 28.000000, 171712, 1052672, 128064
free, 64, 26.000000, 171648, 1052672, 128064
free, 64, 20.000000, 171584, 1052672, 128064
free, 64, 23.000000, 171520, 1052672, 128064
free, 64, 21.000000, 171456, 1052672, 128064
free, 64, 21.000000, 171392, 1052672, 128064
free, 64, 29.000000, 171328, 1052672, 128064
free, 64, 23.000000, 171264, 1052672, 128064
free, 64, 20.000000, 171200, 1052672, 128064
free, 64, 21.000000, 171136, 1052672, 128064
free, 64, 21.000000, 171072, 1052672, 128064
free, 64, 23.000000, 171008, 1052672, 128064
free, 64, 21.000000, 170944, 1052672, 128064
free, 64, 21.000000, 170880, 1052672, 128064
free, 64, 20.000000, 170816, 1052672, 128064
free, 64, 22.000000, 170752, 1052672, 128064
free, 64, 21.000000, 170688, 1052672, 128064
free, 64, 21.000000, 170624, 1052672, 128064
free, 64, 18.000000, 170560, 1052672, 128064
free, 64, 23.000000, 170496, 1052672, 128064
free, 64, 20.000000, 170432, 1052672, 128064
free, 64, 25.000000, 170368, 1052672, 128064
free, 64, 27.000000, 170304, 1052672, 128064
free, 64, 23.000000, 170240, 1052672, 128064
free, 64, 20.000000, 170176, 1052672, 128064
free, 64, 20.000000, 170112, 1052672, 128064
free, 64, 20.000000, 170048, 1052672, 128064
free, 64, 21.000000, 169984, 1052672, 128064
free, 64, 31.000000, 169920, 1052672, 128064
free, 64, 21.000000, 169856, 1052672, 128064
free, 64, 21.000000, 169792, 1052672, 128064
free, 64, 22.000000, 169728, 1052672, 128064
free, 64, 21.000000, 169664, 1052672, 128064
free, 64, 21.000000, 169600, 1052672, 128064
free, 64, 20.000000, 169536, 1052672, 128064
free, 64, 23.000000, 169472, 1052672, 128064
free, 64, 21.000000, 169408, 1052672, 128064
free, 64, 20.000000, 169344, 1052672, 128064
free, 64, 20.000000, 169280, 1052672, 128064
free, 64, 22.000000, 169216, 1052672, 128064
free, 64, 18.000000, 169152, 1052672, 128064
free, 64, 18.000000, 169088, 1052672, 128064
free, 64, 19.000000, 169024, 1052672, 128064
free, 64, 31.000000, 168960, 1052672, 128064
free, 64, 26.000000, 168896, 1052672, 128064
free, 64, 24.000000, 168832, 1052672, 128064
free, 64, 20.000000, 168768, 1052672, 128064
free, 64, 22.000000, 168704, 1052672, 128064
free, 64, 22.000000, 168640, 1052672, 128064
free, 64, 29.000000, 168576, 1052672, 128064
free, 64, 25.000000, 168512, 1052672, 128064
free, 64, 21.000000, 168448, 1052672, 128064
free, 64, 20.000000, 168384, 1052672, 128064
free, 64, 20.000000, 168320, 1052672, 128064
free, 64, 20.000000, 168256, 1052672, 128064
free, 64, 23.000000, 168192, 1052672, 128064
free, 64, 21.000000, 168128, 1052672, 128064
free, 64, 21.000000, 168064, 1052672, 128064
free, 64, 21.000000, 168000, 1052672, 128064
free, 64, 22.000000, 167936, 1052672, 128064
free, 64, 21.000000, 167872, 1052672, 128064
free, 64, 21.000000, 167808, 1052672, 128064
free, 64, 20.000000, 167744, 1052672, 128064
free, 64, 21.000000, 167680, 1052672, 128064
free, 64, 27.000000, 167616, 1052672, 128064
free, 64, 20.000000, 167552, 1052672, 128064
free, 64, 22.000000, 167488, 1052672, 128064
free, 64, 22.000000, 167424, 1052672, 128064
free, 64, 21.000000, 167360, 1052672, 128064
free, 64, 22.000000, 167296, 1052672, 128064
free, 64, 30.000000, 167232, 1052672, 128064
free, 64, 29.000000, 167168, 1052672, 128064
free, 64, 20.000000, 167104, 1052672, 128064
free, 64, 20.000000, 167040, 1052672, 128064
free, 64, 20.000000, 166976, 1052672, 128064
free, 64, 30.000000, 166912, 1052672, 128064
free, 64, 21.000000, 166848, 1052672, 128064
free, 64, 21.000000, 166784, 1052672, 128064
free, 64, 22.000000, 166720, 1052672, 128064
free, 64, 21.000000, 166656, 1052672, 128064
free, 64, 27.000000, 166592, 1052672, 128064
free, 64, 26.000000, 166528, 1052672, 128064
free, 64, 21.000000, 166464, 1052672, 128064
free, 64, 21.000000, 166400, 1052672, 128064
free, 64, 22.000000, 166336, 1052672, 128064
free, 64, 21.000000, 166272, 1052672, 128064
free, 64, 20.000000, 166208, 1052672, 128064
free, 64, 30.000000, 166144, 1052672, 128064
free, 64, 21.000000, 166080, 1052672, 128064
free, 64, 20.000000, 166016, 1052672, 128064
free, 64, 20.000000, 165952, 1052672, 128064
free, 64, 22.000000, 165888, 1052672, 128064
free, 64, 31.000000, 165824, 1052672, 128064
free, 64, 21.000000, 165760, 1052672, 128064
free, 64, 21.000000, 165696, 1052672, 128064
free, 64, 21.000000, 165632, 1052672, 128064
free, 64, 22.000000, 165568, 1052672, 128064
free, 64, 20.000000, 165504, 1052672, 128064
free, 64, 21.000000, 165440, 1052672, 128064
free, 64, 22.000000, 165376, 1052672, 128064
free, 64, 20.000000, 165312, 1052672, 128064
free, 64, 20.000000, 165248, 1052672, 128064
free, 64, 21.000000, 165184, 1052672, 128064
free, 64, 22.000000, 165120, 1052672, 128064
free, 64, 20.000000, 165056, 1052672, 128064
free, 64, 21.000000, 164992, 1052672, 128064
free, 64, 27.000000, 164928, 1052672, 128064
free, 64, 27.000000, 164864, 1052672, 128064
free, 64, 21.000000, 164800, 1052672, 128064
free, 64, 20.000000, 164736, 1052672, 128064
free, 64, 21.000000, 164672, 1052672, 128064
free, 64, 23.000000, 164608, 1052672, 128064
free, 64, 18.000000, 164544, 1052672, 128064
free, 64, 30.000000, 164480, 1052672, 128064
free, 64, 20.000000, 164416, 1052672, 128064
free, 64, 24.000000, 164352, 1052672, 128064
free, 64, 24.000000, 164288, 1052672, 128064
free, 64, 21.000000, 164224, 1052672, 128064
free, 64, 23.000000, 164160, 1052672, 128064
free, 64, 25.000000, 164096, 1052672, 128064
free, 64, 21.000000, 164032, 1052672, 128064
free, 64, 20.000000, 163968, 1052672, 128064
free, 64, 22.000000, 163904, 1052672, 128064
free, 64, 24.000000, 163840, 1052672, 128064
free, 64, 23.000000, 163776, 1052672, 128064
free, 64, 20.000000, 163712, 1052672, 128064
free, 64, 22.000000, 163648, 1052672, 128064
free, 64, 25.000000, 163584, 1052672, 128064
free, 64, 23.000000, 163520, 1052672, 128064
free, 64, 22.000000, 163456, 1052672, 128064
free, 64, 21.000000, 163392, 1052672, 128064
free, 64, 24.000000, 163328, 1052672, 128064
free, 64, 22.000000, 163264, 1052672, 128064
free, 64, 22.000000, 163200, 1052672, 128064
free, 64, 30.000000, 163136, 1052672, 128064
free, 64, 21.000000, 163072, 1052672, 128064
free, 64, 21.000000, 163008, 1052672, 128064
free, 64, 20.000000, 162944, 1052672, 128064
free, 64, 21.000000, 162880, 1052672, 128064
free, 64, 22.000000, 162816, 1052672, 128064
free, 64, 21.000000, 162752, 1052672, 128064
free, 64, 21.000000, 162688, 1052672, 128064
free, 64, 21.000000, 162624, 1052672, 128064
free, 64, 22.000000, 162560, 1052672, 128064
free, 64, 19.000000, 162496, 1052672, 128064
free, 64, 19.000000, 162432, 1052672, 128064
free, 64, 20.000000, 162368, 1052672, 128064
free, 64, 23.000000, 162304, 1052672, 128064
free, 64, 28.000000, 162240, 1052672, 128064
free, 64, 31.000000, 162176, 1052672, 128064
free, 64, 20.000000, 162112, 1052672, 128064
free, 64, 23.000000, 162048, 1052672, 128064
free, 64, 19.000000, 161984, 1052672, 128064
free, 64, 20.000000, 161920, 1052672, 128064
free, 64, 21.000000, 161856, 1052672, 128064
free, 64, 31.000000, 161792, 1052672, 128064
free, 64, 28.000000, 161728, 1052672, 128064
free, 64, 20.000000, 161664, 1052672, 128064
free, 64, 20.000000, 161600, 1052672, 128064
free, 64, 21.000000, 161536, 1052672, 128064
free, 64, 20.000000, 161472, 1052672, 128064
free, 64, 19.000000, 161408, 1052672, 128064
free, 64, 22.000000, 161344, 1052672, 128064
free, 64, 24.000000, 161280, 1052672, 128064
free, 64, 21.000000, 161216, 1052672, 128064
free, 64, 19.000000, 161152, 1052672, 128064
free, 64, 20.000000, 161088, 1052672, 128064
free, 64, 23.000000, 161024, 1052672, 128064
free, 64, 20.000000, 160960, 1052672, 128064
free, 64, 20.000000, 160896, 1052672, 128064
free, 64, 20.000000, 160832, 1052672, 128064
free, 64, 32.000000, 160768, 1052672, 128064
free, 64, 24.000000, 160704, 1052672, 128064
free, 64, 20.000000, 160640, 1052672, 128064
free, 64, 21.000000, 160576, 1052672, 128064
free, 64, 79.000000, 160512, 1052672, 128064
free, 64, 21.000000, 160448, 1052672, 128064
free, 64, 31.000000, 160384, 1052672, 128064
free, 64, 20.000000, 160320, 1052672, 128064
free, 64, 21.000000, 160256, 1052672, 128064
free, 64, 20.000000, 160192, 1052672, 128064
free, 64, 22.000000, 160128, 1052672, 128064
free, 64, 21.000000, 160064, 1052672, 128064
free, 64, 21.000000, 160000, 1052672, 128064
free, 64, 20.000000, 159936, 1052672, 128064
free, 64, 20.000000, 159872, 1052672, 128064
free, 64, 21.000000, 159808, 1052672, 128064
free, 64, 22.000000, 159744, 1052672, 128064
free, 64, 19.000000, 159680, 1052672, 128064
free, 64, 20.000000, 159616, 1052672, 128064
free, 64, 20.000000, 159552, 1052672, 128064
free, 64, 21.000000, 159488, 1052672, 128064
free, 64, 18.000000, 159424, 1052672, 128064
free, 64, 24.000000, 159360, 1052672, 128064
free, 64, 27.000000, 159296, 1052672, 128064
free, 64, 28.000000, 159232, 1052672, 128064
free, 64, 41.000000, 159168, 1052672, 128064
free, 64, 25.000000, 159104, 1052672, 128064
free, 64, 29.000000, 159040, 1052672, 128064
free, 64, 28.000000, 158976, 1052672, 128064
free, 64, 20.000000, 158912, 1052672, 128064
free, 64, 21.000000, 158848, 1052672, 128064
free, 64, 21.000000, 158784, 1052672, 128064
free, 64, 21.000000, 158720, 1052672, 128064
free, 64, 21.000000, 158656, 1052672, 128064
free, 64, 20.000000, 158592, 1052672, 128064
free, 64, 21.000000, 158528, 1052672, 128064
free, 64, 21.000000, 158464, 1052672, 128064
free, 64, 20.000000, 158400, 1052672, 128064
free, 64, 21.000000, 158336, 1052672, 128064
free, 64, 19.000000, 158272, 1052672, 128064
free, 64, 23.000000, 158208, 1052672, 128064
free, 64, 26.000000, 158144, 1052672, 128064
free, 64, 25.000000, 158080, 1052672, 128064
free, 64, 22.000000, 158016, 1052672, 128064
free, 64, 21.000000, 157952, 1052672, 128064
free, 64, 21.000000, 157888, 1052672, 128064
free, 64, 20.000000, 157824, 1052672, 128064
free, 64, 18.000000, 157760, 1052672, 128064
free, 64, 23.000000, 157696, 1052672, 128064
free, 64, 33.000000, 157632, 1052672, 128064
free, 64, 20.000000, 157568, 1052672, 128064
free, 64, 22.000000, 157504, 1052672, 128064
free, 64, 22.000000, 157440, 1052672, 128064
free, 64, 21.000000, 157376, 1052672, 128064
free, 64, 21.000000, 157312, 1052672, 128064
free, 64, 21.000000, 157248, 1052672, 128064
free, 64, 23.000000, 157184, 1052672, 128064
free, 64, 21.000000, 157120, 1052672, 128064
free, 64, 20.000000, 157056, 1052672, 128064
free, 64, 23.000000, 156992, 1052672, 128064
free, 64, 23.000000, 156928, 1052672, 128064
free, 64, 21.000000, 156864, 1052672, 128064
free, 64, 21.000000, 156800, 1052672, 128064
free, 64, 21.000000, 156736, 1052672, 128064
free, 64, 26.000000, 156672, 1052672, 128064
free, 64, 28.000000, 156608, 1052672, 128064
free, 64, 20.000000, 156544, 1052672, 128064
free, 64, 20.000000, 156480, 1052672, 128064
free, 64, 21.000000, 156416, 1052672, 128064
free, 64, 21.000000, 156352, 1052672, 128064
free, 64, 32.000000, 156288, 1052672, 128064
free, 64, 21.000000, 156224, 1052672, 128064
free, 64, 21.000000, 156160, 1052672, 128064
free, 64, 21.000000, 156096, 1052672, 128064
free, 64, 19.000000, 156032, 1052672, 128064
free, 64, 20.000000, 155968, 1052672, 128064
free, 64, 23.000000, 155904, 1052672, 128064
free, 64, 21.000000, 155840, 1052672, 128064
free, 64, 21.000000, 155776, 1052672, 128064
free, 64, 22.000000, 155712, 1052672, 128064
free, 64, 21.000000, 155648, 1052672, 128064
free, 64, 20.000000, 155584, 1052672, 128064
free, 64, 21.000000, 155520, 1052672, 128064
free, 64, 20.000000, 155456, 1052672, 128064
free, 64, 23.000000, 155392, 1052672, 128064
free, 64, 28.000000, 155328, 1052672, 128064
free, 64, 30.000000, 155264, 1052672, 128064
free, 64, 21.000000, 155200, 1052672, 128064
free, 64, 21.000000, 155136, 1052672, 128064
free, 64, 25.000000, 155072, 1052672, 128064
free, 64, 28.000000, 155008, 1052672, 128064
free, 64, 29.000000, 154944, 1052672, 128064
free, 64, 29.000000, 154880, 1052672, 128064
free, 64, 20.000000, 154816, 1052672, 128064
free, 64, 20.000000, 154752, 1052672, 128064
free, 64, 21.000000, 154688, 1052672, 128064
free, 64, 22.000000, 154624, 1052672, 128064
free, 64, 20.000000, 154560, 1052672, 128064
free, 64, 19.000000, 154496, 1052672, 128064
free, 64, 20.000000, 154432, 1052672, 128064
free, 64, 23.000000, 154368, 1052672, 128064
free, 64, 20.000000, 154304, 1052672, 128064
free, 64, 21.000000, 154240, 1052672, 128064
free, 64, 20.000000, 154176, 1052672, 128064
free, 64, 23.000000, 154112, 1052672, 128064
free, 64, 20.000000, 154048, 1052672, 128064
free, 64, 20.000000, 153984, 1052672, 128064
free, 64, 40.000000, 153920, 1052672, 128064
free, 64, 20.000000, 153856, 1052672, 128064
free, 64, 20.000000, 153792, 1052672, 128064
free, 64, 21.000000, 153728, 1052672, 128064
free, 64, 21.000000, 153664, 1052672, 128064
free, 64, 19.000000, 153600, 1052672, 128064
free, 64, 29.000000, 153536, 1052672, 128064
free, 64, 21.000000, 153472, 1052672, 128064
free, 64, 20.000000, 153408, 1052672, 128064
free, 64, 22.000000, 153344, 1052672, 128064
free, 64, 20.000000, 153280, 1052672, 128064
free, 64, 18.000000, 153216, 1052672, 128064
free, 64, 21.000000, 153152, 1052672, 128064
free, 64, 22.000000, 153088, 1052672, 128064
free, 64, 20.000000, 153024, 1052672, 128064
free, 64, 21.000000, 152960, 1052672, 128064
free, 64, 19.000000, 152896, 1052672, 128064
free, 64, 22.000000, 152832, 1052672, 128064
free, 64, 21.000000, 152768, 1052672, 128064
free, 64, 21.000000, 152704, 1052672, 128064
free, 64, 19.000000, 152640, 1052672, 128064
free, 64, 22.000000, 152576, 1052672, 128064
free, 64, 25.000000, 152512, 1052672, 128064
free, 64, 27.000000, 152448, 1052672, 128064
free, 64, 20.000000, 152384, 1052672, 128064
free, 64, 22.000000, 152320, 1052672, 128064
free, 64, 21.000000, 152256, 1052672, 128064
free, 64, 26.000000, 152192, 1052672, 128064
free, 64, 20.000000, 152128, 1052672, 128064
free, 64, 21.000000, 152064, 1052672, 128064
free, 64, 20.000000, 152000, 1052672, 128064
free, 64, 21.000000, 151936, 1052672, 128064
free, 64, 19.000000, 151872, 1052672, 128064
free, 64, 21.000000, 151808, 1052672, 128064
free, 64, 20.000000, 151744, 1052672, 128064
free, 64, 20.000000, 151680, 1052672, 128064
free, 64, 21.000000, 151616, 1052672, 128064
free, 64, 21.000000, 151552, 1052672, 128064
free, 64, 21.000000, 151488, 1052672, 128064
free, 64, 21.000000, 151424, 1052672, 128064
free, 64, 29.000000, 151360, 1052672, 128064
free, 64, 31.000000, 151296, 1052672, 128064
free, 64, 20.000000, 151232, 1052672, 128064
free, 64, 21.000000, 151168, 1052672, 128064
free, 64, 20.000000, 151104, 1052672, 128064
free, 64, 21.000000, 151040, 1052672, 128064
free, 64, 18.000000, 150976, 1052672, 128064
free, 64, 21.000000, 150912, 1052672, 128064
free, 64, 30.000000, 150848, 1052672, 128064
free, 64, 21.000000, 150784, 1052672, 128064
free, 64, 20.000000, 150720, 1052672, 128064
free, 64, 21.000000, 150656, 1052672, 128064
free, 64, 21.000000, 150592, 1052672, 128064
free, 64, 23.000000, 150528, 1052672, 128064
free, 64, 20.000000, 150464, 1052672, 128064
free, 64, 20.000000, 150400, 1052672, 128064
free, 64, 20.000000, 150336, 1052672, 128064
free, 64, 22.000000, 150272, 1052672, 128064
free, 64, 21.000000, 150208, 1052672, 128064
free, 64, 21.000000, 150144, 1052672, 128064
free, 64, 20.000000, 150080, 1052672, 128064
free, 64, 22.000000, 150016, 1052672, 128064
free, 64, 25.000000, 149952, 1052672, 128064
free, 64, 26.000000, 149888, 1052672, 128064
free, 64, 19.000000, 149824, 1052672, 128064
free, 64, 23.000000, 149760, 1052672, 128064
free, 64, 20.000000, 149696, 1052672, 128064
free, 64, 22.000000, 149632, 1052672, 128064
free, 64, 21.000000, 149568, 1052672, 128064
free, 64, 21.000000, 149504, 1052672, 128064
free, 64, 28.000000, 149440, 1052672, 128064
free, 64, 19.000000, 149376, 1052672, 128064
free, 64, 19.000000, 149312, 1052672, 128064
free, 64, 22.000000, 149248, 1052672, 128064
free, 64, 22.000000, 149184, 1052672, 128064
free, 64, 22.000000, 149120, 1052672, 128064
free, 64, 20.000000, 149056, 1052672, 128064
free, 64, 21.000000, 148992, 1052672, 128064
free, 64, 21.000000, 148928, 1052672, 128064
free, 64, 21.000000, 148864, 1052672, 128064
free, 64, 21.000000, 148800, 1052672, 128064
free, 64, 21.000000, 148736, 1052672, 128064
free, 64, 21.000000, 148672, 1052672, 128064
free, 64, 22.000000, 148608, 1052672, 128064
free, 64, 30.000000, 148544, 1052672, 128064
free, 64, 32.000000, 148480, 1052672, 128064
free, 64, 22.000000, 148416, 1052672, 128064
free, 64, 20.000000, 148352, 1052672, 128064
free, 64, 20.000000, 148288, 1052672, 128064
free, 64, 21.000000, 148224, 1052672, 128064
free, 64, 21.000000, 148160, 1052672, 128064
free, 64, 28.000000, 148096, 1052672, 128064
free, 64, 20.000000, 148032, 1052672, 128064
free, 64, 22.000000, 147968, 1052672, 128064
free, 64, 22.000000, 147904, 1052672, 128064
free, 64, 22.000000, 147840, 1052672, 128064
free, 64, 22.000000, 147776, 1052672, 128064
free, 64, 23.000000, 147712, 1052672, 128064
free, 64, 21.000000, 147648, 1052672, 128064
free, 64, 21.000000, 147584, 1052672, 128064
free, 64, 21.000000, 147520, 1052672, 128064
free, 64, 22.000000, 147456, 1052672, 128064
free, 64, 20.000000, 147392, 1052672, 128064
free, 64, 21.000000, 147328, 1052672, 128064
free, 64, 20.000000, 147264, 1052672, 128064
free, 64, 27.000000, 147200, 1052672, 128064
free, 64, 25.000000, 147136, 1052672, 128064
free, 64, 21.000000, 147072, 1052672, 128064
free, 64, 21.000000, 147008, 1052672, 128064
free, 64, 22.000000, 146944, 1052672, 128064
free, 64, 20.000000, 146880, 1052672, 128064
free, 64, 21.000000, 146816, 1052672, 128064
free, 64, 28.000000, 146752, 1052672, 128064
free, 64, 22.000000, 146688, 1052672, 128064
free, 64, 19.000000, 146624, 1052672, 128064
free, 64, 20.000000, 146560, 1052672, 128064
free, 64, 19.000000, 146496, 1052672, 128064
free, 64, 23.000000, 146432, 1052672, 128064
free, 64, 20.000000, 146368, 1052672, 128064
free, 64, 22.000000, 146304, 1052672, 128064
free, 64, 20.000000, 146240, 1052672, 128064
free, 64, 22.000000, 146176, 1052672, 128064
free, 64, 20.000000, 146112, 1052672, 128064
free, 64, 21.000000, 146048, 1052672, 128064
free, 64, 20.000000, 145984, 1052672, 128064
free, 64, 22.000000, 145920, 1052672, 128064
free, 64, 20.000000, 145856, 1052672, 128064
free, 64, 21.000000, 145792, 1052672, 128064
free, 64, 20.000000, 145728, 1052672, 128064
free, 64, 21.000000, 145664, 1052672, 128064
free, 64, 20.000000, 145600, 1052672, 128064
free, 64, 20.000000, 145536, 1052672, 128064
free, 64, 21.000000, 145472, 1052672, 128064
free, 64, 23.000000, 145408, 1052672, 128064
free, 64, 33.000000, 145344, 1052672, 128064
free, 64, 22.000000, 145280, 1052672, 128064
free, 64, 20.000000, 145216, 1052672, 128064
free, 64, 23.000000, 145152, 1052672, 128064
free, 64, 20.000000, 145088, 1052672, 128064
free, 64, 20.000000, 145024, 1052672, 128064
free, 64, 20.000000, 144960, 1052672, 128064
free, 64, 22.000000, 144896, 1052672, 128064
free, 64, 20.000000, 144832, 1052672, 128064
free, 64, 20.000000, 144768, 1052672, 128064
free, 64, 21.000000, 144704, 1052672, 128064
free, 64, 23.000000, 144640, 1052672, 128064
free, 64, 21.000000, 144576, 1052672, 128064
free, 64, 19.000000, 144512, 1052672, 128064
free, 64, 28.000000, 144448, 1052672, 128064
free, 64, 26.000000, 144384, 1052672, 128064
free, 64, 19.000000, 144320, 1052672, 128064
free, 64, 21.000000, 144256, 1052672, 128064
free, 64, 20.000000, 144192, 1052672, 128064
free, 64, 29.000000, 144128, 1052672, 128064
free, 64, 20.000000, 144064, 1052672, 128064
free, 64, 27.000000, 144000, 1052672, 128064
free, 64, 21.000000, 143936, 1052672, 128064
free, 64, 22.000000, 143872, 1052672, 128064
free, 64, 20.000000, 143808, 1052672, 128064
free, 64, 19.000000, 143744, 1052672, 128064
free, 64, 20.000000, 143680, 1052672, 128064
free, 64, 22.000000, 143616, 1052672, 128064
free, 64, 20.000000, 143552, 1052672, 128064
free, 64, 20.000000, 143488, 1052672, 128064
free, 64, 27.000000, 143424, 1052672, 128064
free, 64, 21.000000, 143360, 1052672, 128064
free, 64, 21.000000, 143296, 1052672, 128064
free, 64, 21.000000, 143232, 1052672, 128064
free, 64, 22.000000, 143168, 1052672, 128064
free, 64, 27.000000, 143104, 1052672, 128064
free, 64, 21.000000, 143040, 1052672, 128064
free, 64, 27.000000, 142976, 1052672, 128064
free, 64, 22.000000, 142912, 1052672, 128064
free, 64, 23.000000, 142848, 1052672, 128064
free, 64, 20.000000, 142784, 1052672, 128064
free, 64, 20.000000, 142720, 1052672, 128064
free, 64, 32.000000, 142656, 1052672, 128064
free, 64, 35.000000, 142592, 1052672, 128064
free, 64, 22.000000, 142528, 1052672, 128064
free, 64, 22.000000, 142464, 1052672, 128064
free, 64, 21.000000, 142400, 1052672, 128064
free, 64, 23.000000, 142336, 1052672, 128064
free, 64, 22.000000, 142272, 1052672, 128064
free, 64, 19.000000, 142208, 1052672, 128064
free, 64, 20.000000, 142144, 1052672, 128064
free, 64, 23.000000, 142080, 1052672, 128064
free, 64, 21.000000, 142016, 1052672, 128064
free, 64, 22.000000, 141952, 1052672, 128064
free, 64, 22.000000, 141888, 1052672, 128064
free, 64, 24.000000, 141824, 1052672, 128064
free, 64, 21.000000, 141760, 1052672, 128064
free, 64, 21.000000, 141696, 1052672, 128064
free, 64, 22.000000, 141632, 1052672, 128064
free, 64, 24.000000, 141568, 1052672, 128064
free, 64, 22.000000, 141504, 1052672, 128064
free, 64, 21.000000, 141440, 1052672, 128064
free, 64, 22.000000, 141376, 1052672, 128064
free, 64, 25.000000, 141312, 1052672, 128064
free, 64, 32.000000, 141248, 1052672, 128064
free, 64, 24.000000, 141184, 1052672, 128064
free, 64, 21.000000, 141120, 1052672, 128064
free, 64, 22.000000, 141056, 1052672, 128064
free, 64, 21.000000, 140992, 1052672, 128064
free, 64, 19.000000, 140928, 1052672, 128064
free, 64, 21.000000, 140864, 1052672, 128064
free, 64, 23.000000, 140800, 1052672, 128064
free, 64, 20.000000, 140736, 1052672, 128064
free, 64, 20.000000, 140672, 1052672, 128064
free, 64, 22.000000, 140608, 1052672, 128064
free, 64, 22.000000, 140544, 1052672, 128064
free, 64, 21.000000, 140480, 1052672, 128064
free, 64, 21.000000, 140416, 1052672, 128064
free, 64, 23.000000, 140352, 1052672, 128064
free, 64, 24.000000, 140288, 1052672, 128064
free, 64, 29.000000, 140224, 1052672, 128064
free, 64, 20.000000, 140160, 1052672, 128064
free, 64, 22.000000, 140096, 1052672, 128064
free, 64, 23.000000, 140032, 1052672, 128064
free, 64, 21.000000, 139968, 1052672, 128064
free, 64, 41.000000, 139904, 1052672, 128064
free, 64, 22.000000, 139840, 1052672, 128064
free, 64, 21.000000, 139776, 1052672, 128064
free, 64, 21.000000, 139712, 1052672, 128064
free, 64, 21.000000, 139648, 1052672, 128064
free, 64, 19.000000, 139584, 1052672, 128064
free, 64, 24.000000, 139520, 1052672, 128064
free, 64, 22.000000, 139456, 1052672, 128064
free, 64, 21.000000, 139392, 1052672, 128064
free, 64, 21.000000, 139328, 1052672, 128064
free, 64, 22.000000, 139264, 1052672, 128064
free, 64, 20.000000, 139200, 1052672, 128064
free, 64, 20.000000, 139136, 1052672, 128064
free, 64, 21.000000, 139072, 1052672, 128064
free, 64, 23.000000, 139008, 1052672, 128064
free, 64, 21.000000, 138944, 1052672, 128064
free, 64, 21.000000, 138880, 1052672, 128064
free, 64, 22.000000, 138816, 1052672, 128064
free, 64, 21.000000, 138752, 1052672, 128064
free, 64, 19.000000, 138688, 1052672, 128064
free, 64, 18.000000, 138624, 1052672, 128064
free, 64, 32.000000, 138560, 1052672, 128064
free, 64, 31.000000, 138496, 1052672, 128064
free, 64, 20.000000, 138432, 1052672, 128064
free, 64, 21.000000, 138368, 1052672, 128064
free, 64, 20.000000, 138304, 1052672, 128064
free, 64, 22.000000, 138240, 1052672, 128064
free, 64, 20.000000, 138176, 1052672, 128064
free, 64, 20.000000, 138112, 1052672, 128064
free, 64, 21.000000, 138048, 1052672, 128064
free, 64, 22.000000, 137984, 1052672, 128064
free, 64, 21.000000, 137920, 1052672, 128064
free, 64, 20.000000, 137856, 1052672, 128064
free, 64, 21.000000, 137792, 1052672, 128064
free, 64, 22.000000, 137728, 1052672, 128064
free, 64, 21.000000, 137664, 1052672, 128064
free, 64, 24.000000, 137600, 1052672, 128064
free, 64, 21.000000, 137536, 1052672, 128064
free, 64, 22.000000, 137472, 1052672, 128064
free, 64, 20.000000, 137408, 1052672, 128064
free, 64, 21.000000, 137344, 1052672, 128064
free, 64, 21.000000, 137280, 1052672, 128064
free, 64, 22.000000, 137216, 1052672, 128064
free, 64, 31.000000, 137152, 1052672, 128064
free, 64, 24.000000, 137088, 1052672, 128064
free, 64, 20.000000, 137024, 1052672, 128064
free, 64, 21.000000, 136960, 1052672, 128064
free, 64, 20.000000, 136896, 1052672, 128064
free, 64, 22.000000, 136832, 1052672, 128064
free, 64, 22.000000, 136768, 1052672, 128064
free, 64, 22.000000, 136704, 1052672, 128064
free, 64, 20.000000, 136640, 1052672, 128064
free, 64, 21.000000, 136576, 1052672, 128064
free, 64, 21.000000, 136512, 1052672, 128064
free, 64, 21.000000, 136448, 1052672, 128064
free, 64, 21.000000, 136384, 1052672, 128064
free, 64, 22.000000, 136320, 1052672, 128064
free, 64, 21.000000, 136256, 1052672, 128064
free, 64, 22.000000, 136192, 1052672, 128064
free, 64, 21.000000, 136128, 1052672, 128064
free, 64, 21.000000, 136064, 1052672, 128064
free, 64, 21.000000, 136000, 1052672, 128064
free, 64, 22.000000, 135936, 1052672, 128064
free, 64, 21.000000, 135872, 1052672, 128064
free, 64, 31.000000, 135808, 1052672, 128064
free, 64, 29.000000, 135744, 1052672, 128064
free, 64, 22.000000, 135680, 1052672, 128064
free, 64, 21.000000, 135616, 1052672, 128064
free, 64, 22.000000, 135552, 1052672, 128064
free, 64, 21.000000, 135488, 1052672, 128064
free, 64, 22.000000, 135424, 1052672, 128064
free, 64, 21.000000, 135360, 1052672, 128064
free, 64, 20.000000, 135296, 1052672, 128064
free, 64, 19.000000, 135232, 1052672, 128064
free, 64, 23.000000, 135168, 1052672, 128064
free, 64, 21.000000, 135104, 1052672, 128064
free, 64, 21.000000, 135040, 1052672, 128064
free, 64, 20.000000, 134976, 1052672, 128064
free, 64, 21.000000, 134912, 1052672, 128064
free, 64, 19.000000, 134848, 1052672, 128064
free, 64, 30.000000, 134784, 1052672, 128064
free, 64, 20.000000, 134720, 1052672, 128064
free, 64, 21.000000, 134656, 1052672, 128064
free, 64, 20.000000, 134592, 1052672, 128064
free, 64, 20.000000, 134528, 1052672, 128064
free, 64, 28.000000, 134464, 1052672, 128064
free, 64, 26.000000, 134400, 1052672, 128064
free, 64, 20.000000, 134336, 1052672, 128064
free, 64, 20.000000, 134272, 1052672, 128064
free, 64, 20.000000, 134208, 1052672, 128064
free, 64, 22.000000, 134144, 1052672, 128064
free, 64, 20.000000, 134080, 1052672, 128064
free, 64, 20.000000, 134016, 1052672, 128064
free, 64, 19.000000, 133952, 1052672, 128064
free, 64, 23.000000, 133888, 1052672, 128064
free, 64, 21.000000, 133824, 1052672, 128064
free, 64, 20.000000, 133760, 1052672, 128064
free, 64, 21.000000, 133696, 1052672, 128064
free, 64, 22.000000, 133632, 1052672, 128064
free, 64, 21.000000, 133568, 1052672, 128064
free, 64, 26.000000, 133504, 1052672, 128064
free, 64, 20.000000, 133440, 1052672, 128064
free, 64, 23.000000, 133376, 1052672, 128064
free, 64, 21.000000, 133312, 1052672, 128064
free, 64, 20.000000, 133248, 1052672, 128064
free, 64, 20.000000, 133184, 1052672, 128064
free, 64, 21.000000, 133120, 1052672, 128064
free, 64, 93.000000, 133056, 1052672, 128064
free, 64, 82.000000, 132992, 1052672, 128064
free, 64, 21.000000, 132928, 1052672, 128064
free, 64, 23.000000, 132864, 1052672, 128064
free, 64, 22.000000, 132800, 1052672, 128064
free, 64, 20.000000, 132736, 1052672, 128064
free, 64, 21.000000, 132672, 1052672, 128064
free, 64, 22.000000, 132608, 1052672, 128064
free, 64, 20.000000, 132544, 1052672, 128064
free, 64, 19.000000, 132480, 1052672, 128064
free, 64, 21.000000, 132416, 1052672, 128064
free, 64, 21.000000, 132352, 1052672, 128064
free, 64, 21.000000, 132288, 1052672, 128064
free, 64, 21.000000, 132224, 1052672, 128064
free, 64, 18.000000, 132160, 1052672, 128064
free, 64, 20.000000, 132096, 1052672, 128064
free, 64, 21.000000, 132032, 1052672, 128064
free, 64, 21.000000, 131968, 1052672, 128064
free, 64, 18.000000, 131904, 1052672, 128064
free, 64, 26.000000, 131840, 1052672, 128064
free, 64, 29.000000, 131776, 1052672, 128064
free, 64, 32.000000, 131712, 1052672, 128064
free, 64, 29.000000, 131648, 1052672, 128064
free, 64, 21.000000, 131584, 1052672, 128064
free, 64, 21.000000, 131520, 1052672, 128064
free, 64, 20.000000, 131456, 1052672, 128064
free, 64, 21.000000, 131392, 1052672, 128064
free, 64, 23.000000, 131328, 1052672, 128064
free, 64, 21.000000, 131264, 1052672, 128064
free, 64, 19.000000, 131200, 1052672, 128064
free, 64, 20.000000, 131136, 1052672, 128064
free, 64, 28.000000, 131072, 1052672, 128064
free, 64, 21.000000, 131008, 1052672, 128064
free, 64, 20.000000, 130944, 1052672, 128064
free, 64, 20.000000, 130880, 1052672, 128064
free, 64, 38.000000, 130816, 1052672, 128064
free, 64, 21.000000, 130752, 1052672, 128064
free, 64, 31.000000, 130688, 1052672, 128064
free, 64, 21.000000, 130624, 1052672, 128064
free, 64, 22.000000, 130560, 1052672, 128064
free, 64, 22.000000, 130496, 1052672, 128064
free, 64, 20.000000, 130432, 1052672, 128064
free, 64, 29.000000, 130368, 1052672, 128064
free, 64, 29.000000, 130304, 1052672, 128064
free, 64, 20.000000, 130240, 1052672, 128064
free, 64, 21.000000, 130176, 1052672, 128064
free, 64, 20.000000, 130112, 1052672, 128064
free, 64, 23.000000, 130048, 1052672, 128064
free, 64, 20.000000, 129984, 1052672, 128064
free, 64, 21.000000, 129920, 1052672, 128064
free, 64, 20.000000, 129856, 1052672, 128064
free, 64, 22.000000, 129792, 1052672, 128064
free, 64, 22.000000, 129728, 1052672, 128064
free, 64, 21.000000, 129664, 1052672, 128064
free, 64, 18.000000, 129600, 1052672, 128064
free, 64, 21.000000, 129536, 1052672, 128064
free, 64, 20.000000, 129472, 1052672, 128064
free, 64, 20.000000, 129408, 1052672, 128064
free, 64, 27.000000, 129344, 1052672, 128064
free, 64, 22.000000, 129280, 1052672, 128064
free, 64, 20.000000, 129216, 1052672, 128064
free, 64, 20.000000, 129152, 1052672, 128064
free, 64, 21.000000, 129088, 1052672, 128064
free, 64, 22.000000, 129024, 1052672, 128064
free, 64, 32.000000, 128960, 1052672, 128064
free, 64, 26.000000, 128896, 1052672, 128064
free, 64, 21.000000, 128832, 1052672, 128064
free, 64, 22.000000, 128768, 1052672, 128064
free, 64, 20.000000, 128704, 1052672, 128064
free, 64, 20.000000, 128640, 1052672, 128064
free, 64, 21.000000, 128576, 1052672, 128064
free, 64, 23.000000, 128512, 1052672, 128064
free, 64, 21.000000, 128448, 1052672, 128064
free, 64, 20.000000, 128384, 1052672, 128064
free, 64, 20.000000, 128320, 1052672, 128064
free, 64, 22.000000, 128256, 1052672, 128064
free, 64, 22.000000, 128192, 1052672, 128064
free, 64, 22.000000, 128128, 1052672, 128064
free, 64, 21.000000, 128064, 1052672, 128064
free, 64, 22.000000, 128000, 1052672, 128064
malloc, 256, 15363.000000, 128256, 1052672, 128096
malloc, 256, 13379.000000, 128512, 1052672, 128128
malloc, 256, 13270.000000, 128768, 1052672, 128160
malloc, 256, 15227.000000, 129024, 1052672, 128192
malloc, 256, 13760.000000, 129280, 1052672, 128224
malloc, 256, 13324.000000, 129536, 1052672, 128256
malloc, 256, 13399.000000, 129792, 1052672, 128288
malloc, 256, 13434.000000, 130048, 1052672, 128320
malloc, 256, 13226.000000, 130304, 1052672, 128352
malloc, 256, 13346.000000, 130560, 1052672, 128384
malloc, 256, 13318.000000, 130816, 1052672, 128416
malloc, 256, 13280.000000, 131072, 1052672, 128448
malloc, 256, 13244.000000, 131328, 1052672, 128480
malloc, 256, 13285.000000, 131584, 1052672, 128512
malloc, 256, 13314.000000, 131840, 1052672, 128544
malloc, 256, 13324.000000, 132096, 1052672, 128576
malloc, 256, 13349.000000, 132352, 1052672, 128608
malloc, 256, 14743.000000, 132608, 1052672, 128640
malloc, 256, 14924.000000, 132864, 1052672, 128672
malloc, 256, 13275.000000, 133120, 1052672, 128704
malloc, 256, 13460.000000, 133376, 1052672, 128736
malloc, 256, 13373.000000, 133632, 1052672, 128768
malloc, 256, 13421.000000, 133888, 1052672, 128800
malloc, 256, 13377.000000, 134144, 1052672, 128832
malloc, 256, 13269.000000, 134400, 1052672, 128864
malloc, 256, 13382.000000, 134656, 1052672, 128896
malloc, 256, 15231.000000, 134912, 1052672, 128928
malloc, 256, 17256.000000, 135168, 1052672, 128960
malloc, 256, 13433.000000, 135424, 1052672, 128992
malloc, 256, 13494.000000, 135680, 1052672, 129024
malloc, 256, 13443.000000, 135936, 1052672, 129056
malloc, 256, 16697.000000, 136192, 1052672, 129088
malloc, 256, 13848.000000, 136448, 1052672, 129120
malloc, 256, 13578.000000, 136704, 1052672, 129152
malloc, 256, 13506.000000, 136960, 1052672, 129184
malloc, 256, 13474.000000, 137216, 1052672, 129216
malloc, 256, 13534.000000, 137472, 1052672, 129248
malloc, 256, 13565.000000, 137728, 1052672, 129280
malloc, 256, 13541.000000, 137984, 1052672, 129312
malloc, 256, 13548.000000, 138240, 1052672, 129344
malloc, 256, 13633.000000, 138496, 1052672, 129376
malloc, 256, 13443.000000, 138752, 1052672, 129408
malloc, 256, 13574.000000, 139008, 1052672, 129440
malloc, 256, 13568.000000, 139264, 1052672, 129472
malloc, 256, 13628.000000, 139520, 1052672, 129504
malloc, 256, 14590.000000, 139776, 1052672, 129536
malloc, 256, 13883.000000, 140032, 1052672, 129568
malloc, 256, 13569.000000, 140288, 1052672, 129600
malloc, 256, 13485.000000, 140544, 1052672, 129632
malloc, 256, 13575.000000, 140800, 1052672, 129664
malloc, 256, 13577.000000, 141056, 1052672, 129696
malloc, 256, 13655.000000, 141312, 1052672, 129728
malloc, 256, 13520.000000, 141568, 1052672, 129760
malloc, 256, 13550.000000, 141824, 1052672, 129792
malloc, 256, 13659.000000, 142080, 1052672, 129824
malloc, 256, 13617.000000, 142336, 1052672, 129856
malloc, 256, 13499.000000, 142592, 1052672, 129888
malloc, 256, 17162.000000, 142848, 1052672, 129920
malloc, 256, 13726.000000, 143104, 1052672, 129952
malloc, 256, 13615.000000, 143360, 1052672, 129984
malloc, 256, 14755.000000, 143616, 1052672, 130016
malloc, 256, 13962.000000, 143872, 1052672, 130048
malloc, 256, 13626.000000, 144128, 1052672, 130080
malloc, 256, 13613.000000, 144384, 1052672, 130112
malloc, 256, 13690.000000, 144640, 1052672, 130144
malloc, 256, 13574.000000, 144896, 1052672, 130176
malloc, 256, 13648.000000, 145152, 1052672, 130208
malloc, 256, 13692.000000, 145408, 1052672, 130240
malloc, 256, 13727.000000, 145664, 1052672, 130272
malloc, 256, 13616.000000, 145920, 1052672, 130304
malloc, 256, 13703.000000, 146176, 1052672, 130336
malloc, 256, 13758.000000, 146432, 1052672, 130368
malloc, 256, 13674.000000, 146688, 1052672, 130400
malloc, 256, 13703.000000, 146944, 1052672, 130432
malloc, 256, 14668.000000, 147200, 1052672, 130464
malloc, 256, 13977.000000, 147456, 1052672, 130496
malloc, 256, 13710.000000, 147712, 1052672, 130528
malloc, 256, 13775.000000, 147968, 1052672, 130560
malloc, 256, 13852.000000, 148224, 1052672, 130592
malloc, 256, 13695.000000, 148480, 1052672, 130624
malloc, 256, 13799.000000, 148736, 1052672, 130656
malloc, 256, 13695.000000, 148992, 1052672, 130688
malloc, 256, 13730.000000, 149248, 1052672, 130720
malloc, 256, 13673.000000, 149504, 1052672, 130752
malloc, 256, 13726.000000, 149760, 1052672, 130784
malloc, 256, 13764.000000, 150016, 1052672, 130816
malloc, 256, 13771.000000, 150272, 1052672, 130848
malloc, 256, 13745.000000, 150528, 1052672, 130880
malloc, 256, 14761.000000, 150784, 1052672, 130912
malloc, 256, 14059.000000, 151040, 1052672, 130944
malloc, 256, 13717.000000, 151296, 1052672, 130976
malloc, 256, 13838.000000, 151552, 1052672, 131008
malloc, 256, 13666.000000, 151808, 1052672, 131040
malloc, 256, 13743.000000, 152064, 1052672, 131072
malloc, 256, 13763.000000, 152320, 1052672, 131104
malloc, 256, 13868.000000, 152576, 1052672, 131136
malloc, 256, 13798.000000, 152832, 1052672, 131168
malloc, 256, 13792.000000, 153088, 1052672, 131200
malloc, 256, 13838.000000, 153344, 1052672, 131232
malloc, 256, 13771.000000, 153600, 1052672, 131264
malloc, 256, 13824.000000, 153856, 1052672, 131296
malloc, 256, 14210.000000, 154112, 1052672, 131328
malloc, 256, 16378.000000, 154368, 1052672, 131360
malloc, 256, 14432.000000, 154624, 1052672, 131392
malloc, 256, 13891.000000, 154880, 1052672, 131424
malloc, 256, 13913.000000, 155136, 1052672, 131456
malloc, 256, 13955.000000, 155392, 1052672, 131488
malloc, 256, 13834.000000, 155648, 1052672, 131520
malloc, 256, 14587.000000, 155904, 1052672, 131552
malloc, 256, 13982.000000, 156160, 1052672, 131584
malloc, 256, 13847.000000, 156416, 1052672, 131616
malloc, 256, 13850.000000, 156672, 1052672, 131648
malloc, 256, 13899.000000, 156928, 1052672, 131680
malloc, 256, 13879.000000, 157184, 1052672, 131712
malloc, 256, 13926.000000, 157440, 1052672, 131744
malloc, 256, 13984.000000, 157696, 1052672, 131776
malloc, 256, 13868.000000, 157952, 1052672, 131808
malloc, 256, 15066.000000, 158208, 1052672, 131840
malloc, 256, 14269.000000, 158464, 1052672, 131872
malloc, 256, 13910.000000, 158720, 1052672, 131904
malloc, 256, 13961.000000, 158976, 1052672, 131936
malloc, 256, 13821.000000, 159232, 1052672, 131968
malloc, 256, 13950.000000, 159488, 1052672, 132000
malloc, 256, 13877.000000, 159744, 1052672, 132032
malloc, 256, 13937.000000, 160000, 1052672, 132064
malloc, 256, 17511.000000, 160256, 1052672, 132096
malloc, 256, 14097.000000, 160512, 1052672, 132128
malloc, 256, 13911.000000, 160768, 1052672, 132160
malloc, 256, 13999.000000, 161024, 1052672, 132192
malloc, 256, 14011.000000, 161280, 1052672, 132224
malloc, 256, 13973.000000, 161536, 1052672, 132256
malloc, 256, 15104.000000, 161792, 1052672, 132288
malloc, 256, 14266.000000, 162048, 1052672, 132320
malloc, 256, 14045.000000, 162304, 1052672, 132352
malloc, 256, 14092.000000, 162560, 1052672, 132384
malloc, 256, 13967.000000, 162816, 1052672, 132416
malloc, 256, 14060.000000, 163072, 1052672, 132448
malloc, 256, 14070.000000, 163328, 1052672, 132480
malloc, 256, 14127.000000, 163584, 1052672, 132512
malloc, 256, 13997.000000, 163840, 1052672, 132544
malloc, 256, 14015.000000, 164096, 1052672, 132576
malloc, 256, 14042.000000, 164352, 1052672, 132608
malloc, 256, 13980.000000, 164608, 1052672, 132640
malloc, 256, 13843.000000, 164864, 1052672, 132672
malloc, 256, 13977.000000, 165120, 1052672, 132704
malloc, 256, 15222.000000, 165376, 1052672, 132736
malloc, 256, 14337.000000, 165632, 1052672, 132768
malloc, 256, 14034.000000, 165888, 1052672, 132800
malloc, 256, 13987.000000, 166144, 1052672, 132832
malloc, 256, 14086.000000, 166400, 1052672, 132864
malloc, 256, 14030.000000, 166656, 1052672, 132896
malloc, 256, 13941.000000, 166912, 1052672, 132928
malloc, 256, 14167.000000, 167168, 1052672, 132960
malloc, 256, 14092.000000, 167424, 1052672, 132992
malloc, 256, 14122.000000, 167680, 1052672, 133024
malloc, 256, 14016.000000, 167936, 1052672, 133056
malloc, 256, 14151.000000, 168192, 1052672, 133088
malloc, 256, 14255.000000, 168448, 1052672, 133120
malloc, 256, 14092.000000, 168704, 1052672, 133152
malloc, 256, 15000.000000, 168960, 1052672, 133184
malloc, 256, 14480.000000, 169216, 1052672, 133216
malloc, 256, 14073.000000, 169472, 1052672, 133248
malloc, 256, 14120.000000, 169728, 1052672, 133280
malloc, 256, 14040.000000, 169984, 1052672, 133312
malloc, 256, 14049.000000, 170240, 1052672, 133344
malloc, 256, 14104.000000, 170496, 1052672, 133376
malloc, 256, 14035.000000, 170752, 1052672, 133408
malloc, 256, 14118.000000, 171008, 1052672, 133440
malloc, 256, 14111.000000, 171264, 1052672, 133472
malloc, 256, 14084.000000, 171520, 1052672, 133504
malloc, 256, 14085.000000, 171776, 1052672, 133536
malloc, 256, 14092.000000, 172032, 1052672, 133568
malloc, 256, 14123.000000, 172288, 1052672, 133600
malloc, 256, 15373.000000, 172544, 1052672, 133632
malloc, 256, 14537.000000, 172800, 1052672, 133664
malloc, 256, 14217.000000, 173056, 1052672, 133696
malloc, 256, 14121.000000, 173312, 1052672, 133728
malloc, 256, 14143.000000, 173568, 1052672, 133760
malloc, 256, 14109.000000, 173824, 1052672, 133792
malloc, 256, 14205.000000, 174080, 1052672, 133824
malloc, 256, 14149.000000, 174336, 1052672, 133856
malloc, 256, 14040.000000, 174592, 1052672, 133888
malloc, 256, 14161.000000, 174848, 1052672, 133920
malloc, 256, 14226.000000, 175104, 1052672, 133952
malloc, 256, 14154.000000, 175360, 1052672, 133984
malloc, 256, 14150.000000, 175616, 1052672, 134016
malloc, 256, 14196.000000, 175872, 1052672, 134048
malloc, 256, 14209.000000, 176128, 1052672, 134080
malloc, 256, 15269.000000, 176384, 1052672, 134112
malloc, 256, 14638.000000, 176640, 1052672, 134144
malloc, 256, 14249.000000, 176896, 1052672, 134176
malloc, 256, 14306.000000, 177152, 1052672, 134208
malloc, 256, 14211.000000, 177408, 1052672, 134240
malloc, 256, 17435.000000, 177664, 1052672, 134272
malloc, 256, 14202.000000, 177920, 1052672, 134304
malloc, 256, 14354.000000, 178176, 1052672, 134336
malloc, 256, 14282.000000, 178432, 1052672, 134368
malloc, 256, 14295.000000, 178688, 1052672, 134400
malloc, 256, 14254.000000, 178944, 1052672, 134432
malloc, 256, 14291.000000, 179200, 1052672, 134464
malloc, 256, 14323.000000, 179456, 1052672, 134496
malloc, 256, 14333.000000, 179712, 1052672, 134528
malloc, 256, 15381.000000, 179968, 1052672, 134560
malloc, 256, 15492.000000, 180224, 1052672, 134592
malloc, 256, 16485.000000, 180480, 1052672, 134624
malloc, 256, 16452.000000, 180736, 1052672, 134656
malloc, 256, 16245.000000, 180992, 1052672, 134688
malloc, 256, 16332.000000, 181248, 1052672, 134720
malloc, 256, 16284.000000, 181504, 1052672, 134752
malloc, 256, 14726.000000, 181760, 1052672, 134784
malloc, 256, 14385.000000, 182016, 1052672, 134816
malloc, 256, 14310.000000, 182272, 1052672, 134848
malloc, 256, 14456.000000, 182528, 1052672, 134880
malloc, 256, 14231.000000, 182784, 1052672, 134912
malloc, 256, 14315.000000, 183040, 1052672, 134944
malloc, 256, 14435.000000, 183296, 1052672, 134976
malloc, 256, 16988.000000, 183552, 1052672, 135008
malloc, 256, 14997.000000, 183808, 1052672, 135040
malloc, 256, 14456.000000, 184064, 1052672, 135072
malloc, 256, 14310.000000, 184320, 1052672, 135104
malloc, 256, 14380.000000, 184576, 1052672, 135136
malloc, 256, 14325.000000, 184832, 1052672, 135168
malloc, 256, 14298.000000, 185088, 1052672, 135200
malloc, 256, 14294.000000, 185344, 1052672, 135232
malloc, 256, 14193.000000, 185600, 1052672, 135264
malloc, 256, 14360.000000, 185856, 1052672, 135296
malloc, 256, 14314.000000, 186112, 1052672, 135328
malloc, 256, 14476.000000, 186368, 1052672, 135360
malloc, 256, 14350.000000, 186624, 1052672, 135392
malloc, 256, 14303.000000, 186880, 1052672, 135424
malloc, 256, 15629.000000, 187136, 1052672, 135456
malloc, 256, 14811.000000, 187392, 1052672, 135488
malloc, 256, 14387.000000, 187648, 1052672, 135520
malloc, 256, 14517.000000, 187904, 1052672, 135552
malloc, 256, 14511.000000, 188160, 1052672, 135584
malloc, 256, 14397.000000, 188416, 1052672, 135616
malloc, 256, 14498.000000, 188672, 1052672, 135648
malloc, 256, 14538.000000, 188928, 1052672, 135680
malloc, 256, 14484.000000, 189184, 1052672, 135712
malloc, 256, 14371.000000, 189440, 1052672, 135744
malloc, 256, 14336.000000, 189696, 1052672, 135776
malloc, 256, 14496.000000, 189952, 1052672, 135808
malloc, 256, 14403.000000, 190208, 1052672, 135840
malloc, 256, 14433.000000, 190464, 1052672, 135872
malloc, 256, 14469.000000, 190720, 1052672, 135904
malloc, 256, 15593.000000, 190976, 1052672, 135936
malloc, 256, 14786.000000, 191232, 1052672, 135968
malloc, 256, 14509.000000, 191488, 1052672, 136000
malloc, 256, 14500.000000, 191744, 1052672, 136032
malloc, 256, 14344.000000, 192000, 1052672, 136064
malloc, 256, 14506.000000, 192256, 1052672, 136096
malloc, 256, 14512.000000, 192512, 1052672, 136128
malloc, 256, 14500.000000, 192768, 1052672, 136160
malloc, 256, 14451.000000, 193024, 1052672, 136192
malloc, 256, 14522.000000, 193280, 1052672, 136224
malloc, 256, 14593.000000, 193536, 1052672, 136256
malloc, 256, 14556.000000, 193792, 1052672, 136288
malloc, 256, 14508.000000, 194048, 1052672, 136320
malloc, 256, 17944.000000, 194304, 1052672, 136352
malloc, 256, 15849.000000, 194560, 1052672, 136384
malloc, 256, 15078.000000, 194816, 1052672, 136416
malloc, 256, 14575.000000, 195072, 1052672, 136448
malloc, 256, 14528.000000, 195328, 1052672, 136480
malloc, 256, 14616.000000, 195584, 1052672, 136512
malloc, 256, 14568.000000, 195840, 1052672, 136544
malloc, 256, 14525.000000, 196096, 1052672, 136576
malloc, 256, 14578.000000, 196352, 1052672, 136608
malloc, 256, 14379.000000, 196608, 1052672, 136640
malloc, 256, 15588.000000, 196864, 1052672, 136672
malloc, 256, 14841.000000, 197120, 1052672, 136704
malloc, 256, 14586.000000, 197376, 1052672, 136736
malloc, 256, 14692.000000, 197632, 1052672, 136768
malloc, 256, 14736.000000, 197888, 1052672, 136800
malloc, 256, 15774.000000, 198144, 1052672, 136832
malloc, 256, 15289.000000, 198400, 1052672, 136864
malloc, 256, 14771.000000, 198656, 1052672, 136896
malloc, 256, 14531.000000, 198912, 1052672, 136928
malloc, 256, 14674.000000, 199168, 1052672, 136960
malloc, 256, 14704.000000, 199424, 1052672, 136992
malloc, 256, 14610.000000, 199680, 1052672, 137024
malloc, 256, 14642.000000, 199936, 1052672, 137056
malloc, 256, 14634.000000, 200192, 1052672, 137088
malloc, 256, 14653.000000, 200448, 1052672, 137120
malloc, 256, 14639.000000, 200704, 1052672, 137152
malloc, 256, 14670.000000, 200960, 1052672, 137184
malloc, 256, 14641.000000, 201216, 1052672, 137216
malloc, 256, 14743.000000, 201472, 1052672, 137248
malloc, 256, 15702.000000, 201728, 1052672, 137280
malloc, 256, 15202.000000, 201984, 1052672, 137312
malloc, 256, 14710.000000, 202240, 1052672, 137344
malloc, 256, 14788.000000, 202496, 1052672, 137376
malloc, 256, 14752.000000, 202752, 1052672, 137408
malloc, 256, 14729.000000, 203008, 1052672, 137440
malloc, 256, 14656.000000, 203264, 1052672, 137472
malloc, 256, 14779.000000, 203520, 1052672, 137504
malloc, 256, 14743.000000, 203776, 1052672, 137536
malloc, 256, 14695.000000, 204032, 1052672, 137568
malloc, 256, 14644.000000, 204288, 1052672, 137600
malloc, 256, 14792.000000, 204544, 1052672, 137632
malloc, 256, 14844.000000, 204800, 1052672, 137664
malloc, 256, 14696.000000, 205056, 1052672, 137696
malloc, 256, 16145.000000, 205312, 1052672, 137728
malloc, 256, 15372.000000, 205568, 1052672, 137760
malloc, 256, 14877.000000, 205824, 1052672, 137792
malloc, 256, 14710.000000, 206080, 1052672, 137824
malloc, 256, 14964.000000, 206336, 1052672, 137856
malloc, 256, 14880.000000, 206592, 1052672, 137888
malloc, 256, 14933.000000, 206848, 1052672, 137920
malloc, 256, 14922.000000, 207104, 1052672, 137952
malloc, 256, 14875.000000, 207360, 1052672, 137984
malloc, 256, 14884.000000, 207616, 1052672, 138016
malloc, 256, 15050.000000, 207872, 1052672, 138048
malloc, 256, 14892.000000, 208128, 1052672, 138080
malloc, 256, 15063.000000, 208384, 1052672, 138112
malloc, 256, 14944.000000, 208640, 1052672, 138144
malloc, 256, 14784.000000, 208896, 1052672, 138176
malloc, 256, 16351.000000, 209152, 1052672, 138208
malloc, 256, 15417.000000, 209408, 1052672, 138240
malloc, 256, 15093.000000, 209664, 1052672, 138272
malloc, 256, 15011.000000, 209920, 1052672, 138304
malloc, 256, 15030.000000, 210176, 1052672, 138336
malloc, 256, 14960.000000, 210432, 1052672, 138368
malloc, 256, 18428.000000, 210688, 1052672, 138400
malloc, 256, 15287.000000, 210944, 1052672, 138432
malloc, 256, 14861.000000, 211200, 1052672, 138464
malloc, 256, 15061.000000, 211456, 1052672, 138496
malloc, 256, 15213.000000, 211712, 1052672, 138528
malloc, 256, 14993.000000, 211968, 1052672, 138560
malloc, 256, 14920.000000, 212224, 1052672, 138592
malloc, 256, 15124.000000, 212480, 1052672, 138624
malloc, 256, 16159.000000, 212736, 1052672, 138656
malloc, 256, 15541.000000, 212992, 1052672, 138688
malloc, 256, 15136.000000, 213248, 1052672, 138720
malloc, 256, 15120.000000, 213504, 1052672, 138752
malloc, 256, 15106.000000, 213760, 1052672, 138784
malloc, 256, 15100.000000, 214016, 1052672, 138816
malloc, 256, 15155.000000, 214272, 1052672, 138848
malloc, 256, 15281.000000, 214528, 1052672, 138880
malloc, 256, 15128.000000, 214784, 1052672, 138912
malloc, 256, 15135.000000, 215040, 1052672, 138944
malloc, 256, 15062.000000, 215296, 1052672, 138976
malloc, 256, 15240.000000, 215552, 1052672, 139008
malloc, 256, 15132.000000, 215808, 1052672, 139040
malloc, 256, 15264.000000, 216064, 1052672, 139072
malloc, 256, 16186.000000, 216320, 1052672, 139104
malloc, 256, 15647.000000, 216576, 1052672, 139136
malloc, 256, 15318.000000, 216832, 1052672, 139168
malloc, 256, 15252.000000, 217088, 1052672, 139200
malloc, 256, 15216.000000, 217344, 1052672, 139232
malloc, 256, 15131.000000, 217600, 1052672, 139264
malloc, 256, 15154.000000, 217856, 1052672, 139296
malloc, 256, 15304.000000, 218112, 1052672, 139328
malloc, 256, 15209.000000, 218368, 1052672, 139360
malloc, 256, 15425.000000, 218624, 1052672, 139392
malloc, 256, 15681.000000, 218880, 1052672, 139424
malloc, 256, 15362.000000, 219136, 1052672, 139456
malloc, 256, 15325.000000, 219392, 1052672, 139488
malloc, 256, 15382.000000, 219648, 1052672, 139520
malloc, 256, 16532.000000, 219904, 1052672, 139552
malloc, 256, 15835.000000, 220160, 1052672, 139584
malloc, 256, 15428.000000, 220416, 1052672, 139616
malloc, 256, 15333.000000, 220672, 1052672, 139648
malloc, 256, 15261.000000, 220928, 1052672, 139680
malloc, 256, 15390.000000, 221184, 1052672, 139712
malloc, 256, 15483.000000, 221440, 1052672, 139744
malloc, 256, 15430.000000, 221696, 1052672, 139776
malloc, 256, 15389.000000, 221952, 1052672, 139808
malloc, 256, 15426.000000, 222208, 1052672, 139840
malloc, 256, 15283.000000, 222464, 1052672, 139872
malloc, 256, 15268.000000, 222720, 1052672, 139904
malloc, 256, 15284.000000, 222976, 1052672, 139936
malloc, 256, 15463.000000, 223232, 1052672, 139968
malloc, 256, 15625.000000, 223488, 1052672, 140000
malloc, 256, 16691.000000, 223744, 1052672, 140032
malloc, 256, 15873.000000, 224000, 1052672, 140064
malloc, 256, 15580.000000, 224256, 1052672, 140096
malloc, 256, 15646.000000, 224512, 1052672, 140128
malloc, 256, 15578.000000, 224768, 1052672, 140160
malloc, 256, 15511.000000, 225024, 1052672, 140192
malloc, 256, 15457.000000, 225280, 1052672, 140224
malloc, 256, 15534.000000, 225536, 1052672, 140256
malloc, 256, 15547.000000, 225792, 1052672, 140288
malloc, 256, 15581.000000, 226048, 1052672, 140320
malloc, 256, 15535.000000, 226304, 1052672, 140352
malloc, 256, 15707.000000, 226560, 1052672, 140384
malloc, 256, 18727.000000, 226816, 1052672, 140416
malloc, 256, 15635.000000, 227072, 1052672, 140448
malloc, 256, 16838.000000, 227328, 1052672, 140480
malloc, 256, 15894.000000, 227584, 1052672, 140512
malloc, 256, 15491.000000, 227840, 1052672, 140544
malloc, 256, 15452.000000, 228096, 1052672, 140576
malloc, 256, 15531.000000, 228352, 1052672, 140608
malloc, 256, 15657.000000, 228608, 1052672, 140640
malloc, 256, 15432.000000, 228864, 1052672, 140672
malloc, 256, 15501.000000, 229120, 1052672, 140704
malloc, 256, 15556.000000, 229376, 1052672, 140736
malloc, 256, 15582.000000, 229632, 1052672, 140768
malloc, 256, 15597.000000, 229888, 1052672, 140800
malloc, 256, 15552.000000, 230144, 1052672, 140832
malloc, 256, 15515.000000, 230400, 1052672, 140864
malloc, 256, 15570.000000, 230656, 1052672, 140896
malloc, 256, 17749.000000, 230912, 1052672, 140928
malloc, 256, 16035.000000, 231168, 1052672, 140960
malloc, 256, 15825.000000, 231424, 1052672, 140992
malloc, 256, 15768.000000, 231680, 1052672, 141024
malloc, 256, 15661.000000, 231936, 1052672, 141056
malloc, 256, 15604.000000, 232192, 1052672, 141088
malloc, 256, 15648.000000, 232448, 1052672, 141120
malloc, 256, 15752.000000, 232704, 1052672, 141152
malloc, 256, 15567.000000, 232960, 1052672, 141184
malloc, 256, 15514.000000, 233216, 1052672, 141216
malloc, 256, 15559.000000, 233472, 1052672, 141248
malloc, 256, 15580.000000, 233728, 1052672, 141280
malloc, 256, 15482.000000, 233984, 1052672, 141312
malloc, 256, 15511.000000, 234240, 1052672, 141344
malloc, 256, 16663.000000, 234496, 1052672, 141376
malloc, 256, 16084.000000, 234752, 1052672, 141408
malloc, 256, 15723.000000, 235008, 1052672, 141440
malloc, 256, 15607.000000, 235264, 1052672, 141472
malloc, 256, 15443.000000, 235520, 1052672, 141504
malloc, 256, 15612.000000, 235776, 1052672, 141536
malloc, 256, 15612.000000, 236032, 1052672, 141568
malloc, 256, 15757.000000, 236288, 1052672, 141600
malloc, 256, 15684.000000, 236544, 1052672, 141632
malloc, 256, 15548.000000, 236800, 1052672, 141664
malloc, 256, 15714.000000, 237056, 1052672, 141696
malloc, 256, 15756.000000, 237312, 1052672, 141728
malloc, 256, 15646.000000, 237568, 1052672, 141760
malloc, 256, 15773.000000, 237824, 1052672, 141792
malloc, 256, 17591.000000, 238080, 1052672, 141824
malloc, 256, 16424.000000, 238336, 1052672, 141856
malloc, 256, 15916.000000, 238592, 1052672, 141888
malloc, 256, 16017.000000, 238848, 1052672, 141920
malloc, 256, 15864.000000, 239104, 1052672, 141952
malloc, 256, 15798.000000, 239360, 1052672, 141984
malloc, 256, 15740.000000, 239616, 1052672, 142016
malloc, 256, 15772.000000, 239872, 1052672, 142048
malloc, 256, 15752.000000, 240128, 1052672, 142080
malloc, 256, 15793.000000, 240384, 1052672, 142112
malloc, 256, 15861.000000, 240640, 1052672, 142144
malloc, 256, 15649.000000, 240896, 1052672, 142176
malloc, 256, 15779.000000, 241152, 1052672, 142208
malloc, 256, 15884.000000, 241408, 1052672, 142240
malloc, 256, 15804.000000, 241664, 1052672, 142272
malloc, 256, 16802.000000, 241920, 1052672, 142304
malloc, 256, 19818.000000, 242176, 1052672, 142336
malloc, 256, 16121.000000, 242432, 1052672, 142368
malloc, 256, 15809.000000, 242688, 1052672, 142400
malloc, 256, 15825.000000, 242944, 1052672, 142432
malloc, 256, 15859.000000, 243200, 1052672, 142464
malloc, 256, 15867.000000, 243456, 1052672, 142496
malloc, 256, 15837.000000, 243712, 1052672, 142528
malloc, 256, 15843.000000, 243968, 1052672, 142560
malloc, 256, 15882.000000, 244224, 1052672, 142592
malloc, 256, 15826.000000, 244480, 1052672, 142624
malloc, 256, 15948.000000, 244736, 1052672, 142656
malloc, 256, 15898.000000, 244992, 1052672, 142688
malloc, 256, 15788.000000, 245248, 1052672, 142720
malloc, 256, 17267.000000, 245504, 1052672, 142752
malloc, 256, 16525.000000, 245760, 1052672, 142784
malloc, 256, 15932.000000, 246016, 1052672, 142816
malloc, 256, 16026.000000, 246272, 1052672, 142848
malloc, 256, 15837.000000, 246528, 1052672, 142880
malloc, 256, 15902.000000, 246784, 1052672, 142912
malloc, 256, 16021.000000, 247040, 1052672, 142944
malloc, 256, 15990.000000, 247296, 1052672, 142976
malloc, 256, 16040.000000, 247552, 1052672, 143008
malloc, 256, 16009.000000, 247808, 1052672, 143040
malloc, 256, 15914.000000, 248064, 1052672, 143072
malloc, 256, 15864.000000, 248320, 1052672, 143104
malloc, 256, 15862.000000, 248576, 1052672, 143136
malloc, 256, 16045.000000, 248832, 1052672, 143168
malloc, 256, 16966.000000, 249088, 1052672, 143200
malloc, 256, 16449.000000, 249344, 1052672, 143232
malloc, 256, 16061.000000, 249600, 1052672, 143264
malloc, 256, 15965.000000, 249856, 1052672, 143296
malloc, 256, 16008.000000, 250112, 1052672, 143328
malloc, 256, 16065.000000, 250368, 1052672, 143360
malloc, 256, 16182.000000, 250624, 1052672, 143392
malloc, 256, 15959.000000, 250880, 1052672, 143424
malloc, 256, 16039.000000, 251136, 1052672, 143456
malloc, 256, 16057.000000, 251392, 1052672, 143488
malloc, 256, 16101.000000, 251648, 1052672, 143520
malloc, 256, 16094.000000, 251904, 1052672, 143552
malloc, 256, 16074.000000, 252160, 1052672, 143584
malloc, 256, 16085.000000, 252416, 1052672, 143616
malloc, 256, 17114.000000, 252672, 1052672, 143648
malloc, 256, 16674.000000, 252928, 1052672, 143680
malloc, 256, 16235.000000, 253184, 1052672, 143712
malloc, 256, 16081.000000, 253440, 1052672, 143744
malloc, 256, 16152.000000, 253696, 1052672, 143776
malloc, 256, 16061.000000, 253952, 1052672, 143808
malloc, 256, 16026.000000, 254208, 1052672, 143840
malloc, 256, 15983.000000, 254464, 1052672, 143872
malloc, 256, 16132.000000, 254720, 1052672, 143904
malloc, 256, 16067.000000, 254976, 1052672, 143936
malloc, 256, 16076.000000, 255232, 1052672, 143968
malloc, 256, 16214.000000, 255488, 1052672, 144000
malloc, 256, 15909.000000, 255744, 1052672, 144032
malloc, 256, 16181.000000, 256000, 1052672, 144064
malloc, 256, 16035.000000, 256256, 1052672, 144096
malloc, 256, 17160.000000, 256512, 1052672, 144128
malloc, 256, 16609.000000, 256768, 1052672, 144160
malloc, 256, 16165.000000, 257024, 1052672, 144192
malloc, 256, 16130.000000, 257280, 1052672, 144224
malloc, 256, 19369.000000, 257536, 1052672, 144256
malloc, 256, 16414.000000, 257792, 1052672, 144288
malloc, 256, 16201.000000, 258048, 1052672, 144320
malloc, 256, 16365.000000, 258304, 1052672, 144352
malloc, 256, 16184.000000, 258560, 1052672, 144384
malloc, 256, 16470.000000, 258816, 1052672, 144416
malloc, 256, 16139.000000, 259072, 1052672, 144448
malloc, 256, 16233.000000, 259328, 1052672, 144480
malloc, 256, 16201.000000, 259584, 1052672, 144512
malloc, 256, 16273.000000, 259840, 1052672, 144544
malloc, 256, 17473.000000, 260096, 1052672, 144576
malloc, 256, 16894.000000, 260352, 1052672, 144608
malloc, 256, 16413.000000, 260608, 1052672, 144640
malloc, 256, 16251.000000, 260864, 1052672, 144672
malloc, 256, 16263.000000, 261120, 1052672, 144704
malloc, 256, 16251.000000, 261376, 1052672, 144736
malloc, 256, 16177.000000, 261632, 1052672, 144768
malloc, 256, 16260.000000, 261888, 1052672, 144800
malloc, 256, 16145.000000, 262144, 1052672, 144832
malloc, 256, 16045.000000, 262400, 1052672, 144864
malloc, 256, 16093.000000, 262656, 1052672, 144896
malloc, 256, 16116.000000, 262912, 1052672, 144928
malloc, 256, 16249.000000, 263168, 1052672, 144960
malloc, 256, 16180.000000, 263424, 1052672, 144992
malloc, 256, 17287.000000, 263680, 1052672, 145024
malloc, 256, 16793.000000, 263936, 1052672, 145056
malloc, 256, 16410.000000, 264192, 1052672, 145088
malloc, 256, 16337.000000, 264448, 1052672, 145120
malloc, 256, 16324.000000, 264704, 1052672, 145152
malloc, 256, 16450.000000, 264960, 1052672, 145184
malloc, 256, 16243.000000, 265216, 1052672, 145216
malloc, 256, 16257.000000, 265472, 1052672, 145248
malloc, 256, 16259.000000, 265728, 1052672, 145280
malloc, 256, 16523.000000, 265984, 1052672, 145312
malloc, 256, 16372.000000, 266240, 1052672, 145344
malloc, 256, 16392.000000, 266496, 1052672, 145376
malloc, 256, 16362.000000, 266752, 1052672, 145408
malloc, 256, 16363.000000, 267008, 1052672, 145440
malloc, 256, 17415.000000, 267264, 1052672, 145472
malloc, 256, 16967.000000, 267520, 1052672, 145504
malloc, 256, 16525.000000, 267776, 1052672, 145536
malloc, 256, 16507.000000, 268032, 1052672, 145568
malloc, 256, 16366.000000, 268288, 1052672, 145600
malloc, 256, 16364.000000, 268544, 1052672, 145632
malloc, 256, 16364.000000, 268800, 1052672, 145664
malloc, 256, 16414.000000, 269056, 1052672, 145696
malloc, 256, 16548.000000, 269312, 1052672, 145728
malloc, 256, 16378.000000, 269568, 1052672, 145760
malloc, 256, 16400.000000, 269824, 1052672, 145792
malloc, 256, 16226.000000, 270080, 1052672, 145824
malloc, 256, 16458.000000, 270336, 1052672, 145856
malloc, 256, 16484.000000, 270592, 1052672, 145888
malloc, 256, 17470.000000, 270848, 1052672, 145920
malloc, 256, 16909.000000, 271104, 1052672, 145952
malloc, 256, 16466.000000, 271360, 1052672, 145984
malloc, 256, 16418.000000, 271616, 1052672, 146016
malloc, 256, 16384.000000, 271872, 1052672, 146048
malloc, 256, 16406.000000, 272128, 1052672, 146080
malloc, 256, 16515.000000, 272384, 1052672, 146112
malloc, 256, 19509.000000, 272640, 1052672, 146144
malloc, 256, 16599.000000, 272896, 1052672, 146176
malloc, 256, 16581.000000, 273152, 1052672, 146208
malloc, 256, 16545.000000, 273408, 1052672, 146240
malloc, 256, 16690.000000, 273664, 1052672, 146272
malloc, 256, 16431.000000, 273920, 1052672, 146304
malloc, 256, 16611.000000, 274176, 1052672, 146336
malloc, 256, 16503.000000, 274432, 1052672, 146368
malloc, 256, 17770.000000, 274688, 1052672, 146400
malloc, 256, 17111.000000, 274944, 1052672, 146432
malloc, 256, 16567.000000, 275200, 1052672, 146464
malloc, 256, 16648.000000, 275456, 1052672, 146496
malloc, 256, 16644.000000, 275712, 1052672, 146528
malloc, 256, 16621.000000, 275968, 1052672, 146560
malloc, 256, 16605.000000, 276224, 1052672, 146592
malloc, 256, 16705.000000, 276480, 1052672, 146624
malloc, 256, 16638.000000, 276736, 1052672, 146656
malloc, 256, 16623.000000, 276992, 1052672, 146688
malloc, 256, 16601.000000, 277248, 1052672, 146720
malloc, 256, 16652.000000, 277504, 1052672, 146752
malloc, 256, 16622.000000, 277760, 1052672, 146784
malloc, 256, 16636.000000, 278016, 1052672, 146816
malloc, 256, 18750.000000, 278272, 1052672, 146848
malloc, 256, 17251.000000, 278528, 1052672, 146880
malloc, 256, 16878.000000, 278784, 1052672, 146912
malloc, 256, 17640.000000, 279040, 1052672, 146944
malloc, 256, 17051.000000, 279296, 1052672, 146976
malloc, 256, 16891.000000, 279552, 1052672, 147008
malloc, 256, 16908.000000, 279808, 1052672, 147040
malloc, 256, 16797.000000, 280064, 1052672, 147072
malloc, 256, 16799.000000, 280320, 1052672, 147104
malloc, 256, 16820.000000, 280576, 1052672, 147136
malloc, 256, 16686.000000, 280832, 1052672, 147168
malloc, 256, 16855.000000, 281088, 1052672, 147200
malloc, 256, 16708.000000, 281344, 1052672, 147232
malloc, 256, 16755.000000, 281600, 1052672, 147264
malloc, 256, 17828.000000, 281856, 1052672, 147296
malloc, 256, 17353.000000, 282112, 1052672, 147328
malloc, 256, 17021.000000, 282368, 1052672, 147360
malloc, 256, 16965.000000, 282624, 1052672, 147392
malloc, 256, 16835.000000, 282880, 1052672, 147424
malloc, 256, 16942.000000, 283136, 1052672, 147456
malloc, 256, 16877.000000, 283392, 1052672, 147488
malloc, 256, 16807.000000, 283648, 1052672, 147520
malloc, 256, 16889.000000, 283904, 1052672, 147552
malloc, 256, 16849.000000, 284160, 1052672, 147584
malloc, 256, 16871.000000, 284416, 1052672, 147616
malloc, 256, 16894.000000, 284672, 1052672, 147648
malloc, 256, 16808.000000, 284928, 1052672, 147680
malloc, 256, 16820.000000, 285184, 1052672, 147712
malloc, 256, 18052.000000, 285440, 1052672, 147744
malloc, 256, 17310.000000, 285696, 1052672, 147776
malloc, 256, 17209.000000, 285952, 1052672, 147808
malloc, 256, 16957.000000, 286208, 1052672, 147840
malloc, 256, 17109.000000, 286464, 1052672, 147872
malloc, 256, 17084.000000, 286720, 1052672, 147904
malloc, 256, 19563.000000, 286976, 1052672, 147936
malloc, 256, 18016.000000, 287232, 1052672, 147968
malloc, 256, 17273.000000, 287488, 1052672, 148000
malloc, 256, 17052.000000, 287744, 1052672, 148032
malloc, 256, 17068.000000, 288000, 1052672, 148064
malloc, 256, 17065.000000, 288256, 1052672, 148096
malloc, 256, 17081.000000, 288512, 1052672, 148128
malloc, 256, 17168.000000, 288768, 1052672, 148160
malloc, 256, 17136.000000, 289024, 1052672, 148192
malloc, 256, 18343.000000, 289280, 1052672, 148224
malloc, 256, 17551.000000, 289536, 1052672, 148256
malloc, 256, 17281.000000, 289792, 1052672, 148288
malloc, 256, 17045.000000, 290048, 1052672, 148320
malloc, 256, 17257.000000, 290304, 1052672, 148352
malloc, 256, 17083.000000, 290560, 1052672, 148384
malloc, 256, 17075.000000, 290816, 1052672, 148416
malloc, 256, 17126.000000, 291072, 1052672, 148448
malloc, 256, 17019.000000, 291328, 1052672, 148480
malloc, 256, 17162.000000, 291584, 1052672, 148512
malloc, 256, 17120.000000, 291840, 1052672, 148544
malloc, 256, 17268.000000, 292096, 1052672, 148576
malloc, 256, 17109.000000, 292352, 1052672, 148608
malloc, 256, 17147.000000, 292608, 1052672, 148640
malloc, 256, 18270.000000, 292864, 1052672, 148672
malloc, 256, 17670.000000, 293120, 1052672, 148704
malloc, 256, 17374.000000, 293376, 1052672, 148736
malloc, 256, 17343.000000, 293632, 1052672, 148768
malloc, 256, 17129.000000, 293888, 1052672, 148800
malloc, 256, 17130.000000, 294144, 1052672, 148832
malloc, 256, 17140.000000, 294400, 1052672, 148864
malloc, 256, 17086.000000, 294656, 1052672, 148896
malloc, 256, 17150.000000, 294912, 1052672, 148928
malloc, 256, 17127.000000, 295168, 1052672, 148960
malloc, 256, 17285.000000, 295424, 1052672, 148992
malloc, 256, 17098.000000, 295680, 1052672, 149024
malloc, 256, 17123.000000, 295936, 1052672, 149056
malloc, 256, 17051.000000, 296192, 1052672, 149088
malloc, 256, 18205.000000, 296448, 1052672, 149120
malloc, 256, 17562.000000, 296704, 1052672, 149152
malloc, 256, 17397.000000, 296960, 1052672, 149184
malloc, 256, 17260.000000, 297216, 1052672, 149216
malloc, 256, 17182.000000, 297472, 1052672, 149248
malloc, 256, 17224.000000, 297728, 1052672, 149280
malloc, 256, 17159.000000, 297984, 1052672, 149312
malloc, 256, 17139.000000, 298240, 1052672, 149344
malloc, 256, 17239.000000, 298496, 1052672, 149376
malloc, 256, 17278.000000, 298752, 1052672, 149408
malloc, 256, 17393.000000, 299008, 1052672, 149440
malloc, 256, 17328.000000, 299264, 1052672, 149472
malloc, 256, 17315.000000, 299520, 1052672, 149504
malloc, 256, 17250.000000, 299776, 1052672, 149536
malloc, 256, 18413.000000, 300032, 1052672, 149568
malloc, 256, 17948.000000, 300288, 1052672, 149600
malloc, 256, 17533.000000, 300544, 1052672, 149632
malloc, 256, 17383.000000, 300800, 1052672, 149664
malloc, 256, 17273.000000, 301056, 1052672, 149696
malloc, 256, 20724.000000, 301312, 1052672, 149728
malloc, 256, 17685.000000, 301568, 1052672, 149760
malloc, 256, 17659.000000, 301824, 1052672, 149792
malloc, 256, 17378.000000, 302080, 1052672, 149824
malloc, 256, 17324.000000, 302336, 1052672, 149856
malloc, 256, 17142.000000, 302592, 1052672, 149888
malloc, 256, 17305.000000, 302848, 1052672, 149920
malloc, 256, 17329.000000, 303104, 1052672, 149952
malloc, 256, 17354.000000, 303360, 1052672, 149984
malloc, 256, 18666.000000, 303616, 1052672, 150016
malloc, 256, 17969.000000, 303872, 1052672, 150048
malloc, 256, 17433.000000, 304128, 1052672, 150080
malloc, 256, 17393.000000, 304384, 1052672, 150112
malloc, 256, 17457.000000, 304640, 1052672, 150144
malloc, 256, 18267.000000, 304896, 1052672, 150176
malloc, 256, 18534.000000, 305152, 1052672, 150208
malloc, 256, 17752.000000, 305408, 1052672, 150240
malloc, 256, 17503.000000, 305664, 1052672, 150272
malloc, 256, 17528.000000, 305920, 1052672, 150304
malloc, 256, 17523.000000, 306176, 1052672, 150336
malloc, 256, 17479.000000, 306432, 1052672, 150368
malloc, 256, 17492.000000, 306688, 1052672, 150400
malloc, 256, 17464.000000, 306944, 1052672, 150432
malloc, 256, 17316.000000, 307200, 1052672, 150464
malloc, 256, 18636.000000, 307456, 1052672, 150496
malloc, 256, 18060.000000, 307712, 1052672, 150528
malloc, 256, 17639.000000, 307968, 1052672, 150560
malloc, 256, 17466.000000, 308224, 1052672, 150592
malloc, 256, 17443.000000, 308480, 1052672, 150624
malloc, 256, 17477.000000, 308736, 1052672, 150656
malloc, 256, 17493.000000, 308992, 1052672, 150688
malloc, 256, 17494.000000, 309248, 1052672, 150720
malloc, 256, 17542.000000, 309504, 1052672, 150752
malloc, 256, 17444.000000, 309760, 1052672, 150784
malloc, 256, 17441.000000, 310016, 1052672, 150816
malloc, 256, 17631.000000, 310272, 1052672, 150848
malloc, 256, 17474.000000, 310528, 1052672, 150880
malloc, 256, 17428.000000, 310784, 1052672, 150912
malloc, 256, 18566.000000, 311040, 1052672, 150944
malloc, 256, 18020.000000, 311296, 1052672, 150976
malloc, 256, 17659.000000, 311552, 1052672, 151008
malloc, 256, 17618.000000, 311808, 1052672, 151040
malloc, 256, 17801.000000, 312064, 1052672, 151072
malloc, 256, 17409.000000, 312320, 1052672, 151104
malloc, 256, 17629.000000, 312576, 1052672, 151136
malloc, 256, 17498.000000, 312832, 1052672, 151168
malloc, 256, 17519.000000, 313088, 1052672, 151200
malloc, 256, 17618.000000, 313344, 1052672, 151232
malloc, 256, 17627.000000, 313600, 1052672, 151264
malloc, 256, 17588.000000, 313856, 1052672, 151296
malloc, 256, 17377.000000, 314112, 1052672, 151328
malloc, 256, 17672.000000, 314368, 1052672, 151360
malloc, 256, 18762.000000, 314624, 1052672, 151392
malloc, 256, 18147.000000, 314880, 1052672, 151424
malloc, 256, 17802.000000, 315136, 1052672, 151456
malloc, 256, 21655.000000, 315392, 1052672, 151488
malloc, 256, 18044.000000, 315648, 1052672, 151520
malloc, 256, 17837.000000, 315904, 1052672, 151552
malloc, 256, 17828.000000, 316160, 1052672, 151584
malloc, 256, 17561.000000, 316416, 1052672, 151616
malloc, 256, 17725.000000, 316672, 1052672, 151648
malloc, 256, 17673.000000, 316928, 1052672, 151680
malloc, 256, 17691.000000, 317184, 1052672, 151712
malloc, 256, 17580.000000, 317440, 1052672, 151744
malloc, 256, 17729.000000, 317696, 1052672, 151776
malloc, 256, 17673.000000, 317952, 1052672, 151808
malloc, 256, 18925.000000, 318208, 1052672, 151840
malloc, 256, 18330.000000, 318464, 1052672, 151872
malloc, 256, 18019.000000, 318720, 1052672, 151904
malloc, 256, 17722.000000, 318976, 1052672, 151936
malloc, 256, 17703.000000, 319232, 1052672, 151968
malloc, 256, 17688.000000, 319488, 1052672, 152000
malloc, 256, 17708.000000, 319744, 1052672, 152032
malloc, 256, 17767.000000, 320000, 1052672, 152064
malloc, 256, 19079.000000, 320256, 1052672, 152096
malloc, 256, 18283.000000, 320512, 1052672, 152128
malloc, 256, 18119.000000, 320768, 1052672, 152160
malloc, 256, 17970.000000, 321024, 1052672, 152192
malloc, 256, 18034.000000, 321280, 1052672, 152224
malloc, 256, 17845.000000, 321536, 1052672, 152256
malloc, 256, 17806.000000, 321792, 1052672, 152288
malloc, 256, 18994.000000, 322048, 1052672, 152320
malloc, 256, 18392.000000, 322304, 1052672, 152352
malloc, 256, 18023.000000, 322560, 1052672, 152384
malloc, 256, 17988.000000, 322816, 1052672, 152416
malloc, 256, 18022.000000, 323072, 1052672, 152448
malloc, 256, 17839.000000, 323328, 1052672, 152480
malloc, 256, 18017.000000, 323584, 1052672, 152512
malloc, 256, 18068.000000, 323840, 1052672, 152544
malloc, 256, 17926.000000, 324096, 1052672, 152576
malloc, 256, 18088.000000, 324352, 1052672, 152608
malloc, 256, 17837.000000, 324608, 1052672, 152640
malloc, 256, 17960.000000, 324864, 1052672, 152672
malloc, 256, 17955.000000, 325120, 1052672, 152704
malloc, 256, 18088.000000, 325376, 1052672, 152736
malloc, 256, 19369.000000, 325632, 1052672, 152768
malloc, 256, 18543.000000, 325888, 1052672, 152800
malloc, 256, 18187.000000, 326144, 1052672, 152832
malloc, 256, 18071.000000, 326400, 1052672, 152864
malloc, 256, 18195.000000, 326656, 1052672, 152896
malloc, 256, 18140.000000, 326912, 1052672, 152928
malloc, 256, 18062.000000, 327168, 1052672, 152960
malloc, 256, 18030.000000, 327424, 1052672, 152992
malloc, 256, 18098.000000, 327680, 1052672, 153024
malloc, 256, 18324.000000, 327936, 1052672, 153056
malloc, 256, 18216.000000, 328192, 1052672, 153088
malloc, 256, 18179.000000, 328448, 1052672, 153120
malloc, 256, 18338.000000, 328704, 1052672, 153152
malloc, 256, 21001.000000, 328960, 1052672, 153184
malloc, 256, 19734.000000, 329216, 1052672, 153216
malloc, 256, 18776.000000, 329472, 1052672, 153248
malloc, 256, 18454.000000, 329728, 1052672, 153280
malloc, 256, 18374.000000, 329984, 1052672, 153312
malloc, 256, 18394.000000, 330240, 1052672, 153344
malloc, 256, 18370.000000, 330496, 1052672, 153376
malloc, 256, 18400.000000, 330752, 1052672, 153408
malloc, 256, 18457.000000, 331008, 1052672, 153440
malloc, 256, 18407.000000, 331264, 1052672, 153472
malloc, 256, 18257.000000, 331520, 1052672, 153504
malloc, 256, 18411.000000, 331776, 1052672, 153536
malloc, 256, 18428.000000, 332032, 1052672, 153568
malloc, 256, 18379.000000, 332288, 1052672, 153600
malloc, 256, 18269.000000, 332544, 1052672, 153632
malloc, 256, 19262.000000, 332800, 1052672, 153664
malloc, 256, 18784.000000, 333056, 1052672, 153696
malloc, 256, 18553.000000, 333312, 1052672, 153728
malloc, 256, 18672.000000, 333568, 1052672, 153760
malloc, 256, 18416.000000, 333824, 1052672, 153792
malloc, 256, 18400.000000, 334080, 1052672, 153824
malloc, 256, 18169.000000, 334336, 1052672, 153856
malloc, 256, 18385.000000, 334592, 1052672, 153888
malloc, 256, 18462.000000, 334848, 1052672, 153920
malloc, 256, 18502.000000, 335104, 1052672, 153952
malloc, 256, 18285.000000, 335360, 1052672, 153984
malloc, 256, 18236.000000, 335616, 1052672, 154016
malloc, 256, 18424.000000, 335872, 1052672, 154048
malloc, 256, 18338.000000, 336128, 1052672, 154080
malloc, 256, 19538.000000, 336384, 1052672, 154112
malloc, 256, 18806.000000, 336640, 1052672, 154144
malloc, 256, 18579.000000, 336896, 1052672, 154176
malloc, 256, 18428.000000, 337152, 1052672, 154208
malloc, 256, 18543.000000, 337408, 1052672, 154240
malloc, 256, 18666.000000, 337664, 1052672, 154272
malloc, 256, 18493.000000, 337920, 1052672, 154304
malloc, 256, 18439.000000, 338176, 1052672, 154336
malloc, 256, 18397.000000, 338432, 1052672, 154368
malloc, 256, 18456.000000, 338688, 1052672, 154400
malloc, 256, 18532.000000, 338944, 1052672, 154432
malloc, 256, 18506.000000, 339200, 1052672, 154464
malloc, 256, 18247.000000, 339456, 1052672, 154496
malloc, 256, 18536.000000, 339712, 1052672, 154528
malloc, 256, 18396.000000, 339968, 1052672, 154560
malloc, 256, 19673.000000, 340224, 1052672, 154592
malloc, 256, 18901.000000, 340480, 1052672, 154624
malloc, 256, 18638.000000, 340736, 1052672, 154656
malloc, 256, 18372.000000, 340992, 1052672, 154688
malloc, 256, 18324.000000, 341248, 1052672, 154720
malloc, 256, 18284.000000, 341504, 1052672, 154752
malloc, 256, 18319.000000, 341760, 1052672, 154784
malloc, 256, 18396.000000, 342016, 1052672, 154816
malloc, 256, 20579.000000, 342272, 1052672, 154848
malloc, 256, 18821.000000, 342528, 1052672, 154880
malloc, 256, 18709.000000, 342784, 1052672, 154912
malloc, 256, 18652.000000, 343040, 1052672, 154944
malloc, 256, 18369.000000, 343296, 1052672, 154976
malloc, 256, 18482.000000, 343552, 1052672, 155008
malloc, 256, 19545.000000, 343808, 1052672, 155040
malloc, 256, 19025.000000, 344064, 1052672, 155072
malloc, 256, 18737.000000, 344320, 1052672, 155104
malloc, 256, 18686.000000, 344576, 1052672, 155136
malloc, 256, 18664.000000, 344832, 1052672, 155168
malloc, 256, 18791.000000, 345088, 1052672, 155200
malloc, 256, 18809.000000, 345344, 1052672, 155232
malloc, 256, 18765.000000, 345600, 1052672, 155264
malloc, 256, 18878.000000, 345856, 1052672, 155296
malloc, 256, 18794.000000, 346112, 1052672, 155328
malloc, 256, 18794.000000, 346368, 1052672, 155360
malloc, 256, 18678.000000, 346624, 1052672, 155392
malloc, 256, 18666.000000, 346880, 1052672, 155424
malloc, 256, 18681.000000, 347136, 1052672, 155456
malloc, 256, 19823.000000, 347392, 1052672, 155488
malloc, 256, 19105.000000, 347648, 1052672, 155520
malloc, 256, 18811.000000, 347904, 1052672, 155552
malloc, 256, 18735.000000, 348160, 1052672, 155584
malloc, 256, 18545.000000, 348416, 1052672, 155616
malloc, 256, 18727.000000, 348672, 1052672, 155648
malloc, 256, 18601.000000, 348928, 1052672, 155680
malloc, 256, 18605.000000, 349184, 1052672, 155712
malloc, 256, 18580.000000, 349440, 1052672, 155744
malloc, 256, 18651.000000, 349696, 1052672, 155776
malloc, 256, 18870.000000, 349952, 1052672, 155808
malloc, 256, 18621.000000, 350208, 1052672, 155840
malloc, 256, 18709.000000, 350464, 1052672, 155872
malloc, 256, 18567.000000, 350720, 1052672, 155904
malloc, 256, 19782.000000, 350976, 1052672, 155936
malloc, 256, 19203.000000, 351232, 1052672, 155968
malloc, 256, 18817.000000, 351488, 1052672, 156000
malloc, 256, 18859.000000, 351744, 1052672, 156032
malloc, 256, 18870.000000, 352000, 1052672, 156064
malloc, 256, 18786.000000, 352256, 1052672, 156096
malloc, 256, 18912.000000, 352512, 1052672, 156128
malloc, 256, 18979.000000, 352768, 1052672, 156160
malloc, 256, 18980.000000, 353024, 1052672, 156192
malloc, 256, 18903.000000, 353280, 1052672, 156224
malloc, 256, 18898.000000, 353536, 1052672, 156256
malloc, 256, 18816.000000, 353792, 1052672, 156288
malloc, 256, 18706.000000, 354048, 1052672, 156320
malloc, 256, 18781.000000, 354304, 1052672, 156352
malloc, 256, 18667.000000, 354560, 1052672, 156384
malloc, 256, 19936.000000, 354816, 1052672, 156416
malloc, 256, 19284.000000, 355072, 1052672, 156448
malloc, 256, 19012.000000, 355328, 1052672, 156480
malloc, 256, 21005.000000, 355584, 1052672, 156512
malloc, 256, 19165.000000, 355840, 1052672, 156544
malloc, 256, 19010.000000, 356096, 1052672, 156576
malloc, 256, 18931.000000, 356352, 1052672, 156608
malloc, 256, 19204.000000, 356608, 1052672, 156640
malloc, 256, 18975.000000, 356864, 1052672, 156672
malloc, 256, 18922.000000, 357120, 1052672, 156704
malloc, 256, 18952.000000, 357376, 1052672, 156736
malloc, 256, 19033.000000, 357632, 1052672, 156768
malloc, 256, 19082.000000, 357888, 1052672, 156800
malloc, 256, 19010.000000, 358144, 1052672, 156832
malloc, 256, 20080.000000, 358400, 1052672, 156864
malloc, 256, 19543.000000, 358656, 1052672, 156896
malloc, 256, 19124.000000, 358912, 1052672, 156928
malloc, 256, 19105.000000, 359168, 1052672, 156960
malloc, 256, 19120.000000, 359424, 1052672, 156992
malloc, 256, 19092.000000, 359680, 1052672, 157024
malloc, 256, 19116.000000, 359936, 1052672, 157056
malloc, 256, 19233.000000, 360192, 1052672, 157088
malloc, 256, 19179.000000, 360448, 1052672, 157120
malloc, 256, 19113.000000, 360704, 1052672, 157152
malloc, 256, 19136.000000, 360960, 1052672, 157184
malloc, 256, 18925.000000, 361216, 1052672, 157216
malloc, 256, 19932.000000, 361472, 1052672, 157248
malloc, 256, 19485.000000, 361728, 1052672, 157280
malloc, 256, 20761.000000, 361984, 1052672, 157312
malloc, 256, 19692.000000, 362240, 1052672, 157344
malloc, 256, 19305.000000, 362496, 1052672, 157376
malloc, 256, 19414.000000, 362752, 1052672, 157408
malloc, 256, 19437.000000, 363008, 1052672, 157440
malloc, 256, 19335.000000, 363264, 1052672, 157472
malloc, 256, 19214.000000, 363520, 1052672, 157504
malloc, 256, 19422.000000, 363776, 1052672, 157536
malloc, 256, 19314.000000, 364032, 1052672, 157568
malloc, 256, 19362.000000, 364288, 1052672, 157600
malloc, 256, 19448.000000, 364544, 1052672, 157632
malloc, 256, 19415.000000, 364800, 1052672, 157664
malloc, 256, 19425.000000, 365056, 1052672, 157696
malloc, 256, 19382.000000, 365312, 1052672, 157728
malloc, 256, 21377.000000, 365568, 1052672, 157760
malloc, 256, 19974.000000, 365824, 1052672, 157792
malloc, 256, 19518.000000, 366080, 1052672, 157824
malloc, 256, 19460.000000, 366336, 1052672, 157856
malloc, 256, 19441.000000, 366592, 1052672, 157888
malloc, 256, 19480.000000, 366848, 1052672, 157920
malloc, 256, 19512.000000, 367104, 1052672, 157952
malloc, 256, 19550.000000, 367360, 1052672, 157984
malloc, 256, 19476.000000, 367616, 1052672, 158016
malloc, 256, 19423.000000, 367872, 1052672, 158048
malloc, 256, 19539.000000, 368128, 1052672, 158080
malloc, 256, 21818.000000, 368384, 1052672, 158112
malloc, 256, 19697.000000, 368640, 1052672, 158144
malloc, 256, 19588.000000, 368896, 1052672, 158176
malloc, 256, 20867.000000, 369152, 1052672, 158208
malloc, 256, 20117.000000, 369408, 1052672, 158240
malloc, 256, 19737.000000, 369664, 1052672, 158272
malloc, 256, 19824.000000, 369920, 1052672, 158304
malloc, 256, 19649.000000, 370176, 1052672, 158336
malloc, 256, 19678.000000, 370432, 1052672, 158368
malloc, 256, 19602.000000, 370688, 1052672, 158400
malloc, 256, 19657.000000, 370944, 1052672, 158432
malloc, 256, 19798.000000, 371200, 1052672, 158464
malloc, 256, 19733.000000, 371456, 1052672, 158496
malloc, 256, 19733.000000, 371712, 1052672, 158528
malloc, 256, 19747.000000, 371968, 1052672, 158560
malloc, 256, 19751.000000, 372224, 1052672, 158592
malloc, 256, 19706.000000, 372480, 1052672, 158624
malloc, 256, 19601.000000, 372736, 1052672, 158656
malloc, 256, 20856.000000, 372992, 1052672, 158688
malloc, 256, 20071.000000, 373248, 1052672, 158720
malloc, 256, 19846.000000, 373504, 1052672, 158752
malloc, 256, 19745.000000, 373760, 1052672, 158784
malloc, 256, 19727.000000, 374016, 1052672, 158816
malloc, 256, 19682.000000, 374272, 1052672, 158848
malloc, 256, 19708.000000, 374528, 1052672, 158880
malloc, 256, 19709.000000, 374784, 1052672, 158912
malloc, 256, 19791.000000, 375040, 1052672, 158944
malloc, 256, 19849.000000, 375296, 1052672, 158976
malloc, 256, 19653.000000, 375552, 1052672, 159008
malloc, 256, 19656.000000, 375808, 1052672, 159040
malloc, 256, 19777.000000, 376064, 1052672, 159072
malloc, 256, 19870.000000, 376320, 1052672, 159104
malloc, 256, 20855.000000, 376576, 1052672, 159136
malloc, 256, 20121.000000, 376832, 1052672, 159168
malloc, 256, 19654.000000, 377088, 1052672, 159200
malloc, 256, 19789.000000, 377344, 1052672, 159232
malloc, 256, 19801.000000, 377600, 1052672, 159264
malloc, 256, 19797.000000, 377856, 1052672, 159296
malloc, 256, 19864.000000, 378112, 1052672, 159328
malloc, 256, 19716.000000, 378368, 1052672, 159360
malloc, 256, 19668.000000, 378624, 1052672, 159392
malloc, 256, 19714.000000, 378880, 1052672, 159424
malloc, 256, 19759.000000, 379136, 1052672, 159456
malloc, 256, 19812.000000, 379392, 1052672, 159488
malloc, 256, 19631.000000, 379648, 1052672, 159520
malloc, 256, 19773.000000, 379904, 1052672, 159552
malloc, 256, 20925.000000, 380160, 1052672, 159584
malloc, 256, 20146.000000, 380416, 1052672, 159616
malloc, 256, 21919.000000, 380672, 1052672, 159648
malloc, 256, 20214.000000, 380928, 1052672, 159680
malloc, 256, 19952.000000, 381184, 1052672, 159712
malloc, 256, 19927.000000, 381440, 1052672, 159744
malloc, 256, 20057.000000, 381696, 1052672, 159776
malloc, 256, 20064.000000, 381952, 1052672, 159808
malloc, 256, 20045.000000, 382208, 1052672, 159840
malloc, 256, 19994.000000, 382464, 1052672, 159872
malloc, 256, 19980.000000, 382720, 1052672, 159904
malloc, 256, 20018.000000, 382976, 1052672, 159936
malloc, 256, 19960.000000, 383232, 1052672, 159968
malloc, 256, 19838.000000, 383488, 1052672, 160000
malloc, 256, 21099.000000, 383744, 1052672, 160032
malloc, 256, 20370.000000, 384000, 1052672, 160064
free, 64, 65.000000, 383936, 1052672, 160000
free, 64, 31.000000, 383872, 1052672, 159936
free, 64, 23.000000, 383808, 1052672, 159872
free, 64, 23.000000, 383744, 1052672, 159808
free, 64, 26.000000, 383680, 1052672, 159744
free, 64, 23.000000, 383616, 1052672, 159680
free, 64, 23.000000, 383552, 1052672, 159616
free, 64, 25.000000, 383488, 1052672, 159552
free, 64, 24.000000, 383424, 1052672, 159488
free, 64, 25.000000, 383360, 1052672, 159424
free, 64, 27.000000, 383296, 1052672, 159360
free, 64, 25.000000, 383232, 1052672, 159296
free, 64, 25.000000, 383168, 1052672, 159232
free, 64, 24.000000, 383104, 1052672, 159168
free, 64, 25.000000, 383040, 1052672, 159104
free, 64, 25.000000, 382976, 1052672, 159040
free, 64, 25.000000, 382912, 1052672, 158976
free, 64, 26.000000, 382848, 1052672, 158912
free, 64, 35.000000, 382784, 1052672, 158848
free, 64, 33.000000, 382720, 1052672, 158784
free, 64, 34.000000, 382656, 1052672, 158720
free, 64, 25.000000, 382592, 1052672, 158656
free, 64, 24.000000, 382528, 1052672, 158592
free, 64, 26.000000, 382464, 1052672, 158528
free, 64, 25.000000, 382400, 1052672, 158464
free, 64, 25.000000, 382336, 1052672, 158400
free, 64, 25.000000, 382272, 1052672, 158336
free, 64, 27.000000, 382208, 1052672, 158272
free, 64, 23.000000, 382144, 1052672, 158208
free, 64, 26.000000, 382080, 1052672, 158144
free, 64, 23.000000, 382016, 1052672, 158080
free, 64, 24.000000, 381952, 1052672, 158016
free, 64, 23.000000, 381888, 1052672, 157952
free, 64, 24.000000, 381824, 1052672, 157888
free, 64, 24.000000, 381760, 1052672, 157824
free, 64, 23.000000, 381696, 1052672, 157760
free, 64, 23.000000, 381632, 1052672, 157696
free, 64, 25.000000, 381568, 1052672, 157632
free, 64, 25.000000, 381504, 1052672, 157568
free, 64, 25.000000, 381440, 1052672, 157504
free, 64, 25.000000, 381376, 1052672, 157440
free, 64, 26.000000, 381312, 1052672, 157376
free, 64, 25.000000, 381248, 1052672, 157312
free, 64, 24.000000, 381184, 1052672, 157248
free, 64, 24.000000, 381120, 1052672, 157184
free, 64, 26.000000, 381056, 1052672, 157120
free, 64, 29.000000, 380992, 1052672, 157056
free, 64, 24.000000, 380928, 1052672, 156992
free, 64, 23.000000, 380864, 1052672, 156928
free, 64, 25.000000, 380800, 1052672, 156864
free, 64, 23.000000, 380736, 1052672, 156800
free, 64, 24.000000, 380672, 1052672, 156736
free, 64, 24.000000, 380608, 1052672, 156672
free, 64, 26.000000, 380544, 1052672, 156608
free, 64, 25.000000, 380480, 1052672, 156544
free, 64, 23.000000, 380416, 1052672, 156480
free, 64, 25.000000, 380352, 1052672, 156416
free, 64, 25.000000, 380288, 1052672, 156352
free, 64, 25.000000, 380224, 1052672, 156288
free, 64, 24.000000, 380160, 1052672, 156224
free, 64, 25.000000, 380096, 1052672, 156160
free, 64, 25.000000, 380032, 1052672, 156096
free, 64, 24.000000, 379968, 1052672, 156032
free, 64, 33.000000, 379904, 1052672, 155968
free, 64, 24.000000, 379840, 1052672, 155904
free, 64, 26.000000, 379776, 1052672, 155840
free, 64, 26.000000, 379712, 1052672, 155776
free, 64, 25.000000, 379648, 1052672, 155712
free, 64, 26.000000, 379584, 1052672, 155648
free, 64, 25.000000, 379520, 1052672, 155584
free, 64, 24.000000, 379456, 1052672, 155520
free, 64, 25.000000, 379392, 1052672, 155456
free, 64, 24.000000, 379328, 1052672, 155392
free, 64, 25.000000, 379264, 1052672, 155328
free, 64, 27.000000, 379200, 1052672, 155264
free, 64, 27.000000, 379136, 1052672, 155200
free, 64, 25.000000, 379072, 1052672, 155136
free, 64, 26.000000, 379008, 1052672, 155072
free, 64, 26.000000, 378944, 1052672, 155008
free, 64, 26.000000, 378880, 1052672, 154944
free, 64, 24.000000, 378816, 1052672, 154880
free, 64, 30.000000, 378752, 1052672, 154816
free, 64, 27.000000, 378688, 1052672, 154752
free, 64, 35.000000, 378624, 1052672, 154688
free, 64, 33.000000, 378560, 1052672, 154624
free, 64, 24.000000, 378496, 1052672, 154560
free, 64, 25.000000, 378432, 1052672, 154496
free, 64, 24.000000, 378368, 1052672, 154432
free, 64, 26.000000, 378304, 1052672, 154368
free, 64, 24.000000, 378240, 1052672, 154304
free, 64, 23.000000, 378176, 1052672, 154240
free, 64, 23.000000, 378112, 1052672, 154176
free, 64, 23.000000, 378048, 1052672, 154112
free, 64, 22.000000, 377984, 1052672, 154048
free, 64, 24.000000, 377920, 1052672, 153984
free, 64, 25.000000, 377856, 1052672, 153920
free, 64, 24.000000, 377792, 1052672, 153856
free, 64, 24.000000, 377728, 1052672, 153792
free, 64, 23.000000, 377664, 1052672, 153728
free, 64, 26.000000, 377600, 1052672, 153664
free, 64, 24.000000, 377536, 1052672, 153600
free, 64, 27.000000, 377472, 1052672, 153536
free, 64, 26.000000, 377408, 1052672, 153472
free, 64, 25.000000, 377344, 1052672, 153408
free, 64, 25.000000, 377280, 1052672, 153344
free, 64, 29.000000, 377216, 1052672, 153280
free, 64, 33.000000, 377152, 1052672, 153216
free, 64, 25.000000, 377088, 1052672, 153152
free, 64, 25.000000, 377024, 1052672, 153088
free, 64, 24.000000, 376960, 1052672, 153024
free, 64, 27.000000, 376896, 1052672, 152960
free, 64, 23.000000, 376832, 1052672, 152896
free, 64, 23.000000, 376768, 1052672, 152832
free, 64, 34.000000, 376704, 1052672, 152768
free, 64, 26.000000, 376640, 1052672, 152704
free, 64, 24.000000, 376576, 1052672, 152640
free, 64, 23.000000, 376512, 1052672, 152576
free, 64, 26.000000, 376448, 1052672, 152512
free, 64, 23.000000, 376384, 1052672, 152448
free, 64, 24.000000, 376320, 1052672, 152384
free, 64, 24.000000, 376256, 1052672, 152320
free, 64, 25.000000, 376192, 1052672, 152256
free, 64, 36.000000, 376128, 1052672, 152192
free, 64, 24.000000, 376064, 1052672, 152128
free, 64, 25.000000, 376000, 1052672, 152064
free, 64, 25.000000, 375936, 1052672, 152000
free, 64, 23.000000, 375872, 1052672, 151936
free, 64, 29.000000, 375808, 1052672, 151872
free, 64, 26.000000, 375744, 1052672, 151808
free, 64, 25.000000, 375680, 1052672, 151744
free, 64, 25.000000, 375616, 1052672, 151680
free, 64, 24.000000, 375552, 1052672, 151616
free, 64, 23.000000, 375488, 1052672, 151552
free, 64, 24.000000, 375424, 1052672, 151488
free, 64, 26.000000, 375360, 1052672, 151424
free, 64, 23.000000, 375296, 1052672, 151360
free, 64, 22.000000, 375232, 1052672, 151296
free, 64, 23.000000, 375168, 1052672, 151232
free, 64, 23.000000, 375104, 1052672, 151168
free, 64, 25.000000, 375040, 1052672, 151104
free, 64, 24.000000, 374976, 1052672, 151040
free, 64, 23.000000, 374912, 1052672, 150976
free, 64, 25.000000, 374848, 1052672, 150912
free, 64, 25.000000, 374784, 1052672, 150848
free, 64, 25.000000, 374720, 1052672, 150784
free, 64, 23.000000, 374656, 1052672, 150720
free, 64, 25.000000, 374592, 1052672, 150656
free, 64, 25.000000, 374528, 1052672, 150592
free, 64, 31.000000, 374464, 1052672, 150528
free, 64, 23.000000, 374400, 1052672, 150464
free, 64, 23.000000, 374336, 1052672, 150400
free, 64, 22.000000, 374272, 1052672, 150336
free, 64, 23.000000, 374208, 1052672, 150272
free, 64, 24.000000, 374144, 1052672, 150208
free, 64, 23.000000, 374080, 1052672, 150144
free, 64, 25.000000, 374016, 1052672, 150080
free, 64, 23.000000, 373952, 1052672, 150016
free, 64, 25.000000, 373888, 1052672, 149952
free, 64, 24.000000, 373824, 1052672, 149888
free, 64, 25.000000, 373760, 1052672, 149824
free, 64, 25.000000, 373696, 1052672, 149760
free, 64, 26.000000, 373632, 1052672, 149696
free, 64, 25.000000, 373568, 1052672, 149632
free, 64, 24.000000, 373504, 1052672, 149568
free, 64, 25.000000, 373440, 1052672, 149504
free, 64, 26.000000, 373376, 1052672, 149440
free, 64, 24.000000, 373312, 1052672, 149376
free, 64, 26.000000, 373248, 1052672, 149312
free, 64, 25.000000, 373184, 1052672, 149248
free, 64, 27.000000, 373120, 1052672, 149184
free, 64, 30.000000, 373056, 1052672, 149120
free, 64, 24.000000, 372992, 1052672, 149056
free, 64, 23.000000, 372928, 1052672, 148992
free, 64, 26.000000, 372864, 1052672, 148928
free, 64, 26.000000, 372800, 1052672, 148864
free, 64, 24.000000, 372736, 1052672, 148800
free, 64, 24.000000, 372672, 1052672, 148736
free, 64, 25.000000, 372608, 1052672, 148672
free, 64, 24.000000, 372544, 1052672, 148608
free, 64, 24.000000, 372480, 1052672, 148544
free, 64, 24.000000, 372416, 1052672, 148480
free, 64, 25.000000, 372352, 1052672, 148416
free, 64, 24.000000, 372288, 1052672, 148352
free, 64, 25.000000, 372224, 1052672, 148288
free, 64, 25.000000, 372160, 1052672, 148224
free, 64, 25.000000, 372096, 1052672, 148160
free, 64, 24.000000, 372032, 1052672, 148096
free, 64, 26.000000, 371968, 1052672, 148032
free, 64, 23.000000, 371904, 1052672, 147968
free, 64, 23.000000, 371840, 1052672, 147904
free, 64, 25.000000, 371776, 1052672, 147840
free, 64, 33.000000, 371712, 1052672, 147776
free, 64, 23.000000, 371648, 1052672, 147712
free, 64, 25.000000, 371584, 1052672, 147648
free, 64, 25.000000, 371520, 1052672, 147584
free, 64, 25.000000, 371456, 1052672, 147520
free, 64, 23.000000, 371392, 1052672, 147456
free, 64, 25.000000, 371328, 1052672, 147392
free, 64, 23.000000, 371264, 1052672, 147328
free, 64, 24.000000, 371200, 1052672, 147264
free, 64, 24.000000, 371136, 1052672, 147200
free, 64, 25.000000, 371072, 1052672, 147136
free, 64, 25.000000, 371008, 1052672, 147072
free, 64, 24.000000, 370944, 1052672, 147008
free, 64, 24.000000, 370880, 1052672, 146944
free, 64, 22.000000, 370816, 1052672, 146880
free, 64, 26.000000, 370752, 1052672, 146816
free, 64, 24.000000, 370688, 1052672, 146752
free, 64, 24.000000, 370624, 1052672, 146688
free, 64, 25.000000, 370560, 1052672, 146624
free, 64, 23.000000, 370496, 1052672, 146560
free, 64, 23.000000, 370432, 1052672, 146496
free, 64, 33.000000, 370368, 1052672, 146432
free, 64, 26.000000, 370304, 1052672, 146368
free, 64, 25.000000, 370240, 1052672, 146304
free, 64, 23.000000, 370176, 1052672, 146240
free, 64, 25.000000, 370112, 1052672, 146176
free, 64, 25.000000, 370048, 1052672, 146112
free, 64, 25.000000, 369984, 1052672, 146048
free, 64, 25.000000, 369920, 1052672, 145984
free, 64, 24.000000, 369856, 1052672, 145920
free, 64, 24.000000, 369792, 1052672, 145856
free, 64, 24.000000, 369728, 1052672, 145792
free, 64, 24.000000, 369664, 1052672, 145728
free, 64, 25.000000, 369600, 1052672, 145664
free, 64, 23.000000, 369536, 1052672, 145600
free, 64, 24.000000, 369472, 1052672, 145536
free, 64, 25.000000, 369408, 1052672, 145472
free, 64, 24.000000, 369344, 1052672, 145408
free, 64, 25.000000, 369280, 1052672, 145344
free, 64, 27.000000, 369216, 1052672, 145280
free, 64, 25.000000, 369152, 1052672, 145216
free, 64, 25.000000, 369088, 1052672, 145152
free, 64, 26.000000, 369024, 1052672, 145088
free, 64, 33.000000, 368960, 1052672, 145024
free, 64, 24.000000, 368896, 1052672, 144960
free, 64, 24.000000, 368832, 1052672, 144896
free, 64, 26.000000, 368768, 1052672, 144832
free, 64, 27.000000, 368704, 1052672, 144768
free, 64, 24.000000, 368640, 1052672, 144704
free, 64, 24.000000, 368576, 1052672, 144640
free, 64, 26.000000, 368512, 1052672, 144576
free, 64, 25.000000, 368448, 1052672, 144512
free, 64, 25.000000, 368384, 1052672, 144448
free, 64, 24.000000, 368320, 1052672, 144384
free, 64, 25.000000, 368256, 1052672, 144320
free, 64, 22.000000, 368192, 1052672, 144256
free, 64, 24.000000, 368128, 1052672, 144192
free, 64, 21.000000, 368064, 1052672, 144128
free, 64, 24.000000, 368000, 1052672, 144064
free, 64, 23.000000, 367936, 1052672, 144000
free, 64, 25.000000, 367872, 1052672, 143936
free, 64, 24.000000, 367808, 1052672, 143872
free, 64, 25.000000, 367744, 1052672, 143808
free, 64, 24.000000, 367680, 1052672, 143744
free, 64, 31.000000, 367616, 1052672, 143680
free, 64, 25.000000, 367552, 1052672, 143616
free, 64, 23.000000, 367488, 1052672, 143552
free, 64, 25.000000, 367424, 1052672, 143488
free, 64, 23.000000, 367360, 1052672, 143424
free, 64, 24.000000, 367296, 1052672, 143360
free, 64, 24.000000, 367232, 1052672, 143296
free, 64, 24.000000, 367168, 1052672, 143232
free, 64, 26.000000, 367104, 1052672, 143168
free, 64, 24.000000, 367040, 1052672, 143104
free, 64, 26.000000, 366976, 1052672, 143040
free, 64, 34.000000, 366912, 1052672, 142976
free, 64, 26.000000, 366848, 1052672, 142912
free, 64, 24.000000, 366784, 1052672, 142848
free, 64, 24.000000, 366720, 1052672, 142784
free, 64, 26.000000, 366656, 1052672, 142720
free, 64, 25.000000, 366592, 1052672, 142656
free, 64, 25.000000, 366528, 1052672, 142592
free, 64, 25.000000, 366464, 1052672, 142528
free, 64, 25.000000, 366400, 1052672, 142464
free, 64, 25.000000, 366336, 1052672, 142400
free, 64, 32.000000, 366272, 1052672, 142336
free, 64, 24.000000, 366208, 1052672, 142272
free, 64, 24.000000, 366144, 1052672, 142208
free, 64, 24.000000, 366080, 1052672, 142144
free, 64, 25.000000, 366016, 1052672, 142080
free, 64, 25.000000, 365952, 1052672, 142016
free, 64, 24.000000, 365888, 1052672, 141952
free, 64, 23.000000, 365824, 1052672, 141888
free, 64, 24.000000, 365760, 1052672, 141824
free, 64, 25.000000, 365696, 1052672, 141760
free, 64, 26.000000, 365632, 1052672, 141696
free, 64, 24.000000, 365568, 1052672, 141632
free, 64, 25.000000, 365504, 1052672, 141568
free, 64, 25.000000, 365440, 1052672, 141504
free, 64, 26.000000, 365376, 1052672, 141440
free, 64, 24.000000, 365312, 1052672, 141376
free, 64, 25.000000, 365248, 1052672, 141312
free, 64, 23.000000, 365184, 1052672, 141248
free, 64, 25.000000, 365120, 1052672, 141184
free, 64, 22.000000, 365056, 1052672, 141120
free, 64, 24.000000, 364992, 1052672, 141056
free, 64, 26.000000, 364928, 1052672, 140992
free, 64, 25.000000, 364864, 1052672, 140928
free, 64, 33.000000, 364800, 1052672, 140864
free, 64, 25.000000, 364736, 1052672, 140800
free, 64, 27.000000, 364672, 1052672, 140736
free, 64, 26.000000, 364608, 1052672, 140672
free, 64, 24.000000, 364544, 1052672, 140608
free, 64, 26.000000, 364480, 1052672, 140544
free, 64, 25.000000, 364416, 1052672, 140480
free, 64, 24.000000, 364352, 1052672, 140416
free, 64, 26.000000, 364288, 1052672, 140352
free, 64, 25.000000, 364224, 1052672, 140288
free, 64, 26.000000, 364160, 1052672, 140224
free, 64, 25.000000, 364096, 1052672, 140160
free, 64, 25.000000, 364032, 1052672, 140096
free, 64, 24.000000, 363968, 1052672, 140032
free, 64, 24.000000, 363904, 1052672, 139968
free, 64, 26.000000, 363840, 1052672, 139904
free, 64, 24.000000, 363776, 1052672, 139840
free, 64, 25.000000, 363712, 1052672, 139776
free, 64, 24.000000, 363648, 1052672, 139712
free, 64, 25.000000, 363584, 1052672, 139648
free, 64, 35.000000, 363520, 1052672, 139584
free, 64, 24.000000, 363456, 1052672, 139520
free, 64, 24.000000, 363392, 1052672, 139456
free, 64, 26.000000, 363328, 1052672, 139392
free, 64, 26.000000, 363264, 1052672, 139328
free, 64, 24.000000, 363200, 1052672, 139264
free, 64, 24.000000, 363136, 1052672, 139200
free, 64, 24.000000, 363072, 1052672, 139136
free, 64, 25.000000, 363008, 1052672, 139072
free, 64, 25.000000, 362944, 1052672, 139008
free, 64, 25.000000, 362880, 1052672, 138944
free, 64, 24.000000, 362816, 1052672, 138880
free, 64, 24.000000, 362752, 1052672, 138816
free, 64, 25.000000, 362688, 1052672, 138752
free, 64, 25.000000, 362624, 1052672, 138688
free, 64, 26.000000, 362560, 1052672, 138624
free, 64, 23.000000, 362496, 1052672, 138560
free, 64, 24.000000, 362432, 1052672, 138496
free, 64, 23.000000, 362368, 1052672, 138432
free, 64, 25.000000, 362304, 1052672, 138368
free, 64, 24.000000, 362240, 1052672, 138304
free, 64, 35.000000, 362176, 1052672, 138240
free, 64, 25.000000, 362112, 1052672, 138176
free, 64, 24.000000, 362048, 1052672, 138112
free, 64, 24.000000, 361984, 1052672, 138048
free, 64, 25.000000, 361920, 1052672, 137984
free, 64, 23.000000, 361856, 1052672, 137920
free, 64, 26.000000, 361792, 1052672, 137856
free, 64, 24.000000, 361728, 1052672, 137792
free, 64, 24.000000, 361664, 1052672, 137728
free, 64, 24.000000, 361600, 1052672, 137664
free, 64, 22.000000, 361536, 1052672, 137600
free, 64, 23.000000, 361472, 1052672, 137536
free, 64, 23.000000, 361408, 1052672, 137472
free, 64, 26.000000, 361344, 1052672, 137408
free, 64, 23.000000, 361280, 1052672, 137344
free, 64, 23.000000, 361216, 1052672, 137280
free, 64, 25.000000, 361152, 1052672, 137216
free, 64, 24.000000, 361088, 1052672, 137152
free, 64, 25.000000, 361024, 1052672, 137088
free, 64, 36.000000, 360960, 1052672, 137024
free, 64, 24.000000, 360896, 1052672, 136960
free, 64, 26.000000, 360832, 1052672, 136896
free, 64, 25.000000, 360768, 1052672, 136832
free, 64, 25.000000, 360704, 1052672, 136768
free, 64, 25.000000, 360640, 1052672, 136704
free, 64, 26.000000, 360576, 1052672, 136640
free, 64, 28.000000, 360512, 1052672, 136576
free, 64, 26.000000, 360448, 1052672, 136512
free, 64, 36.000000, 360384, 1052672, 136448
free, 64, 25.000000, 360320, 1052672, 136384
free, 64, 23.000000, 360256, 1052672, 136320
free, 64, 23.000000, 360192, 1052672, 136256
free, 64, 25.000000, 360128, 1052672, 136192
free, 64, 26.000000, 360064, 1052672, 136128
free, 64, 24.000000, 360000, 1052672, 136064
free, 64, 26.000000, 359936, 1052672, 136000
free, 64, 25.000000, 359872, 1052672, 135936
free, 64, 26.000000, 359808, 1052672, 135872
free, 64, 25.000000, 359744, 1052672, 135808
free, 64, 24.000000, 359680, 1052672, 135744
free, 64, 25.000000, 359616, 1052672, 135680
free, 64, 34.000000, 359552, 1052672, 135616
free, 64, 24.000000, 359488, 1052672, 135552
free, 64, 31.000000, 359424, 1052672, 135488
free, 64, 23.000000, 359360, 1052672, 135424
free, 64, 23.000000, 359296, 1052672, 135360
free, 64, 25.000000, 359232, 1052672, 135296
free, 64, 25.000000, 359168, 1052672, 135232
free, 64, 23.000000, 359104, 1052672, 135168
free, 64, 24.000000, 359040, 1052672, 135104
free, 64, 25.000000, 358976, 1052672, 135040
free, 64, 25.000000, 358912, 1052672, 134976
free, 64, 24.000000, 358848, 1052672, 134912
free, 64, 24.000000, 358784, 1052672, 134848
free, 64, 36.000000, 358720, 1052672, 134784
free, 64, 25.000000, 358656, 1052672, 134720
free, 64, 24.000000, 358592, 1052672, 134656
free, 64, 26.000000, 358528, 1052672, 134592
free, 64, 23.000000, 358464, 1052672, 134528
free, 64, 26.000000, 358400, 1052672, 134464
free, 64, 24.000000, 358336, 1052672, 134400
free, 64, 24.000000, 358272, 1052672, 134336
free, 64, 23.000000, 358208, 1052672, 134272
free, 64, 24.000000, 358144, 1052672, 134208
free, 64, 35.000000, 358080, 1052672, 134144
free, 64, 26.000000, 358016, 1052672, 134080
free, 64, 25.000000, 357952, 1052672, 134016
free, 64, 26.000000, 357888, 1052672, 133952
free, 64, 26.000000, 357824, 1052672, 133888
free, 64, 25.000000, 357760, 1052672, 133824
free, 64, 27.000000, 357696, 1052672, 133760
free, 64, 27.000000, 357632, 1052672, 133696
free, 64, 27.000000, 357568, 1052672, 133632
free, 64, 25.000000, 357504, 1052672, 133568
free, 64, 27.000000, 357440, 1052672, 133504
free, 64, 26.000000, 357376, 1052672, 133440
free, 64, 26.000000, 357312, 1052672, 133376
free, 64, 25.000000, 357248, 1052672, 133312
free, 64, 27.000000, 357184, 1052672, 133248
free, 64, 26.000000, 357120, 1052672, 133184
free, 64, 24.000000, 357056, 1052672, 133120
free, 64, 27.000000, 356992, 1052672, 133056
free, 64, 25.000000, 356928, 1052672, 132992
free, 64, 27.000000, 356864, 1052672, 132928
free, 64, 24.000000, 356800, 1052672, 132864
free, 64, 27.000000, 356736, 1052672, 132800
free, 64, 25.000000, 356672, 1052672, 132736
free, 64, 25.000000, 356608, 1052672, 132672
free, 64, 25.000000, 356544, 1052672, 132608
free, 64, 25.000000, 356480, 1052672, 132544
free, 64, 26.000000, 356416, 1052672, 132480
free, 64, 25.000000, 356352, 1052672, 132416
free, 64, 23.000000, 356288, 1052672, 132352
free, 64, 24.000000, 356224, 1052672, 132288
free, 64, 25.000000, 356160, 1052672, 132224
free, 64, 23.000000, 356096, 1052672, 132160
free, 64, 34.000000, 356032, 1052672, 132096
free, 64, 25.000000, 355968, 1052672, 132032
free, 64, 24.000000, 355904, 1052672, 131968
free, 64, 24.000000, 355840, 1052672, 131904
free, 64, 26.000000, 355776, 1052672, 131840
free, 64, 25.000000, 355712, 1052672, 131776
free, 64, 24.000000, 355648, 1052672, 131712
free, 64, 25.000000, 355584, 1052672, 131648
free, 64, 22.000000, 355520, 1052672, 131584
free, 64, 30.000000, 355456, 1052672, 131520
free, 64, 26.000000, 355392, 1052672, 131456
free, 64, 31.000000, 355328, 1052672, 131392
free, 64, 25.000000, 355264, 1052672, 131328
free, 64, 24.000000, 355200, 1052672, 131264
free, 64, 25.000000, 355136, 1052672, 131200
free, 64, 26.000000, 355072, 1052672, 131136
free, 64, 25.000000, 355008, 1052672, 131072
free, 64, 26.000000, 354944, 1052672, 131008
free, 64, 25.000000, 354880, 1052672, 130944
free, 64, 36.000000, 354816, 1052672, 130880
free, 64, 24.000000, 354752, 1052672, 130816
free, 64, 23.000000, 354688, 1052672, 130752
free, 64, 25.000000, 354624, 1052672, 130688
free, 64, 25.000000, 354560, 1052672, 130624
free, 64, 24.000000, 354496, 1052672, 130560
free, 64, 24.000000, 354432, 1052672, 130496
free, 64, 24.000000, 354368, 1052672, 130432
free, 64, 23.000000, 354304, 1052672, 130368
free, 64, 25.000000, 354240, 1052672, 130304
free, 64, 26.000000, 354176, 1052672, 130240
free, 64, 24.000000, 354112, 1052672, 130176
free, 64, 25.000000, 354048, 1052672, 130112
free, 64, 31.000000, 353984, 1052672, 130048
free, 64, 24.000000, 353920, 1052672, 129984
free, 64, 25.000000, 353856, 1052672, 129920
free, 64, 24.000000, 353792, 1052672, 129856
free, 64, 25.000000, 353728, 1052672, 129792
free, 64, 25.000000, 353664, 1052672, 129728
free, 64, 25.000000, 353600, 1052672, 129664
free, 64, 26.000000, 353536, 1052672, 129600
free, 64, 25.000000, 353472, 1052672, 129536
free, 64, 22.000000, 353408, 1052672, 129472
free, 64, 25.000000, 353344, 1052672, 129408
free, 64, 25.000000, 353280, 1052672, 129344
free, 64, 24.000000, 353216, 1052672, 129280
free, 64, 25.000000, 353152, 1052672, 129216
free, 64, 25.000000, 353088, 1052672, 129152
free, 64, 24.000000, 353024, 1052672, 129088
free, 64, 26.000000, 352960, 1052672, 129024
free, 64, 25.000000, 352896, 1052672, 128960
free, 64, 25.000000, 352832, 1052672, 128896
free, 64, 27.000000, 352768, 1052672, 128832
free, 64, 25.000000, 352704, 1052672, 128768
free, 64, 35.000000, 352640, 1052672, 128704
free, 64, 25.000000, 352576, 1052672, 128640
free, 64, 24.000000, 352512, 1052672, 128576
free, 64, 23.000000, 352448, 1052672, 128512
free, 64, 24.000000, 352384, 1052672, 128448
free, 64, 27.000000, 352320, 1052672, 128384
free, 64, 24.000000, 352256, 1052672, 128320
free, 64, 25.000000, 352192, 1052672, 128256
free, 64, 26.000000, 352128, 1052672, 128192
free, 64, 25.000000, 352064, 1052672, 128128
free, 64, 24.000000, 352000, 1052672, 128064
free, 64, 24.000000, 351936, 1052672, 128000
free, 64, 25.000000, 351872, 1052672, 127936
free, 64, 24.000000, 351808, 1052672, 127872
free, 64, 23.000000, 351744, 1052672, 127808
free, 64, 24.000000, 351680, 1052672, 127744
free, 64, 24.000000, 351616, 1052672, 127680
free, 64, 24.000000, 351552, 1052672, 127616
free, 64, 24.000000, 351488, 1052672, 127552
free, 64, 26.000000, 351424, 1052672, 127488
free, 64, 26.000000, 351360, 1052672, 127424
free, 64, 25.000000, 351296, 1052672, 127360
free, 64, 32.000000, 351232, 1052672, 127296
free, 64, 25.000000, 351168, 1052672, 127232
free, 64, 24.000000, 351104, 1052672, 127168
free, 64, 23.000000, 351040, 1052672, 127104
free, 64, 24.000000, 350976, 1052672, 127040
free, 64, 25.000000, 350912, 1052672, 126976
free, 64, 24.000000, 350848, 1052672, 126912
free, 64, 24.000000, 350784, 1052672, 126848
free, 64, 24.000000, 350720, 1052672, 126784
free, 64, 23.000000, 350656, 1052672, 126720
free, 64, 25.000000, 350592, 1052672, 126656
free, 64, 24.000000, 350528, 1052672, 126592
free, 64, 25.000000, 350464, 1052672, 126528
free, 64, 24.000000, 350400, 1052672, 126464
free, 64, 26.000000, 350336, 1052672, 126400
free, 64, 25.000000, 350272, 1052672, 126336
free, 64, 24.000000, 350208, 1052672, 126272
free, 64, 24.000000, 350144, 1052672, 126208
free, 64, 25.000000, 350080, 1052672, 126144
free, 64, 24.000000, 350016, 1052672, 126080
free, 64, 24.000000, 349952, 1052672, 126016
free, 64, 36.000000, 349888, 1052672, 125952
free, 64, 26.000000, 349824, 1052672, 125888
free, 64, 23.000000, 349760, 1052672, 125824
free, 64, 25.000000, 349696, 1052672, 125760
free, 64, 25.000000, 349632, 1052672, 125696
free, 64, 25.000000, 349568, 1052672, 125632
free, 64, 26.000000, 349504, 1052672, 125568
free, 64, 34.000000, 349440, 1052672, 125504
free, 64, 24.000000, 349376, 1052672, 125440
free, 64, 24.000000, 349312, 1052672, 125376
free, 64, 25.000000, 349248, 1052672, 125312
free, 64, 24.000000, 349184, 1052672, 125248
free, 64, 24.000000, 349120, 1052672, 125184
free, 64, 25.000000, 349056, 1052672, 125120
free, 64, 25.000000, 348992, 1052672, 125056
free, 64, 24.000000, 348928, 1052672, 124992
free, 64, 24.000000, 348864, 1052672, 124928
free, 64, 26.000000, 348800, 1052672, 124864
free, 64, 25.000000, 348736, 1052672, 124800
free, 64, 23.000000, 348672, 1052672, 124736
free, 64, 25.000000, 348608, 1052672, 124672
free, 64, 27.000000, 348544, 1052672, 124608
free, 64, 25.000000, 348480, 1052672, 124544
free, 64, 28.000000, 348416, 1052672, 124480
free, 64, 25.000000, 348352, 1052672, 124416
free, 64, 25.000000, 348288, 1052672, 124352
free, 64, 28.000000, 348224, 1052672, 124288
free, 64, 24.000000, 348160, 1052672, 124224
free, 64, 26.000000, 348096, 1052672, 124160
free, 64, 24.000000, 348032, 1052672, 124096
free, 64, 25.000000, 347968, 1052672, 124032
free, 64, 25.000000, 347904, 1052672, 123968
free, 64, 26.000000, 347840, 1052672, 123904
free, 64, 26.000000, 347776, 1052672, 123840
free, 64, 26.000000, 347712, 1052672, 123776
free, 64, 27.000000, 347648, 1052672, 123712
free, 64, 25.000000, 347584, 1052672, 123648
free, 64, 26.000000, 347520, 1052672, 123584
free, 64, 24.000000, 347456, 1052672, 123520
free, 64, 23.000000, 347392, 1052672, 123456
free, 64, 24.000000, 347328, 1052672, 123392
free, 64, 23.000000, 347264, 1052672, 123328
free, 64, 22.000000, 347200, 1052672, 123264
free, 64, 29.000000, 347136, 1052672, 123200
free, 64, 24.000000, 347072, 1052672, 123136
free, 64, 24.000000, 347008, 1052672, 123072
free, 64, 25.000000, 346944, 1052672, 123008
free, 64, 24.000000, 346880, 1052672, 122944
free, 64, 24.000000, 346816, 1052672, 122880
free, 64, 26.000000, 346752, 1052672, 122816
free, 64, 24.000000, 346688, 1052672, 122752
free, 64, 24.000000, 346624, 1052672, 122688
free, 64, 24.000000, 346560, 1052672, 122624
free, 64, 24.000000, 346496, 1052672, 122560
free, 64, 24.000000, 346432, 1052672, 122496
free, 64, 26.000000, 346368, 1052672, 122432
free, 64, 24.000000, 346304, 1052672, 122368
free, 64, 25.000000, 346240, 1052672, 122304
free, 64, 23.000000, 346176, 1052672, 122240
free, 64, 25.000000, 346112, 1052672, 122176
free, 64, 24.000000, 346048, 1052672, 122112
free, 64, 25.000000, 345984, 1052672, 122048
free, 64, 26.000000, 345920, 1052672, 121984
free, 64, 24.000000, 345856, 1052672, 121920
free, 64, 32.000000, 345792, 1052672, 121856
free, 64, 24.000000, 345728, 1052672, 121792
free, 64, 25.000000, 345664, 1052672, 121728
free, 64, 26.000000, 345600, 1052672, 121664
free, 64, 25.000000, 345536, 1052672, 121600
free, 64, 25.000000, 345472, 1052672, 121536
free, 64, 24.000000, 345408, 1052672, 121472
free, 64, 23.000000, 345344, 1052672, 121408
free, 64, 25.000000, 345280, 1052672, 121344
free, 64, 25.000000, 345216, 1052672, 121280
free, 64, 24.000000, 345152, 1052672, 121216
free, 64, 25.000000, 345088, 1052672, 121152
free, 64, 25.000000, 345024, 1052672, 121088
free, 64, 25.000000, 344960, 1052672, 121024
free, 64, 24.000000, 344896, 1052672, 120960
free, 64, 24.000000, 344832, 1052672, 120896
free, 64, 26.000000, 344768, 1052672, 120832
free, 64, 25.000000, 344704, 1052672, 120768
free, 64, 24.000000, 344640, 1052672, 120704
free, 64, 25.000000, 344576, 1052672, 120640
free, 64, 25.000000, 344512, 1052672, 120576
free, 64, 27.000000, 344448, 1052672, 120512
free, 64, 25.000000, 344384, 1052672, 120448
free, 64, 26.000000, 344320, 1052672, 120384
free, 64, 26.000000, 344256, 1052672, 120320
free, 64, 25.000000, 344192, 1052672, 120256
free, 64, 29.000000, 344128, 1052672, 120192
free, 64, 24.000000, 344064, 1052672, 120128
free, 64, 24.000000, 344000, 1052672, 120064
free, 64, 25.000000, 343936, 1052672, 120000
free, 64, 24.000000, 343872, 1052672, 119936
free, 64, 29.000000, 343808, 1052672, 119872
free, 64, 26.000000, 343744, 1052672, 119808
free, 64, 25.000000, 343680, 1052672, 119744
free, 64, 24.000000, 343616, 1052672, 119680
free, 64, 24.000000, 343552, 1052672, 119616
free, 64, 29.000000, 343488, 1052672, 119552
free, 64, 24.000000, 343424, 1052672, 119488
free, 64, 25.000000, 343360, 1052672, 119424
free, 64, 24.000000, 343296, 1052672, 119360
free, 64, 23.000000, 343232, 1052672, 119296
free, 64, 25.000000, 343168, 1052672, 119232
free, 64, 34.000000, 343104, 1052672, 119168
free, 64, 31.000000, 343040, 1052672, 119104
free, 64, 24.000000, 342976, 1052672, 119040
free, 64, 24.000000, 342912, 1052672, 118976
free, 64, 24.000000, 342848, 1052672, 118912
free, 64, 24.000000, 342784, 1052672, 118848
free, 64, 24.000000, 342720, 1052672, 118784
free, 64, 24.000000, 342656, 1052672, 118720
free, 64, 23.000000, 342592, 1052672, 118656
free, 64, 36.000000, 342528, 1052672, 118592
free, 64, 25.000000, 342464, 1052672, 118528
free, 64, 26.000000, 342400, 1052672, 118464
free, 64, 25.000000, 342336, 1052672, 118400
free, 64, 22.000000, 342272, 1052672, 118336
free, 64, 23.000000, 342208, 1052672, 118272
free, 64, 24.000000, 342144, 1052672, 118208
free, 64, 23.000000, 342080, 1052672, 118144
free, 64, 25.000000, 342016, 1052672, 118080
free, 64, 24.000000, 341952, 1052672, 118016
free, 64, 24.000000, 341888, 1052672, 117952
free, 64, 26.000000, 341824, 1052672, 117888
free, 64, 25.000000, 341760, 1052672, 117824
free, 64, 31.000000, 341696, 1052672, 117760
free, 64, 25.000000, 341632, 1052672, 117696
free, 64, 25.000000, 341568, 1052672, 117632
free, 64, 25.000000, 341504, 1052672, 117568
free, 64, 25.000000, 341440, 1052672, 117504
free, 64, 25.000000, 341376, 1052672, 117440
free, 64, 25.000000, 341312, 1052672, 117376
free, 64, 24.000000, 341248, 1052672, 117312
free, 64, 25.000000, 341184, 1052672, 117248
free, 64, 26.000000, 341120, 1052672, 117184
free, 64, 25.000000, 341056, 1052672, 117120
free, 64, 24.000000, 340992, 1052672, 117056
free, 64, 24.000000, 340928, 1052672, 116992
free, 64, 24.000000, 340864, 1052672, 116928
free, 64, 24.000000, 340800, 1052672, 116864
free, 64, 25.000000, 340736, 1052672, 116800
free, 64, 25.000000, 340672, 1052672, 116736
free, 64, 25.000000, 340608, 1052672, 116672
free, 64, 24.000000, 340544, 1052672, 116608
free, 64, 26.000000, 340480, 1052672, 116544
free, 64, 25.000000, 340416, 1052672, 116480
free, 64, 25.000000, 340352, 1052672, 116416
free, 64, 23.000000, 340288, 1052672, 116352
free, 64, 23.000000, 340224, 1052672, 116288
free, 64, 25.000000, 340160, 1052672, 116224
free, 64, 23.000000, 340096, 1052672, 116160
free, 64, 28.000000, 340032, 1052672, 116096
free, 64, 26.000000, 339968, 1052672, 116032
free, 64, 24.000000, 339904, 1052672, 115968
free, 64, 25.000000, 339840, 1052672, 115904
free, 64, 25.000000, 339776, 1052672, 115840
free, 64, 24.000000, 339712, 1052672, 115776
free, 64, 26.000000, 339648, 1052672, 115712
free, 64, 25.000000, 339584, 1052672, 115648
free, 64, 25.000000, 339520, 1052672, 115584
free, 64, 24.000000, 339456, 1052672, 115520
free, 64, 23.000000, 339392, 1052672, 115456
free, 64, 24.000000, 339328, 1052672, 115392
free, 64, 22.000000, 339264, 1052672, 115328
free, 64, 25.000000, 339200, 1052672, 115264
free, 64, 25.000000, 339136, 1052672, 115200
free, 64, 24.000000, 339072, 1052672, 115136
free, 64, 25.000000, 339008, 1052672, 115072
free, 64, 32.000000, 338944, 1052672, 115008
free, 64, 25.000000, 338880, 1052672, 114944
free, 64, 23.000000, 338816, 1052672, 114880
free, 64, 23.000000, 338752, 1052672, 114816
free, 64, 24.000000, 338688, 1052672, 114752
free, 64, 24.000000, 338624, 1052672, 114688
free, 64, 24.000000, 338560, 1052672, 114624
free, 64, 24.000000, 338496, 1052672, 114560
free, 64, 26.000000, 338432, 1052672, 114496
free, 64, 25.000000, 338368, 1052672, 114432
free, 64, 23.000000, 338304, 1052672, 114368
free, 64, 22.000000, 338240, 1052672, 114304
free, 64, 23.000000, 338176, 1052672, 114240
free, 64, 24.000000, 338112, 1052672, 114176
free, 64, 23.000000, 338048, 1052672, 114112
free, 64, 24.000000, 337984, 1052672, 114048
free, 64, 23.000000, 337920, 1052672, 113984
free, 64, 24.000000, 337856, 1052672, 113920
free, 64, 36.000000, 337792, 1052672, 113856
free, 64, 24.000000, 337728, 1052672, 113792
free, 64, 26.000000, 337664, 1052672, 113728
free, 64, 35.000000, 337600, 1052672, 113664
free, 64, 24.000000, 337536, 1052672, 113600
free, 64, 25.000000, 337472, 1052672, 113536
free, 64, 26.000000, 337408, 1052672, 113472
free, 64, 25.000000, 337344, 1052672, 113408
free, 64, 23.000000, 337280, 1052672, 113344
free, 64, 23.000000, 337216, 1052672, 113280
free, 64, 24.000000, 337152, 1052672, 113216
free, 64, 25.000000, 337088, 1052672, 113152
free, 64, 24.000000, 337024, 1052672, 113088
free, 64, 24.000000, 336960, 1052672, 113024
free, 64, 23.000000, 336896, 1052672, 112960
free, 64, 24.000000, 336832, 1052672, 112896
free, 64, 23.000000, 336768, 1052672, 112832
free, 64, 25.000000, 336704, 1052672, 112768
free, 64, 23.000000, 336640, 1052672, 112704
free, 64, 24.000000, 336576, 1052672, 112640
free, 64, 25.000000, 336512, 1052672, 112576
free, 64, 24.000000, 336448, 1052672, 112512
free, 64, 26.000000, 336384, 1052672, 112448
free, 64, 23.000000, 336320, 1052672, 112384
free, 64, 27.000000, 336256, 1052672, 112320
free, 64, 26.000000, 336192, 1052672, 112256
free, 64, 26.000000, 336128, 1052672, 112192
free, 64, 25.000000, 336064, 1052672, 112128
free, 64, 25.000000, 336000, 1052672, 112064
free, 64, 28.000000, 335936, 1052672, 112000
free, 64, 28.000000, 335872, 1052672, 111936
free, 64, 25.000000, 335808, 1052672, 111872
free, 64, 25.000000, 335744, 1052672, 111808
free, 64, 25.000000, 335680, 1052672, 111744
free, 64, 25.000000, 335616, 1052672, 111680
free, 64, 24.000000, 335552, 1052672, 111616
free, 64, 26.000000, 335488, 1052672, 111552
free, 64, 24.000000, 335424, 1052672, 111488
free, 64, 27.000000, 335360, 1052672, 111424
free, 64, 26.000000, 335296, 1052672, 111360
free, 64, 26.000000, 335232, 1052672, 111296
free, 64, 27.000000, 335168, 1052672, 111232
free, 64, 26.000000, 335104, 1052672, 111168
free, 64, 26.000000, 335040, 1052672, 111104
free, 64, 25.000000, 334976, 1052672, 111040
free, 64, 26.000000, 334912, 1052672, 110976
free, 64, 32.000000, 334848, 1052672, 110912
free, 64, 24.000000, 334784, 1052672, 110848
free, 64, 25.000000, 334720, 1052672, 110784
free, 64, 27.000000, 334656, 1052672, 110720
free, 64, 24.000000, 334592, 1052672, 110656
free, 64, 24.000000, 334528, 1052672, 110592
free, 64, 24.000000, 334464, 1052672, 110528
free, 64, 25.000000, 334400, 1052672, 110464
free, 64, 25.000000, 334336, 1052672, 110400
free, 64, 25.000000, 334272, 1052672, 110336
free, 64, 26.000000, 334208, 1052672, 110272
free, 64, 26.000000, 334144, 1052672, 110208
free, 64, 25.000000, 334080, 1052672, 110144
free, 64, 25.000000, 334016, 1052672, 110080
free, 64, 23.000000, 333952, 1052672, 110016
free, 64, 25.000000, 333888, 1052672, 109952
free, 64, 26.000000, 333824, 1052672, 109888
free, 64, 23.000000, 333760, 1052672, 109824
free, 64, 23.000000, 333696, 1052672, 109760
free, 64, 25.000000, 333632, 1052672, 109696
free, 64, 26.000000, 333568, 1052672, 109632
free, 64, 33.000000, 333504, 1052672, 109568
free, 64, 25.000000, 333440, 1052672, 109504
free, 64, 24.000000, 333376, 1052672, 109440
free, 64, 24.000000, 333312, 1052672, 109376
free, 64, 24.000000, 333248, 1052672, 109312
free, 64, 24.000000, 333184, 1052672, 109248
free, 64, 23.000000, 333120, 1052672, 109184
free, 64, 23.000000, 333056, 1052672, 109120
free, 64, 23.000000, 332992, 1052672, 109056
free, 64, 21.000000, 332928, 1052672, 108992
free, 64, 25.000000, 332864, 1052672, 108928
free, 64, 24.000000, 332800, 1052672, 108864
free, 64, 26.000000, 332736, 1052672, 108800
free, 64, 25.000000, 332672, 1052672, 108736
free, 64, 24.000000, 332608, 1052672, 108672
free, 64, 23.000000, 332544, 1052672, 108608
free, 64, 25.000000, 332480, 1052672, 108544
free, 64, 25.000000, 332416, 1052672, 108480
free, 64, 24.000000, 332352, 1052672, 108416
free, 64, 22.000000, 332288, 1052672, 108352
free, 64, 24.000000, 332224, 1052672, 108288
free, 64, 37.000000, 332160, 1052672, 108224
free, 64, 32.000000, 332096, 1052672, 108160
free, 64, 23.000000, 332032, 1052672, 108096
free, 64, 25.000000, 331968, 1052672, 108032
free, 64, 24.000000, 331904, 1052672, 107968
free, 64, 28.000000, 331840, 1052672, 107904
free, 64, 25.000000, 331776, 1052672, 107840
free, 64, 23.000000, 331712, 1052672, 107776
free, 64, 23.000000, 331648, 1052672, 107712
free, 64, 25.000000, 331584, 1052672, 107648
free, 64, 24.000000, 331520, 1052672, 107584
free, 64, 24.000000, 331456, 1052672, 107520
free, 64, 23.000000, 331392, 1052672, 107456
free, 64, 23.000000, 331328, 1052672, 107392
free, 64, 23.000000, 331264, 1052672, 107328
free, 64, 25.000000, 331200, 1052672, 107264
free, 64, 24.000000, 331136, 1052672, 107200
free, 64, 24.000000, 331072, 1052672, 107136
free, 64, 23.000000, 331008, 1052672, 107072
free, 64, 22.000000, 330944, 1052672, 107008
free, 64, 23.000000, 330880, 1052672, 106944
free, 64, 24.000000, 330816, 1052672, 106880
free, 64, 30.000000, 330752, 1052672, 106816
free, 64, 25.000000, 330688, 1052672, 106752
free, 64, 25.000000, 330624, 1052672, 106688
free, 64, 24.000000, 330560, 1052672, 106624
free, 64, 23.000000, 330496, 1052672, 106560
free, 64, 25.000000, 330432, 1052672, 106496
free, 64, 26.000000, 330368, 1052672, 106432
free, 64, 25.000000, 330304, 1052672, 106368
free, 64, 24.000000, 330240, 1052672, 106304
free, 64, 25.000000, 330176, 1052672, 106240
free, 64, 25.000000, 330112, 1052672, 106176
free, 64, 26.000000, 330048, 1052672, 106112
free, 64, 23.000000, 329984, 1052672, 106048
free, 64, 23.000000, 329920, 1052672, 105984
free, 64, 23.000000, 329856, 1052672, 105920
free, 64, 23.000000, 329792, 1052672, 105856
free, 64, 25.000000, 329728, 1052672, 105792
free, 64, 35.000000, 329664, 1052672, 105728
free, 64, 25.000000, 329600, 1052672, 105664
free, 64, 26.000000, 329536, 1052672, 105600
free, 64, 25.000000, 329472, 1052672, 105536
free, 64, 35.000000, 329408, 1052672, 105472
free, 64, 25.000000, 329344, 1052672, 105408
free, 64, 23.000000, 329280, 1052672, 105344
free, 64, 25.000000, 329216, 1052672, 105280
free, 64, 24.000000, 329152, 1052672, 105216
free, 64, 24.000000, 329088, 1052672, 105152
free, 64, 23.000000, 329024, 1052672, 105088
free, 64, 25.000000, 328960, 1052672, 105024
free, 64, 25.000000, 328896, 1052672, 104960
free, 64, 24.000000, 328832, 1052672, 104896
free, 64, 24.000000, 328768, 1052672, 104832
free, 64, 24.000000, 328704, 1052672, 104768
free, 64, 26.000000, 328640, 1052672, 104704
free, 64, 24.000000, 328576, 1052672, 104640
free, 64, 23.000000, 328512, 1052672, 104576
free, 64, 24.000000, 328448, 1052672, 104512
free, 64, 24.000000, 328384, 1052672, 104448
free, 64, 24.000000, 328320, 1052672, 104384
free, 64, 23.000000, 328256, 1052672, 104320
free, 64, 23.000000, 328192, 1052672, 104256
free, 64, 24.000000, 328128, 1052672, 104192
free, 64, 26.000000, 328064, 1052672, 104128
free, 64, 24.000000, 328000, 1052672, 104064
free, 64, 24.000000, 327936, 1052672, 104000
free, 64, 25.000000, 327872, 1052672, 103936
free, 64, 24.000000, 327808, 1052672, 103872
free, 64, 26.000000, 327744, 1052672, 103808
free, 64, 24.000000, 327680, 1052672, 103744
free, 64, 25.000000, 327616, 1052672, 103680
free, 64, 24.000000, 327552, 1052672, 103616
free, 64, 24.000000, 327488, 1052672, 103552
free, 64, 23.000000, 327424, 1052672, 103488
free, 64, 22.000000, 327360, 1052672, 103424
free, 64, 24.000000, 327296, 1052672, 103360
free, 64, 24.000000, 327232, 1052672, 103296
free, 64, 24.000000, 327168, 1052672, 103232
free, 64, 25.000000, 327104, 1052672, 103168
free, 64, 23.000000, 327040, 1052672, 103104
free, 64, 24.000000, 326976, 1052672, 103040
free, 64, 25.000000, 326912, 1052672, 102976
free, 64, 23.000000, 326848, 1052672, 102912
free, 64, 24.000000, 326784, 1052672, 102848
free, 64, 22.000000, 326720, 1052672, 102784
free, 64, 30.000000, 326656, 1052672, 102720
free, 64, 23.000000, 326592, 1052672, 102656
free, 64, 26.000000, 326528, 1052672, 102592
free, 64, 25.000000, 326464, 1052672, 102528
free, 64, 26.000000, 326400, 1052672, 102464
free, 64, 26.000000, 326336, 1052672, 102400
free, 64, 26.000000, 326272, 1052672, 102336
free, 64, 23.000000, 326208, 1052672, 102272
free, 64, 23.000000, 326144, 1052672, 102208
free, 64, 23.000000, 326080, 1052672, 102144
free, 64, 23.000000, 326016, 1052672, 102080
free, 64, 24.000000, 325952, 1052672, 102016
free, 64, 25.000000, 325888, 1052672, 101952
free, 64, 25.000000, 325824, 1052672, 101888
free, 64, 23.000000, 325760, 1052672, 101824
free, 64, 25.000000, 325696, 1052672, 101760
free, 64, 26.000000, 325632, 1052672, 101696
free, 64, 25.000000, 325568, 1052672, 101632
free, 64, 23.000000, 325504, 1052672, 101568
free, 64, 36.000000, 325440, 1052672, 101504
free, 64, 23.000000, 325376, 1052672, 101440
free, 64, 32.000000, 325312, 1052672, 101376
free, 64, 26.000000, 325248, 1052672, 101312
free, 64, 23.000000, 325184, 1052672, 101248
free, 64, 25.000000, 325120, 1052672, 101184
free, 64, 24.000000, 325056, 1052672, 101120
free, 64, 25.000000, 324992, 1052672, 101056
free, 64, 25.000000, 324928, 1052672, 100992
free, 64, 24.000000, 324864, 1052672, 100928
free, 64, 25.000000, 324800, 1052672, 100864
free, 64, 25.000000, 324736, 1052672, 100800
free, 64, 25.000000, 324672, 1052672, 100736
free, 64, 24.000000, 324608, 1052672, 100672
free, 64, 23.000000, 324544, 1052672, 100608
free, 64, 25.000000, 324480, 1052672, 100544
free, 64, 25.000000, 324416, 1052672, 100480
free, 64, 25.000000, 324352, 1052672, 100416
free, 64, 23.000000, 324288, 1052672, 100352
free, 64, 25.000000, 324224, 1052672, 100288
free, 64, 25.000000, 324160, 1052672, 100224
free, 64, 25.000000, 324096, 1052672, 100160
free, 64, 24.000000, 324032, 1052672, 100096
free, 64, 27.000000, 323968, 1052672, 100032
free, 64, 24.000000, 323904, 1052672, 99968
free, 64, 24.000000, 323840, 1052672, 99904
free, 64, 25.000000, 323776, 1052672, 99840
free, 64, 24.000000, 323712, 1052672, 99776
free, 64, 29.000000, 323648, 1052672, 99712
free, 64, 24.000000, 323584, 1052672, 99648
free, 64, 23.000000, 323520, 1052672, 99584
free, 64, 24.000000, 323456, 1052672, 99520
free, 64, 22.000000, 323392, 1052672, 99456
free, 64, 26.000000, 323328, 1052672, 99392
free, 64, 23.000000, 323264, 1052672, 99328
free, 64, 23.000000, 323200, 1052672, 99264
free, 64, 24.000000, 323136, 1052672, 99200
free, 64, 23.000000, 323072, 1052672, 99136
free, 64, 23.000000, 323008, 1052672, 99072
free, 64, 22.000000, 322944, 1052672, 99008
free, 64, 25.000000, 322880, 1052672, 98944
free, 64, 25.000000, 322816, 1052672, 98880
free, 64, 26.000000, 322752, 1052672, 98816
free, 64, 22.000000, 322688, 1052672, 98752
free, 64, 24.000000, 322624, 1052672, 98688
free, 64, 30.000000, 322560, 1052672, 98624
free, 64, 23.000000, 322496, 1052672, 98560
free, 64, 26.000000, 322432, 1052672, 98496
free, 64, 24.000000, 322368, 1052672, 98432
free, 64, 24.000000, 322304, 1052672, 98368
free, 64, 26.000000, 322240, 1052672, 98304
free, 64, 23.000000, 322176, 1052672, 98240
free, 64, 24.000000, 322112, 1052672, 98176
free, 64, 23.000000, 322048, 1052672, 98112
free, 64, 25.000000, 321984, 1052672, 98048
free, 64, 24.000000, 321920, 1052672, 97984
free, 64, 24.000000, 321856, 1052672, 97920
free, 64, 23.000000, 321792, 1052672, 97856
free, 64, 25.000000, 321728, 1052672, 97792
free, 64, 25.000000, 321664, 1052672, 97728
free, 64, 22.000000, 321600, 1052672, 97664
free, 64, 25.000000, 321536, 1052672, 97600
free, 64, 24.000000, 321472, 1052672, 97536
free, 64, 26.000000, 321408, 1052672, 97472
free, 64, 23.000000, 321344, 1052672, 97408
free, 64, 25.000000, 321280, 1052672, 97344
free, 64, 31.000000, 321216, 1052672, 97280
free, 64, 29.000000, 321152, 1052672, 97216
free, 64, 26.000000, 321088, 1052672, 97152
free, 64, 24.000000, 321024, 1052672, 97088
free, 64, 25.000000, 320960, 1052672, 97024
free, 64, 25.000000, 320896, 1052672, 96960
free, 64, 25.000000, 320832, 1052672, 96896
free, 64, 23.000000, 320768, 1052672, 96832
free, 64, 24.000000, 320704, 1052672, 96768
free, 64, 23.000000, 320640, 1052672, 96704
free, 64, 24.000000, 320576, 1052672, 96640
free, 64, 24.000000, 320512, 1052672, 96576
free, 64, 26.000000, 320448, 1052672, 96512
free, 64, 25.000000, 320384, 1052672, 96448
free, 64, 25.000000, 320320, 1052672, 96384
free, 64, 25.000000, 320256, 1052672, 96320
free, 64, 27.000000, 320192, 1052672, 96256
free, 64, 25.000000, 320128, 1052672, 96192
free, 64, 24.000000, 320064, 1052672, 96128
free, 64, 25.000000, 320000, 1052672, 96064
free, 64, 26.000000, 319936, 1052672, 96000
free, 64, 27.000000, 319872, 1052672, 95936
free, 64, 34.000000, 319808, 1052672, 95872
free, 64, 22.000000, 319744, 1052672, 95808
free, 64, 23.000000, 319680, 1052672, 95744
free, 64, 25.000000, 319616, 1052672, 95680
free, 64, 25.000000, 319552, 1052672, 95616
free, 64, 23.000000, 319488, 1052672, 95552
free, 64, 24.000000, 319424, 1052672, 95488
free, 64, 23.000000, 319360, 1052672, 95424
free, 64, 24.000000, 319296, 1052672, 95360
free, 64, 26.000000, 319232, 1052672, 95296
free, 64, 25.000000, 319168, 1052672, 95232
free, 64, 25.000000, 319104, 1052672, 95168
free, 64, 23.000000, 319040, 1052672, 95104
free, 64, 22.000000, 318976, 1052672, 95040
free, 64, 25.000000, 318912, 1052672, 94976
free, 64, 24.000000, 318848, 1052672, 94912
free, 64, 24.000000, 318784, 1052672, 94848
free, 64, 23.000000, 318720, 1052672, 94784
free, 64, 24.000000, 318656, 1052672, 94720
free, 64, 22.000000, 318592, 1052672, 94656
free, 64, 27.000000, 318528, 1052672, 94592
free, 64, 34.000000, 318464, 1052672, 94528
free, 64, 22.000000, 318400, 1052672, 94464
free, 64, 23.000000, 318336, 1052672, 94400
free, 64, 25.000000, 318272, 1052672, 94336
free, 64, 24.000000, 318208, 1052672, 94272
free, 64, 25.000000, 318144, 1052672, 94208
free, 64, 25.000000, 318080, 1052672, 94144
free, 64, 25.000000, 318016, 1052672, 94080
free, 64, 25.000000, 317952, 1052672, 94016
free, 64, 24.000000, 317888, 1052672, 93952
free, 64, 25.000000, 317824, 1052672, 93888
free, 64, 26.000000, 317760, 1052672, 93824
free, 64, 24.000000, 317696, 1052672, 93760
free, 64, 23.000000, 317632, 1052672, 93696
free, 64, 23.000000, 317568, 1052672, 93632
free, 64, 24.000000, 317504, 1052672, 93568
free, 64, 25.000000, 317440, 1052672, 93504
free, 64, 25.000000, 317376, 1052672, 93440
free, 64, 26.000000, 317312, 1052672, 93376
free, 64, 25.000000, 317248, 1052672, 93312
free, 64, 24.000000, 317184, 1052672, 93248
free, 64, 39.000000, 317120, 1052672, 93184
free, 64, 23.000000, 317056, 1052672, 93120
free, 64, 24.000000, 316992, 1052672, 93056
free, 64, 24.000000, 316928, 1052672, 92992
free, 64, 24.000000, 316864, 1052672, 92928
free, 64, 24.000000, 316800, 1052672, 92864
free, 64, 25.000000, 316736, 1052672, 92800
free, 64, 26.000000, 316672, 1052672, 92736
free, 64, 25.000000, 316608, 1052672, 92672
free, 64, 23.000000, 316544, 1052672, 92608
free, 64, 24.000000, 316480, 1052672, 92544
free, 64, 23.000000, 316416, 1052672, 92480
free, 64, 24.000000, 316352, 1052672, 92416
free, 64, 35.000000, 316288, 1052672, 92352
free, 64, 24.000000, 316224, 1052672, 92288
free, 64, 25.000000, 316160, 1052672, 92224
free, 64, 24.000000, 316096, 1052672, 92160
free, 64, 26.000000, 316032, 1052672, 92096
free, 64, 24.000000, 315968, 1052672, 92032
free, 64, 23.000000, 315904, 1052672, 91968
free, 64, 26.000000, 315840, 1052672, 91904
free, 64, 27.000000, 315776, 1052672, 91840
free, 64, 30.000000, 315712, 1052672, 91776
free, 64, 24.000000, 315648, 1052672, 91712
free, 64, 23.000000, 315584, 1052672, 91648
free, 64, 34.000000, 315520, 1052672, 91584
free, 64, 34.000000, 315456, 1052672, 91520
free, 64, 26.000000, 315392, 1052672, 91456
free, 64, 26.000000, 315328, 1052672, 91392
free, 64, 26.000000, 315264, 1052672, 91328
free, 64, 25.000000, 315200, 1052672, 91264
free, 64, 25.000000, 315136, 1052672, 91200
free, 64, 26.000000, 315072, 1052672, 91136
free, 64, 25.000000, 315008, 1052672, 91072
free, 64, 23.000000, 314944, 1052672, 91008
free, 64, 35.000000, 314880, 1052672, 90944
free, 64, 26.000000, 314816, 1052672, 90880
free, 64, 25.000000, 314752, 1052672, 90816
free, 64, 25.000000, 314688, 1052672, 90752
free, 64, 25.000000, 314624, 1052672, 90688
free, 64, 22.000000, 314560, 1052672, 90624
free, 64, 26.000000, 314496, 1052672, 90560
free, 64, 24.000000, 314432, 1052672, 90496
free, 64, 31.000000, 314368, 1052672, 90432
free, 64, 27.000000, 314304, 1052672, 90368
free, 64, 26.000000, 314240, 1052672, 90304
free, 64, 26.000000, 314176, 1052672, 90240
free, 64, 24.000000, 314112, 1052672, 90176
free, 64, 24.000000, 314048, 1052672, 90112
free, 64, 27.000000, 313984, 1052672, 90048
free, 64, 25.000000, 313920, 1052672, 89984
free, 64, 24.000000, 313856, 1052672, 89920
free, 64, 27.000000, 313792, 1052672, 89856
free, 64, 25.000000, 313728, 1052672, 89792
free, 64, 26.000000, 313664, 1052672, 89728
free, 64, 25.000000, 313600, 1052672, 89664
free, 64, 25.000000, 313536, 1052672, 89600
free, 64, 25.000000, 313472, 1052672, 89536
free, 64, 27.000000, 313408, 1052672, 89472
free, 64, 26.000000, 313344, 1052672, 89408
free, 64, 26.000000, 313280, 1052672, 89344
free, 64, 27.000000, 313216, 1052672, 89280
free, 64, 27.000000, 313152, 1052672, 89216
free, 64, 26.000000, 313088, 1052672, 89152
free, 64, 33.000000, 313024, 1052672, 89088
free, 64, 23.000000, 312960, 1052672, 89024
free, 64, 23.000000, 312896, 1052672, 88960
free, 64, 24.000000, 312832, 1052672, 88896
free, 64, 26.000000, 312768, 1052672, 88832
free, 64, 23.000000, 312704, 1052672, 88768
free, 64, 25.000000, 312640, 1052672, 88704
free, 64, 24.000000, 312576, 1052672, 88640
free, 64, 23.000000, 312512, 1052672, 88576
free, 64, 23.000000, 312448, 1052672, 88512
free, 64, 23.000000, 312384, 1052672, 88448
free, 64, 23.000000, 312320, 1052672, 88384
free, 64, 26.000000, 312256, 1052672, 88320
free, 64, 23.000000, 312192, 1052672, 88256
free, 64, 24.000000, 312128, 1052672, 88192
free, 64, 23.000000, 312064, 1052672, 88128
free, 64, 24.000000, 312000, 1052672, 88064
free, 64, 25.000000, 311936, 1052672, 88000
free, 64, 24.000000, 311872, 1052672, 87936
free, 64, 23.000000, 311808, 1052672, 87872
free, 64, 27.000000, 311744, 1052672, 87808
free, 64, 27.000000, 311680, 1052672, 87744
free, 64, 34.000000, 311616, 1052672, 87680
free, 64, 25.000000, 311552, 1052672, 87616
free, 64, 24.000000, 311488, 1052672, 87552
free, 64, 23.000000, 311424, 1052672, 87488
free, 64, 28.000000, 311360, 1052672, 87424
free, 64, 26.000000, 311296, 1052672, 87360
free, 64, 25.000000, 311232, 1052672, 87296
free, 64, 24.000000, 311168, 1052672, 87232
free, 64, 25.000000, 311104, 1052672, 87168
free, 64, 25.000000, 311040, 1052672, 87104
free, 64, 24.000000, 310976, 1052672, 87040
free, 64, 24.000000, 310912, 1052672, 86976
free, 64, 24.000000, 310848, 1052672, 86912
free, 64, 24.000000, 310784, 1052672, 86848
free, 64, 25.000000, 310720, 1052672, 86784
free, 64, 25.000000, 310656, 1052672, 86720
free, 64, 26.000000, 310592, 1052672, 86656
free, 64, 24.000000, 310528, 1052672, 86592
free, 64, 25.000000, 310464, 1052672, 86528
free, 64, 24.000000, 310400, 1052672, 86464
free, 64, 25.000000, 310336, 1052672, 86400
free, 64, 30.000000, 310272, 1052672, 86336
free, 64, 24.000000, 310208, 1052672, 86272
free, 64, 25.000000, 310144, 1052672, 86208
free, 64, 24.000000, 310080, 1052672, 86144
free, 64, 25.000000, 310016, 1052672, 86080
free, 64, 25.000000, 309952, 1052672, 86016
free, 64, 25.000000, 309888, 1052672, 85952
free, 64, 24.000000, 309824, 1052672, 85888
free, 64, 25.000000, 309760, 1052672, 85824
free, 64, 24.000000, 309696, 1052672, 85760
free, 64, 24.000000, 309632, 1052672, 85696
free, 64, 23.000000, 309568, 1052672, 85632
free, 64, 25.000000, 309504, 1052672, 85568
free, 64, 25.000000, 309440, 1052672, 85504
free, 64, 25.000000, 309376, 1052672, 85440
free, 64, 25.000000, 309312, 1052672, 85376
free, 64, 22.000000, 309248, 1052672, 85312
free, 64, 23.000000, 309184, 1052672, 85248
free, 64, 24.000000, 309120, 1052672, 85184
free, 64, 24.000000, 309056, 1052672, 85120
free, 64, 23.000000, 308992, 1052672, 85056
free, 64, 31.000000, 308928, 1052672, 84992
free, 64, 24.000000, 308864, 1052672, 84928
free, 64, 24.000000, 308800, 1052672, 84864
free, 64, 24.000000, 308736, 1052672, 84800
free, 64, 25.000000, 308672, 1052672, 84736
free, 64, 25.000000, 308608, 1052672, 84672
free, 64, 29.000000, 308544, 1052672, 84608
free, 64, 33.000000, 308480, 1052672, 84544
free, 64, 26.000000, 308416, 1052672, 84480
free, 64, 22.000000, 308352, 1052672, 84416
free, 64, 26.000000, 308288, 1052672, 84352
free, 64, 26.000000, 308224, 1052672, 84288
free, 64, 24.000000, 308160, 1052672, 84224
free, 64, 23.000000, 308096, 1052672, 84160
free, 64, 25.000000, 308032, 1052672, 84096
free, 64, 23.000000, 307968, 1052672, 84032
free, 64, 23.000000, 307904, 1052672, 83968
free, 64, 24.000000, 307840, 1052672, 83904
free, 64, 25.000000, 307776, 1052672, 83840
free, 64, 25.000000, 307712, 1052672, 83776
free, 64, 25.000000, 307648, 1052672, 83712
free, 64, 27.000000, 307584, 1052672, 83648
free, 64, 23.000000, 307520, 1052672, 83584
free, 64, 24.000000, 307456, 1052672, 83520
free, 64, 26.000000, 307392, 1052672, 83456
free, 64, 34.000000, 307328, 1052672, 83392
free, 64, 32.000000, 307264, 1052672, 83328
free, 64, 24.000000, 307200, 1052672, 83264
free, 64, 27.000000, 307136, 1052672, 83200
free, 64, 24.000000, 307072, 1052672, 83136
free, 64, 26.000000, 307008, 1052672, 83072
free, 64, 26.000000, 306944, 1052672, 83008
free, 64, 25.000000, 306880, 1052672, 82944
free, 64, 25.000000, 306816, 1052672, 82880
free, 64, 28.000000, 306752, 1052672, 82816
free, 64, 25.000000, 306688, 1052672, 82752
free, 64, 24.000000, 306624, 1052672, 82688
free, 64, 24.000000, 306560, 1052672, 82624
free, 64, 25.000000, 306496, 1052672, 82560
free, 64, 24.000000, 306432, 1052672, 82496
free, 64, 23.000000, 306368, 1052672, 82432
free, 64, 25.000000, 306304, 1052672, 82368
free, 64, 23.000000, 306240, 1052672, 82304
free, 64, 33.000000, 306176, 1052672, 82240
free, 64, 25.000000, 306112, 1052672, 82176
free, 64, 24.000000, 306048, 1052672, 82112
free, 64, 23.000000, 305984, 1052672, 82048
free, 64, 24.000000, 305920, 1052672, 81984
free, 64, 23.000000, 305856, 1052672, 81920
free, 64, 24.000000, 305792, 1052672, 81856
free, 64, 26.000000, 305728, 1052672, 81792
free, 64, 23.000000, 305664, 1052672, 81728
free, 64, 22.000000, 305600, 1052672, 81664
free, 64, 24.000000, 305536, 1052672, 81600
free, 64, 24.000000, 305472, 1052672, 81536
free, 64, 25.000000, 305408, 1052672, 81472
free, 64, 26.000000, 305344, 1052672, 81408
free, 64, 24.000000, 305280, 1052672, 81344
free, 64, 26.000000, 305216, 1052672, 81280
free, 64, 26.000000, 305152, 1052672, 81216
free, 64, 26.000000, 305088, 1052672, 81152
free, 64, 24.000000, 305024, 1052672, 81088
free, 64, 25.000000, 304960, 1052672, 81024
free, 64, 25.000000, 304896, 1052672, 80960
free, 64, 31.000000, 304832, 1052672, 80896
free, 64, 25.000000, 304768, 1052672, 80832
free, 64, 25.000000, 304704, 1052672, 80768
free, 64, 23.000000, 304640, 1052672, 80704
free, 64, 25.000000, 304576, 1052672, 80640
free, 64, 24.000000, 304512, 1052672, 80576
free, 64, 25.000000, 304448, 1052672, 80512
free, 64, 24.000000, 304384, 1052672, 80448
free, 64, 23.000000, 304320, 1052672, 80384
free, 64, 25.000000, 304256, 1052672, 80320
free, 64, 23.000000, 304192, 1052672, 80256
free, 64, 24.000000, 304128, 1052672, 80192
free, 64, 24.000000, 304064, 1052672, 80128
free, 64, 24.000000, 304000, 1052672, 80064
free, 64, 25.000000, 303936, 1052672, 80000
free, 64, 25.000000, 303872, 1052672, 79936
free, 64, 27.000000, 303808, 1052672, 79872
free, 64, 25.000000, 303744, 1052672, 79808
free, 64, 25.000000, 303680, 1052672, 79744
free, 64, 25.000000, 303616, 1052672, 79680
free, 64, 23.000000, 303552, 1052672, 79616
free, 64, 25.000000, 303488, 1052672, 79552
free, 64, 26.000000, 303424, 1052672, 79488
free, 64, 23.000000, 303360, 1052672, 79424
free, 64, 37.000000, 303296, 1052672, 79360
free, 64, 24.000000, 303232, 1052672, 79296
free, 64, 25.000000, 303168, 1052672, 79232
free, 64, 23.000000, 303104, 1052672, 79168
free, 64, 23.000000, 303040, 1052672, 79104
free, 64, 24.000000, 302976, 1052672, 79040
free, 64, 25.000000, 302912, 1052672, 78976
free, 64, 22.000000, 302848, 1052672, 78912
free, 64, 23.000000, 302784, 1052672, 78848
free, 64, 25.000000, 302720, 1052672, 78784
free, 64, 25.000000, 302656, 1052672, 78720
free, 64, 24.000000, 302592, 1052672, 78656
free, 64, 23.000000, 302528, 1052672, 78592
free, 64, 25.000000, 302464, 1052672, 78528
free, 64, 25.000000, 302400, 1052672, 78464
free, 64, 22.000000, 302336, 1052672, 78400
free, 64, 23.000000, 302272, 1052672, 78336
free, 64, 22.000000, 302208, 1052672, 78272
free, 64, 24.000000, 302144, 1052672, 78208
free, 64, 31.000000, 302080, 1052672, 78144
free, 64, 25.000000, 302016, 1052672, 78080
free, 64, 24.000000, 301952, 1052672, 78016
free, 64, 23.000000, 301888, 1052672, 77952
free, 64, 22.000000, 301824, 1052672, 77888
free, 64, 24.000000, 301760, 1052672, 77824
free, 64, 24.000000, 301696, 1052672, 77760
free, 64, 24.000000, 301632, 1052672, 77696
free, 64, 24.000000, 301568, 1052672, 77632
free, 64, 23.000000, 301504, 1052672, 77568
free, 64, 26.000000, 301440, 1052672, 77504
free, 64, 26.000000, 301376, 1052672, 77440
free, 64, 23.000000, 301312, 1052672, 77376
free, 64, 25.000000, 301248, 1052672, 77312
free, 64, 23.000000, 301184, 1052672, 77248
free, 64, 24.000000, 301120, 1052672, 77184
free, 64, 25.000000, 301056, 1052672, 77120
free, 64, 25.000000, 300992, 1052672, 77056
free, 64, 23.000000, 300928, 1052672, 76992
free, 64, 23.000000, 300864, 1052672, 76928
free, 64, 26.000000, 300800, 1052672, 76864
free, 64, 34.000000, 300736, 1052672, 76800
free, 64, 25.000000, 300672, 1052672, 76736
free, 64, 25.000000, 300608, 1052672, 76672
free, 64, 24.000000, 300544, 1052672, 76608
free, 64, 34.000000, 300480, 1052672, 76544
free, 64, 26.000000, 300416, 1052672, 76480
free, 64, 25.000000, 300352, 1052672, 76416
free, 64, 26.000000, 300288, 1052672, 76352
free, 64, 25.000000, 300224, 1052672, 76288
free, 64, 23.000000, 300160, 1052672, 76224
free, 64, 24.000000, 300096, 1052672, 76160
free, 64, 22.000000, 300032, 1052672, 76096
free, 64, 26.000000, 299968, 1052672, 76032
free, 64, 24.000000, 299904, 1052672, 75968
free, 64, 25.000000, 299840, 1052672, 75904
free, 64, 24.000000, 299776, 1052672, 75840
free, 64, 24.000000, 299712, 1052672, 75776
free, 64, 23.000000, 299648, 1052672, 75712
free, 64, 25.000000, 299584, 1052672, 75648
free, 64, 22.000000, 299520, 1052672, 75584
free, 64, 24.000000, 299456, 1052672, 75520
free, 64, 24.000000, 299392, 1052672, 75456
free, 64, 32.000000, 299328, 1052672, 75392
free, 64, 25.000000, 299264, 1052672, 75328
free, 64, 23.000000, 299200, 1052672, 75264
free, 64, 35.000000, 299136, 1052672, 75200
free, 64, 31.000000, 299072, 1052672, 75136
free, 64, 26.000000, 299008, 1052672, 75072
free, 64, 24.000000, 298944, 1052672, 75008
free, 64, 25.000000, 298880, 1052672, 74944
free, 64, 25.000000, 298816, 1052672, 74880
free, 64, 25.000000, 298752, 1052672, 74816
free, 64, 26.000000, 298688, 1052672, 74752
free, 64, 25.000000, 298624, 1052672, 74688
free, 64, 26.000000, 298560, 1052672, 74624
free, 64, 24.000000, 298496, 1052672, 74560
free, 64, 26.000000, 298432, 1052672, 74496
free, 64, 26.000000, 298368, 1052672, 74432
free, 64, 25.000000, 298304, 1052672, 74368
free, 64, 26.000000, 298240, 1052672, 74304
free, 64, 25.000000, 298176, 1052672, 74240
free, 64, 23.000000, 298112, 1052672, 74176
free, 64, 26.000000, 298048, 1052672, 74112
free, 64, 30.000000, 297984, 1052672, 74048
free, 64, 24.000000, 297920, 1052672, 73984
free, 64, 34.000000, 297856, 1052672, 73920
free, 64, 23.000000, 297792, 1052672, 73856
free, 64, 27.000000, 297728, 1052672, 73792
free, 64, 24.000000, 297664, 1052672, 73728
free, 64, 26.000000, 297600, 1052672, 73664
free, 64, 23.000000, 297536, 1052672, 73600
free, 64, 24.000000, 297472, 1052672, 73536
free, 64, 24.000000, 297408, 1052672, 73472
free, 64, 25.000000, 297344, 1052672, 73408
free, 64, 25.000000, 297280, 1052672, 73344
free, 64, 23.000000, 297216, 1052672, 73280
free, 64, 26.000000, 297152, 1052672, 73216
free, 64, 24.000000, 297088, 1052672, 73152
free, 64, 25.000000, 297024, 1052672, 73088
free, 64, 24.000000, 296960, 1052672, 73024
free, 64, 26.000000, 296896, 1052672, 72960
free, 64, 25.000000, 296832, 1052672, 72896
free, 64, 25.000000, 296768, 1052672, 72832
free, 64, 24.000000, 296704, 1052672, 72768
free, 64, 33.000000, 296640, 1052672, 72704
free, 64, 24.000000, 296576, 1052672, 72640
free, 64, 25.000000, 296512, 1052672, 72576
free, 64, 25.000000, 296448, 1052672, 72512
free, 64, 24.000000, 296384, 1052672, 72448
free, 64, 26.000000, 296320, 1052672, 72384
free, 64, 23.000000, 296256, 1052672, 72320
free, 64, 24.000000, 296192, 1052672, 72256
free, 64, 24.000000, 296128, 1052672, 72192
free, 64, 24.000000, 296064, 1052672, 72128
free, 64, 23.000000, 296000, 1052672, 72064
free, 64, 24.000000, 295936, 1052672, 72000
free, 64, 22.000000, 295872, 1052672, 71936
free, 64, 25.000000, 295808, 1052672, 71872
free, 64, 23.000000, 295744, 1052672, 71808
free, 64, 26.000000, 295680, 1052672, 71744
free, 64, 24.000000, 295616, 1052672, 71680
free, 64, 22.000000, 295552, 1052672, 71616
free, 64, 23.000000, 295488, 1052672, 71552
free, 64, 24.000000, 295424, 1052672, 71488
free, 64, 25.000000, 295360, 1052672, 71424
free, 64, 27.000000, 295296, 1052672, 71360
free, 64, 33.000000, 295232, 1052672, 71296
free, 64, 24.000000, 295168, 1052672, 71232
free, 64, 25.000000, 295104, 1052672, 71168
free, 64, 25.000000, 295040, 1052672, 71104
free, 64, 27.000000, 294976, 1052672, 71040
free, 64, 25.000000, 294912, 1052672, 70976
free, 64, 25.000000, 294848, 1052672, 70912
free, 64, 26.000000, 294784, 1052672, 70848
free, 64, 24.000000, 294720, 1052672, 70784
free, 64, 25.000000, 294656, 1052672, 70720
free, 64, 24.000000, 294592, 1052672, 70656
free, 64, 25.000000, 294528, 1052672, 70592
free, 64, 24.000000, 294464, 1052672, 70528
free, 64, 24.000000, 294400, 1052672, 70464
free, 64, 24.000000, 294336, 1052672, 70400
free, 64, 25.000000, 294272, 1052672, 70336
free, 64, 24.000000, 294208, 1052672, 70272
free, 64, 23.000000, 294144, 1052672, 70208
free, 64, 23.000000, 294080, 1052672, 70144
free, 64, 25.000000, 294016, 1052672, 70080
free, 64, 26.000000, 293952, 1052672, 70016
free, 64, 32.000000, 293888, 1052672, 69952
free, 64, 22.000000, 293824, 1052672, 69888
free, 64, 26.000000, 293760, 1052672, 69824
free, 64, 23.000000, 293696, 1052672, 69760
free, 64, 26.000000, 293632, 1052672, 69696
free, 64, 23.000000, 293568, 1052672, 69632
free, 64, 26.000000, 293504, 1052672, 69568
free, 64, 26.000000, 293440, 1052672, 69504
free, 64, 25.000000, 293376, 1052672, 69440
free, 64, 24.000000, 293312, 1052672, 69376
free, 64, 25.000000, 293248, 1052672, 69312
free, 64, 23.000000, 293184, 1052672, 69248
free, 64, 26.000000, 293120, 1052672, 69184
free, 64, 25.000000, 293056, 1052672, 69120
free, 64, 25.000000, 292992, 1052672, 69056
free, 64, 24.000000, 292928, 1052672, 68992
free, 64, 27.000000, 292864, 1052672, 68928
free, 64, 23.000000, 292800, 1052672, 68864
free, 64, 24.000000, 292736, 1052672, 68800
free, 64, 24.000000, 292672, 1052672, 68736
free, 64, 23.000000, 292608, 1052672, 68672
free, 64, 31.000000, 292544, 1052672, 68608
free, 64, 27.000000, 292480, 1052672, 68544
free, 64, 25.000000, 292416, 1052672, 68480
free, 64, 26.000000, 292352, 1052672, 68416
free, 64, 27.000000, 292288, 1052672, 68352
free, 64, 26.000000, 292224, 1052672, 68288
free, 64, 27.000000, 292160, 1052672, 68224
free, 64, 26.000000, 292096, 1052672, 68160
free, 64, 26.000000, 292032, 1052672, 68096
free, 64, 25.000000, 291968, 1052672, 68032
free, 64, 25.000000, 291904, 1052672, 67968
free, 64, 24.000000, 291840, 1052672, 67904
free, 64, 26.000000, 291776, 1052672, 67840
free, 64, 25.000000, 291712, 1052672, 67776
free, 64, 26.000000, 291648, 1052672, 67712
free, 64, 26.000000, 291584, 1052672, 67648
free, 64, 25.000000, 291520, 1052672, 67584
free, 64, 26.000000, 291456, 1052672, 67520
free, 64, 27.000000, 291392, 1052672, 67456
free, 64, 27.000000, 291328, 1052672, 67392
free, 64, 25.000000, 291264, 1052672, 67328
free, 64, 27.000000, 291200, 1052672, 67264
free, 64, 29.000000, 291136, 1052672, 67200
free, 64, 24.000000, 291072, 1052672, 67136
free, 64, 25.000000, 291008, 1052672, 67072
free, 64, 23.000000, 290944, 1052672, 67008
free, 64, 27.000000, 290880, 1052672, 66944
free, 64, 24.000000, 290816, 1052672, 66880
free, 64, 25.000000, 290752, 1052672, 66816
free, 64, 25.000000, 290688, 1052672, 66752
free, 64, 24.000000, 290624, 1052672, 66688
free, 64, 25.000000, 290560, 1052672, 66624
free, 64, 25.000000, 290496, 1052672, 66560
free, 64, 25.000000, 290432, 1052672, 66496
free, 64, 25.000000, 290368, 1052672, 66432
free, 64, 24.000000, 290304, 1052672, 66368
free, 64, 23.000000, 290240, 1052672, 66304
free, 64, 24.000000, 290176, 1052672, 66240
free, 64, 26.000000, 290112, 1052672, 66176
free, 64, 26.000000, 290048, 1052672, 66112
free, 64, 25.000000, 289984, 1052672, 66048
free, 64, 24.000000, 289920, 1052672, 65984
free, 64, 22.000000, 289856, 1052672, 65920
free, 64, 30.000000, 289792, 1052672, 65856
free, 64, 25.000000, 289728, 1052672, 65792
free, 64, 24.000000, 289664, 1052672, 65728
free, 64, 24.000000, 289600, 1052672, 65664
free, 64, 24.000000, 289536, 1052672, 65600
free, 64, 24.000000, 289472, 1052672, 65536
free, 64, 26.000000, 289408, 1052672, 65472
free, 64, 26.000000, 289344, 1052672, 65408
free, 64, 26.000000, 289280, 1052672, 65344
free, 64, 25.000000, 289216, 1052672, 65280
free, 64, 24.000000, 289152, 1052672, 65216
free, 64, 23.000000, 289088, 1052672, 65152
free, 64, 25.000000, 289024, 1052672, 65088
free, 64, 23.000000, 288960, 1052672, 65024
free, 64, 23.000000, 288896, 1052672, 64960
free, 64, 25.000000, 288832, 1052672, 64896
free, 64, 23.000000, 288768, 1052672, 64832
free, 64, 25.000000, 288704, 1052672, 64768
free, 64, 25.000000, 288640, 1052672, 64704
free, 64, 23.000000, 288576, 1052672, 64640
free, 64, 23.000000, 288512, 1052672, 64576
free, 64, 31.000000, 288448, 1052672, 64512
free, 64, 26.000000, 288384, 1052672, 64448
free, 64, 26.000000, 288320, 1052672, 64384
free, 64, 25.000000, 288256, 1052672, 64320
free, 64, 24.000000, 288192, 1052672, 64256
free, 64, 24.000000, 288128, 1052672, 64192
free, 64, 25.000000, 288064, 1052672, 64128
free, 64, 24.000000, 288000, 1052672, 64064
free, 64, 25.000000, 287936, 1052672, 64000
free, 64, 22.000000, 287872, 1052672, 63936
free, 64, 24.000000, 287808, 1052672, 63872
free, 64, 24.000000, 287744, 1052672, 63808
free, 64, 24.000000, 287680, 1052672, 63744
free, 64, 24.000000, 287616, 1052672, 63680
free, 64, 24.000000, 287552, 1052672, 63616
free, 64, 23.000000, 287488, 1052672, 63552
free, 64, 33.000000, 287424, 1052672, 63488
free, 64, 24.000000, 287360, 1052672, 63424
free, 64, 23.000000, 287296, 1052672, 63360
free, 64, 25.000000, 287232, 1052672, 63296
free, 64, 25.000000, 287168, 1052672, 63232
free, 64, 26.000000, 287104, 1052672, 63168
free, 64, 30.000000, 287040, 1052672, 63104
free, 64, 22.000000, 286976, 1052672, 63040
free, 64, 23.000000, 286912, 1052672, 62976
free, 64, 24.000000, 286848, 1052672, 62912
free, 64, 27.000000, 286784, 1052672, 62848
free, 64, 25.000000, 286720, 1052672, 62784
free, 64, 24.000000, 286656, 1052672, 62720
free, 64, 24.000000, 286592, 1052672, 62656
free, 64, 25.000000, 286528, 1052672, 62592
free, 64, 24.000000, 286464, 1052672, 62528
free, 64, 26.000000, 286400, 1052672, 62464
free, 64, 24.000000, 286336, 1052672, 62400
free, 64, 25.000000, 286272, 1052672, 62336
free, 64, 26.000000, 286208, 1052672, 62272
free, 64, 24.000000, 286144, 1052672, 62208
free, 64, 24.000000, 286080, 1052672, 62144
free, 64, 24.000000, 286016, 1052672, 62080
free, 64, 24.000000, 285952, 1052672, 62016
free, 64, 26.000000, 285888, 1052672, 61952
free, 64, 25.000000, 285824, 1052672, 61888
free, 64, 24.000000, 285760, 1052672, 61824
free, 64, 35.000000, 285696, 1052672, 61760
free, 64, 24.000000, 285632, 1052672, 61696
free, 64, 24.000000, 285568, 1052672, 61632
free, 64, 23.000000, 285504, 1052672, 61568
free, 64, 25.000000, 285440, 1052672, 61504
free, 64, 24.000000, 285376, 1052672, 61440
free, 64, 25.000000, 285312, 1052672, 61376
free, 64, 26.000000, 285248, 1052672, 61312
free, 64, 22.000000, 285184, 1052672, 61248
free, 64, 23.000000, 285120, 1052672, 61184
free, 64, 24.000000, 285056, 1052672, 61120
free, 64, 27.000000, 284992, 1052672, 61056
free, 64, 24.000000, 284928, 1052672, 60992
free, 64, 25.000000, 284864, 1052672, 60928
free, 64, 24.000000, 284800, 1052672, 60864
free, 64, 35.000000, 284736, 1052672, 60800
free, 64, 29.000000, 284672, 1052672, 60736
free, 64, 25.000000, 284608, 1052672, 60672
free, 64, 24.000000, 284544, 1052672, 60608
free, 64, 24.000000, 284480, 1052672, 60544
free, 64, 22.000000, 284416, 1052672, 60480
free, 64, 34.000000, 284352, 1052672, 60416
free, 64, 24.000000, 284288, 1052672, 60352
free, 64, 26.000000, 284224, 1052672, 60288
free, 64, 25.000000, 284160, 1052672, 60224
free, 64, 22.000000, 284096, 1052672, 60160
free, 64, 26.000000, 284032, 1052672, 60096
free, 64, 24.000000, 283968, 1052672, 60032
free, 64, 23.000000, 283904, 1052672, 59968
free, 64, 25.000000, 283840, 1052672, 59904
free, 64, 24.000000, 283776, 1052672, 59840
free, 64, 26.000000, 283712, 1052672, 59776
free, 64, 25.000000, 283648, 1052672, 59712
free, 64, 25.000000, 283584, 1052672, 59648
free, 64, 24.000000, 283520, 1052672, 59584
free, 64, 25.000000, 283456, 1052672, 59520
free, 64, 23.000000, 283392, 1052672, 59456
free, 64, 23.000000, 283328, 1052672, 59392
free, 64, 24.000000, 283264, 1052672, 59328
free, 64, 24.000000, 283200, 1052672, 59264
free, 64, 24.000000, 283136, 1052672, 59200
free, 64, 24.000000, 283072, 1052672, 59136
free, 64, 26.000000, 283008, 1052672, 59072
free, 64, 32.000000, 282944, 1052672, 59008
free, 64, 27.000000, 282880, 1052672, 58944
free, 64, 25.000000, 282816, 1052672, 58880
free, 64, 25.000000, 282752, 1052672, 58816
free, 64, 25.000000, 282688, 1052672, 58752
free, 64, 23.000000, 282624, 1052672, 58688
free, 64, 26.000000, 282560, 1052672, 58624
free, 64, 23.000000, 282496, 1052672, 58560
free, 64, 25.000000, 282432, 1052672, 58496
free, 64, 25.000000, 282368, 1052672, 58432
free, 64, 25.000000, 282304, 1052672, 58368
free, 64, 23.000000, 282240, 1052672, 58304
free, 64, 25.000000, 282176, 1052672, 58240
free, 64, 24.000000, 282112, 1052672, 58176
free, 64, 24.000000, 282048, 1052672, 58112
free, 64, 25.000000, 281984, 1052672, 58048
free, 64, 24.000000, 281920, 1052672, 57984
free, 64, 25.000000, 281856, 1052672, 57920
free, 64, 23.000000, 281792, 1052672, 57856
free, 64, 25.000000, 281728, 1052672, 57792
free, 64, 25.000000, 281664, 1052672, 57728
free, 64, 31.000000, 281600, 1052672, 57664
free, 64, 35.000000, 281536, 1052672, 57600
free, 64, 25.000000, 281472, 1052672, 57536
free, 64, 24.000000, 281408, 1052672, 57472
free, 64, 24.000000, 281344, 1052672, 57408
free, 64, 25.000000, 281280, 1052672, 57344
free, 64, 22.000000, 281216, 1052672, 57280
free, 64, 23.000000, 281152, 1052672, 57216
free, 64, 25.000000, 281088, 1052672, 57152
free, 64, 24.000000, 281024, 1052672, 57088
free, 64, 24.000000, 280960, 1052672, 57024
free, 64, 25.000000, 280896, 1052672, 56960
free, 64, 25.000000, 280832, 1052672, 56896
free, 64, 26.000000, 280768, 1052672, 56832
free, 64, 24.000000, 280704, 1052672, 56768
free, 64, 24.000000, 280640, 1052672, 56704
free, 64, 26.000000, 280576, 1052672, 56640
free, 64, 24.000000, 280512, 1052672, 56576
free, 64, 24.000000, 280448, 1052672, 56512
free, 64, 24.000000, 280384, 1052672, 56448
free, 64, 26.000000, 280320, 1052672, 56384
free, 64, 30.000000, 280256, 1052672, 56320
free, 64, 24.000000, 280192, 1052672, 56256
free, 64, 26.000000, 280128, 1052672, 56192
free, 64, 24.000000, 280064, 1052672, 56128
free, 64, 23.000000, 280000, 1052672, 56064
free, 64, 25.000000, 279936, 1052672, 56000
free, 64, 24.000000, 279872, 1052672, 55936
free, 64, 25.000000, 279808, 1052672, 55872
free, 64, 24.000000, 279744, 1052672, 55808
free, 64, 24.000000, 279680, 1052672, 55744
free, 64, 23.000000, 279616, 1052672, 55680
free, 64, 25.000000, 279552, 1052672, 55616
free, 64, 25.000000, 279488, 1052672, 55552
free, 64, 23.000000, 279424, 1052672, 55488
free, 64, 25.000000, 279360, 1052672, 55424
free, 64, 25.000000, 279296, 1052672, 55360
free, 64, 25.000000, 279232, 1052672, 55296
free, 64, 26.000000, 279168, 1052672, 55232
free, 64, 24.000000, 279104, 1052672, 55168
free, 64, 23.000000, 279040, 1052672, 55104
free, 64, 24.000000, 278976, 1052672, 55040
free, 64, 26.000000, 278912, 1052672, 54976
free, 64, 32.000000, 278848, 1052672, 54912
free, 64, 25.000000, 278784, 1052672, 54848
free, 64, 25.000000, 278720, 1052672, 54784
free, 64, 25.000000, 278656, 1052672, 54720
free, 64, 27.000000, 278592, 1052672, 54656
free, 64, 24.000000, 278528, 1052672, 54592
free, 64, 22.000000, 278464, 1052672, 54528
free, 64, 24.000000, 278400, 1052672, 54464
free, 64, 25.000000, 278336, 1052672, 54400
free, 64, 25.000000, 278272, 1052672, 54336
free, 64, 23.000000, 278208, 1052672, 54272
free, 64, 25.000000, 278144, 1052672, 54208
free, 64, 26.000000, 278080, 1052672, 54144
free, 64, 23.000000, 278016, 1052672, 54080
free, 64, 25.000000, 277952, 1052672, 54016
free, 64, 25.000000, 277888, 1052672, 53952
free, 64, 26.000000, 277824, 1052672, 53888
free, 64, 23.000000, 277760, 1052672, 53824
free, 64, 25.000000, 277696, 1052672, 53760
free, 64, 25.000000, 277632, 1052672, 53696
free, 64, 22.000000, 277568, 1052672, 53632
free, 64, 31.000000, 277504, 1052672, 53568
free, 64, 24.000000, 277440, 1052672, 53504
free, 64, 25.000000, 277376, 1052672, 53440
free, 64, 25.000000, 277312, 1052672, 53376
free, 64, 37.000000, 277248, 1052672, 53312
free, 64, 23.000000, 277184, 1052672, 53248
free, 64, 25.000000, 277120, 1052672, 53184
free, 64, 24.000000, 277056, 1052672, 53120
free, 64, 24.000000, 276992, 1052672, 53056
free, 64, 26.000000, 276928, 1052672, 52992
free, 64, 25.000000, 276864, 1052672, 52928
free, 64, 25.000000, 276800, 1052672, 52864
free, 64, 23.000000, 276736, 1052672, 52800
free, 64, 33.000000, 276672, 1052672, 52736
free, 64, 26.000000, 276608, 1052672, 52672
free, 64, 23.000000, 276544, 1052672, 52608
free, 64, 25.000000, 276480, 1052672, 52544
free, 64, 25.000000, 276416, 1052672, 52480
free, 64, 22.000000, 276352, 1052672, 52416
free, 64, 23.000000, 276288, 1052672, 52352
free, 64, 23.000000, 276224, 1052672, 52288
free, 64, 32.000000, 276160, 1052672, 52224
free, 64, 23.000000, 276096, 1052672, 52160
free, 64, 25.000000, 276032, 1052672, 52096
free, 64, 24.000000, 275968, 1052672, 52032
free, 64, 24.000000, 275904, 1052672, 51968
free, 64, 25.000000, 275840, 1052672, 51904
free, 64, 26.000000, 275776, 1052672, 51840
free, 64, 23.000000, 275712, 1052672, 51776
free, 64, 25.000000, 275648, 1052672, 51712
free, 64, 35.000000, 275584, 1052672, 51648
free, 64, 22.000000, 275520, 1052672, 51584
free, 64, 25.000000, 275456, 1052672, 51520
free, 64, 24.000000, 275392, 1052672, 51456
free, 64, 23.000000, 275328, 1052672, 51392
free, 64, 24.000000, 275264, 1052672, 51328
free, 64, 26.000000, 275200, 1052672, 51264
free, 64, 25.000000, 275136, 1052672, 51200
free, 64, 26.000000, 275072, 1052672, 51136
free, 64, 24.000000, 275008, 1052672, 51072
free, 64, 25.000000, 274944, 1052672, 51008
free, 64, 22.000000, 274880, 1052672, 50944
free, 64, 26.000000, 274816, 1052672, 50880
free, 64, 28.000000, 274752, 1052672, 50816
free, 64, 22.000000, 274688, 1052672, 50752
free, 64, 25.000000, 274624, 1052672, 50688
free, 64, 25.000000, 274560, 1052672, 50624
free, 64, 26.000000, 274496, 1052672, 50560
free, 64, 23.000000, 274432, 1052672, 50496
free, 64, 26.000000, 274368, 1052672, 50432
free, 64, 24.000000, 274304, 1052672, 50368
free, 64, 25.000000, 274240, 1052672, 50304
free, 64, 24.000000, 274176, 1052672, 50240
free, 64, 25.000000, 274112, 1052672, 50176
free, 64, 26.000000, 274048, 1052672, 50112
free, 64, 24.000000, 273984, 1052672, 50048
free, 64, 34.000000, 273920, 1052672, 49984
free, 64, 22.000000, 273856, 1052672, 49920
free, 64, 26.000000, 273792, 1052672, 49856
free, 64, 22.000000, 273728, 1052672, 49792
free, 64, 23.000000, 273664, 1052672, 49728
free, 64, 22.000000, 273600, 1052672, 49664
free, 64, 24.000000, 273536, 1052672, 49600
free, 64, 22.000000, 273472, 1052672, 49536
free, 64, 36.000000, 273408, 1052672, 49472
free, 64, 24.000000, 273344, 1052672, 49408
free, 64, 25.000000, 273280, 1052672, 49344
free, 64, 25.000000, 273216, 1052672, 49280
free, 64, 24.000000, 273152, 1052672, 49216
free, 64, 23.000000, 273088, 1052672, 49152
free, 64, 24.000000, 273024, 1052672, 49088
free, 64, 23.000000, 272960, 1052672, 49024
free, 64, 26.000000, 272896, 1052672, 48960
free, 64, 24.000000, 272832, 1052672, 48896
free, 64, 31.000000, 272768, 1052672, 48832
free, 64, 25.000000, 272704, 1052672, 48768
free, 64, 24.000000, 272640, 1052672, 48704
free, 64, 24.000000, 272576, 1052672, 48640
free, 64, 25.000000, 272512, 1052672, 48576
free, 64, 25.000000, 272448, 1052672, 48512
free, 64, 23.000000, 272384, 1052672, 48448
free, 64, 24.000000, 272320, 1052672, 48384
free, 64, 25.000000, 272256, 1052672, 48320
free, 64, 24.000000, 272192, 1052672, 48256
free, 64, 25.000000, 272128, 1052672, 48192
free, 64, 31.000000, 272064, 1052672, 48128
free, 64, 25.000000, 272000, 1052672, 48064
free, 64, 25.000000, 271936, 1052672, 48000
free, 64, 23.000000, 271872, 1052672, 47936
free, 64, 24.000000, 271808, 1052672, 47872
free, 64, 24.000000, 271744, 1052672, 47808
free, 64, 26.000000, 271680, 1052672, 47744
free, 64, 23.000000, 271616, 1052672, 47680
free, 64, 25.000000, 271552, 1052672, 47616
free, 64, 27.000000, 271488, 1052672, 47552
free, 64, 24.000000, 271424, 1052672, 47488
free, 64, 26.000000, 271360, 1052672, 47424
free, 64, 24.000000, 271296, 1052672, 47360
free, 64, 25.000000, 271232, 1052672, 47296
free, 64, 22.000000, 271168, 1052672, 47232
free, 64, 25.000000, 271104, 1052672, 47168
free, 64, 23.000000, 271040, 1052672, 47104
free, 64, 26.000000, 270976, 1052672, 47040
free, 64, 22.000000, 270912, 1052672, 46976
free, 64, 24.000000, 270848, 1052672, 46912
free, 64, 25.000000, 270784, 1052672, 46848
free, 64, 27.000000, 270720, 1052672, 46784
free, 64, 26.000000, 270656, 1052672, 46720
free, 64, 28.000000, 270592, 1052672, 46656
free, 64, 24.000000, 270528, 1052672, 46592
free, 64, 25.000000, 270464, 1052672, 46528
free, 64, 29.000000, 270400, 1052672, 46464
free, 64, 26.000000, 270336, 1052672, 46400
free, 64, 25.000000, 270272, 1052672, 46336
free, 64, 27.000000, 270208, 1052672, 46272
free, 64, 25.000000, 270144, 1052672, 46208
free, 64, 25.000000, 270080, 1052672, 46144
free, 64, 27.000000, 270016, 1052672, 46080
free, 64, 27.000000, 269952, 1052672, 46016
free, 64, 25.000000, 269888, 1052672, 45952
free, 64, 26.000000, 269824, 1052672, 45888
free, 64, 26.000000, 269760, 1052672, 45824
free, 64, 25.000000, 269696, 1052672, 45760
free, 64, 26.000000, 269632, 1052672, 45696
free, 64, 27.000000, 269568, 1052672, 45632
free, 64, 25.000000, 269504, 1052672, 45568
free, 64, 26.000000, 269440, 1052672, 45504
free, 64, 25.000000, 269376, 1052672, 45440
free, 64, 34.000000, 269312, 1052672, 45376
free, 64, 27.000000, 269248, 1052672, 45312
free, 64, 26.000000, 269184, 1052672, 45248
free, 64, 27.000000, 269120, 1052672, 45184
free, 64, 27.000000, 269056, 1052672, 45120
free, 64, 27.000000, 268992, 1052672, 45056
free, 64, 26.000000, 268928, 1052672, 44992
free, 64, 25.000000, 268864, 1052672, 44928
free, 64, 27.000000, 268800, 1052672, 44864
free, 64, 27.000000, 268736, 1052672, 44800
free, 64, 26.000000, 268672, 1052672, 44736
free, 64, 27.000000, 268608, 1052672, 44672
free, 64, 37.000000, 268544, 1052672, 44608
free, 64, 25.000000, 268480, 1052672, 44544
free, 64, 26.000000, 268416, 1052672, 44480
free, 64, 25.000000, 268352, 1052672, 44416
free, 64, 25.000000, 268288, 1052672, 44352
free, 64, 24.000000, 268224, 1052672, 44288
free, 64, 25.000000, 268160, 1052672, 44224
free, 64, 25.000000, 268096, 1052672, 44160
free, 64, 27.000000, 268032, 1052672, 44096
free, 64, 35.000000, 267968, 1052672, 44032
free, 64, 24.000000, 267904, 1052672, 43968
free, 64, 25.000000, 267840, 1052672, 43904
free, 64, 24.000000, 267776, 1052672, 43840
free, 64, 23.000000, 267712, 1052672, 43776
free, 64, 25.000000, 267648, 1052672, 43712
free, 64, 25.000000, 267584, 1052672, 43648
free, 64, 24.000000, 267520, 1052672, 43584
free, 64, 25.000000, 267456, 1052672, 43520
free, 64, 23.000000, 267392, 1052672, 43456
free, 64, 23.000000, 267328, 1052672, 43392
free, 64, 24.000000, 267264, 1052672, 43328
free, 64, 25.000000, 267200, 1052672, 43264
free, 64, 25.000000, 267136, 1052672, 43200
free, 64, 24.000000, 267072, 1052672, 43136
free, 64, 25.000000, 267008, 1052672, 43072
free, 64, 25.000000, 266944, 1052672, 43008
free, 64, 25.000000, 266880, 1052672, 42944
free, 64, 25.000000, 266816, 1052672, 42880
free, 64, 26.000000, 266752, 1052672, 42816
free, 64, 24.000000, 266688, 1052672, 42752
free, 64, 26.000000, 266624, 1052672, 42688
free, 64, 22.000000, 266560, 1052672, 42624
free, 64, 26.000000, 266496, 1052672, 42560
free, 64, 23.000000, 266432, 1052672, 42496
free, 64, 25.000000, 266368, 1052672, 42432
free, 64, 26.000000, 266304, 1052672, 42368
free, 64, 24.000000, 266240, 1052672, 42304
free, 64, 24.000000, 266176, 1052672, 42240
free, 64, 25.000000, 266112, 1052672, 42176
free, 64, 23.000000, 266048, 1052672, 42112
free, 64, 23.000000, 265984, 1052672, 42048
free, 64, 24.000000, 265920, 1052672, 41984
free, 64, 25.000000, 265856, 1052672, 41920
free, 64, 24.000000, 265792, 1052672, 41856
free, 64, 26.000000, 265728, 1052672, 41792
free, 64, 24.000000, 265664, 1052672, 41728
free, 64, 26.000000, 265600, 1052672, 41664
free, 64, 26.000000, 265536, 1052672, 41600
free, 64, 24.000000, 265472, 1052672, 41536
free, 64, 24.000000, 265408, 1052672, 41472
free, 64, 25.000000, 265344, 1052672, 41408
free, 64, 25.000000, 265280, 1052672, 41344
free, 64, 33.000000, 265216, 1052672, 41280
free, 64, 25.000000, 265152, 1052672, 41216
free, 64, 35.000000, 265088, 1052672, 41152
free, 64, 24.000000, 265024, 1052672, 41088
free, 64, 25.000000, 264960, 1052672, 41024
free, 64, 25.000000, 264896, 1052672, 40960
free, 64, 24.000000, 264832, 1052672, 40896
free, 64, 23.000000, 264768, 1052672, 40832
free, 64, 23.000000, 264704, 1052672, 40768
free, 64, 24.000000, 264640, 1052672, 40704
free, 64, 26.000000, 264576, 1052672, 40640
free, 64, 22.000000, 264512, 1052672, 40576
free, 64, 25.000000, 264448, 1052672, 40512
free, 64, 23.000000, 264384, 1052672, 40448
free, 64, 25.000000, 264320, 1052672, 40384
free, 64, 23.000000, 264256, 1052672, 40320
free, 64, 25.000000, 264192, 1052672, 40256
free, 64, 24.000000, 264128, 1052672, 40192
free, 64, 24.000000, 264064, 1052672, 40128
free, 64, 23.000000, 264000, 1052672, 40064
free, 64, 24.000000, 263936, 1052672, 40000
free, 64, 36.000000, 263872, 1052672, 39936
free, 64, 24.000000, 263808, 1052672, 39872
free, 64, 25.000000, 263744, 1052672, 39808
free, 64, 25.000000, 263680, 1052672, 39744
free, 64, 24.000000, 263616, 1052672, 39680
free, 64, 23.000000, 263552, 1052672, 39616
free, 64, 25.000000, 263488, 1052672, 39552
free, 64, 23.000000, 263424, 1052672, 39488
free, 64, 22.000000, 263360, 1052672, 39424
free, 64, 25.000000, 263296, 1052672, 39360
free, 64, 24.000000, 263232, 1052672, 39296
free, 64, 24.000000, 263168, 1052672, 39232
free, 64, 24.000000, 263104, 1052672, 39168
free, 64, 25.000000, 263040, 1052672, 39104
free, 64, 24.000000, 262976, 1052672, 39040
free, 64, 25.000000, 262912, 1052672, 38976
free, 64, 24.000000, 262848, 1052672, 38912
free, 64, 24.000000, 262784, 1052672, 38848
free, 64, 23.000000, 262720, 1052672, 38784
free, 64, 24.000000, 262656, 1052672, 38720
free, 64, 24.000000, 262592, 1052672, 38656
free, 64, 27.000000, 262528, 1052672, 38592
free, 64, 22.000000, 262464, 1052672, 38528
free, 64, 25.000000, 262400, 1052672, 38464
free, 64, 25.000000, 262336, 1052672, 38400
free, 64, 25.000000, 262272, 1052672, 38336
free, 64, 30.000000, 262208, 1052672, 38272
free, 64, 25.000000, 262144, 1052672, 38208
free, 64, 26.000000, 262080, 1052672, 38144
free, 64, 25.000000, 262016, 1052672, 38080
free, 64, 23.000000, 261952, 1052672, 38016
free, 64, 25.000000, 261888, 1052672, 37952
free, 64, 22.000000, 261824, 1052672, 37888
free, 64, 25.000000, 261760, 1052672, 37824
free, 64, 24.000000, 261696, 1052672, 37760
free, 64, 26.000000, 261632, 1052672, 37696
free, 64, 26.000000, 261568, 1052672, 37632
free, 64, 25.000000, 261504, 1052672, 37568
free, 64, 25.000000, 261440, 1052672, 37504
free, 64, 26.000000, 261376, 1052672, 37440
free, 64, 24.000000, 261312, 1052672, 37376
free, 64, 25.000000, 261248, 1052672, 37312
free, 64, 26.000000, 261184, 1052672, 37248
free, 64, 35.000000, 261120, 1052672, 37184
free, 64, 25.000000, 261056, 1052672, 37120
free, 64, 25.000000, 260992, 1052672, 37056
free, 64, 24.000000, 260928, 1052672, 36992
free, 64, 27.000000, 260864, 1052672, 36928
free, 64, 24.000000, 260800, 1052672, 36864
free, 64, 26.000000, 260736, 1052672, 36800
free, 64, 33.000000, 260672, 1052672, 36736
free, 64, 22.000000, 260608, 1052672, 36672
free, 64, 25.000000, 260544, 1052672, 36608
free, 64, 23.000000, 260480, 1052672, 36544
free, 64, 26.000000, 260416, 1052672, 36480
free, 64, 25.000000, 260352, 1052672, 36416
free, 64, 27.000000, 260288, 1052672, 36352
free, 64, 26.000000, 260224, 1052672, 36288
free, 64, 25.000000, 260160, 1052672, 36224
free, 64, 27.000000, 260096, 1052672, 36160
free, 64, 27.000000, 260032, 1052672, 36096
free, 64, 26.000000, 259968, 1052672, 36032
free, 64, 24.000000, 259904, 1052672, 35968
free, 64, 24.000000, 259840, 1052672, 35904
free, 64, 34.000000, 259776, 1052672, 35840
free, 64, 24.000000, 259712, 1052672, 35776
free, 64, 25.000000, 259648, 1052672, 35712
free, 64, 23.000000, 259584, 1052672, 35648
free, 64, 27.000000, 259520, 1052672, 35584
free, 64, 25.000000, 259456, 1052672, 35520
free, 64, 24.000000, 259392, 1052672, 35456
free, 64, 26.000000, 259328, 1052672, 35392
free, 64, 25.000000, 259264, 1052672, 35328
free, 64, 26.000000, 259200, 1052672, 35264
free, 64, 25.000000, 259136, 1052672, 35200
free, 64, 25.000000, 259072, 1052672, 35136
free, 64, 26.000000, 259008, 1052672, 35072
free, 64, 25.000000, 258944, 1052672, 35008
free, 64, 26.000000, 258880, 1052672, 34944
free, 64, 25.000000, 258816, 1052672, 34880
free, 64, 24.000000, 258752, 1052672, 34816
free, 64, 25.000000, 258688, 1052672, 34752
free, 64, 24.000000, 258624, 1052672, 34688
free, 64, 26.000000, 258560, 1052672, 34624
free, 64, 25.000000, 258496, 1052672, 34560
free, 64, 26.000000, 258432, 1052672, 34496
free, 64, 25.000000, 258368, 1052672, 34432
free, 64, 25.000000, 258304, 1052672, 34368
free, 64, 25.000000, 258240, 1052672, 34304
free, 64, 25.000000, 258176, 1052672, 34240
free, 64, 27.000000, 258112, 1052672, 34176
free, 64, 25.000000, 258048, 1052672, 34112
free, 64, 24.000000, 257984, 1052672, 34048
free, 64, 23.000000, 257920, 1052672, 33984
free, 64, 24.000000, 257856, 1052672, 33920
free, 64, 33.000000, 257792, 1052672, 33856
free, 64, 24.000000, 257728, 1052672, 33792
free, 64, 25.000000, 257664, 1052672, 33728
free, 64, 25.000000, 257600, 1052672, 33664
free, 64, 25.000000, 257536, 1052672, 33600
free, 64, 24.000000, 257472, 1052672, 33536
free, 64, 26.000000, 257408, 1052672, 33472
free, 64, 24.000000, 257344, 1052672, 33408
free, 64, 24.000000, 257280, 1052672, 33344
free, 64, 24.000000, 257216, 1052672, 33280
free, 64, 25.000000, 257152, 1052672, 33216
free, 64, 25.000000, 257088, 1052672, 33152
free, 64, 30.000000, 257024, 1052672, 33088
free, 64, 24.000000, 256960, 1052672, 33024
free, 64, 24.000000, 256896, 1052672, 32960
free, 64, 23.000000, 256832, 1052672, 32896
free, 64, 23.000000, 256768, 1052672, 32832
free, 64, 23.000000, 256704, 1052672, 32768
free, 64, 22.000000, 256640, 1052672, 32704
free, 64, 24.000000, 256576, 1052672, 32640
free, 64, 25.000000, 256512, 1052672, 32576
free, 64, 25.000000, 256448, 1052672, 32512
free, 64, 25.000000, 256384, 1052672, 32448
free, 64, 25.000000, 256320, 1052672, 32384
free, 64, 33.000000, 256256, 1052672, 32320
free, 64, 25.000000, 256192, 1052672, 32256
free, 64, 25.000000, 256128, 1052672, 32192
free, 64, 26.000000, 256064, 1052672, 32128
free, 64, 42.000000, 256000, 1052672, 32096
free, 256, 29.000000, 255744, 1052672, 32064
free, 256, 23.000000, 255488, 1052672, 32032
free, 256, 22.000000, 255232, 1052672, 32000
free, 256, 29.000000, 254976, 1052672, 31968
free, 256, 27.000000, 254720, 1052672, 31936
free, 256, 28.000000, 254464, 1052672, 31904
free, 256, 28.000000, 254208, 1052672, 31872
free, 256, 26.000000, 253952, 1052672, 31840
free, 256, 29.000000, 253696, 1052672, 31808
free, 256, 29.000000, 253440, 1052672, 31776
free, 256, 26.000000, 253184, 1052672, 31744
free, 256, 26.000000, 252928, 1052672, 31712
free, 256, 28.000000, 252672, 1052672, 31680
free, 256, 28.000000, 252416, 1052672, 31648
free, 256, 25.000000, 252160, 1052672, 31616
free, 256, 29.000000, 251904, 1052672, 31584
free, 256, 31.000000, 251648, 1052672, 31552
free, 256, 29.000000, 251392, 1052672, 31520
free, 256, 30.000000, 251136, 1052672, 31488
free, 256, 30.000000, 250880, 1052672, 31456
free, 256, 28.000000, 250624, 1052672, 31424
free, 256, 26.000000, 250368, 1052672, 31392
free, 256, 27.000000, 250112, 1052672, 31360
free, 256, 27.000000, 249856, 1052672, 31328
free, 256, 27.000000, 249600, 1052672, 31296
free, 256, 26.000000, 249344, 1052672, 31264
free, 256, 28.000000, 249088, 1052672, 31232
free, 256, 29.000000, 248832, 1052672, 31200
free, 256, 29.000000, 248576, 1052672, 31168
free, 256, 28.000000, 248320, 1052672, 31136
free, 256, 30.000000, 248064, 1052672, 31104
free, 256, 30.000000, 247808, 1052672, 31072
free, 256, 21.000000, 247552, 1052672, 31040
free, 256, 30.000000, 247296, 1052672, 31008
free, 256, 31.000000, 247040, 1052672, 30976
free, 256, 29.000000, 246784, 1052672, 30944
free, 256, 26.000000, 246528, 1052672, 30912
free, 256, 31.000000, 246272, 1052672, 30880
free, 256, 24.000000, 246016, 1052672, 30848
free, 256, 26.000000, 245760, 1052672, 30816
free, 256, 29.000000, 245504, 1052672, 30784
free, 256, 29.000000, 245248, 1052672, 30752
free, 256, 31.000000, 244992, 1052672, 30720
free, 256, 30.000000, 244736, 1052672, 30688
free, 256, 29.000000, 244480, 1052672, 30656
free, 256, 26.000000, 244224, 1052672, 30624
free, 256, 22.000000, 243968, 1052672, 30592
free, 256, 28.000000, 243712, 1052672, 30560
free, 256, 26.000000, 243456, 1052672, 30528
free, 256, 30.000000, 243200, 1052672, 30496
free, 256, 27.000000, 242944, 1052672, 30464
free, 256, 29.000000, 242688, 1052672, 30432
free, 256, 29.000000, 242432, 1052672, 30400
free, 256, 30.000000, 242176, 1052672, 30368
free, 256, 31.000000, 241920, 1052672, 30336
free, 256, 30.000000, 241664, 1052672, 30304
free, 256, 26.000000, 241408, 1052672, 30272
free, 256, 28.000000, 241152, 1052672, 30240
free, 256, 29.000000, 240896, 1052672, 30208
free, 256, 29.000000, 240640, 1052672, 30176
free, 256, 33.000000, 240384, 1052672, 30144
free, 256, 30.000000, 240128, 1052672, 30112
free, 256, 28.000000, 239872, 1052672, 30080
free, 256, 28.000000, 239616, 1052672, 30048
free, 256, 28.000000, 239360, 1052672, 30016
free, 256, 26.000000, 239104, 1052672, 29984
free, 256, 27.000000, 238848, 1052672, 29952
free, 256, 28.000000, 238592, 1052672, 29920
free, 256, 26.000000, 238336, 1052672, 29888
free, 256, 27.000000, 238080, 1052672, 29856
free, 256, 31.000000, 237824, 1052672, 29824
free, 256, 31.000000, 237568, 1052672, 29792
free, 256, 28.000000, 237312, 1052672, 29760
free, 256, 30.000000, 237056, 1052672, 29728
free, 256, 26.000000, 236800, 1052672, 29696
free, 256, 27.000000, 236544, 1052672, 29664
free, 256, 30.000000, 236288, 1052672, 29632
free, 256, 28.000000, 236032, 1052672, 29600
free, 256, 31.000000, 235776, 1052672, 29568
free, 256, 31.000000, 235520, 1052672, 29536
free, 256, 31.000000, 235264, 1052672, 29504
free, 256, 32.000000, 235008, 1052672, 29472
free, 256, 22.000000, 234752, 1052672, 29440
free, 256, 32.000000, 234496, 1052672, 29408
free, 256, 32.000000, 234240, 1052672, 29376
free, 256, 26.000000, 233984, 1052672, 29344
free, 256, 28.000000, 233728, 1052672, 29312
free, 256, 31.000000, 233472, 1052672, 29280
free, 256, 32.000000, 233216, 1052672, 29248
free, 256, 22.000000, 232960, 1052672, 29216
free, 256, 27.000000, 232704, 1052672, 29184
free, 256, 26.000000, 232448, 1052672, 29152
free, 256, 29.000000, 232192, 1052672, 29120
free, 256, 30.000000, 231936, 1052672, 29088
free, 256, 27.000000, 231680, 1052672, 29056
free, 256, 32.000000, 231424, 1052672, 29024
free, 256, 31.000000, 231168, 1052672, 28992
free, 256, 28.000000, 230912, 1052672, 28960
free, 256, 28.000000, 230656, 1052672, 28928
free, 256, 25.000000, 230400, 1052672, 28896
free, 256, 29.000000, 230144, 1052672, 28864
free, 256, 25.000000, 229888, 1052672, 28832
free, 256, 31.000000, 229632, 1052672, 28800
free, 256, 22.000000, 229376, 1052672, 28768
free, 256, 29.000000, 229120, 1052672, 28736
free, 256, 28.000000, 228864, 1052672, 28704
free, 256, 29.000000, 228608, 1052672, 28672
free, 256, 30.000000, 228352, 1052672, 28640
free, 256, 26.000000, 228096, 1052672, 28608
free, 256, 28.000000, 227840, 1052672, 28576
free, 256, 27.000000, 227584, 1052672, 28544
free, 256, 27.000000, 227328, 1052672, 28512
free, 256, 26.000000, 227072, 1052672, 28480
free, 256, 30.000000, 226816, 1052672, 28448
free, 256, 32.000000, 226560, 1052672, 28416
free, 256, 30.000000, 226304, 1052672, 28384
free, 256, 30.000000, 226048, 1052672, 28352
free, 256, 30.000000, 225792, 1052672, 28320
free, 256, 29.000000, 225536, 1052672, 28288
free, 256, 31.000000, 225280, 1052672, 28256
free, 256, 28.000000, 225024, 1052672, 28224
free, 256, 27.000000, 224768, 1052672, 28192
free, 256, 29.000000, 224512, 1052672, 28160
free, 256, 25.000000, 224256, 1052672, 28128
free, 256, 25.000000, 224000, 1052672, 28096
free, 256, 27.000000, 223744, 1052672, 28064
free, 256, 25.000000, 223488, 1052672, 28032
free, 256, 31.000000, 223232, 1052672, 28000
free, 256, 29.000000, 222976, 1052672, 27968
free, 256, 29.000000, 222720, 1052672, 27936
free, 256, 31.000000, 222464, 1052672, 27904
free, 256, 28.000000, 222208, 1052672, 27872
free, 256, 25.000000, 221952, 1052672, 27840
free, 256, 25.000000, 221696, 1052672, 27808
free, 256, 31.000000, 221440, 1052672, 27776
free, 256, 30.000000, 221184, 1052672, 27744
free, 256, 28.000000, 220928, 1052672, 27712
free, 256, 28.000000, 220672, 1052672, 27680
free, 256, 30.000000, 220416, 1052672, 27648
free, 256, 33.000000, 220160, 1052672, 27616
free, 256, 30.000000, 219904, 1052672, 27584
free, 256, 27.000000, 219648, 1052672, 27552
free, 256, 27.000000, 219392, 1052672, 27520
free, 256, 24.000000, 219136, 1052672, 27488
free, 256, 27.000000, 218880, 1052672, 27456
free, 256, 30.000000, 218624, 1052672, 27424
free, 256, 31.000000, 218368, 1052672, 27392
free, 256, 27.000000, 218112, 1052672, 27360
free, 256, 29.000000, 217856, 1052672, 27328
free, 256, 27.000000, 217600, 1052672, 27296
free, 256, 28.000000, 217344, 1052672, 27264
free, 256, 24.000000, 217088, 1052672, 27232
free, 256, 28.000000, 216832, 1052672, 27200
free, 256, 25.000000, 216576, 1052672, 27168
free, 256, 28.000000, 216320, 1052672, 27136
free, 256, 27.000000, 216064, 1052672, 27104
free, 256, 29.000000, 215808, 1052672, 27072
free, 256, 28.000000, 215552, 1052672, 27040
free, 256, 29.000000, 215296, 1052672, 27008
free, 256, 30.000000, 215040, 1052672, 26976
free, 256, 24.000000, 214784, 1052672, 26944
free, 256, 28.000000, 214528, 1052672, 26912
free, 256, 30.000000, 214272, 1052672, 26880
free, 256, 26.000000, 214016, 1052672, 26848
free, 256, 28.000000, 213760, 1052672, 26816
free, 256, 29.000000, 213504, 1052672, 26784
free, 256, 29.000000, 213248, 1052672, 26752
free, 256, 27.000000, 212992, 1052672, 26720
free, 256, 30.000000, 212736, 1052672, 26688
free, 256, 28.000000, 212480, 1052672, 26656
free, 256, 30.000000, 212224, 1052672, 26624
free, 256, 36.000000, 211968, 1052672, 26592
free, 256, 30.000000, 211712, 1052672, 26560
free, 256, 28.000000, 211456, 1052672, 26528
free, 256, 23.000000, 211200, 1052672, 26496
free, 256, 28.000000, 210944, 1052672, 26464
free, 256, 27.000000, 210688, 1052672, 26432
free, 256, 29.000000, 210432, 1052672, 26400
free, 256, 29.000000, 210176, 1052672, 26368
free, 256, 30.000000, 209920, 1052672, 26336
free, 256, 19.000000, 209664, 1052672, 26304
free, 256, 28.000000, 209408, 1052672, 26272
free, 256, 27.000000, 209152, 1052672, 26240
free, 256, 30.000000, 208896, 1052672, 26208
free, 256, 28.000000, 208640, 1052672, 26176
free, 256, 25.000000, 208384, 1052672, 26144
free, 256, 26.000000, 208128, 1052672, 26112
free, 256, 27.000000, 207872, 1052672, 26080
free, 256, 30.000000, 207616, 1052672, 26048
free, 256, 27.000000, 207360, 1052672, 26016
free, 256, 28.000000, 207104, 1052672, 25984
free, 256, 29.000000, 206848, 1052672, 25952
free, 256, 25.000000, 206592, 1052672, 25920
free, 256, 26.000000, 206336, 1052672, 25888
free, 256, 28.000000, 206080, 1052672, 25856
free, 256, 29.000000, 205824, 1052672, 25824
free, 256, 27.000000, 205568, 1052672, 25792
free, 256, 23.000000, 205312, 1052672, 25760
free, 256, 27.000000, 205056, 1052672, 25728
free, 256, 28.000000, 204800, 1052672, 25696
free, 256, 28.000000, 204544, 1052672, 25664
free, 256, 30.000000, 204288, 1052672, 25632
free, 256, 27.000000, 204032, 1052672, 25600
free, 256, 28.000000, 203776, 1052672, 25568
free, 256, 27.000000, 203520, 1052672, 25536
free, 256, 31.000000, 203264, 1052672, 25504
free, 256, 30.000000, 203008, 1052672, 25472
free, 256, 30.000000, 202752, 1052672, 25440
free, 256, 32.000000, 202496, 1052672, 25408
free, 256, 30.000000, 202240, 1052672, 25376
free, 256, 29.000000, 201984, 1052672, 25344
free, 256, 31.000000, 201728, 1052672, 25312
free, 256, 33.000000, 201472, 1052672, 25280
free, 256, 25.000000, 201216, 1052672, 25248
free, 256, 28.000000, 200960, 1052672, 25216
free, 256, 27.000000, 200704, 1052672, 25184
free, 256, 30.000000, 200448, 1052672, 25152
free, 256, 24.000000, 200192, 1052672, 25120
free, 256, 27.000000, 199936, 1052672, 25088
free, 256, 26.000000, 199680, 1052672, 25056
free, 256, 32.000000, 199424, 1052672, 25024
free, 256, 22.000000, 199168, 1052672, 24992
free, 256, 20.000000, 198912, 1052672, 24960
free, 256, 30.000000, 198656, 1052672, 24928
free, 256, 32.000000, 198400, 1052672, 24896
free, 256, 33.000000, 198144, 1052672, 24864
free, 256, 29.000000, 197888, 1052672, 24832
free, 256, 28.000000, 197632, 1052672, 24800
free, 256, 26.000000, 197376, 1052672, 24768
free, 256, 26.000000, 197120, 1052672, 24736
free, 256, 30.000000, 196864, 1052672, 24704
free, 256, 20.000000, 196608, 1052672, 24672
free, 256, 31.000000, 196352, 1052672, 24640
free, 256, 32.000000, 196096, 1052672, 24608
free, 256, 26.000000, 195840, 1052672, 24576
free, 256, 28.000000, 195584, 1052672, 24544
free, 256, 26.000000, 195328, 1052672, 24512
free, 256, 25.000000, 195072, 1052672, 24480
free, 256, 26.000000, 194816, 1052672, 24448
free, 256, 28.000000, 194560, 1052672, 24416
free, 256, 30.000000, 194304, 1052672, 24384
free, 256, 30.000000, 194048, 1052672, 24352
free, 256, 31.000000, 193792, 1052672, 24320
free, 256, 30.000000, 193536, 1052672, 24288
free, 256, 30.000000, 193280, 1052672, 24256
free, 256, 26.000000, 193024, 1052672, 24224
free, 256, 28.000000, 192768, 1052672, 24192
free, 256, 28.000000, 192512, 1052672, 24160
free, 256, 28.000000, 192256, 1052672, 24128
free, 256, 30.000000, 192000, 1052672, 24096
free, 256, 30.000000, 191744, 1052672, 24064
free, 256, 30.000000, 191488, 1052672, 24032
free, 256, 30.000000, 191232, 1052672, 24000
free, 256, 30.000000, 190976, 1052672, 23968
free, 256, 28.000000, 190720, 1052672, 23936
free, 256, 27.000000, 190464, 1052672, 23904
free, 256, 25.000000, 190208, 1052672, 23872
free, 256, 26.000000, 189952, 1052672, 23840
free, 256, 27.000000, 189696, 1052672, 23808
free, 256, 30.000000, 189440, 1052672, 23776
free, 256, 31.000000, 189184, 1052672, 23744
free, 256, 28.000000, 188928, 1052672, 23712
free, 256, 24.000000, 188672, 1052672, 23680
free, 256, 27.000000, 188416, 1052672, 23648
free, 256, 27.000000, 188160, 1052672, 23616
free, 256, 26.000000, 187904, 1052672, 23584
free, 256, 25.000000, 187648, 1052672, 23552
free, 256, 27.000000, 187392, 1052672, 23520
free, 256, 26.000000, 187136, 1052672, 23488
free, 256, 32.000000, 186880, 1052672, 23456
free, 256, 30.000000, 186624, 1052672, 23424
free, 256, 29.000000, 186368, 1052672, 23392
free, 256, 28.000000, 186112, 1052672, 23360
free, 256, 29.000000, 185856, 1052672, 23328
free, 256, 28.000000, 185600, 1052672, 23296
free, 256, 28.000000, 185344, 1052672, 23264
free, 256, 30.000000, 185088, 1052672, 23232
free, 256, 27.000000, 184832, 1052672, 23200
free, 256, 28.000000, 184576, 1052672, 23168
free, 256, 29.000000, 184320, 1052672, 23136
free, 256, 27.000000, 184064, 1052672, 23104
free, 256, 26.000000, 183808, 1052672, 23072
free, 256, 30.000000, 183552, 1052672, 23040
free, 256, 26.000000, 183296, 1052672, 23008
free, 256, 28.000000, 183040, 1052672, 22976
free, 256, 30.000000, 182784, 1052672, 22944
free, 256, 28.000000, 182528, 1052672, 22912
free, 256, 28.000000, 182272, 1052672, 22880
free, 256, 30.000000, 182016, 1052672, 22848
free, 256, 35.000000, 181760, 1052672, 22816
free, 256, 29.000000, 181504, 1052672, 22784
free, 256, 28.000000, 181248, 1052672, 22752
free, 256, 28.000000, 180992, 1052672, 22720
free, 256, 28.000000, 180736, 1052672, 22688
free, 256, 27.000000, 180480, 1052672, 22656
free, 256, 25.000000, 180224, 1052672, 22624
free, 256, 28.000000, 179968, 1052672, 22592
free, 256, 28.000000, 179712, 1052672, 22560
free, 256, 28.000000, 179456, 1052672, 22528
free, 256, 29.000000, 179200, 1052672, 22496
free, 256, 29.000000, 178944, 1052672, 22464
free, 256, 26.000000, 178688, 1052672, 22432
free, 256, 27.000000, 178432, 1052672, 22400
free, 256, 27.000000, 178176, 1052672, 22368
free, 256, 27.000000, 177920, 1052672, 22336
free, 256, 32.000000, 177664, 1052672, 22304
free, 256, 30.000000, 177408, 1052672, 22272
free, 256, 32.000000, 177152, 1052672, 22240
free, 256, 24.000000, 176896, 1052672, 22208
free, 256, 33.000000, 176640, 1052672, 22176
free, 256, 21.000000, 176384, 1052672, 22144
free, 256, 29.000000, 176128, 1052672, 22112
free, 256, 28.000000, 175872, 1052672, 22080
free, 256, 28.000000, 175616, 1052672, 22048
free, 256, 25.000000, 175360, 1052672, 22016
free, 256, 26.000000, 175104, 1052672, 21984
free, 256, 32.000000, 174848, 1052672, 21952
free, 256, 31.000000, 174592, 1052672, 21920
free, 256, 31.000000, 174336, 1052672, 21888
free, 256, 26.000000, 174080, 1052672, 21856
free, 256, 27.000000, 173824, 1052672, 21824
free, 256, 29.000000, 173568, 1052672, 21792
free, 256, 29.000000, 173312, 1052672, 21760
free, 256, 28.000000, 173056, 1052672, 21728
free, 256, 27.000000, 172800, 1052672, 21696
free, 256, 29.000000, 172544, 1052672, 21664
free, 256, 30.000000, 172288, 1052672, 21632
free, 256, 29.000000, 172032, 1052672, 21600
free, 256, 30.000000, 171776, 1052672, 21568
free, 256, 31.000000, 171520, 1052672, 21536
free, 256, 30.000000, 171264, 1052672, 21504
free, 256, 30.000000, 171008, 1052672, 21472
free, 256, 29.000000, 170752, 1052672, 21440
free, 256, 27.000000, 170496, 1052672, 21408
free, 256, 26.000000, 170240, 1052672, 21376
free, 256, 26.000000, 169984, 1052672, 21344
free, 256, 27.000000, 169728, 1052672, 21312
free, 256, 25.000000, 169472, 1052672, 21280
free, 256, 26.000000, 169216, 1052672, 21248
free, 256, 26.000000, 168960, 1052672, 21216
free, 256, 25.000000, 168704, 1052672, 21184
free, 256, 27.000000, 168448, 1052672, 21152
free, 256, 28.000000, 168192, 1052672, 21120
free, 256, 29.000000, 167936, 1052672, 21088
free, 256, 29.000000, 167680, 1052672, 21056
free, 256, 25.000000, 167424, 1052672, 21024
free, 256, 26.000000, 167168, 1052672, 20992
free, 256, 28.000000, 166912, 1052672, 20960
free, 256, 28.000000, 166656, 1052672, 20928
free, 256, 29.000000, 166400, 1052672, 20896
free, 256, 28.000000, 166144, 1052672, 20864
free, 256, 30.000000, 165888, 1052672, 20832
free, 256, 27.000000, 165632, 1052672, 20800
free, 256, 31.000000, 165376, 1052672, 20768
free, 256, 29.000000, 165120, 1052672, 20736
free, 256, 25.000000, 164864, 1052672, 20704
free, 256, 26.000000, 164608, 1052672, 20672
free, 256, 28.000000, 164352, 1052672, 20640
free, 256, 27.000000, 164096, 1052672, 20608
free, 256, 23.000000, 163840, 1052672, 20576
free, 256, 25.000000, 163584, 1052672, 20544
free, 256, 29.000000, 163328, 1052672, 20512
free, 256, 28.000000, 163072, 1052672, 20480
free, 256, 27.000000, 162816, 1052672, 20448
free, 256, 29.000000, 162560, 1052672, 20416
free, 256, 28.000000, 162304, 1052672, 20384
free, 256, 26.000000, 162048, 1052672, 20352
free, 256, 29.000000, 161792, 1052672, 20320
free, 256, 29.000000, 161536, 1052672, 20288
free, 256, 26.000000, 161280, 1052672, 20256
free, 256, 27.000000, 161024, 1052672, 20224
free, 256, 29.000000, 160768, 1052672, 20192
free, 256, 27.000000, 160512, 1052672, 20160
free, 256, 29.000000, 160256, 1052672, 20128
free, 256, 29.000000, 160000, 1052672, 20096
free, 256, 30.000000, 159744, 1052672, 20064
free, 256, 25.000000, 159488, 1052672, 20032
free, 256, 27.000000, 159232, 1052672, 20000
free, 256, 27.000000, 158976, 1052672, 19968
free, 256, 23.000000, 158720, 1052672, 19936
free, 256, 27.000000, 158464, 1052672, 19904
free, 256, 27.000000, 158208, 1052672, 19872
free, 256, 24.000000, 157952, 1052672, 19840
free, 256, 30.000000, 157696, 1052672, 19808
free, 256, 30.000000, 157440, 1052672, 19776
free, 256, 31.000000, 157184, 1052672, 19744
free, 256, 30.000000, 156928, 1052672, 19712
free, 256, 31.000000, 156672, 1052672, 19680
free, 256, 32.000000, 156416, 1052672, 19648
free, 256, 27.000000, 156160, 1052672, 19616
free, 256, 28.000000, 155904, 1052672, 19584
free, 256, 28.000000, 155648, 1052672, 19552
free, 256, 28.000000, 155392, 1052672, 19520
free, 256, 25.000000, 155136, 1052672, 19488
free, 256, 29.000000, 154880, 1052672, 19456
free, 256, 26.000000, 154624, 1052672, 19424
free, 256, 25.000000, 154368, 1052672, 19392
free, 256, 29.000000, 154112, 1052672, 19360
free, 256, 30.000000, 153856, 1052672, 19328
free, 256, 27.000000, 153600, 1052672, 19296
free, 256, 29.000000, 153344, 1052672, 19264
free, 256, 28.000000, 153088, 1052672, 19232
free, 256, 30.000000, 152832, 1052672, 19200
free, 256, 28.000000, 152576, 1052672, 19168
free, 256, 28.000000, 152320, 1052672, 19136
free, 256, 28.000000, 152064, 1052672, 19104
free, 256, 29.000000, 151808, 1052672, 19072
free, 256, 30.000000, 151552, 1052672, 19040
free, 256, 28.000000, 151296, 1052672, 19008
free, 256, 26.000000, 151040, 1052672, 18976
free, 256, 29.000000, 150784, 1052672, 18944
free, 256, 31.000000, 150528, 1052672, 18912
free, 256, 28.000000, 150272, 1052672, 18880
free, 256, 26.000000, 150016, 1052672, 18848
free, 256, 25.000000, 149760, 1052672, 18816
free, 256, 30.000000, 149504, 1052672, 18784
free, 256, 23.000000, 149248, 1052672, 18752
free, 256, 27.000000, 148992, 1052672, 18720
free, 256, 28.000000, 148736, 1052672, 18688
free, 256, 31.000000, 148480, 1052672, 18656
free, 256, 31.000000, 148224, 1052672, 18624
free, 256, 30.000000, 147968, 1052672, 18592
free, 256, 27.000000, 147712, 1052672, 18560
free, 256, 31.000000, 147456, 1052672, 18528
free, 256, 28.000000, 147200, 1052672, 18496
free, 256, 30.000000, 146944, 1052672, 18464
free, 256, 29.000000, 146688, 1052672, 18432
free, 256, 25.000000, 146432, 1052672, 18400
free, 256, 26.000000, 146176, 1052672, 18368
free, 256, 26.000000, 145920, 1052672, 18336
free, 256, 23.000000, 145664, 1052672, 18304
free, 256, 26.000000, 145408, 1052672, 18272
free, 256, 26.000000, 145152, 1052672, 18240
free, 256, 31.000000, 144896, 1052672, 18208
free, 256, 27.000000, 144640, 1052672, 18176
free, 256, 31.000000, 144384, 1052672, 18144
free, 256, 29.000000, 144128, 1052672, 18112
free, 256, 29.000000, 143872, 1052672, 18080
free, 256, 30.000000, 143616, 1052672, 18048
free, 256, 30.000000, 143360, 1052672, 18016
free, 256, 27.000000, 143104, 1052672, 17984
free, 256, 26.000000, 142848, 1052672, 17952
free, 256, 28.000000, 142592, 1052672, 17920
free, 256, 29.000000, 142336, 1052672, 17888
free, 256, 30.000000, 142080, 1052672, 17856
free, 256, 33.000000, 141824, 1052672, 17824
free, 256, 32.000000, 141568, 1052672, 17792
free, 256, 28.000000, 141312, 1052672, 17760
free, 256, 27.000000, 141056, 1052672, 17728
free, 256, 27.000000, 140800, 1052672, 17696
free, 256, 26.000000, 140544, 1052672, 17664
free, 256, 28.000000, 140288, 1052672, 17632
free, 256, 26.000000, 140032, 1052672, 17600
free, 256, 30.000000, 139776, 1052672, 17568
free, 256, 30.000000, 139520, 1052672, 17536
free, 256, 30.000000, 139264, 1052672, 17504
free, 256, 31.000000, 139008, 1052672, 17472
free, 256, 29.000000, 138752, 1052672, 17440
free, 256, 30.000000, 138496, 1052672, 17408
free, 256, 30.000000, 138240, 1052672, 17376
free, 256, 29.000000, 137984, 1052672, 17344
free, 256, 27.000000, 137728, 1052672, 17312
free, 256, 26.000000, 137472, 1052672, 17280
free, 256, 28.000000, 137216, 1052672, 17248
free, 256, 28.000000, 136960, 1052672, 17216
free, 256, 29.000000, 136704, 1052672, 17184
free, 256, 30.000000, 136448, 1052672, 17152
free, 256, 26.000000, 136192, 1052672, 17120
free, 256, 28.000000, 135936, 1052672, 17088
free, 256, 32.000000, 135680, 1052672, 17056
free, 256, 30.000000, 135424, 1052672, 17024
free, 256, 39.000000, 135168, 1052672, 16992
free, 256, 28.000000, 134912, 1052672, 16960
free, 256, 21.000000, 134656, 1052672, 16928
free, 256, 27.000000, 134400, 1052672, 16896
free, 256, 27.000000, 134144, 1052672, 16864
free, 256, 29.000000, 133888, 1052672, 16832
free, 256, 28.000000, 133632, 1052672, 16800
free, 256, 29.000000, 133376, 1052672, 16768
free, 256, 31.000000, 133120, 1052672, 16736
free, 256, 29.000000, 132864, 1052672, 16704
free, 256, 32.000000, 132608, 1052672, 16672
free, 256, 29.000000, 132352, 1052672, 16640
free, 256, 28.000000, 132096, 1052672, 16608
free, 256, 28.000000, 131840, 1052672, 16576
free, 256, 27.000000, 131584, 1052672, 16544
free, 256, 28.000000, 131328, 1052672, 16512
free, 256, 22.000000, 131072, 1052672, 16480
free, 256, 28.000000, 130816, 1052672, 16448
free, 256, 28.000000, 130560, 1052672, 16416
free, 256, 30.000000, 130304, 1052672, 16384
free, 256, 30.000000, 130048, 1052672, 16352
free, 256, 30.000000, 129792, 1052672, 16320
free, 256, 28.000000, 129536, 1052672, 16288
free, 256, 30.000000, 129280, 1052672, 16256
free, 256, 32.000000, 129024, 1052672, 16224
free, 256, 31.000000, 128768, 1052672, 16192
free, 256, 25.000000, 128512, 1052672, 16160
free, 256, 27.000000, 128256, 1052672, 16128
free, 256, 26.000000, 128000, 1052672, 16096
free, 256, 27.000000, 127744, 1052672, 16064
free, 256, 31.000000, 127488, 1052672, 16032
free, 256, 30.000000, 127232, 1052672, 16000
free, 256, 29.000000, 126976, 1052672, 15968
free, 256, 27.000000, 126720, 1052672, 15936
free, 256, 29.000000, 126464, 1052672, 15904
free, 256, 29.000000, 126208, 1052672, 15872
free, 256, 27.000000, 125952, 1052672, 15840
free, 256, 29.000000, 125696, 1052672, 15808
free, 256, 26.000000, 125440, 1052672, 15776
free, 256, 24.000000, 125184, 1052672, 15744
free, 256, 30.000000, 124928, 1052672, 15712
free, 256, 29.000000, 124672, 1052672, 15680
free, 256, 29.000000, 124416, 1052672, 15648
free, 256, 28.000000, 124160, 1052672, 15616
free, 256, 28.000000, 123904, 1052672, 15584
free, 256, 29.000000, 123648, 1052672, 15552
free, 256, 30.000000, 123392, 1052672, 15520
free, 256, 28.000000, 123136, 1052672, 15488
free, 256, 25.000000, 122880, 1052672, 15456
free, 256, 28.000000, 122624, 1052672, 15424
free, 256, 29.000000, 122368, 1052672, 15392
free, 256, 25.000000, 122112, 1052672, 15360
free, 256, 27.000000, 121856, 1052672, 15328
free, 256, 28.000000, 121600, 1052672, 15296
free, 256, 27.000000, 121344, 1052672, 15264
free, 256, 26.000000, 121088, 1052672, 15232
free, 256, 33.000000, 120832, 1052672, 15200
free, 256, 32.000000, 120576, 1052672, 15168
free, 256, 29.000000, 120320, 1052672, 15136
free, 256, 30.000000, 120064, 1052672, 15104
free, 256, 30.000000, 119808, 1052672, 15072
free, 256, 28.000000, 119552, 1052672, 15040
free, 256, 28.000000, 119296, 1052672, 15008
free, 256, 30.000000, 119040, 1052672, 14976
free, 256, 27.000000, 118784, 1052672, 14944
free, 256, 29.000000, 118528, 1052672, 14912
free, 256, 28.000000, 118272, 1052672, 14880
free, 256, 22.000000, 118016, 1052672, 14848
free, 256, 27.000000, 117760, 1052672, 14816
free, 256, 30.000000, 117504, 1052672, 14784
free, 256, 29.000000, 117248, 1052672, 14752
free, 256, 31.000000, 116992, 1052672, 14720
free, 256, 31.000000, 116736, 1052672, 14688
free, 256, 20.000000, 116480, 1052672, 14656
free, 256, 29.000000, 116224, 1052672, 14624
free, 256, 29.000000, 115968, 1052672, 14592
free, 256, 29.000000, 115712, 1052672, 14560
free, 256, 27.000000, 115456, 1052672, 14528
free, 256, 31.000000, 115200, 1052672, 14496
free, 256, 29.000000, 114944, 1052672, 14464
free, 256, 31.000000, 114688, 1052672, 14432
free, 256, 31.000000, 114432, 1052672, 14400
free, 256, 31.000000, 114176, 1052672, 14368
free, 256, 25.000000, 113920, 1052672, 14336
free, 256, 27.000000, 113664, 1052672, 14304
free, 256, 25.000000, 113408, 1052672, 14272
free, 256, 26.000000, 113152, 1052672, 14240
free, 256, 23.000000, 112896, 1052672, 14208
free, 256, 28.000000, 112640, 1052672, 14176
free, 256, 31.000000, 112384, 1052672, 14144
free, 256, 28.000000, 112128, 1052672, 14112
free, 256, 30.000000, 111872, 1052672, 14080
free, 256, 31.000000, 111616, 1052672, 14048
free, 256, 30.000000, 111360, 1052672, 14016
free, 256, 29.000000, 111104, 1052672, 13984
free, 256, 29.000000, 110848, 1052672, 13952
free, 256, 29.000000, 110592, 1052672, 13920
free, 256, 29.000000, 110336, 1052672, 13888
free, 256, 29.000000, 110080, 1052672, 13856
free, 256, 28.000000, 109824, 1052672, 13824
free, 256, 25.000000, 109568, 1052672, 13792
free, 256, 30.000000, 109312, 1052672, 13760
free, 256, 29.000000, 109056, 1052672, 13728
free, 256, 29.000000, 108800, 1052672, 13696
free, 256, 27.000000, 108544, 1052672, 13664
free, 256, 26.000000, 108288, 1052672, 13632
free, 256, 26.000000, 108032, 1052672, 13600
free, 256, 27.000000, 107776, 1052672, 13568
free, 256, 26.000000, 107520, 1052672, 13536
free, 256, 27.000000, 107264, 1052672, 13504
free, 256, 26.000000, 107008, 1052672, 13472
free, 256, 27.000000, 106752, 1052672, 13440
free, 256, 29.000000, 106496, 1052672, 13408
free, 256, 30.000000, 106240, 1052672, 13376
free, 256, 31.000000, 105984, 1052672, 13344
free, 256, 29.000000, 105728, 1052672, 13312
free, 256, 26.000000, 105472, 1052672, 13280
free, 256, 28.000000, 105216, 1052672, 13248
free, 256, 29.000000, 104960, 1052672, 13216
free, 256, 28.000000, 104704, 1052672, 13184
free, 256, 37.000000, 104448, 1052672, 13152
free, 256, 28.000000, 104192, 1052672, 13120
free, 256, 27.000000, 103936, 1052672, 13088
free, 256, 27.000000, 103680, 1052672, 13056
free, 256, 29.000000, 103424, 1052672, 13024
free, 256, 29.000000, 103168, 1052672, 12992
free, 256, 25.000000, 102912, 1052672, 12960
free, 256, 25.000000, 102656, 1052672, 12928
free, 256, 27.000000, 102400, 1052672, 12896
free, 256, 30.000000, 102144, 1052672, 12864
free, 256, 20.000000, 101888, 1052672, 12832
free, 256, 27.000000, 101632, 1052672, 12800
free, 256, 27.000000, 101376, 1052672, 12768
free, 256, 28.000000, 101120, 1052672, 12736
free, 256, 29.000000, 100864, 1052672, 12704
free, 256, 25.000000, 100608, 1052672, 12672
free, 256, 28.000000, 100352, 1052672, 12640
free, 256, 26.000000, 100096, 1052672, 12608
free, 256, 25.000000, 99840, 1052672, 12576
free, 256, 26.000000, 99584, 1052672, 12544
free, 256, 30.000000, 99328, 1052672, 12512
free, 256, 30.000000, 99072, 1052672, 12480
free, 256, 28.000000, 98816, 1052672, 12448
free, 256, 27.000000, 98560, 1052672, 12416
free, 256, 21.000000, 98304, 1052672, 12384
free, 256, 27.000000, 98048, 1052672, 12352
free, 256, 26.000000, 97792, 1052672, 12320
free, 256, 29.000000, 97536, 1052672, 12288
free, 256, 29.000000, 97280, 1052672, 12256
free, 256, 28.000000, 97024, 1052672, 12224
free, 256, 29.000000, 96768, 1052672, 12192
free, 256, 32.000000, 96512, 1052672, 12160
free, 256, 31.000000, 96256, 1052672, 12128
free, 256, 29.000000, 96000, 1052672, 12096
free, 256, 28.000000, 95744, 1052672, 12064
free, 256, 29.000000, 95488, 1052672, 12032
free, 256, 25.000000, 95232, 1052672, 12000
free, 256, 25.000000, 94976, 1052672, 11968
free, 256, 27.000000, 94720, 1052672, 11936
free, 256, 30.000000, 94464, 1052672, 11904
free, 256, 23.000000, 94208, 1052672, 11872
free, 256, 24.000000, 93952, 1052672, 11840
free, 256, 28.000000, 93696, 1052672, 11808
free, 256, 23.000000, 93440, 1052672, 11776
free, 256, 22.000000, 93184, 1052672, 11744
free, 256, 29.000000, 92928, 1052672, 11712
free, 256, 26.000000, 92672, 1052672, 11680
free, 256, 27.000000, 92416, 1052672, 11648
free, 256, 30.000000, 92160, 1052672, 11616
free, 256, 29.000000, 91904, 1052672, 11584
free, 256, 28.000000, 91648, 1052672, 11552
free, 256, 30.000000, 91392, 1052672, 11520
free, 256, 28.000000, 91136, 1052672, 11488
free, 256, 27.000000, 90880, 1052672, 11456
free, 256, 26.000000, 90624, 1052672, 11424
free, 256, 27.000000, 90368, 1052672, 11392
free, 256, 31.000000, 90112, 1052672, 11360
free, 256, 28.000000, 89856, 1052672, 11328
free, 256, 28.000000, 89600, 1052672, 11296
free, 256, 31.000000, 89344, 1052672, 11264
free, 256, 30.000000, 89088, 1052672, 11232
free, 256, 29.000000, 88832, 1052672, 11200
free, 256, 26.000000, 88576, 1052672, 11168
free, 256, 32.000000, 88320, 1052672, 11136
free, 256, 26.000000, 88064, 1052672, 11104
free, 256, 23.000000, 87808, 1052672, 11072
free, 256, 32.000000, 87552, 1052672, 11040
free, 256, 30.000000, 87296, 1052672, 11008
free, 256, 30.000000, 87040, 1052672, 10976
free, 256, 31.000000, 86784, 1052672, 10944
free, 256, 27.000000, 86528, 1052672, 10912
free, 256, 24.000000, 86272, 1052672, 10880
free, 256, 25.000000, 86016, 1052672, 10848
free, 256, 28.000000, 85760, 1052672, 10816
free, 256, 27.000000, 85504, 1052672, 10784
free, 256, 24.000000, 85248, 1052672, 10752
free, 256, 28.000000, 84992, 1052672, 10720
free, 256, 29.000000, 84736, 1052672, 10688
free, 256, 29.000000, 84480, 1052672, 10656
free, 256, 28.000000, 84224, 1052672, 10624
free, 256, 26.000000, 83968, 1052672, 10592
free, 256, 21.000000, 83712, 1052672, 10560
free, 256, 28.000000, 83456, 1052672, 10528
free, 256, 28.000000, 83200, 1052672, 10496
free, 256, 28.000000, 82944, 1052672, 10464
free, 256, 27.000000, 82688, 1052672, 10432
free, 256, 31.000000, 82432, 1052672, 10400
free, 256, 30.000000, 82176, 1052672, 10368
free, 256, 29.000000, 81920, 1052672, 10336
free, 256, 30.000000, 81664, 1052672, 10304
free, 256, 31.000000, 81408, 1052672, 10272
free, 256, 27.000000, 81152, 1052672, 10240
free, 256, 27.000000, 80896, 1052672, 10208
free, 256, 29.000000, 80640, 1052672, 10176
free, 256, 30.000000, 80384, 1052672, 10144
free, 256, 21.000000, 80128, 1052672, 10112
free, 256, 27.000000, 79872, 1052672, 10080
free, 256, 29.000000, 79616, 1052672, 10048
free, 256, 26.000000, 79360, 1052672, 10016
free, 256, 27.000000, 79104, 1052672, 9984
free, 256, 27.000000, 78848, 1052672, 9952
free, 256, 28.000000, 78592, 1052672, 9920
free, 256, 33.000000, 78336, 1052672, 9888
free, 256, 26.000000, 78080, 1052672, 9856
free, 256, 28.000000, 77824, 1052672, 9824
free, 256, 29.000000, 77568, 1052672, 9792
free, 256, 30.000000, 77312, 1052672, 9760
free, 256, 27.000000, 77056, 1052672, 9728
free, 256, 28.000000, 76800, 1052672, 9696
free, 256, 29.000000, 76544, 1052672, 9664
free, 256, 31.000000, 76288, 1052672, 9632
free, 256, 31.000000, 76032, 1052672, 9600
free, 256, 27.000000, 75776, 1052672, 9568
free, 256, 28.000000, 75520, 1052672, 9536
free, 256, 29.000000, 75264, 1052672, 9504
free, 256, 29.000000, 75008, 1052672, 9472
free, 256, 28.000000, 74752, 1052672, 9440
free, 256, 27.000000, 74496, 1052672, 9408
free, 256, 28.000000, 74240, 1052672, 9376
free, 256, 30.000000, 73984, 1052672, 9344
free, 256, 28.000000, 73728, 1052672, 9312
free, 256, 30.000000, 73472, 1052672, 9280
free, 256, 30.000000, 73216, 1052672, 9248
free, 256, 27.000000, 72960, 1052672, 9216
free, 256, 28.000000, 72704, 1052672, 9184
free, 256, 28.000000, 72448, 1052672, 9152
free, 256, 30.000000, 72192, 1052672, 9120
free, 256, 28.000000, 71936, 1052672, 9088
free, 256, 30.000000, 71680, 1052672, 9056
free, 256, 30.000000, 71424, 1052672, 9024
free, 256, 30.000000, 71168, 1052672, 8992
free, 256, 30.000000, 70912, 1052672, 8960
free, 256, 33.000000, 70656, 1052672, 8928
free, 256, 31.000000, 70400, 1052672, 8896
free, 256, 27.000000, 70144, 1052672, 8864
free, 256, 28.000000, 69888, 1052672, 8832
free, 256, 29.000000, 69632, 1052672, 8800
free, 256, 29.000000, 69376, 1052672, 8768
free, 256, 22.000000, 69120, 1052672, 8736
free, 256, 26.000000, 68864, 1052672, 8704
free, 256, 29.000000, 68608, 1052672, 8672
free, 256, 28.000000, 68352, 1052672, 8640
free, 256, 29.000000, 68096, 1052672, 8608
free, 256, 23.000000, 67840, 1052672, 8576
free, 256, 30.000000, 67584, 1052672, 8544
free, 256, 29.000000, 67328, 1052672, 8512
free, 256, 29.000000, 67072, 1052672, 8480
free, 256, 31.000000, 66816, 1052672, 8448
free, 256, 29.000000, 66560, 1052672, 8416
free, 256, 28.000000, 66304, 1052672, 8384
free, 256, 29.000000, 66048, 1052672, 8352
free, 256, 27.000000, 65792, 1052672, 8320
free, 256, 23.000000, 65536, 1052672, 8288
free, 256, 27.000000, 65280, 1052672, 8256
free, 256, 28.000000, 65024, 1052672, 8224
free, 256, 31.000000, 64768, 1052672, 8192
free, 256, 30.000000, 64512, 1052672, 8160
free, 256, 30.000000, 64256, 1052672, 8128
free, 256, 28.000000, 64000, 1052672, 8096
free, 256, 32.000000, 63744, 1052672, 8064
free, 256, 29.000000, 63488, 1052672, 8032
free, 256, 31.000000, 63232, 1052672, 8000
free, 256, 26.000000, 62976, 1052672, 7968
free, 256, 28.000000, 62720, 1052672, 7936
free, 256, 26.000000, 62464, 1052672, 7904
free, 256, 27.000000, 62208, 1052672, 7872
free, 256, 29.000000, 61952, 1052672, 7840
free, 256, 30.000000, 61696, 1052672, 7808
free, 256, 30.000000, 61440, 1052672, 7776
free, 256, 27.000000, 61184, 1052672, 7744
free, 256, 26.000000, 60928, 1052672, 7712
free, 256, 27.000000, 60672, 1052672, 7680
free, 256, 29.000000, 60416, 1052672, 7648
free, 256, 27.000000, 60160, 1052672, 7616
free, 256, 27.000000, 59904, 1052672, 7584
free, 256, 29.000000, 59648, 1052672, 7552
free, 256, 29.000000, 59392, 1052672, 7520
free, 256, 32.000000, 59136, 1052672, 7488
free, 256, 29.000000, 58880, 1052672, 7456
free, 256, 23.000000, 58624, 1052672, 7424
free, 256, 33.000000, 58368, 1052672, 7392
free, 256, 30.000000, 58112, 1052672, 7360
free, 256, 29.000000, 57856, 1052672, 7328
free, 256, 27.000000, 57600, 1052672, 7296
free, 256, 28.000000, 57344, 1052672, 7264
free, 256, 25.000000, 57088, 1052672, 7232
free, 256, 27.000000, 56832, 1052672, 7200
free, 256, 30.000000, 56576, 1052672, 7168
free, 256, 28.000000, 56320, 1052672, 7136
free, 256, 28.000000, 56064, 1052672, 7104
free, 256, 32.000000, 55808, 1052672, 7072
free, 256, 28.000000, 55552, 1052672, 7040
free, 256, 31.000000, 55296, 1052672, 7008
free, 256, 29.000000, 55040, 1052672, 6976
free, 256, 29.000000, 54784, 1052672, 6944
free, 256, 27.000000, 54528, 1052672, 6912
free, 256, 29.000000, 54272, 1052672, 6880
free, 256, 29.000000, 54016, 1052672, 6848
free, 256, 25.000000, 53760, 1052672, 6816
free, 256, 24.000000, 53504, 1052672, 6784
free, 256, 27.000000, 53248, 1052672, 6752
free, 256, 27.000000, 52992, 1052672, 6720
free, 256, 28.000000, 52736, 1052672, 6688
free, 256, 28.000000, 52480, 1052672, 6656
free, 256, 29.000000, 52224, 1052672, 6624
free, 256, 30.000000, 51968, 1052672, 6592
free, 256, 30.000000, 51712, 1052672, 6560
free, 256, 29.000000, 51456, 1052672, 6528
free, 256, 30.000000, 51200, 1052672, 6496
free, 256, 21.000000, 50944, 1052672, 6464
free, 256, 30.000000, 50688, 1052672, 6432
free, 256, 27.000000, 50432, 1052672, 6400
free, 256, 28.000000, 50176, 1052672, 6368
free, 256, 29.000000, 49920, 1052672, 6336
free, 256, 29.000000, 49664, 1052672, 6304
free, 256, 27.000000, 49408, 1052672, 6272
free, 256, 28.000000, 49152, 1052672, 6240
free, 256, 28.000000, 48896, 1052672, 6208
free, 256, 25.000000, 48640, 1052672, 6176
free, 256, 31.000000, 48384, 1052672, 6144
free, 256, 22.000000, 48128, 1052672, 6112
free, 256, 28.000000, 47872, 1052672, 6080
free, 256, 28.000000, 47616, 1052672, 6048
free, 256, 23.000000, 47360, 1052672, 6016
free, 256, 30.000000, 47104, 1052672, 5984
free, 256, 30.000000, 46848, 1052672, 5952
free, 256, 29.000000, 46592, 1052672, 5920
free, 256, 28.000000, 46336, 1052672, 5888
free, 256, 29.000000, 46080, 1052672, 5856
free, 256, 25.000000, 45824, 1052672, 5824
free, 256, 28.000000, 45568, 1052672, 5792
free, 256, 26.000000, 45312, 1052672, 5760
free, 256, 28.000000, 45056, 1052672, 5728
free, 256, 31.000000, 44800, 1052672, 5696
free, 256, 31.000000, 44544, 1052672, 5664
free, 256, 28.000000, 44288, 1052672, 5632
free, 256, 27.000000, 44032, 1052672, 5600
free, 256, 25.000000, 43776, 1052672, 5568
free, 256, 29.000000, 43520, 1052672, 5536
free, 256, 28.000000, 43264, 1052672, 5504
free, 256, 30.000000, 43008, 1052672, 5472
free, 256, 30.000000, 42752, 1052672, 5440
free, 256, 32.000000, 42496, 1052672, 5408
free, 256, 30.000000, 42240, 1052672, 5376
free, 256, 29.000000, 41984, 1052672, 5344
free, 256, 29.000000, 41728, 1052672, 5312
free, 256, 31.000000, 41472, 1052672, 5280
free, 256, 28.000000, 41216, 1052672, 5248
free, 256, 27.000000, 40960, 1052672, 5216
free, 256, 27.000000, 40704, 1052672, 5184
free, 256, 26.000000, 40448, 1052672, 5152
free, 256, 27.000000, 40192, 1052672, 5120
free, 256, 26.000000, 39936, 1052672, 5088
free, 256, 31.000000, 39680, 1052672, 5056
free, 256, 31.000000, 39424, 1052672, 5024
free, 256, 29.000000, 39168, 1052672, 4992
free, 256, 27.000000, 38912, 1052672, 4960
free, 256, 29.000000, 38656, 1052672, 4928
free, 256, 30.000000, 38400, 1052672, 4896
free, 256, 30.000000, 38144, 1052672, 4864
free, 256, 28.000000, 37888, 1052672, 4832
free, 256, 27.000000, 37632, 1052672, 4800
free, 256, 28.000000, 37376, 1052672, 4768
free, 256, 27.000000, 37120, 1052672, 4736
free, 256, 26.000000, 36864, 1052672, 4704
free, 256, 26.000000, 36608, 1052672, 4672
free, 256, 21.000000, 36352, 1052672, 4640
free, 256, 29.000000, 36096, 1052672, 4608
free, 256, 26.000000, 35840, 1052672, 4576
free, 256, 30.000000, 35584, 1052672, 4544
free, 256, 30.000000, 35328, 1052672, 4512
free, 256, 31.000000, 35072, 1052672, 4480
free, 256, 31.000000, 34816, 1052672, 4448
free, 256, 29.000000, 34560, 1052672, 4416
free, 256, 29.000000, 34304, 1052672, 4384
free, 256, 31.000000, 34048, 1052672, 4352
free, 256, 28.000000, 33792, 1052672, 4320
free, 256, 28.000000, 33536, 1052672, 4288
free, 256, 30.000000, 33280, 1052672, 4256
free, 256, 32.000000, 33024, 1052672, 4224
free, 256, 20.000000, 32768, 1052672, 4192
free, 256, 30.000000, 32512, 1052672, 4160
free, 256, 29.000000, 32256, 1052672, 4128
free, 256, 28.000000, 32000, 1052672, 4096
free, 256, 27.000000, 31744, 1052672, 4064
free, 256, 26.000000, 31488, 1052672, 4032
free, 256, 29.000000, 31232, 1052672, 4000
free, 256, 26.000000, 30976, 1052672, 3968
free, 256, 25.000000, 30720, 1052672, 3936
free, 256, 25.000000, 30464, 1052672, 3904
free, 256, 29.000000, 30208, 1052672, 3872
free, 256, 29.000000, 29952, 1052672, 3840
free, 256, 30.000000, 29696, 1052672, 3808
free, 256, 29.000000, 29440, 1052672, 3776
free, 256, 28.000000, 29184, 1052672, 3744
free, 256, 24.000000, 28928, 1052672, 3712
free, 256, 26.000000, 28672, 1052672, 3680
free, 256, 29.000000, 28416, 1052672, 3648
free, 256, 28.000000, 28160, 1052672, 3616
free, 256, 29.000000, 27904, 1052672, 3584
free, 256, 30.000000, 27648, 1052672, 3552
free, 256, 28.000000, 27392, 1052672, 3520
free, 256, 29.000000, 27136, 1052672, 3488
free, 256, 30.000000, 26880, 1052672, 3456
free, 256, 26.000000, 26624, 1052672, 3424
free, 256, 27.000000, 26368, 1052672, 3392
free, 256, 28.000000, 26112, 1052672, 3360
free, 256, 25.000000, 25856, 1052672, 3328
free, 256, 27.000000, 25600, 1052672, 3296
free, 256, 26.000000, 25344, 1052672, 3264
free, 256, 27.000000, 25088, 1052672, 3232
free, 256, 27.000000, 24832, 1052672, 3200
free, 256, 30.000000, 24576, 1052672, 3168
free, 256, 29.000000, 24320, 1052672, 3136
free, 256, 28.000000, 24064, 1052672, 3104
free, 256, 32.000000, 23808, 1052672, 3072
free, 256, 31.000000, 23552, 1052672, 3040
free, 256, 29.000000, 23296, 1052672, 3008
free, 256, 26.000000, 23040, 1052672, 2976
free, 256, 29.000000, 22784, 1052672, 2944
free, 256, 29.000000, 22528, 1052672, 2912
free, 256, 27.000000, 22272, 1052672, 2880
free, 256, 31.000000, 22016, 1052672, 2848
free, 256, 30.000000, 21760, 1052672, 2816
free, 256, 32.000000, 21504, 1052672, 2784
free, 256, 31.000000, 21248, 1052672, 2752
free, 256, 27.000000, 20992, 1052672, 2720
free, 256, 26.000000, 20736, 1052672, 2688
free, 256, 26.000000, 20480, 1052672, 2656
free, 256, 28.000000, 20224, 1052672, 2624
free, 256, 28.000000, 19968, 1052672, 2592
free, 256, 25.000000, 19712, 1052672, 2560
free, 256, 27.000000, 19456, 1052672, 2528
free, 256, 33.000000, 19200, 1052672, 2496
free, 256, 32.000000, 18944, 1052672, 2464
free, 256, 32.000000, 18688, 1052672, 2432
free, 256, 29.000000, 18432, 1052672, 2400
free, 256, 27.000000, 18176, 1052672, 2368
free, 256, 26.000000, 17920, 1052672, 2336
free, 256, 25.000000, 17664, 1052672, 2304
free, 256, 30.000000, 17408, 1052672, 2272
free, 256, 30.000000, 17152, 1052672, 2240
free, 256, 30.000000, 16896, 1052672, 2208
free, 256, 29.000000, 16640, 1052672, 2176
free, 256, 31.000000, 16384, 1052672, 2144
free, 256, 29.000000, 16128, 1052672, 2112
free, 256, 27.000000, 15872, 1052672, 2080
free, 256, 26.000000, 15616, 1052672, 2048
free, 256, 28.000000, 15360, 1052672, 2016
free, 256, 26.000000, 15104, 1052672, 1984
free, 256, 30.000000, 14848, 1052672, 1952
free, 256, 31.000000, 14592, 1052672, 1920
free, 256, 28.000000, 14336, 1052672, 1888
free, 256, 28.000000, 14080, 1052672, 1856
free, 256, 27.000000, 13824, 1052672, 1824
free, 256, 27.000000, 13568, 1052672, 1792
free, 256, 29.000000, 13312, 1052672, 1760
free, 256, 26.000000, 13056, 1052672, 1728
free, 256, 27.000000, 12800, 1052672, 1696
free, 256, 26.000000, 12544, 1052672, 1664
free, 256, 28.000000, 12288, 1052672, 1632
free, 256, 29.000000, 12032, 1052672, 1600
free, 256, 29.000000, 11776, 1052672, 1568
free, 256, 31.000000, 11520, 1052672, 1536
free, 256, 30.000000, 11264, 1052672, 1504
free, 256, 26.000000, 11008, 1052672, 1472
free, 256, 28.000000, 10752, 1052672, 1440
free, 256, 27.000000, 10496, 1052672, 1408
free, 256, 30.000000, 10240, 1052672, 1376
free, 256, 30.000000, 9984, 1052672, 1344
free, 256, 30.000000, 9728, 1052672, 1312
free, 256, 31.000000, 9472, 1052672, 1280
free, 256, 31.000000, 9216, 1052672, 1248
free, 256, 27.000000, 8960, 1052672, 1216
free, 256, 29.000000, 8704, 1052672, 1184
free, 256, 24.000000, 8448, 1052672, 1152
free, 256, 27.000000, 8192, 1052672, 1120
free, 256, 28.000000, 7936, 1052672, 1088
free, 256, 28.000000, 7680, 1052672, 1056
free, 256, 27.000000, 7424, 1052672, 1024
free, 256, 26.000000, 7168, 1052672, 992
free, 256, 27.000000, 6912, 1052672, 960
free, 256, 28.000000, 6656, 1052672, 928
free, 256, 26.000000, 6400, 1052672, 896
free, 256, 29.000000, 6144, 1052672, 864
free, 256, 29.000000, 5888, 1052672, 832
free, 256, 28.000000, 5632, 1052672, 800
free, 256, 45.000000, 5376, 1052672, 768
free, 256, 32.000000, 5120, 1052672, 736
free, 256, 30.000000, 4864, 1052672, 704
free, 256, 26.000000, 4608, 1052672, 672
free, 256, 26.000000, 4352, 1052672, 640
free, 256, 27.000000, 4096, 1052672, 608
free, 256, 30.000000, 3840, 1052672, 576
free, 256, 30.000000, 3584, 1052672, 544
free, 256, 33.000000, 3328, 1052672, 512
free, 256, 31.000000, 3072, 1052672, 480
free, 256, 29.000000, 2816, 1052672, 448
free, 256, 32.000000, 2560, 1052672, 416
free, 256, 22.000000, 2304, 1052672, 384
free, 256, 28.000000, 2048, 1052672, 352
free, 256, 30.000000, 1792, 1052672, 320
free, 256, 31.000000, 1536, 1052672, 288
free, 256, 22.000000, 1280, 1052672, 256
free, 256, 28.000000, 1024, 1052672, 224
free, 256, 30.000000, 768, 1052672, 192
free, 256, 29.000000, 512, 1052672, 160
free, 256, 31.000000, 256, 1052672, 128
free, 256, 75.000000, 0, 1052672, 64
