malloc, 32, 195.000000, 32, 4128, 64
malloc, 64, 80.000000, 96, 4128, 96
malloc, 128, 68.000000, 224, 4128, 128
malloc, 256, 63.000000, 480, 4128, 160
malloc, 512, 61.000000, 992, 4128, 192
malloc, 1024, 61.000000, 2016, 4128, 224
malloc, 2048, 5520.000000, 4064, 1052704, 288
malloc, 4096, 870.000000, 8160, 1052704, 320
malloc, 8192, 827.000000, 16352, 1052704, 352
malloc, 32, 95.000000, 16384, 1052704, 384
malloc, 64, 100.000000, 16448, 1052704, 416
malloc, 128, 89.000000, 16576, 1052704, 448
malloc, 256, 107.000000, 16832, 1052704, 480
malloc, 512, 110.000000, 17344, 1052704, 512
malloc, 1024, 838.000000, 18368, 1052704, 544
malloc, 2048, 118.000000, 20416, 1052704, 576
malloc, 4096, 931.000000, 24512, 1052704, 608
malloc, 8192, 804.000000, 32704, 1052704, 640
malloc, 32, 149.000000, 32736, 1052704, 672
malloc, 64, 131.000000, 32800, 1052704, 704
malloc, 128, 140.000000, 32928, 1052704, 736
malloc, 256, 148.000000, 33184, 1052704, 768
malloc, 512, 121.000000, 33696, 1052704, 800
malloc, 1024, 870.000000, 34720, 1052704, 832
malloc, 2048, 145.000000, 36768, 1052704, 864
malloc, 4096, 874.000000, 40864, 1052704, 896
malloc, 8192, 897.000000, 49056, 1052704, 928
malloc, 32, 163.000000, 49088, 1052704, 960
malloc, 64, 158.000000, 49152, 1052704, 992
malloc, 128, 148.000000, 49280, 1052704, 1024
malloc, 256, 174.000000, 49536, 1052704, 1056
malloc, 512, 170.000000, 50048, 1052704, 1088
malloc, 1024, 906.000000, 51072, 1052704, 1120
malloc, 2048, 177.000000, 53120, 1052704, 1152
malloc, 4096, 895.000000, 57216, 1052704, 1184
malloc, 8192, 873.000000, 65408, 1052704, 1216
malloc, 32, 204.000000, 65440, 1052704, 1248
malloc, 64, 169.000000, 65504, 1052704, 1280
malloc, 128, 152.000000, 65632, 1052704, 1312
malloc, 256, 169.000000, 65888, 1052704, 1344
malloc, 512, 193.000000, 66400, 1052704, 1376
malloc, 1024, 1272.000000, 67424, 1052704, 1408
malloc, 2048, 204.000000, 69472, 1052704, 1440
malloc, 4096, 2171.000000, 73568, 1052704, 1472
malloc, 8192, 969.000000, 81760, 1052704, 1504
malloc, 32, 249.000000, 81792, 1052704, 1536
malloc, 64, 196.000000, 81856, 1052704, 1568
malloc, 128, 205.000000, 81984, 1052704, 1600
malloc, 256, 189.000000, 82240, 1052704, 1632
malloc, 512, 948.000000, 82752, 1052704, 1664
malloc, 1024, 231.000000, 83776, 1052704, 1696
malloc, 2048, 209.000000, 85824, 1052704, 1728
malloc, 4096, 961.000000, 89920, 1052704, 1760
malloc, 8192, 1013.000000, 98112, 1052704, 1792
malloc, 32, 257.000000, 98144, 1052704, 1824
malloc, 64, 198.000000, 98208, 1052704, 1856
malloc, 128, 177.000000, 98336, 1052704, 1888
malloc, 256, 212.000000, 98592, 1052704, 1920
malloc, 512, 1001.000000, 99104, 1052704, 1952
malloc, 1024, 225.000000, 100128, 1052704, 1984
malloc, 2048, 190.000000, 102176, 1052704, 2016
malloc, 4096, 951.000000, 106272, 1052704, 2048
malloc, 8192, 1191.000000, 114464, 1052704, 2080
malloc, 32, 289.000000, 114496, 1052704, 2112
malloc, 64, 235.000000, 114560, 1052704, 2144
malloc, 128, 213.000000, 114688, 1052704, 2176
malloc, 256, 994.000000, 114944, 1052704, 2208
malloc, 512, 265.000000, 115456, 1052704, 2240
malloc, 1024, 207.000000, 116480, 1052704, 2272
malloc, 2048, 227.000000, 118528, 1052704, 2304
malloc, 4096, 950.000000, 122624, 1052704, 2336
malloc, 8192, 1033.000000, 130816, 1052704, 2368
malloc, 32, 261.000000, 130848, 1052704, 2400
malloc, 64, 1016.000000, 130912, 1052704, 2432
malloc, 128, 301.000000, 131040, 1052704, 2464
malloc, 256, 255.000000, 131296, 1052704, 2496
malloc, 512, 233.000000, 131808, 1052704, 2528
malloc, 1024, 229.000000, 132832, 1052704, 2560
malloc, 2048, 967.000000, 134880, 1052704, 2592
malloc, 4096, 1317.000000, 138976, 1052704, 2624
malloc, 8192, 1049.000000, 147168, 1052704, 2656
malloc, 32, 309.000000, 147200, 1052704, 2688
malloc, 64, 241.000000, 147264, 1052704, 2720
malloc, 128, 255.000000, 147392, 1052704, 2752
malloc, 256, 252.000000, 147648, 1052704, 2784
malloc, 512, 253.000000, 148160, 1052704, 2816
malloc, 1024, 252.000000, 149184, 1052704, 2848
malloc, 2048, 1991.000000, 151232, 1052704, 2880
malloc, 4096, 1194.000000, 155328, 1052704, 2912
malloc, 8192, 1079.000000, 163520, 1052704, 2944
malloc, 32, 323.000000, 163552, 1052704, 2976
malloc, 64, 259.000000, 163616, 1052704, 3008
malloc, 128, 267.000000, 163744, 1052704, 3040
malloc, 256, 264.000000, 164000, 1052704, 3072
malloc, 512, 293.000000, 164512, 1052704, 3104
malloc, 1024, 278.000000, 165536, 1052704, 3136
malloc, 2048, 1046.000000, 167584, 1052704, 3168
malloc, 4096, 1151.000000, 171680, 1052704, 3200
malloc, 8192, 1176.000000, 179872, 1052704, 3232
malloc, 32, 352.000000, 179904, 1052704, 3264
malloc, 64, 296.000000, 179968, 1052704, 3296
malloc, 128, 303.000000, 180096, 1052704, 3328
malloc, 256, 301.000000, 180352, 1052704, 3360
malloc, 512, 315.000000, 180864, 1052704, 3392
malloc, 1024, 298.000000, 181888, 1052704, 3424
malloc, 2048, 1083.000000, 183936, 1052704, 3456
malloc, 4096, 1133.000000, 188032, 1052704, 3488
malloc, 8192, 1175.000000, 196224, 1052704, 3520
malloc, 32, 395.000000, 196256, 1052704, 3552
malloc, 64, 316.000000, 196320, 1052704, 3584
malloc, 128, 311.000000, 196448, 1052704, 3616
malloc, 256, 322.000000, 196704, 1052704, 3648
malloc, 512, 348.000000, 197216, 1052704, 3680
malloc, 1024, 324.000000, 198240, 1052704, 3712
malloc, 2048, 1107.000000, 200288, 1052704, 3744
malloc, 4096, 1212.000000, 204384, 1052704, 3776
malloc, 8192, 1207.000000, 212576, 1052704, 3808
malloc, 32, 411.000000, 212608, 1052704, 3840
malloc, 64, 344.000000, 212672, 1052704, 3872
malloc, 128, 335.000000, 212800, 1052704, 3904
malloc, 256, 353.000000, 213056, 1052704, 3936
malloc, 512, 360.000000, 213568, 1052704, 3968
malloc, 1024, 344.000000, 214592, 1052704, 4000
malloc, 2048, 1117.000000, 216640, 1052704, 4032
malloc, 4096, 1407.000000, 220736, 1052704, 4064
malloc, 8192, 1176.000000, 228928, 1052704, 4096
malloc, 32, 455.000000, 228960, 1052704, 4128
malloc, 64, 365.000000, 229024, 1052704, 4160
malloc, 128, 369.000000, 229152, 1052704, 4192
malloc, 256, 368.000000, 229408, 1052704, 4224
malloc, 512, 375.000000, 229920, 1052704, 4256
malloc, 1024, 365.000000, 230944, 1052704, 4288
malloc, 2048, 2185.000000, 232992, 1052704, 4320
malloc, 4096, 1333.000000, 237088, 1052704, 4352
malloc, 8192, 1230.000000, 245280, 1052704, 4384
malloc, 32, 484.000000, 245312, 1052704, 4416
malloc, 64, 392.000000, 245376, 1052704, 4448
malloc, 128, 397.000000, 245504, 1052704, 4480
malloc, 256, 388.000000, 245760, 1052704, 4512
malloc, 512, 400.000000, 246272, 1052704, 4544
malloc, 1024, 391.000000, 247296, 1052704, 4576
malloc, 2048, 1183.000000, 249344, 1052704, 4608
malloc, 4096, 1245.000000, 253440, 1052704, 4640
malloc, 8192, 1258.000000, 261632, 1052704, 4672
malloc, 32, 513.000000, 261664, 1052704, 4704
malloc, 64, 420.000000, 261728, 1052704, 4736
malloc, 128, 418.000000, 261856, 1052704, 4768
malloc, 256, 428.000000, 262112, 1052704, 4800
malloc, 512, 429.000000, 262624, 1052704, 4832
malloc, 1024, 1203.000000, 263648, 1052704, 4864
malloc, 2048, 516.000000, 265696, 1052704, 4896
malloc, 4096, 1190.000000, 269792, 1052704, 4928
malloc, 8192, 1328.000000, 277984, 1052704, 4960
malloc, 32, 602.000000, 278016, 1052704, 4992
malloc, 64, 440.000000, 278080, 1052704, 5024
malloc, 128, 455.000000, 278208, 1052704, 5056
malloc, 256, 458.000000, 278464, 1052704, 5088
malloc, 512, 466.000000, 278976, 1052704, 5120
malloc, 1024, 1260.000000, 280000, 1052704, 5152
malloc, 2048, 563.000000, 282048, 1052704, 5184
malloc, 4096, 1263.000000, 286144, 1052704, 5216
malloc, 8192, 1332.000000, 294336, 1052704, 5248
malloc, 32, 618.000000, 294368, 1052704, 5280
malloc, 64, 496.000000, 294432, 1052704, 5312
malloc, 128, 481.000000, 294560, 1052704, 5344
malloc, 256, 487.000000, 294816, 1052704, 5376
malloc, 512, 495.000000, 295328, 1052704, 5408
malloc, 1024, 1268.000000, 296352, 1052704, 5440
malloc, 2048, 622.000000, 298400, 1052704, 5472
malloc, 4096, 1264.000000, 302496, 1052704, 5504
malloc, 8192, 1426.000000, 310688, 1052704, 5536
malloc, 32, 638.000000, 310720, 1052704, 5568
malloc, 64, 538.000000, 310784, 1052704, 5600
malloc, 128, 503.000000, 310912, 1052704, 5632
malloc, 256, 520.000000, 311168, 1052704, 5664
malloc, 512, 524.000000, 311680, 1052704, 5696
malloc, 1024, 2473.000000, 312704, 1052704, 5728
malloc, 2048, 703.000000, 314752, 1052704, 5760
malloc, 4096, 1348.000000, 318848, 1052704, 5792
malloc, 8192, 1458.000000, 327040, 1052704, 5824
malloc, 32, 686.000000, 327072, 1052704, 5856
malloc, 64, 548.000000, 327136, 1052704, 5888
malloc, 128, 530.000000, 327264, 1052704, 5920
malloc, 256, 543.000000, 327520, 1052704, 5952
malloc, 512, 553.000000, 328032, 1052704, 5984
malloc, 1024, 1314.000000, 329056, 1052704, 6016
malloc, 2048, 719.000000, 331104, 1052704, 6048
malloc, 4096, 1331.000000, 335200, 1052704, 6080
malloc, 8192, 1515.000000, 343392, 1052704, 6112
malloc, 32, 731.000000, 343424, 1052704, 6144
malloc, 64, 618.000000, 343488, 1052704, 6176
malloc, 128, 565.000000, 343616, 1052704, 6208
malloc, 256, 579.000000, 343872, 1052704, 6240
malloc, 512, 1346.000000, 344384, 1052704, 6272
malloc, 1024, 730.000000, 345408, 1052704, 6304
malloc, 2048, 571.000000, 347456, 1052704, 6336
malloc, 4096, 1441.000000, 351552, 1052704, 6368
malloc, 8192, 1525.000000, 359744, 1052704, 6400
malloc, 32, 792.000000, 359776, 1052704, 6432
malloc, 64, 616.000000, 359840, 1052704, 6464
malloc, 128, 597.000000, 359968, 1052704, 6496
malloc, 256, 606.000000, 360224, 1052704, 6528
malloc, 512, 1405.000000, 360736, 1052704, 6560
malloc, 1024, 770.000000, 361760, 1052704, 6592
malloc, 2048, 617.000000, 363808, 1052704, 6624
malloc, 4096, 1390.000000, 367904, 1052704, 6656
malloc, 8192, 1573.000000, 376096, 1052704, 6688
malloc, 32, 834.000000, 376128, 1052704, 6720
malloc, 64, 649.000000, 376192, 1052704, 6752
malloc, 128, 609.000000, 376320, 1052704, 6784
malloc, 256, 1480.000000, 376576, 1052704, 6816
malloc, 512, 849.000000, 377088, 1052704, 6848
malloc, 1024, 641.000000, 378112, 1052704, 6880
malloc, 2048, 620.000000, 380160, 1052704, 6912
malloc, 4096, 2460.000000, 384256, 1052704, 6944
malloc, 8192, 1715.000000, 392448, 1052704, 6976
malloc, 32, 884.000000, 392480, 1052704, 7008
malloc, 64, 1499.000000, 392544, 1052704, 7040
malloc, 128, 849.000000, 392672, 1052704, 7072
malloc, 256, 682.000000, 392928, 1052704, 7104
malloc, 512, 664.000000, 393440, 1052704, 7136
malloc, 1024, 658.000000, 394464, 1052704, 7168
malloc, 2048, 1663.000000, 396512, 1052704, 7200
malloc, 4096, 1763.000000, 400608, 1052704, 7232
malloc, 8192, 1636.000000, 408800, 1052704, 7264
malloc, 32, 899.000000, 408832, 1052704, 7296
malloc, 64, 722.000000, 408896, 1052704, 7328
malloc, 128, 700.000000, 409024, 1052704, 7360
malloc, 256, 707.000000, 409280, 1052704, 7392
malloc, 512, 877.000000, 409792, 1052704, 7424
malloc, 1024, 887.000000, 410816, 1052704, 7456
malloc, 2048, 2087.000000, 412864, 1052704, 7488
malloc, 4096, 2629.000000, 416960, 1052704, 7520
malloc, 8192, 2635.000000, 425152, 1052704, 7552
malloc, 32, 1472.000000, 425184, 1052704, 7584
malloc, 64, 1083.000000, 425248, 1052704, 7616
malloc, 128, 1070.000000, 425376, 1052704, 7648
malloc, 256, 1045.000000, 425632, 1052704, 7680
malloc, 512, 1079.000000, 426144, 1052704, 7712
malloc, 1024, 994.000000, 427168, 1052704, 7744
malloc, 2048, 1882.000000, 429216, 1052704, 7776
malloc, 4096, 1879.000000, 433312, 1052704, 7808
malloc, 8192, 1814.000000, 441504, 1052704, 7840
malloc, 32, 1034.000000, 441536, 1052704, 7872
malloc, 64, 849.000000, 441600, 1052704, 7904
malloc, 128, 781.000000, 441728, 1052704, 7936
malloc, 256, 780.000000, 441984, 1052704, 7968
malloc, 512, 775.000000, 442496, 1052704, 8000
malloc, 1024, 777.000000, 443520, 1052704, 8032
malloc, 2048, 1631.000000, 445568, 1052704, 8064
malloc, 4096, 1994.000000, 449664, 1052704, 8096
malloc, 8192, 1798.000000, 457856, 1052704, 8128
malloc, 32, 1061.000000, 457888, 1052704, 8160
malloc, 64, 861.000000, 457952, 1052704, 8192
malloc, 128, 801.000000, 458080, 1052704, 8224
malloc, 256, 796.000000, 458336, 1052704, 8256
malloc, 512, 787.000000, 458848, 1052704, 8288
malloc, 1024, 800.000000, 459872, 1052704, 8320
malloc, 2048, 2499.000000, 461920, 1052704, 8352
malloc, 4096, 1908.000000, 466016, 1052704, 8384
malloc, 8192, 1870.000000, 474208, 1052704, 8416
malloc, 32, 1095.000000, 474240, 1052704, 8448
malloc, 64, 888.000000, 474304, 1052704, 8480
malloc, 128, 812.000000, 474432, 1052704, 8512
malloc, 256, 847.000000, 474688, 1052704, 8544
malloc, 512, 817.000000, 475200, 1052704, 8576
malloc, 1024, 818.000000, 476224, 1052704, 8608
malloc, 2048, 1580.000000, 478272, 1052704, 8640
malloc, 4096, 1899.000000, 482368, 1052704, 8672
malloc, 8192, 1938.000000, 490560, 1052704, 8704
malloc, 32, 1128.000000, 490592, 1052704, 8736
malloc, 64, 919.000000, 490656, 1052704, 8768
malloc, 128, 844.000000, 490784, 1052704, 8800
malloc, 256, 857.000000, 491040, 1052704, 8832
malloc, 512, 850.000000, 491552, 1052704, 8864
malloc, 1024, 861.000000, 492576, 1052704, 8896
malloc, 2048, 1654.000000, 494624, 1052704, 8928
malloc, 4096, 2010.000000, 498720, 1052704, 8960
malloc, 8192, 1975.000000, 506912, 1052704, 8992
malloc, 32, 1193.000000, 506944, 1052704, 9024
malloc, 64, 969.000000, 507008, 1052704, 9056
malloc, 128, 905.000000, 507136, 1052704, 9088
malloc, 256, 900.000000, 507392, 1052704, 9120
malloc, 512, 872.000000, 507904, 1052704, 9152
malloc, 1024, 860.000000, 508928, 1052704, 9184
malloc, 2048, 1669.000000, 510976, 1052704, 9216
malloc, 4096, 1977.000000, 515072, 1052704, 9248
malloc, 8192, 1987.000000, 523264, 1052704, 9280
malloc, 32, 1265.000000, 523296, 1052704, 9312
malloc, 64, 984.000000, 523360, 1052704, 9344
malloc, 128, 942.000000, 523488, 1052704, 9376
malloc, 256, 932.000000, 523744, 1052704, 9408
malloc, 512, 908.000000, 524256, 1052704, 9440
malloc, 1024, 1947.000000, 525280, 1052704, 9472
malloc, 2048, 1217.000000, 527328, 1052704, 9504
malloc, 4096, 1853.000000, 531424, 1052704, 9536
malloc, 8192, 1993.000000, 539616, 1052704, 9568
malloc, 32, 1271.000000, 539648, 1052704, 9600
malloc, 64, 1031.000000, 539712, 1052704, 9632
malloc, 128, 977.000000, 539840, 1052704, 9664
malloc, 256, 985.000000, 540096, 1052704, 9696
malloc, 512, 968.000000, 540608, 1052704, 9728
malloc, 1024, 2789.000000, 541632, 1052704, 9760
malloc, 2048, 1280.000000, 543680, 1052704, 9792
malloc, 4096, 1865.000000, 547776, 1052704, 9824
malloc, 8192, 2025.000000, 555968, 1052704, 9856
malloc, 32, 1281.000000, 556000, 1052704, 9888
malloc, 64, 1072.000000, 556064, 1052704, 9920
malloc, 128, 1013.000000, 556192, 1052704, 9952
malloc, 256, 1012.000000, 556448, 1052704, 9984
malloc, 512, 974.000000, 556960, 1052704, 10016
malloc, 1024, 1829.000000, 557984, 1052704, 10048
malloc, 2048, 1332.000000, 560032, 1052704, 10080
malloc, 4096, 1939.000000, 564128, 1052704, 10112
malloc, 8192, 2136.000000, 572320, 1052704, 10144
malloc, 32, 1387.000000, 572352, 1052704, 10176
malloc, 64, 1174.000000, 572416, 1052704, 10208
malloc, 128, 1099.000000, 572544, 1052704, 10240
malloc, 256, 1126.000000, 572800, 1052704, 10272
malloc, 512, 1122.000000, 573312, 1052704, 10304
malloc, 1024, 1972.000000, 574336, 1052704, 10336
malloc, 2048, 1397.000000, 576384, 1052704, 10368
malloc, 4096, 1962.000000, 580480, 1052704, 10400
malloc, 8192, 2180.000000, 588672, 1052704, 10432
malloc, 32, 1468.000000, 588704, 1052704, 10464
malloc, 64, 1232.000000, 588768, 1052704, 10496
malloc, 128, 1163.000000, 588896, 1052704, 10528
malloc, 256, 1161.000000, 589152, 1052704, 10560
malloc, 512, 1182.000000, 589664, 1052704, 10592
malloc, 1024, 1922.000000, 590688, 1052704, 10624
malloc, 2048, 1430.000000, 592736, 1052704, 10656
malloc, 4096, 2081.000000, 596832, 1052704, 10688
malloc, 8192, 2235.000000, 605024, 1052704, 10720
malloc, 32, 1472.000000, 605056, 1052704, 10752
malloc, 64, 1269.000000, 605120, 1052704, 10784
malloc, 128, 1208.000000, 605248, 1052704, 10816
malloc, 256, 1217.000000, 605504, 1052704, 10848
malloc, 512, 2052.000000, 606016, 1052704, 10880
malloc, 1024, 1464.000000, 607040, 1052704, 10912
malloc, 2048, 1271.000000, 609088, 1052704, 10944
malloc, 4096, 2003.000000, 613184, 1052704, 10976
malloc, 8192, 2259.000000, 621376, 1052704, 11008
malloc, 32, 1550.000000, 621408, 1052704, 11040
malloc, 64, 1337.000000, 621472, 1052704, 11072
malloc, 128, 1250.000000, 621600, 1052704, 11104
malloc, 256, 1265.000000, 621856, 1052704, 11136
malloc, 512, 2948.000000, 622368, 1052704, 11168
malloc, 1024, 2226.000000, 623392, 1052704, 11200
malloc, 2048, 1403.000000, 625440, 1052704, 11232
malloc, 4096, 2273.000000, 629536, 1052704, 11264
malloc, 8192, 2312.000000, 637728, 1052704, 11296
malloc, 32, 1592.000000, 637760, 1052704, 11328
malloc, 64, 1348.000000, 637824, 1052704, 11360
malloc, 128, 1270.000000, 637952, 1052704, 11392
malloc, 256, 2059.000000, 638208, 1052704, 11424
malloc, 512, 1558.000000, 638720, 1052704, 11456
malloc, 1024, 7023.000000, 639744, 1052704, 11488
malloc, 2048, 1676.000000, 641792, 1052704, 11520
malloc, 4096, 2449.000000, 645888, 1052704, 11552
malloc, 8192, 2507.000000, 654080, 1052704, 11584
malloc, 32, 1626.000000, 654112, 1052704, 11616
malloc, 64, 2180.000000, 654176, 1052704, 11648
malloc, 128, 1627.000000, 654304, 1052704, 11680
malloc, 256, 1403.000000, 654560, 1052704, 11712
malloc, 512, 1345.000000, 655072, 1052704, 11744
malloc, 1024, 1289.000000, 656096, 1052704, 11776
malloc, 2048, 2104.000000, 658144, 1052704, 11808
malloc, 4096, 2477.000000, 662240, 1052704, 11840
malloc, 8192, 2444.000000, 670432, 1052704, 11872
malloc, 32, 1706.000000, 670464, 1052704, 11904
malloc, 64, 1480.000000, 670528, 1052704, 11936
malloc, 128, 1393.000000, 670656, 1052704, 11968
malloc, 256, 1356.000000, 670912, 1052704, 12000
malloc, 512, 1378.000000, 671424, 1052704, 12032
malloc, 1024, 1379.000000, 672448, 1052704, 12064
malloc, 2048, 2154.000000, 674496, 1052704, 12096
malloc, 4096, 2511.000000, 678592, 1052704, 12128
malloc, 8192, 2495.000000, 686784, 1052704, 12160
malloc, 32, 1740.000000, 686816, 1052704, 12192
malloc, 64, 1561.000000, 686880, 1052704, 12224
malloc, 128, 1434.000000, 687008, 1052704, 12256
malloc, 256, 1464.000000, 687264, 1052704, 12288
malloc, 512, 1436.000000, 687776, 1052704, 12320
malloc, 1024, 1411.000000, 688800, 1052704, 12352
malloc, 2048, 3247.000000, 690848, 1052704, 12384
malloc, 4096, 2657.000000, 694944, 1052704, 12416
malloc, 8192, 2600.000000, 703136, 1052704, 12448
malloc, 32, 1794.000000, 703168, 1052704, 12480
malloc, 64, 1595.000000, 703232, 1052704, 12512
malloc, 128, 1480.000000, 703360, 1052704, 12544
malloc, 256, 1489.000000, 703616, 1052704, 12576
malloc, 512, 1460.000000, 704128, 1052704, 12608
malloc, 1024, 1447.000000, 705152, 1052704, 12640
malloc, 2048, 2297.000000, 707200, 1052704, 12672
malloc, 4096, 2579.000000, 711296, 1052704, 12704
malloc, 8192, 2582.000000, 719488, 1052704, 12736
malloc, 32, 1853.000000, 719520, 1052704, 12768
malloc, 64, 1644.000000, 719584, 1052704, 12800
malloc, 128, 1561.000000, 719712, 1052704, 12832
malloc, 256, 1518.000000, 719968, 1052704, 12864
malloc, 512, 1508.000000, 720480, 1052704, 12896
malloc, 1024, 1495.000000, 721504, 1052704, 12928
malloc, 2048, 2317.000000, 723552, 1052704, 12960
malloc, 4096, 2777.000000, 727648, 1052704, 12992
malloc, 8192, 2716.000000, 735840, 1052704, 13024
malloc, 32, 1883.000000, 735872, 1052704, 13056
malloc, 64, 1694.000000, 735936, 1052704, 13088
malloc, 128, 1589.000000, 736064, 1052704, 13120
malloc, 256, 1582.000000, 736320, 1052704, 13152
malloc, 512, 1591.000000, 736832, 1052704, 13184
malloc, 1024, 1565.000000, 737856, 1052704, 13216
malloc, 2048, 2375.000000, 739904, 1052704, 13248
malloc, 4096, 2738.000000, 744000, 1052704, 13280
malloc, 8192, 2676.000000, 752192, 1052704, 13312
malloc, 32, 1933.000000, 752224, 1052704, 13344
malloc, 64, 1738.000000, 752288, 1052704, 13376
malloc, 128, 1667.000000, 752416, 1052704, 13408
malloc, 256, 1658.000000, 752672, 1052704, 13440
malloc, 512, 1637.000000, 753184, 1052704, 13472
malloc, 1024, 1636.000000, 754208, 1052704, 13504
malloc, 2048, 2504.000000, 756256, 1052704, 13536
malloc, 4096, 2866.000000, 760352, 1052704, 13568
malloc, 8192, 2796.000000, 768544, 1052704, 13600
malloc, 32, 2008.000000, 768576, 1052704, 13632
malloc, 64, 1808.000000, 768640, 1052704, 13664
malloc, 128, 1692.000000, 768768, 1052704, 13696
malloc, 256, 1663.000000, 769024, 1052704, 13728
malloc, 512, 1660.000000, 769536, 1052704, 13760
malloc, 1024, 1657.000000, 770560, 1052704, 13792
malloc, 2048, 3346.000000, 772608, 1052704, 13824
malloc, 4096, 2947.000000, 776704, 1052704, 13856
malloc, 8192, 2973.000000, 784896, 1052704, 13888
malloc, 32, 2089.000000, 784928, 1052704, 13920
malloc, 64, 1857.000000, 784992, 1052704, 13952
malloc, 128, 1737.000000, 785120, 1052704, 13984
malloc, 256, 1755.000000, 785376, 1052704, 14016
malloc, 512, 1774.000000, 785888, 1052704, 14048
malloc, 1024, 2576.000000, 786912, 1052704, 14080
malloc, 2048, 2013.000000, 788960, 1052704, 14112
malloc, 4096, 2665.000000, 793056, 1052704, 14144
malloc, 8192, 2796.000000, 801248, 1052704, 14176
malloc, 32, 2077.000000, 801280, 1052704, 14208
malloc, 64, 1892.000000, 801344, 1052704, 14240
malloc, 128, 1794.000000, 801472, 1052704, 14272
malloc, 256, 1806.000000, 801728, 1052704, 14304
malloc, 512, 1836.000000, 802240, 1052704, 14336
malloc, 1024, 2631.000000, 803264, 1052704, 14368
malloc, 2048, 2078.000000, 805312, 1052704, 14400
malloc, 4096, 3078.000000, 809408, 1052704, 14432
malloc, 8192, 2899.000000, 817600, 1052704, 14464
malloc, 32, 2158.000000, 817632, 1052704, 14496
malloc, 64, 1945.000000, 817696, 1052704, 14528
malloc, 128, 1869.000000, 817824, 1052704, 14560
malloc, 256, 1860.000000, 818080, 1052704, 14592
malloc, 512, 1862.000000, 818592, 1052704, 14624
malloc, 1024, 2713.000000, 819616, 1052704, 14656
malloc, 2048, 2110.000000, 821664, 1052704, 14688
malloc, 4096, 2862.000000, 825760, 1052704, 14720
malloc, 8192, 2974.000000, 833952, 1052704, 14752
malloc, 32, 2195.000000, 833984, 1052704, 14784
malloc, 64, 2017.000000, 834048, 1052704, 14816
malloc, 128, 1945.000000, 834176, 1052704, 14848
malloc, 256, 1962.000000, 834432, 1052704, 14880
malloc, 512, 1981.000000, 834944, 1052704, 14912
malloc, 1024, 2792.000000, 835968, 1052704, 14944
malloc, 2048, 2149.000000, 838016, 1052704, 14976
malloc, 4096, 2805.000000, 842112, 1052704, 15008
malloc, 8192, 3004.000000, 850304, 1052704, 15040
malloc, 32, 2226.000000, 850336, 1052704, 15072
malloc, 64, 2082.000000, 850400, 1052704, 15104
malloc, 128, 1987.000000, 850528, 1052704, 15136
malloc, 256, 2014.000000, 850784, 1052704, 15168
malloc, 512, 2022.000000, 851296, 1052704, 15200
malloc, 1024, 3966.000000, 852320, 1052704, 15232
malloc, 2048, 2295.000000, 854368, 1052704, 15264
malloc, 4096, 2916.000000, 858464, 1052704, 15296
malloc, 8192, 3006.000000, 866656, 1052704, 15328
malloc, 32, 2261.000000, 866688, 1052704, 15360
malloc, 64, 2131.000000, 866752, 1052704, 15392
malloc, 128, 2052.000000, 866880, 1052704, 15424
malloc, 256, 2052.000000, 867136, 1052704, 15456
malloc, 512, 2886.000000, 867648, 1052704, 15488
malloc, 1024, 2291.000000, 868672, 1052704, 15520
malloc, 2048, 2110.000000, 870720, 1052704, 15552
malloc, 4096, 2887.000000, 874816, 1052704, 15584
malloc, 8192, 3091.000000, 883008, 1052704, 15616
malloc, 32, 2352.000000, 883040, 1052704, 15648
malloc, 64, 2185.000000, 883104, 1052704, 15680
malloc, 128, 2136.000000, 883232, 1052704, 15712
malloc, 256, 2145.000000, 883488, 1052704, 15744
malloc, 512, 2935.000000, 884000, 1052704, 15776
malloc, 1024, 2312.000000, 885024, 1052704, 15808
malloc, 2048, 2186.000000, 887072, 1052704, 15840
malloc, 4096, 2986.000000, 891168, 1052704, 15872
malloc, 8192, 3257.000000, 899360, 1052704, 15904
malloc, 32, 2410.000000, 899392, 1052704, 15936
malloc, 64, 2258.000000, 899456, 1052704, 15968
malloc, 128, 2189.000000, 899584, 1052704, 16000
malloc, 256, 3014.000000, 899840, 1052704, 16032
malloc, 512, 2359.000000, 900352, 1052704, 16064
malloc, 1024, 2224.000000, 901376, 1052704, 16096
malloc, 2048, 2201.000000, 903424, 1052704, 16128
malloc, 4096, 3362.000000, 907520, 1052704, 16160
malloc, 8192, 3148.000000, 915712, 1052704, 16192
malloc, 32, 2393.000000, 915744, 1052704, 16224
malloc, 64, 3049.000000, 915808, 1052704, 16256
malloc, 128, 2392.000000, 915936, 1052704, 16288
malloc, 256, 2282.000000, 916192, 1052704, 16320
malloc, 512, 2269.000000, 916704, 1052704, 16352
malloc, 1024, 2257.000000, 917728, 1052704, 16384
malloc, 2048, 3064.000000, 919776, 1052704, 16416
malloc, 4096, 3210.000000, 923872, 1052704, 16448
malloc, 8192, 4117.000000, 932064, 1052704, 16480
malloc, 32, 3210.000000, 932096, 1052704, 16512
malloc, 64, 2368.000000, 932160, 1052704, 16544
malloc, 128, 2298.000000, 932288, 1052704, 16576
malloc, 256, 2324.000000, 932544, 1052704, 16608
malloc, 512, 2308.000000, 933056, 1052704, 16640
malloc, 1024, 2297.000000, 934080, 1052704, 16672
malloc, 2048, 3375.000000, 936128, 1052704, 16704
malloc, 4096, 3438.000000, 940224, 1052704, 16736
malloc, 8192, 3276.000000, 948416, 1052704, 16768
malloc, 32, 2517.000000, 948448, 1052704, 16800
malloc, 64, 2380.000000, 948512, 1052704, 16832
malloc, 128, 2361.000000, 948640, 1052704, 16864
malloc, 256, 2373.000000, 948896, 1052704, 16896
malloc, 512, 2333.000000, 949408, 1052704, 16928
malloc, 1024, 2337.000000, 950432, 1052704, 16960
malloc, 2048, 3205.000000, 952480, 1052704, 16992
malloc, 4096, 3349.000000, 956576, 1052704, 17024
malloc, 8192, 3296.000000, 964768, 1052704, 17056
malloc, 32, 2585.000000, 964800, 1052704, 17088
malloc, 64, 2442.000000, 964864, 1052704, 17120
malloc, 128, 2395.000000, 964992, 1052704, 17152
malloc, 256, 2410.000000, 965248, 1052704, 17184
malloc, 512, 2402.000000, 965760, 1052704, 17216
malloc, 1024, 2387.000000, 966784, 1052704, 17248
malloc, 2048, 3293.000000, 968832, 1052704, 17280
malloc, 4096, 3817.000000, 972928, 1052704, 17312
malloc, 8192, 3380.000000, 981120, 1052704, 17344
malloc, 32, 2626.000000, 981152, 1052704, 17376
malloc, 64, 2491.000000, 981216, 1052704, 17408
malloc, 128, 2473.000000, 981344, 1052704, 17440
malloc, 256, 2473.000000, 981600, 1052704, 17472
malloc, 512, 2474.000000, 982112, 1052704, 17504
malloc, 1024, 2425.000000, 983136, 1052704, 17536
malloc, 2048, 3360.000000, 985184, 1052704, 17568
malloc, 4096, 3628.000000, 989280, 1052704, 17600
malloc, 8192, 3429.000000, 997472, 1052704, 17632
malloc, 32, 2696.000000, 997504, 1052704, 17664
malloc, 64, 2570.000000, 997568, 1052704, 17696
malloc, 128, 2510.000000, 997696, 1052704, 17728
malloc, 256, 2534.000000, 997952, 1052704, 17760
malloc, 512, 2516.000000, 998464, 1052704, 17792
malloc, 1024, 2513.000000, 999488, 1052704, 17824
malloc, 2048, 4330.000000, 1001536, 1052704, 17856
malloc, 4096, 3577.000000, 1005632, 1052704, 17888
malloc, 8192, 3544.000000, 1013824, 1052704, 17920
malloc, 32, 2752.000000, 1013856, 1052704, 17952
malloc, 64, 2651.000000, 1013920, 1052704, 17984
malloc, 128, 2587.000000, 1014048, 1052704, 18016
malloc, 256, 2588.000000, 1014304, 1052704, 18048
malloc, 512, 2607.000000, 1014816, 1052704, 18080
malloc, 1024, 2582.000000, 1015840, 1052704, 18112
malloc, 2048, 3394.000000, 1017888, 1052704, 18144
malloc, 4096, 3515.000000, 1021984, 1052704, 18176
malloc, 8192, 3627.000000, 1030176, 1052704, 18208
malloc, 32, 2772.000000, 1030208, 1052704, 18240
malloc, 64, 2666.000000, 1030272, 1052704, 18272
malloc, 128, 2662.000000, 1030400, 1052704, 18304
malloc, 256, 2649.000000, 1030656, 1052704, 18336
malloc, 512, 2680.000000, 1031168, 1052704, 18368
malloc, 1024, 2667.000000, 1032192, 1052704, 18400
malloc, 2048, 6717.000000, 1034240, 2101280, 18464
malloc, 4096, 4430.000000, 1038336, 2101280, 18496
malloc, 8192, 3685.000000, 1046528, 2101280, 18528
malloc, 32, 2918.000000, 1046560, 2101280, 18560
malloc, 64, 2802.000000, 1046624, 2101280, 18592
malloc, 128, 2762.000000, 1046752, 2101280, 18624
malloc, 256, 2762.000000, 1047008, 2101280, 18656
malloc, 512, 2816.000000, 1047520, 2101280, 18688
malloc, 1024, 3540.000000, 1048544, 2101280, 18720
malloc, 2048, 2819.000000, 1050592, 2101280, 18752
malloc, 4096, 3625.000000, 1054688, 2101280, 18784
malloc, 8192, 3676.000000, 1062880, 2101280, 18816
malloc, 32, 3018.000000, 1062912, 2101280, 18848
malloc, 64, 3344.000000, 1062976, 2101280, 18880
malloc, 128, 3875.000000, 1063104, 2101280, 18912
malloc, 256, 3771.000000, 1063360, 2101280, 18944
malloc, 512, 3821.000000, 1063872, 2101280, 18976
malloc, 1024, 4186.000000, 1064896, 2101280, 19008
malloc, 2048, 3088.000000, 1066944, 2101280, 19040
malloc, 4096, 3633.000000, 1071040, 2101280, 19072
malloc, 8192, 3725.000000, 1079232, 2101280, 19104
malloc, 32, 2984.000000, 1079264, 2101280, 19136
malloc, 64, 2850.000000, 1079328, 2101280, 19168
malloc, 128, 2895.000000, 1079456, 2101280, 19200
malloc, 256, 2851.000000, 1079712, 2101280, 19232
malloc, 512, 2882.000000, 1080224, 2101280, 19264
malloc, 1024, 4719.000000, 1081248, 2101280, 19296
malloc, 2048, 3107.000000, 1083296, 2101280, 19328
malloc, 4096, 3788.000000, 1087392, 2101280, 19360
malloc, 8192, 3742.000000, 1095584, 2101280, 19392
malloc, 32, 3018.000000, 1095616, 2101280, 19424
malloc, 64, 2878.000000, 1095680, 2101280, 19456
malloc, 128, 2840.000000, 1095808, 2101280, 19488
malloc, 256, 2860.000000, 1096064, 2101280, 19520
malloc, 512, 2902.000000, 1096576, 2101280, 19552
malloc, 1024, 3753.000000, 1097600, 2101280, 19584
malloc, 2048, 3000.000000, 1099648, 2101280, 19616
malloc, 4096, 3704.000000, 1103744, 2101280, 19648
malloc, 8192, 3817.000000, 1111936, 2101280, 19680
malloc, 32, 3063.000000, 1111968, 2101280, 19712
malloc, 64, 2940.000000, 1112032, 2101280, 19744
malloc, 128, 2927.000000, 1112160, 2101280, 19776
malloc, 256, 2901.000000, 1112416, 2101280, 19808
malloc, 512, 3710.000000, 1112928, 2101280, 19840
malloc, 1024, 3045.000000, 1113952, 2101280, 19872
malloc, 2048, 2960.000000, 1116000, 2101280, 19904
malloc, 4096, 3846.000000, 1120096, 2101280, 19936
malloc, 8192, 3796.000000, 1128288, 2101280, 19968
malloc, 32, 3131.000000, 1128320, 2101280, 20000
malloc, 64, 3024.000000, 1128384, 2101280, 20032
malloc, 128, 2964.000000, 1128512, 2101280, 20064
malloc, 256, 2993.000000, 1128768, 2101280, 20096
malloc, 512, 3769.000000, 1129280, 2101280, 20128
malloc, 1024, 3064.000000, 1130304, 2101280, 20160
malloc, 2048, 2940.000000, 1132352, 2101280, 20192
malloc, 4096, 3774.000000, 1136448, 2101280, 20224
malloc, 8192, 3863.000000, 1144640, 2101280, 20256
malloc, 32, 3130.000000, 1144672, 2101280, 20288
malloc, 64, 3040.000000, 1144736, 2101280, 20320
malloc, 128, 3014.000000, 1144864, 2101280, 20352
malloc, 256, 3839.000000, 1145120, 2101280, 20384
malloc, 512, 3118.000000, 1145632, 2101280, 20416
malloc, 1024, 2985.000000, 1146656, 2101280, 20448
malloc, 2048, 2965.000000, 1148704, 2101280, 20480
malloc, 4096, 3834.000000, 1152800, 2101280, 20512
malloc, 8192, 3910.000000, 1160992, 2101280, 20544
malloc, 32, 3220.000000, 1161024, 2101280, 20576
malloc, 64, 4770.000000, 1161088, 2101280, 20608
malloc, 128, 3259.000000, 1161216, 2101280, 20640
malloc, 256, 3080.000000, 1161472, 2101280, 20672
malloc, 512, 3065.000000, 1161984, 2101280, 20704
malloc, 1024, 3023.000000, 1163008, 2101280, 20736
malloc, 2048, 3928.000000, 1165056, 2101280, 20768
malloc, 4096, 4015.000000, 1169152, 2101280, 20800
malloc, 8192, 4060.000000, 1177344, 2101280, 20832
malloc, 32, 3258.000000, 1177376, 2101280, 20864
malloc, 64, 3126.000000, 1177440, 2101280, 20896
malloc, 128, 3080.000000, 1177568, 2101280, 20928
malloc, 256, 3158.000000, 1177824, 2101280, 20960
malloc, 512, 3109.000000, 1178336, 2101280, 20992
malloc, 1024, 3064.000000, 1179360, 2101280, 21024
malloc, 2048, 3919.000000, 1181408, 2101280, 21056
malloc, 4096, 4063.000000, 1185504, 2101280, 21088
malloc, 8192, 4153.000000, 1193696, 2101280, 21120
malloc, 32, 3426.000000, 1193728, 2101280, 21152
malloc, 64, 3253.000000, 1193792, 2101280, 21184
malloc, 128, 3197.000000, 1193920, 2101280, 21216
malloc, 256, 3191.000000, 1194176, 2101280, 21248
malloc, 512, 3211.000000, 1194688, 2101280, 21280
malloc, 1024, 3170.000000, 1195712, 2101280, 21312
malloc, 2048, 3989.000000, 1197760, 2101280, 21344
malloc, 4096, 4182.000000, 1201856, 2101280, 21376
malloc, 8192, 4172.000000, 1210048, 2101280, 21408
malloc, 32, 3384.000000, 1210080, 2101280, 21440
malloc, 64, 3222.000000, 1210144, 2101280, 21472
malloc, 128, 3229.000000, 1210272, 2101280, 21504
malloc, 256, 3187.000000, 1210528, 2101280, 21536
malloc, 512, 3231.000000, 1211040, 2101280, 21568
malloc, 1024, 6690.000000, 1212064, 2101280, 21600
malloc, 2048, 5429.000000, 1214112, 2101280, 21632
malloc, 4096, 4551.000000, 1218208, 2101280, 21664
malloc, 8192, 4304.000000, 1226400, 2101280, 21696
malloc, 32, 3526.000000, 1226432, 2101280, 21728
malloc, 64, 3324.000000, 1226496, 2101280, 21760
malloc, 128, 4693.000000, 1226624, 2101280, 21792
malloc, 256, 3579.000000, 1226880, 2101280, 21824
malloc, 512, 3347.000000, 1227392, 2101280, 21856
malloc, 1024, 3247.000000, 1228416, 2101280, 21888
malloc, 2048, 5197.000000, 1230464, 2101280, 21920
malloc, 4096, 4521.000000, 1234560, 2101280, 21952
malloc, 8192, 4324.000000, 1242752, 2101280, 21984
malloc, 32, 3549.000000, 1242784, 2101280, 22016
malloc, 64, 3403.000000, 1242848, 2101280, 22048
malloc, 128, 3341.000000, 1242976, 2101280, 22080
malloc, 256, 3365.000000, 1243232, 2101280, 22112
malloc, 512, 3344.000000, 1243744, 2101280, 22144
malloc, 1024, 3291.000000, 1244768, 2101280, 22176
malloc, 2048, 4216.000000, 1246816, 2101280, 22208
malloc, 4096, 4367.000000, 1250912, 2101280, 22240
malloc, 8192, 4388.000000, 1259104, 2101280, 22272
malloc, 32, 3577.000000, 1259136, 2101280, 22304
malloc, 64, 3390.000000, 1259200, 2101280, 22336
malloc, 128, 3343.000000, 1259328, 2101280, 22368
malloc, 256, 3389.000000, 1259584, 2101280, 22400
malloc, 512, 3505.000000, 1260096, 2101280, 22432
malloc, 1024, 3376.000000, 1261120, 2101280, 22464
malloc, 2048, 4312.000000, 1263168, 2101280, 22496
malloc, 4096, 4368.000000, 1267264, 2101280, 22528
malloc, 8192, 4353.000000, 1275456, 2101280, 22560
malloc, 32, 3563.000000, 1275488, 2101280, 22592
malloc, 64, 3392.000000, 1275552, 2101280, 22624
malloc, 128, 3370.000000, 1275680, 2101280, 22656
malloc, 256, 3410.000000, 1275936, 2101280, 22688
malloc, 512, 3404.000000, 1276448, 2101280, 22720
malloc, 1024, 3357.000000, 1277472, 2101280, 22752
malloc, 2048, 4205.000000, 1279520, 2101280, 22784
malloc, 4096, 4311.000000, 1283616, 2101280, 22816
malloc, 8192, 4361.000000, 1291808, 2101280, 22848
malloc, 32, 3684.000000, 1291840, 2101280, 22880
malloc, 64, 3497.000000, 1291904, 2101280, 22912
malloc, 128, 3460.000000, 1292032, 2101280, 22944
malloc, 256, 3419.000000, 1292288, 2101280, 22976
malloc, 512, 3420.000000, 1292800, 2101280, 23008
malloc, 1024, 4399.000000, 1293824, 2101280, 23040
malloc, 2048, 3570.000000, 1295872, 2101280, 23072
malloc, 4096, 4377.000000, 1299968, 2101280, 23104
malloc, 8192, 4485.000000, 1308160, 2101280, 23136
malloc, 32, 3762.000000, 1308192, 2101280, 23168
malloc, 64, 3632.000000, 1308256, 2101280, 23200
malloc, 128, 3582.000000, 1308384, 2101280, 23232
malloc, 256, 3551.000000, 1308640, 2101280, 23264
malloc, 512, 3510.000000, 1309152, 2101280, 23296
malloc, 1024, 5218.000000, 1310176, 2101280, 23328
malloc, 2048, 3729.000000, 1312224, 2101280, 23360
malloc, 4096, 4394.000000, 1316320, 2101280, 23392
malloc, 8192, 4466.000000, 1324512, 2101280, 23424
malloc, 32, 3810.000000, 1324544, 2101280, 23456
malloc, 64, 3658.000000, 1324608, 2101280, 23488
malloc, 128, 3600.000000, 1324736, 2101280, 23520
malloc, 256, 3591.000000, 1324992, 2101280, 23552
malloc, 512, 3666.000000, 1325504, 2101280, 23584
malloc, 1024, 4407.000000, 1326528, 2101280, 23616
malloc, 2048, 3682.000000, 1328576, 2101280, 23648
malloc, 4096, 4478.000000, 1332672, 2101280, 23680
malloc, 8192, 4463.000000, 1340864, 2101280, 23712
malloc, 32, 3808.000000, 1340896, 2101280, 23744
malloc, 64, 3651.000000, 1340960, 2101280, 23776
malloc, 128, 3702.000000, 1341088, 2101280, 23808
malloc, 256, 3723.000000, 1341344, 2101280, 23840
malloc, 512, 3709.000000, 1341856, 2101280, 23872
malloc, 1024, 4441.000000, 1342880, 2101280, 23904
malloc, 2048, 3784.000000, 1344928, 2101280, 23936
malloc, 4096, 4662.000000, 1349024, 2101280, 23968
malloc, 8192, 4626.000000, 1357216, 2101280, 24000
malloc, 32, 3903.000000, 1357248, 2101280, 24032
malloc, 64, 3792.000000, 1357312, 2101280, 24064
malloc, 128, 3775.000000, 1357440, 2101280, 24096
malloc, 256, 3766.000000, 1357696, 2101280, 24128
malloc, 512, 3703.000000, 1358208, 2101280, 24160
malloc, 1024, 4486.000000, 1359232, 2101280, 24192
malloc, 2048, 3859.000000, 1361280, 2101280, 24224
malloc, 4096, 4644.000000, 1365376, 2101280, 24256
malloc, 8192, 4661.000000, 1373568, 2101280, 24288
malloc, 32, 4037.000000, 1373600, 2101280, 24320
malloc, 64, 3886.000000, 1373664, 2101280, 24352
malloc, 128, 3819.000000, 1373792, 2101280, 24384
malloc, 256, 3814.000000, 1374048, 2101280, 24416
malloc, 512, 4626.000000, 1374560, 2101280, 24448
malloc, 1024, 3942.000000, 1375584, 2101280, 24480
malloc, 2048, 3860.000000, 1377632, 2101280, 24512
malloc, 4096, 4659.000000, 1381728, 2101280, 24544
malloc, 8192, 4865.000000, 1389920, 2101280, 24576
malloc, 32, 4094.000000, 1389952, 2101280, 24608
malloc, 64, 3971.000000, 1390016, 2101280, 24640
malloc, 128, 3863.000000, 1390144, 2101280, 24672
malloc, 256, 3848.000000, 1390400, 2101280, 24704
malloc, 512, 5570.000000, 1390912, 2101280, 24736
malloc, 1024, 3994.000000, 1391936, 2101280, 24768
malloc, 2048, 3810.000000, 1393984, 2101280, 24800
malloc, 4096, 4660.000000, 1398080, 2101280, 24832
malloc, 8192, 4844.000000, 1406272, 2101280, 24864
malloc, 32, 4082.000000, 1406304, 2101280, 24896
malloc, 64, 3962.000000, 1406368, 2101280, 24928
malloc, 128, 3926.000000, 1406496, 2101280, 24960
malloc, 256, 4743.000000, 1406752, 2101280, 24992
malloc, 512, 4008.000000, 1407264, 2101280, 25024
malloc, 1024, 3885.000000, 1408288, 2101280, 25056
malloc, 2048, 3852.000000, 1410336, 2101280, 25088
malloc, 4096, 4722.000000, 1414432, 2101280, 25120
malloc, 8192, 4946.000000, 1422624, 2101280, 25152
malloc, 32, 4177.000000, 1422656, 2101280, 25184
malloc, 64, 4770.000000, 1422720, 2101280, 25216
malloc, 128, 4129.000000, 1422848, 2101280, 25248
malloc, 256, 3961.000000, 1423104, 2101280, 25280
malloc, 512, 3979.000000, 1423616, 2101280, 25312
malloc, 1024, 3947.000000, 1424640, 2101280, 25344
malloc, 2048, 4761.000000, 1426688, 2101280, 25376
malloc, 4096, 5140.000000, 1430784, 2101280, 25408
malloc, 8192, 5055.000000, 1438976, 2101280, 25440
malloc, 32, 4208.000000, 1439008, 2101280, 25472
malloc, 64, 4038.000000, 1439072, 2101280, 25504
malloc, 128, 3974.000000, 1439200, 2101280, 25536
malloc, 256, 3995.000000, 1439456, 2101280, 25568
malloc, 512, 4040.000000, 1439968, 2101280, 25600
malloc, 1024, 3980.000000, 1440992, 2101280, 25632
malloc, 2048, 4794.000000, 1443040, 2101280, 25664
malloc, 4096, 5051.000000, 1447136, 2101280, 25696
malloc, 8192, 5187.000000, 1455328, 2101280, 25728
malloc, 32, 4332.000000, 1455360, 2101280, 25760
malloc, 64, 4082.000000, 1455424, 2101280, 25792
malloc, 128, 4032.000000, 1455552, 2101280, 25824
malloc, 256, 4039.000000, 1455808, 2101280, 25856
malloc, 512, 4030.000000, 1456320, 2101280, 25888
malloc, 1024, 4032.000000, 1457344, 2101280, 25920
malloc, 2048, 4858.000000, 1459392, 2101280, 25952
malloc, 4096, 5079.000000, 1463488, 2101280, 25984
malloc, 8192, 5908.000000, 1471680, 2101280, 26016
malloc, 32, 4454.000000, 1471712, 2101280, 26048
malloc, 64, 4261.000000, 1471776, 2101280, 26080
malloc, 128, 4217.000000, 1471904, 2101280, 26112
malloc, 256, 4197.000000, 1472160, 2101280, 26144
malloc, 512, 4180.000000, 1472672, 2101280, 26176
malloc, 1024, 4181.000000, 1473696, 2101280, 26208
malloc, 2048, 5093.000000, 1475744, 2101280, 26240
malloc, 4096, 5273.000000, 1479840, 2101280, 26272
malloc, 8192, 5290.000000, 1488032, 2101280, 26304
malloc, 32, 4434.000000, 1488064, 2101280, 26336
malloc, 64, 4329.000000, 1488128, 2101280, 26368
malloc, 128, 4331.000000, 1488256, 2101280, 26400
malloc, 256, 4282.000000, 1488512, 2101280, 26432
malloc, 512, 4193.000000, 1489024, 2101280, 26464
malloc, 1024, 4204.000000, 1490048, 2101280, 26496
malloc, 2048, 5076.000000, 1492096, 2101280, 26528
malloc, 4096, 5417.000000, 1496192, 2101280, 26560
malloc, 8192, 5432.000000, 1504384, 2101280, 26592
malloc, 32, 4567.000000, 1504416, 2101280, 26624
malloc, 64, 4386.000000, 1504480, 2101280, 26656
malloc, 128, 4275.000000, 1504608, 2101280, 26688
malloc, 256, 4275.000000, 1504864, 2101280, 26720
malloc, 512, 4325.000000, 1505376, 2101280, 26752
malloc, 1024, 4248.000000, 1506400, 2101280, 26784
malloc, 2048, 5149.000000, 1508448, 2101280, 26816
malloc, 4096, 5459.000000, 1512544, 2101280, 26848
malloc, 8192, 5432.000000, 1520736, 2101280, 26880
malloc, 32, 4637.000000, 1520768, 2101280, 26912
malloc, 64, 4429.000000, 1520832, 2101280, 26944
malloc, 128, 4458.000000, 1520960, 2101280, 26976
malloc, 256, 5682.000000, 1521216, 2101280, 27008
malloc, 512, 4728.000000, 1521728, 2101280, 27040
malloc, 1024, 4459.000000, 1522752, 2101280, 27072
malloc, 2048, 5357.000000, 1524800, 2101280, 27104
malloc, 4096, 5810.000000, 1528896, 2101280, 27136
malloc, 8192, 5624.000000, 1537088, 2101280, 27168
malloc, 32, 4767.000000, 1537120, 2101280, 27200
malloc, 64, 4518.000000, 1537184, 2101280, 27232
malloc, 128, 4474.000000, 1537312, 2101280, 27264
malloc, 256, 4435.000000, 1537568, 2101280, 27296
malloc, 512, 4379.000000, 1538080, 2101280, 27328
malloc, 1024, 4361.000000, 1539104, 2101280, 27360
malloc, 2048, 6262.000000, 1541152, 2101280, 27392
malloc, 4096, 5970.000000, 1545248, 2101280, 27424
malloc, 8192, 5701.000000, 1553440, 2101280, 27456
malloc, 32, 4808.000000, 1553472, 2101280, 27488
malloc, 64, 4590.000000, 1553536, 2101280, 27520
malloc, 128, 4532.000000, 1553664, 2101280, 27552
malloc, 256, 4510.000000, 1553920, 2101280, 27584
malloc, 512, 4485.000000, 1554432, 2101280, 27616
malloc, 1024, 5259.000000, 1555456, 2101280, 27648
malloc, 2048, 4718.000000, 1557504, 2101280, 27680
malloc, 4096, 5373.000000, 1561600, 2101280, 27712
malloc, 8192, 5609.000000, 1569792, 2101280, 27744
malloc, 32, 4858.000000, 1569824, 2101280, 27776
malloc, 64, 4591.000000, 1569888, 2101280, 27808
malloc, 128, 4471.000000, 1570016, 2101280, 27840
malloc, 256, 4529.000000, 1570272, 2101280, 27872
malloc, 512, 4584.000000, 1570784, 2101280, 27904
malloc, 1024, 5361.000000, 1571808, 2101280, 27936
malloc, 2048, 4719.000000, 1573856, 2101280, 27968
malloc, 4096, 5449.000000, 1577952, 2101280, 28000
malloc, 8192, 5657.000000, 1586144, 2101280, 28032
malloc, 32, 4902.000000, 1586176, 2101280, 28064
malloc, 64, 4675.000000, 1586240, 2101280, 28096
malloc, 128, 4606.000000, 1586368, 2101280, 28128
malloc, 256, 4595.000000, 1586624, 2101280, 28160
malloc, 512, 4555.000000, 1587136, 2101280, 28192
malloc, 1024, 9410.000000, 1588160, 2101280, 28224
malloc, 2048, 5983.000000, 1590208, 2101280, 28256
malloc, 4096, 5792.000000, 1594304, 2101280, 28288
malloc, 8192, 5807.000000, 1602496, 2101280, 28320
malloc, 32, 4991.000000, 1602528, 2101280, 28352
malloc, 64, 4750.000000, 1602592, 2101280, 28384
malloc, 128, 4699.000000, 1602720, 2101280, 28416
malloc, 256, 4699.000000, 1602976, 2101280, 28448
malloc, 512, 4621.000000, 1603488, 2101280, 28480
malloc, 1024, 5489.000000, 1604512, 2101280, 28512
malloc, 2048, 4992.000000, 1606560, 2101280, 28544
malloc, 4096, 5715.000000, 1610656, 2101280, 28576
malloc, 8192, 5752.000000, 1618848, 2101280, 28608
malloc, 32, 5017.000000, 1618880, 2101280, 28640
malloc, 64, 4726.000000, 1618944, 2101280, 28672
malloc, 128, 4672.000000, 1619072, 2101280, 28704
malloc, 256, 4650.000000, 1619328, 2101280, 28736
malloc, 512, 4593.000000, 1619840, 2101280, 28768
malloc, 1024, 6412.000000, 1620864, 2101280, 28800
malloc, 2048, 5190.000000, 1622912, 2101280, 28832
malloc, 4096, 5798.000000, 1627008, 2101280, 28864
malloc, 8192, 5914.000000, 1635200, 2101280, 28896
malloc, 32, 5112.000000, 1635232, 2101280, 28928
malloc, 64, 4823.000000, 1635296, 2101280, 28960
malloc, 128, 4843.000000, 1635424, 2101280, 28992
malloc, 256, 4892.000000, 1635680, 2101280, 29024
malloc, 512, 5850.000000, 1636192, 2101280, 29056
malloc, 1024, 5161.000000, 1637216, 2101280, 29088
malloc, 2048, 4844.000000, 1639264, 2101280, 29120
malloc, 4096, 5748.000000, 1643360, 2101280, 29152
malloc, 8192, 6077.000000, 1651552, 2101280, 29184
malloc, 32, 5301.000000, 1651584, 2101280, 29216
malloc, 64, 4917.000000, 1651648, 2101280, 29248
malloc, 128, 4853.000000, 1651776, 2101280, 29280
malloc, 256, 4781.000000, 1652032, 2101280, 29312
malloc, 512, 5720.000000, 1652544, 2101280, 29344
malloc, 1024, 5101.000000, 1653568, 2101280, 29376
malloc, 2048, 4794.000000, 1655616, 2101280, 29408
malloc, 4096, 5693.000000, 1659712, 2101280, 29440
malloc, 8192, 6205.000000, 1667904, 2101280, 29472
malloc, 32, 5404.000000, 1667936, 2101280, 29504
malloc, 64, 5058.000000, 1668000, 2101280, 29536
malloc, 128, 4992.000000, 1668128, 2101280, 29568
malloc, 256, 5880.000000, 1668384, 2101280, 29600
malloc, 512, 5231.000000, 1668896, 2101280, 29632
malloc, 1024, 4927.000000, 1669920, 2101280, 29664
malloc, 2048, 4971.000000, 1671968, 2101280, 29696
malloc, 4096, 5806.000000, 1676064, 2101280, 29728
malloc, 8192, 6105.000000, 1684256, 2101280, 29760
malloc, 32, 5455.000000, 1684288, 2101280, 29792
malloc, 64, 6078.000000, 1684352, 2101280, 29824
malloc, 128, 5316.000000, 1684480, 2101280, 29856
malloc, 256, 5076.000000, 1684736, 2101280, 29888
malloc, 512, 5015.000000, 1685248, 2101280, 29920
malloc, 1024, 5027.000000, 1686272, 2101280, 29952
malloc, 2048, 5882.000000, 1688320, 2101280, 29984
malloc, 4096, 6262.000000, 1692416, 2101280, 30016
malloc, 8192, 7233.000000, 1700608, 2101280, 30048
malloc, 32, 5551.000000, 1700640, 2101280, 30080
malloc, 64, 5190.000000, 1700704, 2101280, 30112
malloc, 128, 5048.000000, 1700832, 2101280, 30144
malloc, 256, 5038.000000, 1701088, 2101280, 30176
malloc, 512, 5066.000000, 1701600, 2101280, 30208
malloc, 1024, 5056.000000, 1702624, 2101280, 30240
malloc, 2048, 5974.000000, 1704672, 2101280, 30272
malloc, 4096, 6478.000000, 1708768, 2101280, 30304
malloc, 8192, 6399.000000, 1716960, 2101280, 30336
malloc, 32, 5576.000000, 1716992, 2101280, 30368
malloc, 64, 5447.000000, 1717056, 2101280, 30400
malloc, 128, 6661.000000, 1717184, 2101280, 30432
malloc, 256, 5810.000000, 1717440, 2101280, 30464
malloc, 512, 5270.000000, 1717952, 2101280, 30496
malloc, 1024, 5073.000000, 1718976, 2101280, 30528
malloc, 2048, 6139.000000, 1721024, 2101280, 30560
malloc, 4096, 6605.000000, 1725120, 2101280, 30592
malloc, 8192, 6417.000000, 1733312, 2101280, 30624
malloc, 32, 5672.000000, 1733344, 2101280, 30656
malloc, 64, 5284.000000, 1733408, 2101280, 30688
malloc, 128, 5128.000000, 1733536, 2101280, 30720
malloc, 256, 5124.000000, 1733792, 2101280, 30752
malloc, 512, 5100.000000, 1734304, 2101280, 30784
malloc, 1024, 5075.000000, 1735328, 2101280, 30816
malloc, 2048, 5977.000000, 1737376, 2101280, 30848
malloc, 4096, 6362.000000, 1741472, 2101280, 30880
malloc, 8192, 6366.000000, 1749664, 2101280, 30912
malloc, 32, 5509.000000, 1749696, 2101280, 30944
malloc, 64, 5215.000000, 1749760, 2101280, 30976
malloc, 128, 5096.000000, 1749888, 2101280, 31008
malloc, 256, 5180.000000, 1750144, 2101280, 31040
malloc, 512, 5163.000000, 1750656, 2101280, 31072
malloc, 1024, 5143.000000, 1751680, 2101280, 31104
malloc, 2048, 6083.000000, 1753728, 2101280, 31136
malloc, 4096, 6343.000000, 1757824, 2101280, 31168
malloc, 8192, 6444.000000, 1766016, 2101280, 31200
malloc, 32, 5595.000000, 1766048, 2101280, 31232
malloc, 64, 5306.000000, 1766112, 2101280, 31264
malloc, 128, 5188.000000, 1766240, 2101280, 31296
malloc, 256, 5251.000000, 1766496, 2101280, 31328
malloc, 512, 5261.000000, 1767008, 2101280, 31360
malloc, 1024, 5256.000000, 1768032, 2101280, 31392
malloc, 2048, 6209.000000, 1770080, 2101280, 31424
malloc, 4096, 6562.000000, 1774176, 2101280, 31456
malloc, 8192, 7603.000000, 1782368, 2101280, 31488
malloc, 32, 5983.000000, 1782400, 2101280, 31520
malloc, 64, 5588.000000, 1782464, 2101280, 31552
malloc, 128, 5512.000000, 1782592, 2101280, 31584
malloc, 256, 5421.000000, 1782848, 2101280, 31616
malloc, 512, 5433.000000, 1783360, 2101280, 31648
malloc, 1024, 5391.000000, 1784384, 2101280, 31680
malloc, 2048, 6347.000000, 1786432, 2101280, 31712
malloc, 4096, 6773.000000, 1790528, 2101280, 31744
malloc, 8192, 6824.000000, 1798720, 2101280, 31776
malloc, 32, 5954.000000, 1798752, 2101280, 31808
malloc, 64, 5547.000000, 1798816, 2101280, 31840
malloc, 128, 5434.000000, 1798944, 2101280, 31872
malloc, 256, 5439.000000, 1799200, 2101280, 31904
malloc, 512, 5418.000000, 1799712, 2101280, 31936
malloc, 1024, 5377.000000, 1800736, 2101280, 31968
malloc, 2048, 6308.000000, 1802784, 2101280, 32000
malloc, 4096, 6607.000000, 1806880, 2101280, 32032
malloc, 8192, 6893.000000, 1815072, 2101280, 32064
malloc, 32, 5978.000000, 1815104, 2101280, 32096
malloc, 64, 5657.000000, 1815168, 2101280, 32128
malloc, 128, 5541.000000, 1815296, 2101280, 32160
malloc, 256, 5386.000000, 1815552, 2101280, 32192
malloc, 512, 7421.000000, 1816064, 2101280, 32224
malloc, 1024, 7117.000000, 1817088, 2101280, 32256
malloc, 2048, 6229.000000, 1819136, 2101280, 32288
malloc, 4096, 6634.000000, 1823232, 2101280, 32320
malloc, 8192, 6842.000000, 1831424, 2101280, 32352
malloc, 32, 6060.000000, 1831456, 2101280, 32384
malloc, 64, 5732.000000, 1831520, 2101280, 32416
malloc, 128, 5738.000000, 1831648, 2101280, 32448
malloc, 256, 5683.000000, 1831904, 2101280, 32480
malloc, 512, 5564.000000, 1832416, 2101280, 32512
malloc, 1024, 6474.000000, 1833440, 2101280, 32544
malloc, 2048, 5990.000000, 1835488, 2101280, 32576
malloc, 4096, 6577.000000, 1839584, 2101280, 32608
malloc, 8192, 6764.000000, 1847776, 2101280, 32640
malloc, 32, 6116.000000, 1847808, 2101280, 32672
malloc, 64, 5746.000000, 1847872, 2101280, 32704
malloc, 128, 5741.000000, 1848000, 2101280, 32736
malloc, 256, 5734.000000, 1848256, 2101280, 32768
malloc, 512, 5733.000000, 1848768, 2101280, 32800
malloc, 1024, 7511.000000, 1849792, 2101280, 32832
malloc, 2048, 6407.000000, 1851840, 2101280, 32864
malloc, 4096, 6946.000000, 1855936, 2101280, 32896
malloc, 8192, 7026.000000, 1864128, 2101280, 32928
malloc, 32, 6273.000000, 1864160, 2101280, 32960
malloc, 64, 5857.000000, 1864224, 2101280, 32992
malloc, 128, 5720.000000, 1864352, 2101280, 33024
malloc, 256, 5720.000000, 1864608, 2101280, 33056
malloc, 512, 5740.000000, 1865120, 2101280, 33088
malloc, 1024, 6612.000000, 1866144, 2101280, 33120
malloc, 2048, 6172.000000, 1868192, 2101280, 33152
malloc, 4096, 6846.000000, 1872288, 2101280, 33184
malloc, 8192, 6987.000000, 1880480, 2101280, 33216
malloc, 32, 6378.000000, 1880512, 2101280, 33248
malloc, 64, 5920.000000, 1880576, 2101280, 33280
malloc, 128, 5778.000000, 1880704, 2101280, 33312
malloc, 256, 9911.000000, 1880960, 2101280, 33344
malloc, 512, 7353.000000, 1881472, 2101280, 33376
malloc, 1024, 7212.000000, 1882496, 2101280, 33408
malloc, 2048, 6528.000000, 1884544, 2101280, 33440
malloc, 4096, 7035.000000, 1888640, 2101280, 33472
malloc, 8192, 7331.000000, 1896832, 2101280, 33504
malloc, 32, 6403.000000, 1896864, 2101280, 33536
malloc, 64, 6046.000000, 1896928, 2101280, 33568
malloc, 128, 6015.000000, 1897056, 2101280, 33600
malloc, 256, 6046.000000, 1897312, 2101280, 33632
malloc, 512, 6921.000000, 1897824, 2101280, 33664
malloc, 1024, 6303.000000, 1898848, 2101280, 33696
malloc, 2048, 6026.000000, 1900896, 2101280, 33728
malloc, 4096, 6912.000000, 1904992, 2101280, 33760
malloc, 8192, 7212.000000, 1913184, 2101280, 33792
malloc, 32, 6613.000000, 1913216, 2101280, 33824
malloc, 64, 6188.000000, 1913280, 2101280, 33856
malloc, 128, 6093.000000, 1913408, 2101280, 33888
malloc, 256, 6071.000000, 1913664, 2101280, 33920
malloc, 512, 6954.000000, 1914176, 2101280, 33952
malloc, 1024, 6438.000000, 1915200, 2101280, 33984
malloc, 2048, 6148.000000, 1917248, 2101280, 34016
malloc, 4096, 7017.000000, 1921344, 2101280, 34048
malloc, 8192, 7257.000000, 1929536, 2101280, 34080
malloc, 32, 6557.000000, 1929568, 2101280, 34112
malloc, 64, 6237.000000, 1929632, 2101280, 34144
malloc, 128, 6176.000000, 1929760, 2101280, 34176
malloc, 256, 7948.000000, 1930016, 2101280, 34208
malloc, 512, 6760.000000, 1930528, 2101280, 34240
malloc, 1024, 6201.000000, 1931552, 2101280, 34272
malloc, 2048, 6022.000000, 1933600, 2101280, 34304
malloc, 4096, 6929.000000, 1937696, 2101280, 34336
malloc, 8192, 7295.000000, 1945888, 2101280, 34368
malloc, 32, 6628.000000, 1945920, 2101280, 34400
malloc, 64, 7257.000000, 1945984, 2101280, 34432
malloc, 128, 6727.000000, 1946112, 2101280, 34464
malloc, 256, 6290.000000, 1946368, 2101280, 34496
malloc, 512, 6123.000000, 1946880, 2101280, 34528
malloc, 1024, 6074.000000, 1947904, 2101280, 34560
malloc, 2048, 7053.000000, 1949952, 2101280, 34592
malloc, 4096, 7546.000000, 1954048, 2101280, 34624
malloc, 8192, 7618.000000, 1962240, 2101280, 34656
malloc, 32, 6878.000000, 1962272, 2101280, 34688
malloc, 64, 6377.000000, 1962336, 2101280, 34720
malloc, 128, 6295.000000, 1962464, 2101280, 34752
malloc, 256, 6300.000000, 1962720, 2101280, 34784
malloc, 512, 6186.000000, 1963232, 2101280, 34816
malloc, 1024, 6143.000000, 1964256, 2101280, 34848
malloc, 2048, 7052.000000, 1966304, 2101280, 34880
malloc, 4096, 7717.000000, 1970400, 2101280, 34912
malloc, 8192, 7661.000000, 1978592, 2101280, 34944
malloc, 32, 6925.000000, 1978624, 2101280, 34976
malloc, 64, 6467.000000, 1978688, 2101280, 35008
malloc, 128, 6301.000000, 1978816, 2101280, 35040
malloc, 256, 6311.000000, 1979072, 2101280, 35072
malloc, 512, 6376.000000, 1979584, 2101280, 35104
malloc, 1024, 6348.000000, 1980608, 2101280, 35136
malloc, 2048, 7273.000000, 1982656, 2101280, 35168
malloc, 4096, 7806.000000, 1986752, 2101280, 35200
malloc, 8192, 7786.000000, 1994944, 2101280, 35232
malloc, 32, 7179.000000, 1994976, 2101280, 35264
malloc, 64, 6705.000000, 1995040, 2101280, 35296
malloc, 128, 6445.000000, 1995168, 2101280, 35328
malloc, 256, 6305.000000, 1995424, 2101280, 35360
malloc, 512, 6355.000000, 1995936, 2101280, 35392
malloc, 1024, 6380.000000, 1996960, 2101280, 35424
malloc, 2048, 7327.000000, 1999008, 2101280, 35456
malloc, 4096, 7933.000000, 2003104, 2101280, 35488
malloc, 8192, 8763.000000, 2011296, 2101280, 35520
malloc, 32, 7172.000000, 2011328, 2101280, 35552
malloc, 64, 6717.000000, 2011392, 2101280, 35584
malloc, 128, 6549.000000, 2011520, 2101280, 35616
malloc, 256, 6495.000000, 2011776, 2101280, 35648
malloc, 512, 6485.000000, 2012288, 2101280, 35680
malloc, 1024, 6269.000000, 2013312, 2101280, 35712
malloc, 2048, 7191.000000, 2015360, 2101280, 35744
malloc, 4096, 7903.000000, 2019456, 2101280, 35776
malloc, 8192, 8065.000000, 2027648, 2101280, 35808
malloc, 32, 7270.000000, 2027680, 2101280, 35840
malloc, 64, 6732.000000, 2027744, 2101280, 35872
malloc, 128, 6580.000000, 2027872, 2101280, 35904
malloc, 256, 6585.000000, 2028128, 2101280, 35936
malloc, 512, 6504.000000, 2028640, 2101280, 35968
malloc, 1024, 6414.000000, 2029664, 2101280, 36000
malloc, 2048, 7385.000000, 2031712, 2101280, 36032
malloc, 4096, 7980.000000, 2035808, 2101280, 36064
malloc, 8192, 7944.000000, 2044000, 2101280, 36096
malloc, 32, 7298.000000, 2044032, 2101280, 36128
malloc, 64, 6852.000000, 2044096, 2101280, 36160
malloc, 128, 6672.000000, 2044224, 2101280, 36192
malloc, 256, 6620.000000, 2044480, 2101280, 36224
malloc, 512, 6573.000000, 2044992, 2101280, 36256
malloc, 1024, 6492.000000, 2046016, 2101280, 36288
malloc, 2048, 7623.000000, 2048064, 2101280, 36320
malloc, 4096, 8266.000000, 2052160, 2101280, 36352
malloc, 8192, 8404.000000, 2060352, 2101280, 36384
malloc, 32, 7613.000000, 2060384, 2101280, 36416
malloc, 64, 7098.000000, 2060448, 2101280, 36448
malloc, 128, 6917.000000, 2060576, 2101280, 36480
malloc, 256, 6935.000000, 2060832, 2101280, 36512
malloc, 512, 6996.000000, 2061344, 2101280, 36544
malloc, 1024, 6948.000000, 2062368, 2101280, 36576
malloc, 2048, 10269.000000, 2064416, 3149856, 36640
malloc, 4096, 9920.000000, 2068512, 3149856, 36672
malloc, 8192, 9136.000000, 2076704, 3149856, 36704
malloc, 32, 8097.000000, 2076736, 3149856, 36736
malloc, 64, 7392.000000, 2076800, 3149856, 36768
malloc, 128, 7119.000000, 2076928, 3149856, 36800
malloc, 256, 7064.000000, 2077184, 3149856, 36832
malloc, 512, 6970.000000, 2077696, 3149856, 36864
malloc, 1024, 7842.000000, 2078720, 3149856, 36896
malloc, 2048, 7775.000000, 2080768, 3149856, 36928
malloc, 4096, 8203.000000, 2084864, 3149856, 36960
malloc, 8192, 9472.000000, 2093056, 3149856, 36992
malloc, 32, 8078.000000, 2093088, 3149856, 37024
malloc, 64, 7513.000000, 2093152, 3149856, 37056
malloc, 128, 7234.000000, 2093280, 3149856, 37088
malloc, 256, 7139.000000, 2093536, 3149856, 37120
malloc, 512, 7071.000000, 2094048, 3149856, 37152
malloc, 1024, 7949.000000, 2095072, 3149856, 37184
malloc, 2048, 7659.000000, 2097120, 3149856, 37216
malloc, 4096, 8238.000000, 2101216, 3149856, 37248
malloc, 8192, 8633.000000, 2109408, 3149856, 37280
malloc, 32, 7999.000000, 2109440, 3149856, 37312
malloc, 64, 7392.000000, 2109504, 3149856, 37344
malloc, 128, 7244.000000, 2109632, 3149856, 37376
malloc, 256, 7213.000000, 2109888, 3149856, 37408
malloc, 512, 7228.000000, 2110400, 3149856, 37440
malloc, 1024, 10229.000000, 2111424, 3149856, 37472
malloc, 2048, 8678.000000, 2113472, 3149856, 37504
malloc, 4096, 11713.000000, 2117568, 3149856, 37536
malloc, 8192, 10474.000000, 2125760, 3149856, 37568
malloc, 32, 8628.000000, 2125792, 3149856, 37600
malloc, 64, 7766.000000, 2125856, 3149856, 37632
malloc, 128, 7452.000000, 2125984, 3149856, 37664
malloc, 256, 7304.000000, 2126240, 3149856, 37696
malloc, 512, 7366.000000, 2126752, 3149856, 37728
malloc, 1024, 8334.000000, 2127776, 3149856, 37760
malloc, 2048, 7920.000000, 2129824, 3149856, 37792
malloc, 4096, 8510.000000, 2133920, 3149856, 37824
malloc, 8192, 8919.000000, 2142112, 3149856, 37856
malloc, 32, 8050.000000, 2142144, 3149856, 37888
malloc, 64, 7515.000000, 2142208, 3149856, 37920
malloc, 128, 7350.000000, 2142336, 3149856, 37952
malloc, 256, 7412.000000, 2142592, 3149856, 37984
malloc, 512, 8258.000000, 2143104, 3149856, 38016
malloc, 1024, 7932.000000, 2144128, 3149856, 38048
malloc, 2048, 7621.000000, 2146176, 3149856, 38080
malloc, 4096, 8472.000000, 2150272, 3149856, 38112
malloc, 8192, 9217.000000, 2158464, 3149856, 38144
malloc, 32, 8188.000000, 2158496, 3149856, 38176
malloc, 64, 7818.000000, 2158560, 3149856, 38208
malloc, 128, 7628.000000, 2158688, 3149856, 38240
malloc, 256, 7464.000000, 2158944, 3149856, 38272
malloc, 512, 9370.000000, 2159456, 3149856, 38304
malloc, 1024, 8232.000000, 2160480, 3149856, 38336
malloc, 2048, 7704.000000, 2162528, 3149856, 38368
malloc, 4096, 8467.000000, 2166624, 3149856, 38400
malloc, 8192, 8896.000000, 2174816, 3149856, 38432
malloc, 32, 8095.000000, 2174848, 3149856, 38464
malloc, 64, 7800.000000, 2174912, 3149856, 38496
malloc, 128, 7490.000000, 2175040, 3149856, 38528
malloc, 256, 8371.000000, 2175296, 3149856, 38560
malloc, 512, 8036.000000, 2175808, 3149856, 38592
malloc, 1024, 7712.000000, 2176832, 3149856, 38624
malloc, 2048, 7579.000000, 2178880, 3149856, 38656
malloc, 4096, 8559.000000, 2182976, 3149856, 38688
malloc, 8192, 9010.000000, 2191168, 3149856, 38720
malloc, 32, 8360.000000, 2191200, 3149856, 38752
malloc, 64, 8926.000000, 2191264, 3149856, 38784
malloc, 128, 8380.000000, 2191392, 3149856, 38816
malloc, 256, 7857.000000, 2191648, 3149856, 38848
malloc, 512, 7727.000000, 2192160, 3149856, 38880
malloc, 1024, 7581.000000, 2193184, 3149856, 38912
malloc, 2048, 8534.000000, 2195232, 3149856, 38944
malloc, 4096, 9187.000000, 2199328, 3149856, 38976
malloc, 8192, 9711.000000, 2207520, 3149856, 39008
malloc, 32, 10044.000000, 2207552, 3149856, 39040
malloc, 64, 8857.000000, 2207616, 3149856, 39072
malloc, 128, 8077.000000, 2207744, 3149856, 39104
malloc, 256, 7860.000000, 2208000, 3149856, 39136
malloc, 512, 7876.000000, 2208512, 3149856, 39168
malloc, 1024, 7706.000000, 2209536, 3149856, 39200
malloc, 2048, 8914.000000, 2211584, 3149856, 39232
malloc, 4096, 9672.000000, 2215680, 3149856, 39264
malloc, 8192, 9567.000000, 2223872, 3149856, 39296
malloc, 32, 8631.000000, 2223904, 3149856, 39328
malloc, 64, 8205.000000, 2223968, 3149856, 39360
malloc, 128, 7885.000000, 2224096, 3149856, 39392
malloc, 256, 7742.000000, 2224352, 3149856, 39424
malloc, 512, 7767.000000, 2224864, 3149856, 39456
malloc, 1024, 7709.000000, 2225888, 3149856, 39488
malloc, 2048, 8646.000000, 2227936, 3149856, 39520
malloc, 4096, 9368.000000, 2232032, 3149856, 39552
malloc, 8192, 10554.000000, 2240224, 3149856, 39584
malloc, 32, 8893.000000, 2240256, 3149856, 39616
malloc, 64, 8211.000000, 2240320, 3149856, 39648
malloc, 128, 7970.000000, 2240448, 3149856, 39680
malloc, 256, 7872.000000, 2240704, 3149856, 39712
malloc, 512, 7811.000000, 2241216, 3149856, 39744
malloc, 1024, 7826.000000, 2242240, 3149856, 39776
malloc, 2048, 8774.000000, 2244288, 3149856, 39808
malloc, 4096, 9580.000000, 2248384, 3149856, 39840
malloc, 8192, 9695.000000, 2256576, 3149856, 39872
malloc, 32, 8849.000000, 2256608, 3149856, 39904
malloc, 64, 8261.000000, 2256672, 3149856, 39936
malloc, 128, 8057.000000, 2256800, 3149856, 39968
malloc, 256, 7952.000000, 2257056, 3149856, 40000
malloc, 512, 7879.000000, 2257568, 3149856, 40032
malloc, 1024, 7840.000000, 2258592, 3149856, 40064
malloc, 2048, 8777.000000, 2260640, 3149856, 40096
malloc, 4096, 9506.000000, 2264736, 3149856, 40128
malloc, 8192, 9635.000000, 2272928, 3149856, 40160
malloc, 32, 8838.000000, 2272960, 3149856, 40192
malloc, 64, 8402.000000, 2273024, 3149856, 40224
malloc, 128, 8106.000000, 2273152, 3149856, 40256
malloc, 256, 8066.000000, 2273408, 3149856, 40288
malloc, 512, 7939.000000, 2273920, 3149856, 40320
malloc, 1024, 7954.000000, 2274944, 3149856, 40352
malloc, 2048, 8917.000000, 2276992, 3149856, 40384
malloc, 4096, 9645.000000, 2281088, 3149856, 40416
malloc, 8192, 9715.000000, 2289280, 3149856, 40448
malloc, 32, 8870.000000, 2289312, 3149856, 40480
malloc, 64, 8441.000000, 2289376, 3149856, 40512
malloc, 128, 8177.000000, 2289504, 3149856, 40544
malloc, 256, 8134.000000, 2289760, 3149856, 40576
malloc, 512, 8100.000000, 2290272, 3149856, 40608
malloc, 1024, 8159.000000, 2291296, 3149856, 40640
malloc, 2048, 9085.000000, 2293344, 3149856, 40672
malloc, 4096, 9813.000000, 2297440, 3149856, 40704
malloc, 8192, 9878.000000, 2305632, 3149856, 40736
malloc, 32, 8945.000000, 2305664, 3149856, 40768
malloc, 64, 8498.000000, 2305728, 3149856, 40800
malloc, 128, 8344.000000, 2305856, 3149856, 40832
malloc, 256, 8276.000000, 2306112, 3149856, 40864
malloc, 512, 8181.000000, 2306624, 3149856, 40896
malloc, 1024, 8087.000000, 2307648, 3149856, 40928
malloc, 2048, 9231.000000, 2309696, 3149856, 40960
malloc, 4096, 9776.000000, 2313792, 3149856, 40992
malloc, 8192, 10901.000000, 2321984, 3149856, 41024
malloc, 32, 9297.000000, 2322016, 3149856, 41056
malloc, 64, 8699.000000, 2322080, 3149856, 41088
malloc, 128, 11987.000000, 2322208, 3149856, 41120
malloc, 256, 8971.000000, 2322464, 3149856, 41152
malloc, 512, 8479.000000, 2322976, 3149856, 41184
malloc, 1024, 9441.000000, 2324000, 3149856, 41216
malloc, 2048, 9277.000000, 2326048, 3149856, 41248
malloc, 4096, 9713.000000, 2330144, 3149856, 41280
malloc, 8192, 10110.000000, 2338336, 3149856, 41312
malloc, 32, 9233.000000, 2338368, 3149856, 41344
malloc, 64, 8673.000000, 2338432, 3149856, 41376
malloc, 128, 8424.000000, 2338560, 3149856, 41408
malloc, 256, 8456.000000, 2338816, 3149856, 41440
malloc, 512, 8523.000000, 2339328, 3149856, 41472
malloc, 1024, 9396.000000, 2340352, 3149856, 41504
malloc, 2048, 9034.000000, 2342400, 3149856, 41536
malloc, 4096, 9619.000000, 2346496, 3149856, 41568
malloc, 8192, 10016.000000, 2354688, 3149856, 41600
malloc, 32, 9310.000000, 2354720, 3149856, 41632
malloc, 64, 8774.000000, 2354784, 3149856, 41664
malloc, 128, 8721.000000, 2354912, 3149856, 41696
malloc, 256, 8645.000000, 2355168, 3149856, 41728
malloc, 512, 8549.000000, 2355680, 3149856, 41760
malloc, 1024, 9541.000000, 2356704, 3149856, 41792
malloc, 2048, 9258.000000, 2358752, 3149856, 41824
malloc, 4096, 9835.000000, 2362848, 3149856, 41856
malloc, 8192, 10226.000000, 2371040, 3149856, 41888
malloc, 32, 9479.000000, 2371072, 3149856, 41920
malloc, 64, 8891.000000, 2371136, 3149856, 41952
malloc, 128, 8658.000000, 2371264, 3149856, 41984
malloc, 256, 8611.000000, 2371520, 3149856, 42016
malloc, 512, 8574.000000, 2372032, 3149856, 42048
malloc, 1024, 9486.000000, 2373056, 3149856, 42080
malloc, 2048, 9309.000000, 2375104, 3149856, 42112
malloc, 4096, 10079.000000, 2379200, 3149856, 42144
malloc, 8192, 10752.000000, 2387392, 3149856, 42176
malloc, 32, 9753.000000, 2387424, 3149856, 42208
malloc, 64, 9154.000000, 2387488, 3149856, 42240
malloc, 128, 8893.000000, 2387616, 3149856, 42272
malloc, 256, 8855.000000, 2387872, 3149856, 42304
malloc, 512, 8737.000000, 2388384, 3149856, 42336
malloc, 1024, 9685.000000, 2389408, 3149856, 42368
malloc, 2048, 9379.000000, 2391456, 3149856, 42400
malloc, 4096, 9992.000000, 2395552, 3149856, 42432
malloc, 8192, 11494.000000, 2403744, 3149856, 42464
malloc, 32, 9921.000000, 2403776, 3149856, 42496
malloc, 64, 9336.000000, 2403840, 3149856, 42528
malloc, 128, 9117.000000, 2403968, 3149856, 42560
malloc, 256, 8983.000000, 2404224, 3149856, 42592
malloc, 512, 9822.000000, 2404736, 3149856, 42624
malloc, 1024, 9427.000000, 2405760, 3149856, 42656
malloc, 2048, 11125.000000, 2407808, 3149856, 42688
malloc, 4096, 10975.000000, 2411904, 3149856, 42720
malloc, 8192, 10985.000000, 2420096, 3149856, 42752
malloc, 32, 9904.000000, 2420128, 3149856, 42784
malloc, 64, 9401.000000, 2420192, 3149856, 42816
malloc, 128, 9171.000000, 2420320, 3149856, 42848
malloc, 256, 8978.000000, 2420576, 3149856, 42880
malloc, 512, 9968.000000, 2421088, 3149856, 42912
malloc, 1024, 9568.000000, 2422112, 3149856, 42944
malloc, 2048, 9206.000000, 2424160, 3149856, 42976
malloc, 4096, 10041.000000, 2428256, 3149856, 43008
malloc, 8192, 10589.000000, 2436448, 3149856, 43040
malloc, 32, 9830.000000, 2436480, 3149856, 43072
malloc, 64, 9435.000000, 2436544, 3149856, 43104
malloc, 128, 9130.000000, 2436672, 3149856, 43136
malloc, 256, 10020.000000, 2436928, 3149856, 43168
malloc, 512, 9782.000000, 2437440, 3149856, 43200
malloc, 1024, 9431.000000, 2438464, 3149856, 43232
malloc, 2048, 9225.000000, 2440512, 3149856, 43264
malloc, 4096, 10062.000000, 2444608, 3149856, 43296
malloc, 8192, 10550.000000, 2452800, 3149856, 43328
malloc, 32, 9959.000000, 2452832, 3149856, 43360
malloc, 64, 10514.000000, 2452896, 3149856, 43392
malloc, 128, 10081.000000, 2453024, 3149856, 43424
malloc, 256, 9514.000000, 2453280, 3149856, 43456
malloc, 512, 9225.000000, 2453792, 3149856, 43488
malloc, 1024, 9115.000000, 2454816, 3149856, 43520
malloc, 2048, 10005.000000, 2456864, 3149856, 43552
malloc, 4096, 10888.000000, 2460960, 3149856, 43584
malloc, 8192, 11780.000000, 2469152, 3149856, 43616
malloc, 32, 10234.000000, 2469184, 3149856, 43648
malloc, 64, 9713.000000, 2469248, 3149856, 43680
malloc, 128, 9405.000000, 2469376, 3149856, 43712
malloc, 256, 9300.000000, 2469632, 3149856, 43744
malloc, 512, 9255.000000, 2470144, 3149856, 43776
malloc, 1024, 9229.000000, 2471168, 3149856, 43808
malloc, 2048, 10303.000000, 2473216, 3149856, 43840
malloc, 4096, 11089.000000, 2477312, 3149856, 43872
malloc, 8192, 11169.000000, 2485504, 3149856, 43904
malloc, 32, 10348.000000, 2485536, 3149856, 43936
malloc, 64, 9849.000000, 2485600, 3149856, 43968
malloc, 128, 9543.000000, 2485728, 3149856, 44000
malloc, 256, 9323.000000, 2485984, 3149856, 44032
malloc, 512, 9339.000000, 2486496, 3149856, 44064
malloc, 1024, 9351.000000, 2487520, 3149856, 44096
malloc, 2048, 10284.000000, 2489568, 3149856, 44128
malloc, 4096, 11062.000000, 2493664, 3149856, 44160
malloc, 8192, 11377.000000, 2501856, 3149856, 44192
malloc, 32, 12812.000000, 2501888, 3149856, 44224
malloc, 64, 12219.000000, 2501952, 3149856, 44256
malloc, 128, 10591.000000, 2502080, 3149856, 44288
malloc, 256, 9832.000000, 2502336, 3149856, 44320
malloc, 512, 9673.000000, 2502848, 3149856, 44352
malloc, 1024, 9555.000000, 2503872, 3149856, 44384
malloc, 2048, 10789.000000, 2505920, 3149856, 44416
malloc, 4096, 11568.000000, 2510016, 3149856, 44448
malloc, 8192, 11491.000000, 2518208, 3149856, 44480
malloc, 32, 10624.000000, 2518240, 3149856, 44512
malloc, 64, 10144.000000, 2518304, 3149856, 44544
malloc, 128, 11470.000000, 2518432, 3149856, 44576
malloc, 256, 10720.000000, 2518688, 3149856, 44608
malloc, 512, 10029.000000, 2519200, 3149856, 44640
malloc, 1024, 9764.000000, 2520224, 3149856, 44672
malloc, 2048, 10913.000000, 2522272, 3149856, 44704
malloc, 4096, 11671.000000, 2526368, 3149856, 44736
malloc, 8192, 11611.000000, 2534560, 3149856, 44768
malloc, 32, 10655.000000, 2534592, 3149856, 44800
malloc, 64, 10180.000000, 2534656, 3149856, 44832
malloc, 128, 9917.000000, 2534784, 3149856, 44864
malloc, 256, 9926.000000, 2535040, 3149856, 44896
malloc, 512, 9826.000000, 2535552, 3149856, 44928
malloc, 1024, 9810.000000, 2536576, 3149856, 44960
malloc, 2048, 10882.000000, 2538624, 3149856, 44992
malloc, 4096, 11518.000000, 2542720, 3149856, 45024
malloc, 8192, 12624.000000, 2550912, 3149856, 45056
malloc, 32, 10956.000000, 2550944, 3149856, 45088
malloc, 64, 10284.000000, 2551008, 3149856, 45120
malloc, 128, 10051.000000, 2551136, 3149856, 45152
malloc, 256, 9979.000000, 2551392, 3149856, 45184
malloc, 512, 9944.000000, 2551904, 3149856, 45216
malloc, 1024, 9853.000000, 2552928, 3149856, 45248
malloc, 2048, 10773.000000, 2554976, 3149856, 45280
malloc, 4096, 11664.000000, 2559072, 3149856, 45312
malloc, 8192, 11820.000000, 2567264, 3149856, 45344
malloc, 32, 10836.000000, 2567296, 3149856, 45376
malloc, 64, 10350.000000, 2567360, 3149856, 45408
malloc, 128, 10189.000000, 2567488, 3149856, 45440
malloc, 256, 10087.000000, 2567744, 3149856, 45472
malloc, 512, 9960.000000, 2568256, 3149856, 45504
malloc, 1024, 10030.000000, 2569280, 3149856, 45536
malloc, 2048, 11044.000000, 2571328, 3149856, 45568
malloc, 4096, 11744.000000, 2575424, 3149856, 45600
malloc, 8192, 11825.000000, 2583616, 3149856, 45632
malloc, 32, 10968.000000, 2583648, 3149856, 45664
malloc, 64, 10494.000000, 2583712, 3149856, 45696
malloc, 128, 10304.000000, 2583840, 3149856, 45728
malloc, 256, 10311.000000, 2584096, 3149856, 45760
malloc, 512, 10286.000000, 2584608, 3149856, 45792
malloc, 1024, 11174.000000, 2585632, 3149856, 45824
malloc, 2048, 10939.000000, 2587680, 3149856, 45856
malloc, 4096, 11572.000000, 2591776, 3149856, 45888
malloc, 8192, 11892.000000, 2599968, 3149856, 45920
malloc, 32, 11306.000000, 2600000, 3149856, 45952
malloc, 64, 10763.000000, 2600064, 3149856, 45984
malloc, 128, 10354.000000, 2600192, 3149856, 46016
malloc, 256, 10233.000000, 2600448, 3149856, 46048
malloc, 512, 10198.000000, 2600960, 3149856, 46080
malloc, 1024, 11331.000000, 2601984, 3149856, 46112
malloc, 2048, 10870.000000, 2604032, 3149856, 46144
malloc, 4096, 11536.000000, 2608128, 3149856, 46176
malloc, 8192, 11981.000000, 2616320, 3149856, 46208
malloc, 32, 11206.000000, 2616352, 3149856, 46240
malloc, 64, 10644.000000, 2616416, 3149856, 46272
malloc, 128, 10403.000000, 2616544, 3149856, 46304
malloc, 256, 10327.000000, 2616800, 3149856, 46336
malloc, 512, 10315.000000, 2617312, 3149856, 46368
malloc, 1024, 11265.000000, 2618336, 3149856, 46400
malloc, 2048, 11111.000000, 2620384, 3149856, 46432
malloc, 4096, 11883.000000, 2624480, 3149856, 46464
malloc, 8192, 13009.000000, 2632672, 3149856, 46496
malloc, 32, 11546.000000, 2632704, 3149856, 46528
malloc, 64, 10896.000000, 2632768, 3149856, 46560
malloc, 128, 10642.000000, 2632896, 3149856, 46592
malloc, 256, 10655.000000, 2633152, 3149856, 46624
malloc, 512, 10496.000000, 2633664, 3149856, 46656
malloc, 1024, 11541.000000, 2634688, 3149856, 46688
malloc, 2048, 11303.000000, 2636736, 3149856, 46720
malloc, 4096, 11733.000000, 2640832, 3149856, 46752
malloc, 8192, 12160.000000, 2649024, 3149856, 46784
malloc, 32, 11560.000000, 2649056, 3149856, 46816
malloc, 64, 10935.000000, 2649120, 3149856, 46848
malloc, 128, 10803.000000, 2649248, 3149856, 46880
malloc, 256, 10667.000000, 2649504, 3149856, 46912
malloc, 512, 10672.000000, 2650016, 3149856, 46944
malloc, 1024, 11639.000000, 2651040, 3149856, 46976
malloc, 2048, 11373.000000, 2653088, 3149856, 47008
malloc, 4096, 15598.000000, 2657184, 3149856, 47040
malloc, 8192, 13903.000000, 2665376, 3149856, 47072
malloc, 32, 12049.000000, 2665408, 3149856, 47104
malloc, 64, 11332.000000, 2665472, 3149856, 47136
malloc, 128, 10832.000000, 2665600, 3149856, 47168
malloc, 256, 10725.000000, 2665856, 3149856, 47200
malloc, 512, 11659.000000, 2666368, 3149856, 47232
malloc, 1024, 11287.000000, 2667392, 3149856, 47264
malloc, 2048, 10983.000000, 2669440, 3149856, 47296
malloc, 4096, 11604.000000, 2673536, 3149856, 47328
malloc, 8192, 12218.000000, 2681728, 3149856, 47360
malloc, 32, 11615.000000, 2681760, 3149856, 47392
malloc, 64, 11079.000000, 2681824, 3149856, 47424
malloc, 128, 10828.000000, 2681952, 3149856, 47456
malloc, 256, 10808.000000, 2682208, 3149856, 47488
malloc, 512, 11867.000000, 2682720, 3149856, 47520
malloc, 1024, 11561.000000, 2683744, 3149856, 47552
malloc, 2048, 11222.000000, 2685792, 3149856, 47584
malloc, 4096, 11995.000000, 2689888, 3149856, 47616
malloc, 8192, 12542.000000, 2698080, 3149856, 47648
malloc, 32, 11735.000000, 2698112, 3149856, 47680
malloc, 64, 11183.000000, 2698176, 3149856, 47712
malloc, 128, 11101.000000, 2698304, 3149856, 47744
malloc, 256, 12068.000000, 2698560, 3149856, 47776
malloc, 512, 11687.000000, 2699072, 3149856, 47808
malloc, 1024, 13426.000000, 2700096, 3149856, 47840
malloc, 2048, 12126.000000, 2702144, 3149856, 47872
malloc, 4096, 12510.000000, 2706240, 3149856, 47904
malloc, 8192, 12944.000000, 2714432, 3149856, 47936
malloc, 32, 12058.000000, 2714464, 3149856, 47968
malloc, 64, 12468.000000, 2714528, 3149856, 48000
malloc, 128, 12823.000000, 2714656, 3149856, 48032
malloc, 256, 13170.000000, 2714912, 3149856, 48064
malloc, 512, 12127.000000, 2715424, 3149856, 48096
malloc, 1024, 11495.000000, 2716448, 3149856, 48128
malloc, 2048, 12538.000000, 2718496, 3149856, 48160
malloc, 4096, 13281.000000, 2722592, 3149856, 48192
malloc, 8192, 13086.000000, 2730784, 3149856, 48224
malloc, 32, 12187.000000, 2730816, 3149856, 48256
malloc, 64, 11567.000000, 2730880, 3149856, 48288
malloc, 128, 11267.000000, 2731008, 3149856, 48320
malloc, 256, 11240.000000, 2731264, 3149856, 48352
malloc, 512, 11244.000000, 2731776, 3149856, 48384
malloc, 1024, 11192.000000, 2732800, 3149856, 48416
malloc, 2048, 12203.000000, 2734848, 3149856, 48448
malloc, 4096, 13007.000000, 2738944, 3149856, 48480
malloc, 8192, 13098.000000, 2747136, 3149856, 48512
malloc, 32, 12272.000000, 2747168, 3149856, 48544
malloc, 64, 11700.000000, 2747232, 3149856, 48576
malloc, 128, 11451.000000, 2747360, 3149856, 48608
malloc, 256, 11397.000000, 2747616, 3149856, 48640
malloc, 512, 11284.000000, 2748128, 3149856, 48672
malloc, 1024, 11295.000000, 2749152, 3149856, 48704
malloc, 2048, 12284.000000, 2751200, 3149856, 48736
malloc, 4096, 13109.000000, 2755296, 3149856, 48768
malloc, 8192, 13150.000000, 2763488, 3149856, 48800
malloc, 32, 12431.000000, 2763520, 3149856, 48832
malloc, 64, 11838.000000, 2763584, 3149856, 48864
malloc, 128, 11525.000000, 2763712, 3149856, 48896
malloc, 256, 11485.000000, 2763968, 3149856, 48928
malloc, 512, 11458.000000, 2764480, 3149856, 48960
malloc, 1024, 11466.000000, 2765504, 3149856, 48992
malloc, 2048, 12500.000000, 2767552, 3149856, 49024
malloc, 4096, 13269.000000, 2771648, 3149856, 49056
malloc, 8192, 14367.000000, 2779840, 3149856, 49088
malloc, 32, 12892.000000, 2779872, 3149856, 49120
malloc, 64, 14192.000000, 2779936, 3149856, 49152
malloc, 128, 12756.000000, 2780064, 3149856, 49184
malloc, 256, 12055.000000, 2780320, 3149856, 49216
malloc, 512, 12268.000000, 2780832, 3149856, 49248
malloc, 1024, 15766.000000, 2781856, 3149856, 49280
malloc, 2048, 15569.000000, 2783904, 3149856, 49312
malloc, 4096, 14464.000000, 2788000, 3149856, 49344
malloc, 8192, 13674.000000, 2796192, 3149856, 49376
malloc, 32, 12561.000000, 2796224, 3149856, 49408
malloc, 64, 12083.000000, 2796288, 3149856, 49440
malloc, 128, 11768.000000, 2796416, 3149856, 49472
malloc, 256, 11756.000000, 2796672, 3149856, 49504
malloc, 512, 15235.000000, 2797184, 3149856, 49536
malloc, 1024, 12812.000000, 2798208, 3149856, 49568
malloc, 2048, 13324.000000, 2800256, 3149856, 49600
malloc, 4096, 13743.000000, 2804352, 3149856, 49632
malloc, 8192, 13498.000000, 2812544, 3149856, 49664
malloc, 32, 12591.000000, 2812576, 3149856, 49696
malloc, 64, 12167.000000, 2812640, 3149856, 49728
malloc, 128, 11954.000000, 2812768, 3149856, 49760
malloc, 256, 11816.000000, 2813024, 3149856, 49792
malloc, 512, 11775.000000, 2813536, 3149856, 49824
malloc, 1024, 11775.000000, 2814560, 3149856, 49856
malloc, 2048, 12827.000000, 2816608, 3149856, 49888
malloc, 4096, 13476.000000, 2820704, 3149856, 49920
malloc, 8192, 13582.000000, 2828896, 3149856, 49952
malloc, 32, 12776.000000, 2828928, 3149856, 49984
malloc, 64, 12152.000000, 2828992, 3149856, 50016
malloc, 128, 11920.000000, 2829120, 3149856, 50048
malloc, 256, 11853.000000, 2829376, 3149856, 50080
malloc, 512, 11795.000000, 2829888, 3149856, 50112
malloc, 1024, 11814.000000, 2830912, 3149856, 50144
malloc, 2048, 12949.000000, 2832960, 3149856, 50176
malloc, 4096, 13599.000000, 2837056, 3149856, 50208
malloc, 8192, 13788.000000, 2845248, 3149856, 50240
malloc, 32, 12801.000000, 2845280, 3149856, 50272
malloc, 64, 12262.000000, 2845344, 3149856, 50304
malloc, 128, 12038.000000, 2845472, 3149856, 50336
malloc, 256, 12075.000000, 2845728, 3149856, 50368
malloc, 512, 12021.000000, 2846240, 3149856, 50400
malloc, 1024, 12925.000000, 2847264, 3149856, 50432
malloc, 2048, 12679.000000, 2849312, 3149856, 50464
malloc, 4096, 13163.000000, 2853408, 3149856, 50496
malloc, 8192, 14721.000000, 2861600, 3149856, 50528
malloc, 32, 12998.000000, 2861632, 3149856, 50560
malloc, 64, 12422.000000, 2861696, 3149856, 50592
malloc, 128, 12047.000000, 2861824, 3149856, 50624
malloc, 256, 12065.000000, 2862080, 3149856, 50656
malloc, 512, 12097.000000, 2862592, 3149856, 50688
malloc, 1024, 13120.000000, 2863616, 3149856, 50720
malloc, 2048, 12855.000000, 2865664, 3149856, 50752
malloc, 4096, 13340.000000, 2869760, 3149856, 50784
malloc, 8192, 13706.000000, 2877952, 3149856, 50816
malloc, 32, 12957.000000, 2877984, 3149856, 50848
malloc, 64, 12386.000000, 2878048, 3149856, 50880
malloc, 128, 12120.000000, 2878176, 3149856, 50912
malloc, 256, 12199.000000, 2878432, 3149856, 50944
malloc, 512, 12166.000000, 2878944, 3149856, 50976
malloc, 1024, 13048.000000, 2879968, 3149856, 51008
malloc, 2048, 12800.000000, 2882016, 3149856, 51040
malloc, 4096, 13651.000000, 2886112, 3149856, 51072
malloc, 8192, 13979.000000, 2894304, 3149856, 51104
malloc, 32, 15328.000000, 2894336, 3149856, 51136
malloc, 64, 15071.000000, 2894400, 3149856, 51168
malloc, 128, 13207.000000, 2894528, 3149856, 51200
malloc, 256, 12631.000000, 2894784, 3149856, 51232
malloc, 512, 12398.000000, 2895296, 3149856, 51264
malloc, 1024, 13575.000000, 2896320, 3149856, 51296
malloc, 2048, 13344.000000, 2898368, 3149856, 51328
malloc, 4096, 13751.000000, 2902464, 3149856, 51360
malloc, 8192, 14062.000000, 2910656, 3149856, 51392
malloc, 32, 13250.000000, 2910688, 3149856, 51424
malloc, 64, 12605.000000, 2910752, 3149856, 51456
malloc, 128, 12425.000000, 2910880, 3149856, 51488
malloc, 256, 12409.000000, 2911136, 3149856, 51520
malloc, 512, 12345.000000, 2911648, 3149856, 51552
malloc, 1024, 13435.000000, 2912672, 3149856, 51584
malloc, 2048, 13204.000000, 2914720, 3149856, 51616
malloc, 4096, 13688.000000, 2918816, 3149856, 51648
malloc, 8192, 14247.000000, 2927008, 3149856, 51680
malloc, 32, 13395.000000, 2927040, 3149856, 51712
malloc, 64, 12868.000000, 2927104, 3149856, 51744
malloc, 128, 12564.000000, 2927232, 3149856, 51776
malloc, 256, 12556.000000, 2927488, 3149856, 51808
malloc, 512, 13582.000000, 2928000, 3149856, 51840
malloc, 1024, 13280.000000, 2929024, 3149856, 51872
malloc, 2048, 15755.000000, 2931072, 3149856, 51904
malloc, 4096, 15123.000000, 2935168, 3149856, 51936
malloc, 8192, 15782.000000, 2943360, 3149856, 51968
malloc, 32, 13836.000000, 2943392, 3149856, 52000
malloc, 64, 13129.000000, 2943456, 3149856, 52032
malloc, 128, 12760.000000, 2943584, 3149856, 52064
malloc, 256, 12742.000000, 2943840, 3149856, 52096
malloc, 512, 13680.000000, 2944352, 3149856, 52128
malloc, 1024, 13320.000000, 2945376, 3149856, 52160
malloc, 2048, 12924.000000, 2947424, 3149856, 52192
malloc, 4096, 13833.000000, 2951520, 3149856, 52224
malloc, 8192, 14294.000000, 2959712, 3149856, 52256
malloc, 32, 13555.000000, 2959744, 3149856, 52288
malloc, 64, 13116.000000, 2959808, 3149856, 52320
malloc, 128, 14789.000000, 2959936, 3149856, 52352
malloc, 256, 15307.000000, 2960192, 3149856, 52384
malloc, 512, 14012.000000, 2960704, 3149856, 52416
malloc, 1024, 13440.000000, 2961728, 3149856, 52448
malloc, 2048, 12932.000000, 2963776, 3149856, 52480
malloc, 4096, 13748.000000, 2967872, 3149856, 52512
malloc, 8192, 14529.000000, 2976064, 3149856, 52544
malloc, 32, 13759.000000, 2976096, 3149856, 52576
malloc, 64, 14389.000000, 2976160, 3149856, 52608
malloc, 128, 13686.000000, 2976288, 3149856, 52640
malloc, 256, 13212.000000, 2976544, 3149856, 52672
malloc, 512, 12997.000000, 2977056, 3149856, 52704
malloc, 1024, 12995.000000, 2978080, 3149856, 52736
malloc, 2048, 13999.000000, 2980128, 3149856, 52768
malloc, 4096, 14523.000000, 2984224, 3149856, 52800
malloc, 8192, 14634.000000, 2992416, 3149856, 52832
malloc, 32, 13825.000000, 2992448, 3149856, 52864
malloc, 64, 13376.000000, 2992512, 3149856, 52896
malloc, 128, 13116.000000, 2992640, 3149856, 52928
malloc, 256, 15501.000000, 2992896, 3149856, 52960
malloc, 512, 14470.000000, 2993408, 3149856, 52992
malloc, 1024, 16853.000000, 2994432, 3149856, 53024
malloc, 2048, 16794.000000, 2996480, 3149856, 53056
malloc, 4096, 15791.000000, 3000576, 3149856, 53088
malloc, 8192, 16436.000000, 3008768, 3149856, 53120
malloc, 32, 14297.000000, 3008800, 3149856, 53152
malloc, 64, 13611.000000, 3008864, 3149856, 53184
malloc, 128, 13244.000000, 3008992, 3149856, 53216
malloc, 256, 13278.000000, 3009248, 3149856, 53248
malloc, 512, 13166.000000, 3009760, 3149856, 53280
malloc, 1024, 13031.000000, 3010784, 3149856, 53312
malloc, 2048, 14104.000000, 3012832, 3149856, 53344
malloc, 4096, 15028.000000, 3016928, 3149856, 53376
malloc, 8192, 15180.000000, 3025120, 3149856, 53408
malloc, 32, 14226.000000, 3025152, 3149856, 53440
malloc, 64, 13600.000000, 3025216, 3149856, 53472
malloc, 128, 13246.000000, 3025344, 3149856, 53504
malloc, 256, 13153.000000, 3025600, 3149856, 53536
malloc, 512, 13061.000000, 3026112, 3149856, 53568
malloc, 1024, 13099.000000, 3027136, 3149856, 53600
malloc, 2048, 14353.000000, 3029184, 3149856, 53632
malloc, 4096, 15065.000000, 3033280, 3149856, 53664
malloc, 8192, 15095.000000, 3041472, 3149856, 53696
malloc, 32, 14207.000000, 3041504, 3149856, 53728
malloc, 64, 13674.000000, 3041568, 3149856, 53760
malloc, 128, 13430.000000, 3041696, 3149856, 53792
malloc, 256, 13280.000000, 3041952, 3149856, 53824
malloc, 512, 13244.000000, 3042464, 3149856, 53856
malloc, 1024, 13303.000000, 3043488, 3149856, 53888
malloc, 2048, 14223.000000, 3045536, 3149856, 53920
malloc, 4096, 15028.000000, 3049632, 3149856, 53952
malloc, 8192, 15242.000000, 3057824, 3149856, 53984
malloc, 32, 14210.000000, 3057856, 3149856, 54016
malloc, 64, 13747.000000, 3057920, 3149856, 54048
malloc, 128, 17147.000000, 3058048, 3149856, 54080
malloc, 256, 14910.000000, 3058304, 3149856, 54112
malloc, 512, 13821.000000, 3058816, 3149856, 54144
malloc, 1024, 13494.000000, 3059840, 3149856, 54176
malloc, 2048, 14592.000000, 3061888, 3149856, 54208
malloc, 4096, 15417.000000, 3065984, 3149856, 54240
malloc, 8192, 15343.000000, 3074176, 3149856, 54272
malloc, 32, 14417.000000, 3074208, 3149856, 54304
malloc, 64, 13872.000000, 3074272, 3149856, 54336
malloc, 128, 13676.000000, 3074400, 3149856, 54368
malloc, 256, 13525.000000, 3074656, 3149856, 54400
malloc, 512, 13388.000000, 3075168, 3149856, 54432
malloc, 1024, 13312.000000, 3076192, 3149856, 54464
malloc, 2048, 14416.000000, 3078240, 3149856, 54496
malloc, 4096, 15241.000000, 3082336, 3149856, 54528
malloc, 8192, 16260.000000, 3090528, 3149856, 54560
malloc, 32, 14598.000000, 3090560, 3149856, 54592
malloc, 64, 14008.000000, 3090624, 3149856, 54624
malloc, 128, 13702.000000, 3090752, 3149856, 54656
malloc, 256, 13574.000000, 3091008, 3149856, 54688
malloc, 512, 13569.000000, 3091520, 3149856, 54720
malloc, 1024, 13466.000000, 3092544, 3149856, 54752
malloc, 2048, 17975.000000, 3094592, 4198432, 54816
malloc, 4096, 16919.000000, 3098688, 4198432, 54848
malloc, 8192, 16049.000000, 3106880, 4198432, 54880
malloc, 32, 14877.000000, 3106912, 4198432, 54912
malloc, 64, 14297.000000, 3106976, 4198432, 54944
malloc, 128, 14026.000000, 3107104, 4198432, 54976
malloc, 256, 13869.000000, 3107360, 4198432, 55008
malloc, 512, 13798.000000, 3107872, 4198432, 55040
malloc, 1024, 14798.000000, 3108896, 4198432, 55072
malloc, 2048, 14459.000000, 3110944, 4198432, 55104
malloc, 4096, 15152.000000, 3115040, 4198432, 55136
malloc, 8192, 15489.000000, 3123232, 4198432, 55168
malloc, 32, 14763.000000, 3123264, 4198432, 55200
malloc, 64, 14265.000000, 3123328, 4198432, 55232
malloc, 128, 13907.000000, 3123456, 4198432, 55264
malloc, 256, 13929.000000, 3123712, 4198432, 55296
malloc, 512, 13832.000000, 3124224, 4198432, 55328
malloc, 1024, 16601.000000, 3125248, 4198432, 55360
malloc, 2048, 17234.000000, 3127296, 4198432, 55392
malloc, 4096, 16356.000000, 3131392, 4198432, 55424
malloc, 8192, 16078.000000, 3139584, 4198432, 55456
malloc, 32, 14990.000000, 3139616, 4198432, 55488
malloc, 64, 14363.000000, 3139680, 4198432, 55520
malloc, 128, 14035.000000, 3139808, 4198432, 55552
malloc, 256, 14023.000000, 3140064, 4198432, 55584
malloc, 512, 14030.000000, 3140576, 4198432, 55616
malloc, 1024, 15079.000000, 3141600, 4198432, 55648
malloc, 2048, 14753.000000, 3143648, 4198432, 55680
malloc, 4096, 15432.000000, 3147744, 4198432, 55712
malloc, 8192, 15692.000000, 3155936, 4198432, 55744
malloc, 32, 14859.000000, 3155968, 4198432, 55776
malloc, 64, 14336.000000, 3156032, 4198432, 55808
malloc, 128, 14230.000000, 3156160, 4198432, 55840
malloc, 256, 14256.000000, 3156416, 4198432, 55872
malloc, 512, 14025.000000, 3156928, 4198432, 55904
malloc, 1024, 15172.000000, 3157952, 4198432, 55936
malloc, 2048, 14804.000000, 3160000, 4198432, 55968
malloc, 4096, 15532.000000, 3164096, 4198432, 56000
malloc, 8192, 16634.000000, 3172288, 4198432, 56032
malloc, 32, 15056.000000, 3172320, 4198432, 56064
malloc, 64, 14470.000000, 3172384, 4198432, 56096
malloc, 128, 14310.000000, 3172512, 4198432, 56128
malloc, 256, 14335.000000, 3172768, 4198432, 56160
malloc, 512, 15300.000000, 3173280, 4198432, 56192
malloc, 1024, 16561.000000, 3174304, 4198432, 56224
malloc, 2048, 15161.000000, 3176352, 4198432, 56256
malloc, 4096, 15904.000000, 3180448, 4198432, 56288
malloc, 8192, 16258.000000, 3188640, 4198432, 56320
malloc, 32, 15352.000000, 3188672, 4198432, 56352
malloc, 64, 14695.000000, 3188736, 4198432, 56384
malloc, 128, 14475.000000, 3188864, 4198432, 56416
malloc, 256, 14397.000000, 3189120, 4198432, 56448
malloc, 512, 15442.000000, 3189632, 4198432, 56480
malloc, 1024, 15022.000000, 3190656, 4198432, 56512
malloc, 2048, 14638.000000, 3192704, 4198432, 56544
malloc, 4096, 15459.000000, 3196800, 4198432, 56576
malloc, 8192, 15974.000000, 3204992, 4198432, 56608
malloc, 32, 15266.000000, 3205024, 4198432, 56640
malloc, 64, 14799.000000, 3205088, 4198432, 56672
malloc, 128, 14598.000000, 3205216, 4198432, 56704
malloc, 256, 15605.000000, 3205472, 4198432, 56736
malloc, 512, 15128.000000, 3205984, 4198432, 56768
malloc, 1024, 14641.000000, 3207008, 4198432, 56800
malloc, 2048, 14489.000000, 3209056, 4198432, 56832
malloc, 4096, 15637.000000, 3213152, 4198432, 56864
malloc, 8192, 15975.000000, 3221344, 4198432, 56896
malloc, 32, 15674.000000, 3221376, 4198432, 56928
malloc, 64, 15853.000000, 3221440, 4198432, 56960
malloc, 128, 15308.000000, 3221568, 4198432, 56992
malloc, 256, 14926.000000, 3221824, 4198432, 57024
malloc, 512, 14814.000000, 3222336, 4198432, 57056
malloc, 1024, 14690.000000, 3223360, 4198432, 57088
malloc, 2048, 15622.000000, 3225408, 4198432, 57120
malloc, 4096, 16192.000000, 3229504, 4198432, 57152
malloc, 8192, 16384.000000, 3237696, 4198432, 57184
malloc, 32, 15530.000000, 3237728, 4198432, 57216
malloc, 64, 15144.000000, 3237792, 4198432, 57248
malloc, 128, 14900.000000, 3237920, 4198432, 57280
malloc, 256, 14893.000000, 3238176, 4198432, 57312
malloc, 512, 14731.000000, 3238688, 4198432, 57344
malloc, 1024, 14690.000000, 3239712, 4198432, 57376
malloc, 2048, 15666.000000, 3241760, 4198432, 57408
malloc, 4096, 17528.000000, 3245856, 4198432, 57440
malloc, 8192, 16655.000000, 3254048, 4198432, 57472
malloc, 32, 15670.000000, 3254080, 4198432, 57504
malloc, 64, 15169.000000, 3254144, 4198432, 57536
malloc, 128, 14986.000000, 3254272, 4198432, 57568
malloc, 256, 14914.000000, 3254528, 4198432, 57600
malloc, 512, 14815.000000, 3255040, 4198432, 57632
malloc, 1024, 14755.000000, 3256064, 4198432, 57664
malloc, 2048, 15808.000000, 3258112, 4198432, 57696
malloc, 4096, 16530.000000, 3262208, 4198432, 57728
malloc, 8192, 16858.000000, 3270400, 4198432, 57760
malloc, 32, 15759.000000, 3270432, 4198432, 57792
malloc, 64, 15266.000000, 3270496, 4198432, 57824
malloc, 128, 15123.000000, 3270624, 4198432, 57856
malloc, 256, 15036.000000, 3270880, 4198432, 57888
malloc, 512, 14979.000000, 3271392, 4198432, 57920
malloc, 1024, 14912.000000, 3272416, 4198432, 57952
malloc, 2048, 15934.000000, 3274464, 4198432, 57984
malloc, 4096, 16520.000000, 3278560, 4198432, 58016
malloc, 8192, 16689.000000, 3286752, 4198432, 58048
malloc, 32, 15842.000000, 3286784, 4198432, 58080
malloc, 64, 17543.000000, 3286848, 4198432, 58112
malloc, 128, 16187.000000, 3286976, 4198432, 58144
malloc, 256, 18537.000000, 3287232, 4198432, 58176
malloc, 512, 16595.000000, 3287744, 4198432, 58208
malloc, 1024, 15729.000000, 3288768, 4198432, 58240
malloc, 2048, 16579.000000, 3290816, 4198432, 58272
malloc, 4096, 16949.000000, 3294912, 4198432, 58304
malloc, 8192, 16915.000000, 3303104, 4198432, 58336
malloc, 32, 15928.000000, 3303136, 4198432, 58368
malloc, 64, 15427.000000, 3303200, 4198432, 58400
malloc, 128, 15265.000000, 3303328, 4198432, 58432
malloc, 256, 15141.000000, 3303584, 4198432, 58464
malloc, 512, 15165.000000, 3304096, 4198432, 58496
malloc, 1024, 15096.000000, 3305120, 4198432, 58528
malloc, 2048, 16171.000000, 3307168, 4198432, 58560
malloc, 4096, 16856.000000, 3311264, 4198432, 58592
malloc, 8192, 17915.000000, 3319456, 4198432, 58624
malloc, 32, 16234.000000, 3319488, 4198432, 58656
malloc, 64, 15595.000000, 3319552, 4198432, 58688
malloc, 128, 15422.000000, 3319680, 4198432, 58720
malloc, 256, 15335.000000, 3319936, 4198432, 58752
malloc, 512, 15179.000000, 3320448, 4198432, 58784
malloc, 1024, 15063.000000, 3321472, 4198432, 58816
malloc, 2048, 16301.000000, 3323520, 4198432, 58848
malloc, 4096, 16985.000000, 3327616, 4198432, 58880
malloc, 8192, 17046.000000, 3335808, 4198432, 58912
malloc, 32, 16156.000000, 3335840, 4198432, 58944
malloc, 64, 15764.000000, 3335904, 4198432, 58976
malloc, 128, 15500.000000, 3336032, 4198432, 59008
malloc, 256, 15368.000000, 3336288, 4198432, 59040
malloc, 512, 15316.000000, 3336800, 4198432, 59072
malloc, 1024, 15247.000000, 3337824, 4198432, 59104
malloc, 2048, 16348.000000, 3339872, 4198432, 59136
malloc, 4096, 17022.000000, 3343968, 4198432, 59168
malloc, 8192, 17243.000000, 3352160, 4198432, 59200
malloc, 32, 16347.000000, 3352192, 4198432, 59232
malloc, 64, 15786.000000, 3352256, 4198432, 59264
malloc, 128, 15585.000000, 3352384, 4198432, 59296
malloc, 256, 15476.000000, 3352640, 4198432, 59328
malloc, 512, 15486.000000, 3353152, 4198432, 59360
malloc, 1024, 16530.000000, 3354176, 4198432, 59392
malloc, 2048, 16218.000000, 3356224, 4198432, 59424
malloc, 4096, 17027.000000, 3360320, 4198432, 59456
malloc, 8192, 17221.000000, 3368512, 4198432, 59488
malloc, 32, 16408.000000, 3368544, 4198432, 59520
malloc, 64, 15944.000000, 3368608, 4198432, 59552
malloc, 128, 15727.000000, 3368736, 4198432, 59584
malloc, 256, 15649.000000, 3368992, 4198432, 59616
malloc, 512, 15573.000000, 3369504, 4198432, 59648
malloc, 1024, 16535.000000, 3370528, 4198432, 59680
malloc, 2048, 16294.000000, 3372576, 4198432, 59712
malloc, 4096, 16971.000000, 3376672, 4198432, 59744
malloc, 8192, 17379.000000, 3384864, 4198432, 59776
malloc, 32, 16430.000000, 3384896, 4198432, 59808
malloc, 64, 16052.000000, 3384960, 4198432, 59840
malloc, 128, 15796.000000, 3385088, 4198432, 59872
malloc, 256, 15650.000000, 3385344, 4198432, 59904
malloc, 512, 15569.000000, 3385856, 4198432, 59936
malloc, 1024, 16596.000000, 3386880, 4198432, 59968
malloc, 2048, 16377.000000, 3388928, 4198432, 60000
malloc, 4096, 17201.000000, 3393024, 4198432, 60032
malloc, 8192, 18602.000000, 3401216, 4198432, 60064
malloc, 32, 19852.000000, 3401248, 4198432, 60096
malloc, 64, 18181.000000, 3401312, 4198432, 60128
malloc, 128, 16936.000000, 3401440, 4198432, 60160
malloc, 256, 16324.000000, 3401696, 4198432, 60192
malloc, 512, 16012.000000, 3402208, 4198432, 60224
malloc, 1024, 17234.000000, 3403232, 4198432, 60256
malloc, 2048, 16699.000000, 3405280, 4198432, 60288
malloc, 4096, 17424.000000, 3409376, 4198432, 60320
malloc, 8192, 17712.000000, 3417568, 4198432, 60352
malloc, 32, 16732.000000, 3417600, 4198432, 60384
malloc, 64, 16469.000000, 3417664, 4198432, 60416
malloc, 128, 16024.000000, 3417792, 4198432, 60448
malloc, 256, 16040.000000, 3418048, 4198432, 60480
malloc, 512, 16132.000000, 3418560, 4198432, 60512
malloc, 1024, 17061.000000, 3419584, 4198432, 60544
malloc, 2048, 16658.000000, 3421632, 4198432, 60576
malloc, 4096, 17472.000000, 3425728, 4198432, 60608
malloc, 8192, 17835.000000, 3433920, 4198432, 60640
malloc, 32, 16963.000000, 3433952, 4198432, 60672
malloc, 64, 16461.000000, 3434016, 4198432, 60704
malloc, 128, 16246.000000, 3434144, 4198432, 60736
malloc, 256, 16137.000000, 3434400, 4198432, 60768
malloc, 512, 17280.000000, 3434912, 4198432, 60800
malloc, 1024, 16872.000000, 3435936, 4198432, 60832
malloc, 2048, 16535.000000, 3437984, 4198432, 60864
malloc, 4096, 17337.000000, 3442080, 4198432, 60896
malloc, 8192, 17714.000000, 3450272, 4198432, 60928
malloc, 32, 17033.000000, 3450304, 4198432, 60960
malloc, 64, 16619.000000, 3450368, 4198432, 60992
malloc, 128, 16295.000000, 3450496, 4198432, 61024
malloc, 256, 16239.000000, 3450752, 4198432, 61056
malloc, 512, 17389.000000, 3451264, 4198432, 61088
malloc, 1024, 16780.000000, 3452288, 4198432, 61120
malloc, 2048, 16505.000000, 3454336, 4198432, 61152
malloc, 4096, 17551.000000, 3458432, 4198432, 61184
malloc, 8192, 17858.000000, 3466624, 4198432, 61216
malloc, 32, 17078.000000, 3466656, 4198432, 61248
malloc, 64, 16699.000000, 3466720, 4198432, 61280
malloc, 128, 16424.000000, 3466848, 4198432, 61312
malloc, 256, 17474.000000, 3467104, 4198432, 61344
malloc, 512, 16973.000000, 3467616, 4198432, 61376
malloc, 1024, 16614.000000, 3468640, 4198432, 61408
malloc, 2048, 16529.000000, 3470688, 4198432, 61440
malloc, 4096, 17578.000000, 3474784, 4198432, 61472
malloc, 8192, 18812.000000, 3482976, 4198432, 61504
malloc, 32, 17466.000000, 3483008, 4198432, 61536
malloc, 64, 17885.000000, 3483072, 4198432, 61568
malloc, 128, 17450.000000, 3483200, 4198432, 61600
malloc, 256, 16748.000000, 3483456, 4198432, 61632
malloc, 512, 16694.000000, 3483968, 4198432, 61664
malloc, 1024, 16537.000000, 3484992, 4198432, 61696
malloc, 2048, 17350.000000, 3487040, 4198432, 61728
malloc, 4096, 18084.000000, 3491136, 4198432, 61760
malloc, 8192, 18144.000000, 3499328, 4198432, 61792
malloc, 32, 17306.000000, 3499360, 4198432, 61824
malloc, 64, 16862.000000, 3499424, 4198432, 61856
malloc, 128, 16683.000000, 3499552, 4198432, 61888
malloc, 256, 19835.000000, 3499808, 4198432, 61920
malloc, 512, 17649.000000, 3500320, 4198432, 61952
malloc, 1024, 16953.000000, 3501344, 4198432, 61984
malloc, 2048, 17922.000000, 3503392, 4198432, 62016
malloc, 4096, 18393.000000, 3507488, 4198432, 62048
malloc, 8192, 18313.000000, 3515680, 4198432, 62080
malloc, 32, 17349.000000, 3515712, 4198432, 62112
malloc, 64, 16972.000000, 3515776, 4198432, 62144
malloc, 128, 16746.000000, 3515904, 4198432, 62176
malloc, 256, 16856.000000, 3516160, 4198432, 62208
malloc, 512, 16715.000000, 3516672, 4198432, 62240
malloc, 1024, 16763.000000, 3517696, 4198432, 62272
malloc, 2048, 17740.000000, 3519744, 4198432, 62304
malloc, 4096, 18336.000000, 3523840, 4198432, 62336
malloc, 8192, 18313.000000, 3532032, 4198432, 62368
malloc, 32, 17444.000000, 3532064, 4198432, 62400
malloc, 64, 17061.000000, 3532128, 4198432, 62432
malloc, 128, 16918.000000, 3532256, 4198432, 62464
malloc, 256, 16887.000000, 3532512, 4198432, 62496
malloc, 512, 16825.000000, 3533024, 4198432, 62528
malloc, 1024, 16821.000000, 3534048, 4198432, 62560
malloc, 2048, 17847.000000, 3536096, 4198432, 62592
malloc, 4096, 18476.000000, 3540192, 4198432, 62624
malloc, 8192, 18524.000000, 3548384, 4198432, 62656
malloc, 32, 17492.000000, 3548416, 4198432, 62688
malloc, 64, 17184.000000, 3548480, 4198432, 62720
malloc, 128, 17106.000000, 3548608, 4198432, 62752
malloc, 256, 17077.000000, 3548864, 4198432, 62784
malloc, 512, 16860.000000, 3549376, 4198432, 62816
malloc, 1024, 16922.000000, 3550400, 4198432, 62848
malloc, 2048, 17916.000000, 3552448, 4198432, 62880
malloc, 4096, 19504.000000, 3556544, 4198432, 62912
malloc, 8192, 18699.000000, 3564736, 4198432, 62944
malloc, 32, 17816.000000, 3564768, 4198432, 62976
malloc, 64, 17373.000000, 3564832, 4198432, 63008
malloc, 128, 17140.000000, 3564960, 4198432, 63040
malloc, 256, 17170.000000, 3565216, 4198432, 63072
malloc, 512, 17054.000000, 3565728, 4198432, 63104
malloc, 1024, 17011.000000, 3566752, 4198432, 63136
malloc, 2048, 18231.000000, 3568800, 4198432, 63168
malloc, 4096, 18770.000000, 3572896, 4198432, 63200
malloc, 8192, 20178.000000, 3581088, 4198432, 63232
malloc, 32, 18574.000000, 3581120, 4198432, 63264
malloc, 64, 17720.000000, 3581184, 4198432, 63296
malloc, 128, 17527.000000, 3581312, 4198432, 63328
malloc, 256, 17288.000000, 3581568, 4198432, 63360
malloc, 512, 17231.000000, 3582080, 4198432, 63392
malloc, 1024, 17041.000000, 3583104, 4198432, 63424
malloc, 2048, 18054.000000, 3585152, 4198432, 63456
malloc, 4096, 18818.000000, 3589248, 4198432, 63488
malloc, 8192, 18973.000000, 3597440, 4198432, 63520
malloc, 32, 17975.000000, 3597472, 4198432, 63552
malloc, 64, 17660.000000, 3597536, 4198432, 63584
malloc, 128, 17406.000000, 3597664, 4198432, 63616
malloc, 256, 20015.000000, 3597920, 4198432, 63648
malloc, 512, 18845.000000, 3598432, 4198432, 63680
malloc, 1024, 17875.000000, 3599456, 4198432, 63712
malloc, 2048, 18689.000000, 3601504, 4198432, 63744
malloc, 4096, 19165.000000, 3605600, 4198432, 63776
malloc, 8192, 19110.000000, 3613792, 4198432, 63808
malloc, 32, 18171.000000, 3613824, 4198432, 63840
malloc, 64, 17752.000000, 3613888, 4198432, 63872
malloc, 128, 17516.000000, 3614016, 4198432, 63904
malloc, 256, 17378.000000, 3614272, 4198432, 63936
malloc, 512, 17384.000000, 3614784, 4198432, 63968
malloc, 1024, 18258.000000, 3615808, 4198432, 64000
malloc, 2048, 17977.000000, 3617856, 4198432, 64032
malloc, 4096, 18791.000000, 3621952, 4198432, 64064
malloc, 8192, 20181.000000, 3630144, 4198432, 64096
malloc, 32, 18412.000000, 3630176, 4198432, 64128
malloc, 64, 18048.000000, 3630240, 4198432, 64160
free, 32, 58.000000, 3630208, 4198432, 64160
free, 256, 52.000000, 3629952, 4198432, 64160
free, 2048, 49.000000, 3627904, 4198432, 64160
free, 32, 43.000000, 3627872, 4198432, 64160
free, 256, 24.000000, 3627616, 4198432, 64160
free, 2048, 37.000000, 3625568, 4198432, 64160
free, 32, 31.000000, 3625536, 4198432, 64160
free, 256, 20.000000, 3625280, 4198432, 64160
free, 2048, 30.000000, 3623232, 4198432, 64160
free, 32, 39.000000, 3623200, 4198432, 64160
free, 256, 32.000000, 3622944, 4198432, 64160
free, 2048, 35.000000, 3620896, 4198432, 64160
free, 32, 35.000000, 3620864, 4198432, 64160
free, 256, 27.000000, 3620608, 4198432, 64160
free, 2048, 38.000000, 3618560, 4198432, 64160
free, 32, 37.000000, 3618528, 4198432, 64160
free, 256, 27.000000, 3618272, 4198432, 64160
free, 2048, 35.000000, 3616224, 4198432, 64160
free, 32, 36.000000, 3616192, 4198432, 64160
free, 256, 29.000000, 3615936, 4198432, 64160
free, 2048, 37.000000, 3613888, 4198432, 64160
free, 32, 33.000000, 3613856, 4198432, 64160
free, 256, 34.000000, 3613600, 4198432, 64160
free, 2048, 34.000000, 3611552, 4198432, 64160
free, 32, 36.000000, 3611520, 4198432, 64160
free, 256, 22.000000, 3611264, 4198432, 64160
free, 2048, 35.000000, 3609216, 4198432, 64160
free, 32, 37.000000, 3609184, 4198432, 64160
free, 256, 19.000000, 3608928, 4198432, 64160
free, 2048, 36.000000, 3606880, 4198432, 64160
free, 32, 37.000000, 3606848, 4198432, 64160
free, 256, 18.000000, 3606592, 4198432, 64160
free, 2048, 37.000000, 3604544, 4198432, 64160
free, 32, 23.000000, 3604512, 4198432, 64160
free, 256, 20.000000, 3604256, 4198432, 64160
free, 2048, 34.000000, 3602208, 4198432, 64160
free, 32, 40.000000, 3602176, 4198432, 64160
free, 256, 25.000000, 3601920, 4198432, 64160
free, 2048, 37.000000, 3599872, 4198432, 64160
free, 32, 37.000000, 3599840, 4198432, 64160
free, 256, 27.000000, 3599584, 4198432, 64160
free, 2048, 41.000000, 3597536, 4198432, 64160
free, 32, 40.000000, 3597504, 4198432, 64160
free, 256, 20.000000, 3597248, 4198432, 64160
free, 2048, 34.000000, 3595200, 4198432, 64160
free, 32, 36.000000, 3595168, 4198432, 64160
free, 256, 31.000000, 3594912, 4198432, 64160
free, 2048, 41.000000, 3592864, 4198432, 64160
free, 32, 39.000000, 3592832, 4198432, 64160
free, 256, 34.000000, 3592576, 4198432, 64160
free, 2048, 37.000000, 3590528, 4198432, 64160
free, 32, 33.000000, 3590496, 4198432, 64160
free, 256, 30.000000, 3590240, 4198432, 64160
free, 2048, 37.000000, 3588192, 4198432, 64160
free, 32, 41.000000, 3588160, 4198432, 64160
free, 256, 20.000000, 3587904, 4198432, 64160
free, 2048, 35.000000, 3585856, 4198432, 64160
free, 32, 31.000000, 3585824, 4198432, 64160
free, 256, 22.000000, 3585568, 4198432, 64160
free, 2048, 40.000000, 3583520, 4198432, 64160
free, 32, 32.000000, 3583488, 4198432, 64160
free, 256, 37.000000, 3583232, 4198432, 64160
free, 2048, 37.000000, 3581184, 4198432, 64160
free, 32, 42.000000, 3581152, 4198432, 64160
free, 256, 37.000000, 3580896, 4198432, 64160
free, 2048, 39.000000, 3578848, 4198432, 64160
free, 32, 41.000000, 3578816, 4198432, 64160
free, 256, 37.000000, 3578560, 4198432, 64160
free, 2048, 34.000000, 3576512, 4198432, 64160
free, 32, 39.000000, 3576480, 4198432, 64160
free, 256, 28.000000, 3576224, 4198432, 64160
free, 2048, 34.000000, 3574176, 4198432, 64160
free, 32, 35.000000, 3574144, 4198432, 64160
free, 256, 29.000000, 3573888, 4198432, 64160
free, 2048, 36.000000, 3571840, 4198432, 64160
free, 32, 30.000000, 3571808, 4198432, 64160
free, 256, 26.000000, 3571552, 4198432, 64160
free, 2048, 37.000000, 3569504, 4198432, 64160
free, 32, 30.000000, 3569472, 4198432, 64160
free, 256, 30.000000, 3569216, 4198432, 64160
free, 2048, 37.000000, 3567168, 4198432, 64160
free, 32, 38.000000, 3567136, 4198432, 64160
free, 256, 32.000000, 3566880, 4198432, 64160
free, 2048, 35.000000, 3564832, 4198432, 64160
free, 32, 36.000000, 3564800, 4198432, 64160
free, 256, 29.000000, 3564544, 4198432, 64160
free, 2048, 34.000000, 3562496, 4198432, 64160
free, 32, 37.000000, 3562464, 4198432, 64160
free, 256, 20.000000, 3562208, 4198432, 64160
free, 2048, 32.000000, 3560160, 4198432, 64160
free, 32, 31.000000, 3560128, 4198432, 64160
free, 256, 36.000000, 3559872, 4198432, 64160
free, 2048, 36.000000, 3557824, 4198432, 64160
free, 32, 42.000000, 3557792, 4198432, 64160
free, 256, 35.000000, 3557536, 4198432, 64160
free, 2048, 34.000000, 3555488, 4198432, 64160
free, 32, 23.000000, 3555456, 4198432, 64160
free, 256, 31.000000, 3555200, 4198432, 64160
free, 2048, 31.000000, 3553152, 4198432, 64160
free, 32, 35.000000, 3553120, 4198432, 64160
free, 256, 25.000000, 3552864, 4198432, 64160
free, 2048, 30.000000, 3550816, 4198432, 64160
free, 32, 30.000000, 3550784, 4198432, 64160
free, 256, 33.000000, 3550528, 4198432, 64160
free, 2048, 27.000000, 3548480, 4198432, 64160
free, 32, 30.000000, 3548448, 4198432, 64160
free, 256, 36.000000, 3548192, 4198432, 64160
free, 2048, 37.000000, 3546144, 4198432, 64160
free, 32, 42.000000, 3546112, 4198432, 64160
free, 256, 31.000000, 3545856, 4198432, 64160
free, 2048, 36.000000, 3543808, 4198432, 64160
free, 32, 38.000000, 3543776, 4198432, 64160
free, 256, 31.000000, 3543520, 4198432, 64160
free, 2048, 34.000000, 3541472, 4198432, 64160
free, 32, 39.000000, 3541440, 4198432, 64160
free, 256, 34.000000, 3541184, 4198432, 64160
free, 2048, 37.000000, 3539136, 4198432, 64160
free, 32, 39.000000, 3539104, 4198432, 64160
free, 256, 41.000000, 3538848, 4198432, 64160
free, 2048, 36.000000, 3536800, 4198432, 64160
free, 32, 40.000000, 3536768, 4198432, 64160
free, 256, 35.000000, 3536512, 4198432, 64160
free, 2048, 40.000000, 3534464, 4198432, 64160
free, 32, 32.000000, 3534432, 4198432, 64160
free, 256, 28.000000, 3534176, 4198432, 64160
free, 2048, 27.000000, 3532128, 4198432, 64160
free, 32, 32.000000, 3532096, 4198432, 64160
free, 256, 19.000000, 3531840, 4198432, 64160
free, 2048, 37.000000, 3529792, 4198432, 64160
free, 32, 41.000000, 3529760, 4198432, 64160
free, 256, 28.000000, 3529504, 4198432, 64160
free, 2048, 31.000000, 3527456, 4198432, 64160
free, 32, 34.000000, 3527424, 4198432, 64160
free, 256, 37.000000, 3527168, 4198432, 64160
free, 2048, 35.000000, 3525120, 4198432, 64160
free, 32, 30.000000, 3525088, 4198432, 64160
free, 256, 27.000000, 3524832, 4198432, 64160
free, 2048, 35.000000, 3522784, 4198432, 64160
free, 32, 38.000000, 3522752, 4198432, 64160
free, 256, 24.000000, 3522496, 4198432, 64160
free, 2048, 23.000000, 3520448, 4198432, 64160
free, 32, 39.000000, 3520416, 4198432, 64160
free, 256, 28.000000, 3520160, 4198432, 64160
free, 2048, 32.000000, 3518112, 4198432, 64160
free, 32, 30.000000, 3518080, 4198432, 64160
free, 256, 26.000000, 3517824, 4198432, 64160
free, 2048, 33.000000, 3515776, 4198432, 64160
free, 32, 38.000000, 3515744, 4198432, 64160
free, 256, 29.000000, 3515488, 4198432, 64160
free, 2048, 40.000000, 3513440, 4198432, 64160
free, 32, 42.000000, 3513408, 4198432, 64160
free, 256, 35.000000, 3513152, 4198432, 64160
free, 2048, 27.000000, 3511104, 4198432, 64160
free, 32, 37.000000, 3511072, 4198432, 64160
free, 256, 33.000000, 3510816, 4198432, 64160
free, 2048, 37.000000, 3508768, 4198432, 64160
free, 32, 38.000000, 3508736, 4198432, 64160
free, 256, 35.000000, 3508480, 4198432, 64160
free, 2048, 37.000000, 3506432, 4198432, 64160
free, 32, 38.000000, 3506400, 4198432, 64160
free, 256, 34.000000, 3506144, 4198432, 64160
free, 2048, 36.000000, 3504096, 4198432, 64160
free, 32, 42.000000, 3504064, 4198432, 64160
free, 256, 37.000000, 3503808, 4198432, 64160
free, 2048, 37.000000, 3501760, 4198432, 64160
free, 32, 39.000000, 3501728, 4198432, 64160
free, 256, 36.000000, 3501472, 4198432, 64160
free, 2048, 36.000000, 3499424, 4198432, 64160
free, 32, 37.000000, 3499392, 4198432, 64160
free, 256, 35.000000, 3499136, 4198432, 64160
free, 2048, 36.000000, 3497088, 4198432, 64160
free, 32, 41.000000, 3497056, 4198432, 64160
free, 256, 36.000000, 3496800, 4198432, 64160
free, 2048, 33.000000, 3494752, 4198432, 64160
free, 32, 38.000000, 3494720, 4198432, 64160
free, 256, 32.000000, 3494464, 4198432, 64160
free, 2048, 32.000000, 3492416, 4198432, 64160
free, 32, 31.000000, 3492384, 4198432, 64160
free, 256, 34.000000, 3492128, 4198432, 64160
free, 2048, 36.000000, 3490080, 4198432, 64160
free, 32, 40.000000, 3490048, 4198432, 64160
free, 256, 24.000000, 3489792, 4198432, 64160
free, 2048, 37.000000, 3487744, 4198432, 64160
free, 32, 30.000000, 3487712, 4198432, 64160
free, 256, 34.000000, 3487456, 4198432, 64160
free, 2048, 37.000000, 3485408, 4198432, 64160
free, 32, 39.000000, 3485376, 4198432, 64160
free, 256, 32.000000, 3485120, 4198432, 64160
free, 2048, 42.000000, 3483072, 4198432, 64160
free, 32, 41.000000, 3483040, 4198432, 64160
free, 256, 33.000000, 3482784, 4198432, 64160
free, 2048, 49.000000, 3480736, 4198432, 64160
free, 32, 37.000000, 3480704, 4198432, 64160
free, 256, 31.000000, 3480448, 4198432, 64160
free, 2048, 37.000000, 3478400, 4198432, 64160
free, 32, 34.000000, 3478368, 4198432, 64160
free, 256, 27.000000, 3478112, 4198432, 64160
free, 2048, 38.000000, 3476064, 4198432, 64160
free, 32, 32.000000, 3476032, 4198432, 64160
free, 256, 37.000000, 3475776, 4198432, 64160
free, 2048, 38.000000, 3473728, 4198432, 64160
free, 32, 38.000000, 3473696, 4198432, 64160
free, 256, 20.000000, 3473440, 4198432, 64160
free, 2048, 36.000000, 3471392, 4198432, 64160
free, 32, 33.000000, 3471360, 4198432, 64160
free, 256, 24.000000, 3471104, 4198432, 64160
free, 2048, 35.000000, 3469056, 4198432, 64160
free, 32, 38.000000, 3469024, 4198432, 64160
free, 256, 18.000000, 3468768, 4198432, 64160
free, 2048, 39.000000, 3466720, 4198432, 64160
free, 32, 35.000000, 3466688, 4198432, 64160
free, 256, 35.000000, 3466432, 4198432, 64160
free, 2048, 41.000000, 3464384, 4198432, 64160
free, 32, 31.000000, 3464352, 4198432, 64160
free, 256, 41.000000, 3464096, 4198432, 64160
free, 2048, 33.000000, 3462048, 4198432, 64160
free, 32, 31.000000, 3462016, 4198432, 64160
free, 256, 32.000000, 3461760, 4198432, 64160
free, 2048, 36.000000, 3459712, 4198432, 64160
free, 32, 37.000000, 3459680, 4198432, 64160
free, 256, 32.000000, 3459424, 4198432, 64160
free, 2048, 37.000000, 3457376, 4198432, 64160
free, 32, 42.000000, 3457344, 4198432, 64160
free, 256, 36.000000, 3457088, 4198432, 64160
free, 2048, 33.000000, 3455040, 4198432, 64160
free, 32, 34.000000, 3455008, 4198432, 64160
free, 256, 21.000000, 3454752, 4198432, 64160
free, 2048, 34.000000, 3452704, 4198432, 64160
free, 32, 32.000000, 3452672, 4198432, 64160
free, 256, 29.000000, 3452416, 4198432, 64160
free, 2048, 34.000000, 3450368, 4198432, 64160
free, 32, 42.000000, 3450336, 4198432, 64160
free, 256, 34.000000, 3450080, 4198432, 64160
free, 2048, 35.000000, 3448032, 4198432, 64160
free, 32, 30.000000, 3448000, 4198432, 64160
free, 256, 38.000000, 3447744, 4198432, 64160
free, 2048, 35.000000, 3445696, 4198432, 64160
free, 32, 32.000000, 3445664, 4198432, 64160
free, 256, 38.000000, 3445408, 4198432, 64160
free, 2048, 36.000000, 3443360, 4198432, 64160
free, 32, 37.000000, 3443328, 4198432, 64160
free, 256, 26.000000, 3443072, 4198432, 64160
free, 2048, 38.000000, 3441024, 4198432, 64160
free, 32, 37.000000, 3440992, 4198432, 64160
free, 256, 37.000000, 3440736, 4198432, 64160
free, 2048, 35.000000, 3438688, 4198432, 64160
free, 32, 39.000000, 3438656, 4198432, 64160
free, 256, 29.000000, 3438400, 4198432, 64160
free, 2048, 38.000000, 3436352, 4198432, 64160
free, 32, 38.000000, 3436320, 4198432, 64160
free, 256, 21.000000, 3436064, 4198432, 64160
free, 2048, 34.000000, 3434016, 4198432, 64160
free, 32, 43.000000, 3433984, 4198432, 64160
free, 256, 27.000000, 3433728, 4198432, 64160
free, 2048, 37.000000, 3431680, 4198432, 64160
free, 32, 39.000000, 3431648, 4198432, 64160
free, 256, 29.000000, 3431392, 4198432, 64160
free, 2048, 35.000000, 3429344, 4198432, 64160
free, 32, 37.000000, 3429312, 4198432, 64160
free, 256, 35.000000, 3429056, 4198432, 64160
free, 2048, 35.000000, 3427008, 4198432, 64160
free, 32, 38.000000, 3426976, 4198432, 64160
free, 256, 35.000000, 3426720, 4198432, 64160
free, 2048, 43.000000, 3424672, 4198432, 64160
free, 32, 31.000000, 3424640, 4198432, 64160
free, 256, 26.000000, 3424384, 4198432, 64160
free, 2048, 39.000000, 3422336, 4198432, 64160
free, 32, 37.000000, 3422304, 4198432, 64160
free, 256, 26.000000, 3422048, 4198432, 64160
free, 2048, 43.000000, 3420000, 4198432, 64160
free, 32, 37.000000, 3419968, 4198432, 64160
free, 256, 27.000000, 3419712, 4198432, 64160
free, 2048, 38.000000, 3417664, 4198432, 64160
free, 32, 38.000000, 3417632, 4198432, 64160
free, 256, 27.000000, 3417376, 4198432, 64160
free, 2048, 35.000000, 3415328, 4198432, 64160
free, 32, 38.000000, 3415296, 4198432, 64160
free, 256, 25.000000, 3415040, 4198432, 64160
free, 2048, 35.000000, 3412992, 4198432, 64160
free, 32, 41.000000, 3412960, 4198432, 64160
free, 256, 34.000000, 3412704, 4198432, 64160
free, 2048, 35.000000, 3410656, 4198432, 64160
free, 32, 39.000000, 3410624, 4198432, 64160
free, 256, 31.000000, 3410368, 4198432, 64160
free, 2048, 35.000000, 3408320, 4198432, 64160
free, 32, 35.000000, 3408288, 4198432, 64160
free, 256, 20.000000, 3408032, 4198432, 64160
free, 2048, 31.000000, 3405984, 4198432, 64160
free, 32, 43.000000, 3405952, 4198432, 64160
free, 256, 35.000000, 3405696, 4198432, 64160
free, 2048, 33.000000, 3403648, 4198432, 64160
free, 32, 38.000000, 3403616, 4198432, 64160
free, 256, 38.000000, 3403360, 4198432, 64160
free, 2048, 36.000000, 3401312, 4198432, 64160
free, 32, 39.000000, 3401280, 4198432, 64160
free, 256, 33.000000, 3401024, 4198432, 64160
free, 2048, 34.000000, 3398976, 4198432, 64160
free, 32, 39.000000, 3398944, 4198432, 64160
free, 256, 25.000000, 3398688, 4198432, 64160
free, 2048, 36.000000, 3396640, 4198432, 64160
free, 32, 36.000000, 3396608, 4198432, 64160
free, 256, 26.000000, 3396352, 4198432, 64160
free, 2048, 37.000000, 3394304, 4198432, 64160
free, 32, 33.000000, 3394272, 4198432, 64160
free, 256, 25.000000, 3394016, 4198432, 64160
free, 2048, 38.000000, 3391968, 4198432, 64160
free, 32, 38.000000, 3391936, 4198432, 64160
free, 256, 26.000000, 3391680, 4198432, 64160
free, 2048, 36.000000, 3389632, 4198432, 64160
free, 32, 42.000000, 3389600, 4198432, 64160
free, 256, 38.000000, 3389344, 4198432, 64160
free, 2048, 34.000000, 3387296, 4198432, 64160
free, 32, 30.000000, 3387264, 4198432, 64160
free, 256, 31.000000, 3387008, 4198432, 64160
free, 2048, 36.000000, 3384960, 4198432, 64160
free, 32, 37.000000, 3384928, 4198432, 64160
free, 256, 31.000000, 3384672, 4198432, 64160
free, 2048, 37.000000, 3382624, 4198432, 64160
free, 32, 42.000000, 3382592, 4198432, 64160
free, 256, 34.000000, 3382336, 4198432, 64160
free, 2048, 33.000000, 3380288, 4198432, 64160
free, 32, 40.000000, 3380256, 4198432, 64160
free, 256, 34.000000, 3380000, 4198432, 64160
free, 2048, 37.000000, 3377952, 4198432, 64160
free, 32, 36.000000, 3377920, 4198432, 64160
free, 256, 26.000000, 3377664, 4198432, 64160
free, 2048, 40.000000, 3375616, 4198432, 64160
free, 32, 41.000000, 3375584, 4198432, 64160
free, 256, 34.000000, 3375328, 4198432, 64160
free, 2048, 37.000000, 3373280, 4198432, 64160
free, 32, 38.000000, 3373248, 4198432, 64160
free, 256, 20.000000, 3372992, 4198432, 64160
free, 2048, 39.000000, 3370944, 4198432, 64160
free, 32, 35.000000, 3370912, 4198432, 64160
free, 256, 31.000000, 3370656, 4198432, 64160
free, 2048, 36.000000, 3368608, 4198432, 64160
free, 32, 39.000000, 3368576, 4198432, 64160
free, 256, 38.000000, 3368320, 4198432, 64160
free, 2048, 34.000000, 3366272, 4198432, 64160
free, 32, 42.000000, 3366240, 4198432, 64160
free, 256, 32.000000, 3365984, 4198432, 64160
free, 2048, 36.000000, 3363936, 4198432, 64160
free, 32, 39.000000, 3363904, 4198432, 64160
free, 256, 25.000000, 3363648, 4198432, 64160
free, 2048, 28.000000, 3361600, 4198432, 64160
free, 32, 38.000000, 3361568, 4198432, 64160
free, 256, 32.000000, 3361312, 4198432, 64160
free, 2048, 36.000000, 3359264, 4198432, 64160
free, 32, 37.000000, 3359232, 4198432, 64160
free, 256, 33.000000, 3358976, 4198432, 64160
free, 2048, 40.000000, 3356928, 4198432, 64160
free, 32, 41.000000, 3356896, 4198432, 64160
free, 256, 35.000000, 3356640, 4198432, 64160
free, 2048, 38.000000, 3354592, 4198432, 64160
free, 32, 38.000000, 3354560, 4198432, 64160
free, 256, 33.000000, 3354304, 4198432, 64160
free, 2048, 37.000000, 3352256, 4198432, 64160
free, 32, 38.000000, 3352224, 4198432, 64160
free, 256, 38.000000, 3351968, 4198432, 64160
free, 2048, 34.000000, 3349920, 4198432, 64160
free, 32, 36.000000, 3349888, 4198432, 64160
free, 256, 27.000000, 3349632, 4198432, 64160
free, 2048, 31.000000, 3347584, 4198432, 64160
free, 32, 36.000000, 3347552, 4198432, 64160
free, 256, 37.000000, 3347296, 4198432, 64160
free, 2048, 38.000000, 3345248, 4198432, 64160
free, 32, 40.000000, 3345216, 4198432, 64160
free, 256, 35.000000, 3344960, 4198432, 64160
free, 2048, 37.000000, 3342912, 4198432, 64160
free, 32, 41.000000, 3342880, 4198432, 64160
free, 256, 30.000000, 3342624, 4198432, 64160
free, 2048, 38.000000, 3340576, 4198432, 64160
free, 32, 35.000000, 3340544, 4198432, 64160
free, 256, 31.000000, 3340288, 4198432, 64160
free, 2048, 39.000000, 3338240, 4198432, 64160
free, 32, 39.000000, 3338208, 4198432, 64160
free, 256, 38.000000, 3337952, 4198432, 64160
free, 2048, 34.000000, 3335904, 4198432, 64160
free, 32, 41.000000, 3335872, 4198432, 64160
free, 256, 36.000000, 3335616, 4198432, 64160
free, 2048, 47.000000, 3333568, 4198432, 64160
free, 32, 38.000000, 3333536, 4198432, 64160
free, 256, 35.000000, 3333280, 4198432, 64160
free, 2048, 39.000000, 3331232, 4198432, 64160
free, 32, 36.000000, 3331200, 4198432, 64160
free, 256, 38.000000, 3330944, 4198432, 64160
free, 2048, 35.000000, 3328896, 4198432, 64160
free, 32, 44.000000, 3328864, 4198432, 64160
free, 256, 33.000000, 3328608, 4198432, 64160
free, 2048, 27.000000, 3326560, 4198432, 64160
free, 32, 43.000000, 3326528, 4198432, 64160
free, 256, 30.000000, 3326272, 4198432, 64160
free, 2048, 37.000000, 3324224, 4198432, 64160
free, 32, 40.000000, 3324192, 4198432, 64160
free, 256, 36.000000, 3323936, 4198432, 64160
free, 2048, 35.000000, 3321888, 4198432, 64160
free, 32, 44.000000, 3321856, 4198432, 64160
free, 256, 28.000000, 3321600, 4198432, 64160
free, 2048, 28.000000, 3319552, 4198432, 64160
free, 32, 38.000000, 3319520, 4198432, 64160
free, 256, 31.000000, 3319264, 4198432, 64160
free, 2048, 25.000000, 3317216, 4198432, 64160
free, 32, 37.000000, 3317184, 4198432, 64160
free, 256, 34.000000, 3316928, 4198432, 64160
free, 2048, 34.000000, 3314880, 4198432, 64160
free, 32, 35.000000, 3314848, 4198432, 64160
free, 256, 20.000000, 3314592, 4198432, 64160
free, 2048, 37.000000, 3312544, 4198432, 64160
free, 32, 36.000000, 3312512, 4198432, 64160
free, 256, 32.000000, 3312256, 4198432, 64160
free, 2048, 40.000000, 3310208, 4198432, 64160
free, 32, 40.000000, 3310176, 4198432, 64160
free, 256, 33.000000, 3309920, 4198432, 64160
free, 2048, 30.000000, 3307872, 4198432, 64160
free, 32, 31.000000, 3307840, 4198432, 64160
free, 256, 25.000000, 3307584, 4198432, 64160
free, 2048, 34.000000, 3305536, 4198432, 64160
free, 32, 39.000000, 3305504, 4198432, 64160
free, 256, 30.000000, 3305248, 4198432, 64160
free, 2048, 39.000000, 3303200, 4198432, 64160
free, 32, 33.000000, 3303168, 4198432, 64160
free, 256, 30.000000, 3302912, 4198432, 64160
free, 2048, 37.000000, 3300864, 4198432, 64160
free, 32, 35.000000, 3300832, 4198432, 64160
free, 256, 32.000000, 3300576, 4198432, 64160
free, 2048, 34.000000, 3298528, 4198432, 64160
free, 32, 36.000000, 3298496, 4198432, 64160
free, 256, 31.000000, 3298240, 4198432, 64160
free, 2048, 35.000000, 3296192, 4198432, 64160
free, 32, 38.000000, 3296160, 4198432, 64160
free, 256, 33.000000, 3295904, 4198432, 64160
free, 2048, 35.000000, 3293856, 4198432, 64160
free, 32, 37.000000, 3293824, 4198432, 64160
free, 256, 20.000000, 3293568, 4198432, 64160
free, 2048, 36.000000, 3291520, 4198432, 64160
free, 32, 37.000000, 3291488, 4198432, 64160
free, 256, 34.000000, 3291232, 4198432, 64160
free, 2048, 36.000000, 3289184, 4198432, 64160
free, 32, 40.000000, 3289152, 4198432, 64160
free, 256, 30.000000, 3288896, 4198432, 64160
free, 2048, 33.000000, 3286848, 4198432, 64160
free, 32, 35.000000, 3286816, 4198432, 64160
free, 256, 26.000000, 3286560, 4198432, 64160
free, 2048, 36.000000, 3284512, 4198432, 64160
free, 32, 44.000000, 3284480, 4198432, 64160
free, 256, 35.000000, 3284224, 4198432, 64160
free, 2048, 37.000000, 3282176, 4198432, 64160
free, 32, 38.000000, 3282144, 4198432, 64160
free, 256, 30.000000, 3281888, 4198432, 64160
free, 2048, 36.000000, 3279840, 4198432, 64160
free, 32, 35.000000, 3279808, 4198432, 64160
free, 256, 30.000000, 3279552, 4198432, 64160
free, 2048, 34.000000, 3277504, 4198432, 64160
free, 32, 38.000000, 3277472, 4198432, 64160
free, 256, 29.000000, 3277216, 4198432, 64160
free, 2048, 34.000000, 3275168, 4198432, 64160
free, 32, 37.000000, 3275136, 4198432, 64160
free, 256, 33.000000, 3274880, 4198432, 64160
free, 2048, 40.000000, 3272832, 4198432, 64160
free, 32, 30.000000, 3272800, 4198432, 64160
free, 256, 33.000000, 3272544, 4198432, 64160
free, 2048, 40.000000, 3270496, 4198432, 64160
free, 32, 36.000000, 3270464, 4198432, 64160
free, 256, 27.000000, 3270208, 4198432, 64160
free, 2048, 37.000000, 3268160, 4198432, 64160
free, 32, 29.000000, 3268128, 4198432, 64160
free, 256, 39.000000, 3267872, 4198432, 64160
free, 2048, 35.000000, 3265824, 4198432, 64160
free, 32, 37.000000, 3265792, 4198432, 64160
free, 256, 30.000000, 3265536, 4198432, 64160
free, 2048, 37.000000, 3263488, 4198432, 64160
free, 32, 44.000000, 3263456, 4198432, 64160
free, 256, 36.000000, 3263200, 4198432, 64160
free, 2048, 34.000000, 3261152, 4198432, 64160
free, 32, 36.000000, 3261120, 4198432, 64160
free, 256, 25.000000, 3260864, 4198432, 64160
free, 2048, 35.000000, 3258816, 4198432, 64160
free, 32, 40.000000, 3258784, 4198432, 64160
free, 256, 36.000000, 3258528, 4198432, 64160
free, 2048, 37.000000, 3256480, 4198432, 64160
free, 32, 40.000000, 3256448, 4198432, 64160
free, 256, 35.000000, 3256192, 4198432, 64160
free, 2048, 36.000000, 3254144, 4198432, 64160
free, 32, 37.000000, 3254112, 4198432, 64160
free, 256, 33.000000, 3253856, 4198432, 64160
free, 2048, 38.000000, 3251808, 4198432, 64160
free, 32, 39.000000, 3251776, 4198432, 64160
free, 256, 29.000000, 3251520, 4198432, 64160
free, 2048, 31.000000, 3249472, 4198432, 64160
free, 32, 41.000000, 3249440, 4198432, 64160
free, 256, 36.000000, 3249184, 4198432, 64160
free, 2048, 36.000000, 3247136, 4198432, 64160
free, 32, 42.000000, 3247104, 4198432, 64160
free, 256, 34.000000, 3246848, 4198432, 64160
free, 2048, 35.000000, 3244800, 4198432, 64160
free, 32, 33.000000, 3244768, 4198432, 64160
free, 256, 37.000000, 3244512, 4198432, 64160
free, 2048, 33.000000, 3242464, 4198432, 64160
free, 32, 39.000000, 3242432, 4198432, 64160
free, 256, 39.000000, 3242176, 4198432, 64160
free, 2048, 38.000000, 3240128, 4198432, 64160
free, 32, 39.000000, 3240096, 4198432, 64160
free, 256, 37.000000, 3239840, 4198432, 64160
free, 2048, 38.000000, 3237792, 4198432, 64160
free, 32, 34.000000, 3237760, 4198432, 64160
free, 256, 29.000000, 3237504, 4198432, 64160
free, 2048, 37.000000, 3235456, 4198432, 64160
free, 32, 45.000000, 3235424, 4198432, 64160
free, 256, 36.000000, 3235168, 4198432, 64160
free, 2048, 38.000000, 3233120, 4198432, 64160
free, 32, 39.000000, 3233088, 4198432, 64160
free, 256, 29.000000, 3232832, 4198432, 64160
free, 2048, 37.000000, 3230784, 4198432, 64160
free, 32, 37.000000, 3230752, 4198432, 64160
free, 256, 30.000000, 3230496, 4198432, 64160
free, 2048, 34.000000, 3228448, 4198432, 64160
free, 32, 38.000000, 3228416, 4198432, 64160
free, 256, 30.000000, 3228160, 4198432, 64160
free, 2048, 36.000000, 3226112, 4198432, 64160
free, 32, 40.000000, 3226080, 4198432, 64160
free, 256, 36.000000, 3225824, 4198432, 64160
free, 2048, 37.000000, 3223776, 4198432, 64160
free, 32, 42.000000, 3223744, 4198432, 64160
free, 256, 34.000000, 3223488, 4198432, 64160
free, 2048, 38.000000, 3221440, 4198432, 64160
free, 32, 38.000000, 3221408, 4198432, 64160
free, 256, 24.000000, 3221152, 4198432, 64160
free, 2048, 36.000000, 3219104, 4198432, 64160
free, 32, 39.000000, 3219072, 4198432, 64160
free, 256, 35.000000, 3218816, 4198432, 64160
free, 2048, 37.000000, 3216768, 4198432, 64160
free, 32, 34.000000, 3216736, 4198432, 64160
free, 256, 27.000000, 3216480, 4198432, 64160
free, 2048, 36.000000, 3214432, 4198432, 64160
free, 32, 35.000000, 3214400, 4198432, 64160
free, 256, 34.000000, 3214144, 4198432, 64160
free, 2048, 36.000000, 3212096, 4198432, 64160
free, 32, 43.000000, 3212064, 4198432, 64160
free, 256, 35.000000, 3211808, 4198432, 64160
free, 2048, 41.000000, 3209760, 4198432, 64160
free, 32, 35.000000, 3209728, 4198432, 64160
free, 256, 30.000000, 3209472, 4198432, 64160
free, 2048, 34.000000, 3207424, 4198432, 64160
free, 32, 41.000000, 3207392, 4198432, 64160
free, 256, 36.000000, 3207136, 4198432, 64160
free, 2048, 34.000000, 3205088, 4198432, 64160
free, 32, 38.000000, 3205056, 4198432, 64160
free, 256, 37.000000, 3204800, 4198432, 64160
free, 2048, 34.000000, 3202752, 4198432, 64160
free, 32, 34.000000, 3202720, 4198432, 64160
free, 256, 20.000000, 3202464, 4198432, 64160
free, 2048, 38.000000, 3200416, 4198432, 64160
free, 32, 40.000000, 3200384, 4198432, 64160
free, 256, 40.000000, 3200128, 4198432, 64160
free, 2048, 36.000000, 3198080, 4198432, 64160
free, 32, 30.000000, 3198048, 4198432, 64160
free, 256, 26.000000, 3197792, 4198432, 64160
free, 2048, 33.000000, 3195744, 4198432, 64160
free, 32, 36.000000, 3195712, 4198432, 64160
free, 256, 36.000000, 3195456, 4198432, 64160
free, 2048, 35.000000, 3193408, 4198432, 64160
free, 32, 37.000000, 3193376, 4198432, 64160
free, 256, 31.000000, 3193120, 4198432, 64160
free, 2048, 38.000000, 3191072, 4198432, 64160
free, 32, 39.000000, 3191040, 4198432, 64160
free, 256, 28.000000, 3190784, 4198432, 64160
free, 2048, 31.000000, 3188736, 4198432, 64160
free, 32, 38.000000, 3188704, 4198432, 64160
free, 256, 28.000000, 3188448, 4198432, 64160
free, 2048, 49.000000, 3186400, 4198432, 64160
free, 32, 37.000000, 3186368, 4198432, 64160
free, 256, 33.000000, 3186112, 4198432, 64160
free, 2048, 36.000000, 3184064, 4198432, 64160
free, 32, 42.000000, 3184032, 4198432, 64160
free, 256, 35.000000, 3183776, 4198432, 64160
free, 2048, 38.000000, 3181728, 4198432, 64160
free, 32, 36.000000, 3181696, 4198432, 64160
free, 256, 27.000000, 3181440, 4198432, 64160
free, 2048, 39.000000, 3179392, 4198432, 64160
free, 32, 39.000000, 3179360, 4198432, 64160
free, 256, 35.000000, 3179104, 4198432, 64160
free, 2048, 38.000000, 3177056, 4198432, 64160
free, 32, 37.000000, 3177024, 4198432, 64160
free, 256, 29.000000, 3176768, 4198432, 64160
free, 2048, 36.000000, 3174720, 4198432, 64160
free, 32, 38.000000, 3174688, 4198432, 64160
free, 256, 38.000000, 3174432, 4198432, 64160
free, 2048, 35.000000, 3172384, 4198432, 64160
free, 32, 38.000000, 3172352, 4198432, 64160
free, 256, 37.000000, 3172096, 4198432, 64160
free, 2048, 29.000000, 3170048, 4198432, 64160
free, 32, 35.000000, 3170016, 4198432, 64160
free, 256, 37.000000, 3169760, 4198432, 64160
free, 2048, 32.000000, 3167712, 4198432, 64160
free, 32, 37.000000, 3167680, 4198432, 64160
free, 256, 28.000000, 3167424, 4198432, 64160
free, 2048, 36.000000, 3165376, 4198432, 64160
free, 32, 37.000000, 3165344, 4198432, 64160
free, 256, 28.000000, 3165088, 4198432, 64160
free, 2048, 37.000000, 3163040, 4198432, 64160
free, 32, 39.000000, 3163008, 4198432, 64160
free, 256, 32.000000, 3162752, 4198432, 64160
free, 2048, 33.000000, 3160704, 4198432, 64160
free, 32, 31.000000, 3160672, 4198432, 64160
free, 256, 20.000000, 3160416, 4198432, 64160
free, 2048, 40.000000, 3158368, 4198432, 64160
free, 32, 37.000000, 3158336, 4198432, 64160
free, 256, 34.000000, 3158080, 4198432, 64160
free, 2048, 35.000000, 3156032, 4198432, 64160
free, 32, 37.000000, 3156000, 4198432, 64160
free, 256, 28.000000, 3155744, 4198432, 64160
free, 2048, 37.000000, 3153696, 4198432, 64160
free, 32, 37.000000, 3153664, 4198432, 64160
free, 256, 19.000000, 3153408, 4198432, 64160
free, 2048, 36.000000, 3151360, 4198432, 64160
free, 32, 36.000000, 3151328, 4198432, 64160
free, 256, 34.000000, 3151072, 4198432, 64160
free, 2048, 35.000000, 3149024, 4198432, 64160
free, 32, 37.000000, 3148992, 4198432, 64160
free, 256, 27.000000, 3148736, 4198432, 64160
free, 2048, 36.000000, 3146688, 4198432, 64160
free, 32, 38.000000, 3146656, 4198432, 64160
free, 256, 31.000000, 3146400, 4198432, 64160
free, 2048, 37.000000, 3144352, 4198432, 64160
free, 32, 40.000000, 3144320, 4198432, 64160
free, 256, 36.000000, 3144064, 4198432, 64160
free, 2048, 34.000000, 3142016, 4198432, 64160
free, 32, 36.000000, 3141984, 4198432, 64160
free, 256, 26.000000, 3141728, 4198432, 64160
free, 2048, 37.000000, 3139680, 4198432, 64160
free, 32, 38.000000, 3139648, 4198432, 64160
free, 256, 29.000000, 3139392, 4198432, 64160
free, 2048, 35.000000, 3137344, 4198432, 64160
free, 32, 40.000000, 3137312, 4198432, 64160
free, 256, 39.000000, 3137056, 4198432, 64160
free, 2048, 37.000000, 3135008, 4198432, 64160
free, 32, 40.000000, 3134976, 4198432, 64160
free, 256, 35.000000, 3134720, 4198432, 64160
free, 2048, 34.000000, 3132672, 4198432, 64160
free, 32, 41.000000, 3132640, 4198432, 64160
free, 256, 35.000000, 3132384, 4198432, 64160
free, 2048, 44.000000, 3130336, 4198432, 64160
free, 32, 37.000000, 3130304, 4198432, 64160
free, 256, 23.000000, 3130048, 4198432, 64160
free, 2048, 39.000000, 3128000, 4198432, 64160
free, 32, 38.000000, 3127968, 4198432, 64160
free, 256, 38.000000, 3127712, 4198432, 64160
free, 2048, 32.000000, 3125664, 4198432, 64160
free, 32, 39.000000, 3125632, 4198432, 64160
free, 256, 33.000000, 3125376, 4198432, 64160
free, 2048, 40.000000, 3123328, 4198432, 64160
free, 32, 37.000000, 3123296, 4198432, 64160
free, 256, 32.000000, 3123040, 4198432, 64160
free, 2048, 39.000000, 3120992, 4198432, 64160
free, 32, 41.000000, 3120960, 4198432, 64160
free, 256, 37.000000, 3120704, 4198432, 64160
free, 2048, 35.000000, 3118656, 4198432, 64160
free, 32, 36.000000, 3118624, 4198432, 64160
free, 256, 25.000000, 3118368, 4198432, 64160
free, 2048, 42.000000, 3116320, 4198432, 64160
free, 32, 37.000000, 3116288, 4198432, 64160
free, 256, 37.000000, 3116032, 4198432, 64160
free, 2048, 34.000000, 3113984, 4198432, 64160
free, 32, 40.000000, 3113952, 4198432, 64160
free, 256, 27.000000, 3113696, 4198432, 64160
free, 2048, 39.000000, 3111648, 4198432, 64160
free, 32, 39.000000, 3111616, 4198432, 64160
malloc, 80, 19467.000000, 3111696, 4198432, 64192
malloc, 528, 18446.000000, 3112224, 4198432, 64224
malloc, 4112, 19089.000000, 3116336, 4198432, 64256
malloc, 80, 18562.000000, 3116416, 4198432, 64288
malloc, 528, 18141.000000, 3116944, 4198432, 64320
malloc, 4112, 18902.000000, 3121056, 4198432, 64352
malloc, 80, 18443.000000, 3121136, 4198432, 64384
malloc, 528, 19176.000000, 3121664, 4198432, 64416
malloc, 4112, 19372.000000, 3125776, 4198432, 64448
malloc, 80, 18610.000000, 3125856, 4198432, 64480
malloc, 528, 19421.000000, 3126384, 4198432, 64512
malloc, 4112, 19765.000000, 3130496, 4198432, 64544
malloc, 80, 18740.000000, 3130576, 4198432, 64576
malloc, 528, 18199.000000, 3131104, 4198432, 64608
malloc, 4112, 18866.000000, 3135216, 4198432, 64640
malloc, 80, 18554.000000, 3135296, 4198432, 64672
malloc, 528, 18205.000000, 3135824, 4198432, 64704
malloc, 4112, 21785.000000, 3139936, 4198432, 64736
malloc, 80, 19361.000000, 3140016, 4198432, 64768
malloc, 528, 18459.000000, 3140544, 4198432, 64800
malloc, 4112, 19087.000000, 3144656, 4198432, 64832
malloc, 80, 18717.000000, 3144736, 4198432, 64864
malloc, 528, 21599.000000, 3145264, 4198432, 64896
malloc, 4112, 20055.000000, 3149376, 4198432, 64928
malloc, 80, 19848.000000, 3149456, 4198432, 64960
malloc, 528, 18804.000000, 3149984, 4198432, 64992
malloc, 4112, 19301.000000, 3154096, 4198432, 65024
malloc, 80, 18725.000000, 3154176, 4198432, 65056
malloc, 528, 18345.000000, 3154704, 4198432, 65088
malloc, 4112, 19108.000000, 3158816, 4198432, 65120
malloc, 80, 18659.000000, 3158896, 4198432, 65152
malloc, 528, 18392.000000, 3159424, 4198432, 65184
malloc, 4112, 19119.000000, 3163536, 4198432, 65216
malloc, 80, 18707.000000, 3163616, 4198432, 65248
malloc, 528, 18284.000000, 3164144, 4198432, 65280
malloc, 4112, 19059.000000, 3168256, 4198432, 65312
malloc, 80, 18737.000000, 3168336, 4198432, 65344
malloc, 528, 18419.000000, 3168864, 4198432, 65376
malloc, 4112, 19316.000000, 3172976, 4198432, 65408
malloc, 80, 18772.000000, 3173056, 4198432, 65440
malloc, 528, 19533.000000, 3173584, 4198432, 65472
malloc, 4112, 19706.000000, 3177696, 4198432, 65504
malloc, 80, 18778.000000, 3177776, 4198432, 65536
malloc, 528, 18518.000000, 3178304, 4198432, 65568
malloc, 4112, 19250.000000, 3182416, 4198432, 65600
malloc, 80, 18748.000000, 3182496, 4198432, 65632
malloc, 528, 18527.000000, 3183024, 4198432, 65664
malloc, 4112, 19340.000000, 3187136, 4198432, 65696
malloc, 80, 18877.000000, 3187216, 4198432, 65728
malloc, 528, 18610.000000, 3187744, 4198432, 65760
malloc, 4112, 19456.000000, 3191856, 4198432, 65792
malloc, 80, 18902.000000, 3191936, 4198432, 65824
malloc, 528, 18602.000000, 3192464, 4198432, 65856
malloc, 4112, 19527.000000, 3196576, 4198432, 65888
malloc, 80, 19077.000000, 3196656, 4198432, 65920
malloc, 528, 18607.000000, 3197184, 4198432, 65952
malloc, 4112, 20449.000000, 3201296, 4198432, 65984
malloc, 80, 19101.000000, 3201376, 4198432, 66016
malloc, 528, 19840.000000, 3201904, 4198432, 66048
malloc, 4112, 20148.000000, 3206016, 4198432, 66080
malloc, 80, 19249.000000, 3206096, 4198432, 66112
malloc, 528, 18938.000000, 3206624, 4198432, 66144
malloc, 4112, 19647.000000, 3210736, 4198432, 66176
malloc, 80, 19176.000000, 3210816, 4198432, 66208
malloc, 528, 18864.000000, 3211344, 4198432, 66240
malloc, 4112, 19628.000000, 3215456, 4198432, 66272
malloc, 80, 19096.000000, 3215536, 4198432, 66304
malloc, 528, 18874.000000, 3216064, 4198432, 66336
malloc, 4112, 19631.000000, 3220176, 4198432, 66368
malloc, 80, 19178.000000, 3220256, 4198432, 66400
malloc, 528, 19020.000000, 3220784, 4198432, 66432
malloc, 4112, 19783.000000, 3224896, 4198432, 66464
malloc, 80, 19202.000000, 3224976, 4198432, 66496
malloc, 528, 22175.000000, 3225504, 4198432, 66528
malloc, 4112, 20375.000000, 3229616, 4198432, 66560
malloc, 80, 19403.000000, 3229696, 4198432, 66592
malloc, 528, 20095.000000, 3230224, 4198432, 66624
malloc, 4112, 20445.000000, 3234336, 4198432, 66656
malloc, 80, 19473.000000, 3234416, 4198432, 66688
malloc, 528, 18962.000000, 3234944, 4198432, 66720
malloc, 4112, 19831.000000, 3239056, 4198432, 66752
malloc, 80, 19320.000000, 3239136, 4198432, 66784
malloc, 528, 18934.000000, 3239664, 4198432, 66816
malloc, 4112, 19853.000000, 3243776, 4198432, 66848
malloc, 80, 19277.000000, 3243856, 4198432, 66880
malloc, 528, 19033.000000, 3244384, 4198432, 66912
malloc, 4112, 20000.000000, 3248496, 4198432, 66944
malloc, 80, 19265.000000, 3248576, 4198432, 66976
malloc, 528, 19072.000000, 3249104, 4198432, 67008
malloc, 4112, 19928.000000, 3253216, 4198432, 67040
malloc, 80, 19373.000000, 3253296, 4198432, 67072
malloc, 528, 20199.000000, 3253824, 4198432, 67104
malloc, 4112, 21506.000000, 3257936, 4198432, 67136
malloc, 80, 19652.000000, 3258016, 4198432, 67168
malloc, 528, 19486.000000, 3258544, 4198432, 67200
malloc, 4112, 20141.000000, 3262656, 4198432, 67232
malloc, 80, 19541.000000, 3262736, 4198432, 67264
malloc, 528, 19319.000000, 3263264, 4198432, 67296
malloc, 4112, 20165.000000, 3267376, 4198432, 67328
malloc, 80, 19641.000000, 3267456, 4198432, 67360
malloc, 528, 19446.000000, 3267984, 4198432, 67392
malloc, 4112, 20393.000000, 3272096, 4198432, 67424
malloc, 80, 19658.000000, 3272176, 4198432, 67456
malloc, 528, 19293.000000, 3272704, 4198432, 67488
malloc, 4112, 20100.000000, 3276816, 4198432, 67520
malloc, 80, 19668.000000, 3276896, 4198432, 67552
malloc, 528, 19352.000000, 3277424, 4198432, 67584
malloc, 4112, 20187.000000, 3281536, 4198432, 67616
malloc, 80, 19696.000000, 3281616, 4198432, 67648
malloc, 528, 20458.000000, 3282144, 4198432, 67680
malloc, 4112, 20785.000000, 3286256, 4198432, 67712
malloc, 80, 19832.000000, 3286336, 4198432, 67744
malloc, 528, 19448.000000, 3286864, 4198432, 67776
malloc, 4112, 20432.000000, 3290976, 4198432, 67808
malloc, 80, 19797.000000, 3291056, 4198432, 67840
malloc, 528, 19432.000000, 3291584, 4198432, 67872
malloc, 4112, 20311.000000, 3295696, 4198432, 67904
malloc, 80, 19751.000000, 3295776, 4198432, 67936
malloc, 528, 19432.000000, 3296304, 4198432, 67968
malloc, 4112, 20312.000000, 3300416, 4198432, 68000
malloc, 80, 19857.000000, 3300496, 4198432, 68032
malloc, 528, 19490.000000, 3301024, 4198432, 68064
malloc, 4112, 24037.000000, 3305136, 4198432, 68096
malloc, 80, 20517.000000, 3305216, 4198432, 68128
malloc, 528, 19838.000000, 3305744, 4198432, 68160
malloc, 4112, 20610.000000, 3309856, 4198432, 68192
malloc, 80, 20022.000000, 3309936, 4198432, 68224
malloc, 528, 20993.000000, 3310464, 4198432, 68256
malloc, 4112, 22605.000000, 3314576, 4198432, 68288
malloc, 80, 20691.000000, 3314656, 4198432, 68320
malloc, 528, 19950.000000, 3315184, 4198432, 68352
malloc, 4112, 21781.000000, 3319296, 4198432, 68384
malloc, 80, 20265.000000, 3319376, 4198432, 68416
malloc, 528, 19884.000000, 3319904, 4198432, 68448
malloc, 4112, 20724.000000, 3324016, 4198432, 68480
malloc, 80, 20168.000000, 3324096, 4198432, 68512
malloc, 528, 19690.000000, 3324624, 4198432, 68544
malloc, 4112, 20562.000000, 3328736, 4198432, 68576
malloc, 80, 20196.000000, 3328816, 4198432, 68608
malloc, 528, 19887.000000, 3329344, 4198432, 68640
malloc, 4112, 20798.000000, 3333456, 4198432, 68672
malloc, 80, 20116.000000, 3333536, 4198432, 68704
malloc, 528, 19871.000000, 3334064, 4198432, 68736
malloc, 4112, 20737.000000, 3338176, 4198432, 68768
malloc, 80, 20228.000000, 3338256, 4198432, 68800
malloc, 528, 19825.000000, 3338784, 4198432, 68832
malloc, 4112, 20717.000000, 3342896, 4198432, 68864
malloc, 80, 20146.000000, 3342976, 4198432, 68896
malloc, 528, 19896.000000, 3343504, 4198432, 68928
malloc, 4112, 20824.000000, 3347616, 4198432, 68960
malloc, 80, 20228.000000, 3347696, 4198432, 68992
malloc, 528, 20038.000000, 3348224, 4198432, 69024
malloc, 4112, 20873.000000, 3352336, 4198432, 69056
malloc, 80, 20283.000000, 3352416, 4198432, 69088
malloc, 528, 20110.000000, 3352944, 4198432, 69120
malloc, 4112, 21023.000000, 3357056, 4198432, 69152
malloc, 80, 20476.000000, 3357136, 4198432, 69184
malloc, 528, 20228.000000, 3357664, 4198432, 69216
malloc, 4112, 20914.000000, 3361776, 4198432, 69248
malloc, 80, 20799.000000, 3361856, 4198432, 69280
malloc, 528, 21223.000000, 3362384, 4198432, 69312
malloc, 4112, 21558.000000, 3366496, 4198432, 69344
malloc, 80, 20508.000000, 3366576, 4198432, 69376
malloc, 528, 20285.000000, 3367104, 4198432, 69408
malloc, 4112, 21042.000000, 3371216, 4198432, 69440
malloc, 80, 20407.000000, 3371296, 4198432, 69472
malloc, 528, 20125.000000, 3371824, 4198432, 69504
malloc, 4112, 20967.000000, 3375936, 4198432, 69536
malloc, 80, 20456.000000, 3376016, 4198432, 69568
malloc, 528, 23837.000000, 3376544, 4198432, 69600
malloc, 4112, 22054.000000, 3380656, 4198432, 69632
malloc, 80, 21715.000000, 3380736, 4198432, 69664
malloc, 528, 20928.000000, 3381264, 4198432, 69696
malloc, 4112, 21564.000000, 3385376, 4198432, 69728
malloc, 80, 20886.000000, 3385456, 4198432, 69760
malloc, 528, 20343.000000, 3385984, 4198432, 69792
malloc, 4112, 21358.000000, 3390096, 4198432, 69824
malloc, 80, 20744.000000, 3390176, 4198432, 69856
malloc, 528, 21593.000000, 3390704, 4198432, 69888
malloc, 4112, 21751.000000, 3394816, 4198432, 69920
malloc, 80, 20834.000000, 3394896, 4198432, 69952
malloc, 528, 20541.000000, 3395424, 4198432, 69984
malloc, 4112, 21468.000000, 3399536, 4198432, 70016
malloc, 80, 20822.000000, 3399616, 4198432, 70048
malloc, 528, 20615.000000, 3400144, 4198432, 70080
malloc, 4112, 21505.000000, 3404256, 4198432, 70112
malloc, 80, 20841.000000, 3404336, 4198432, 70144
malloc, 528, 20611.000000, 3404864, 4198432, 70176
malloc, 4112, 21556.000000, 3408976, 4198432, 70208
malloc, 80, 20901.000000, 3409056, 4198432, 70240
malloc, 528, 20579.000000, 3409584, 4198432, 70272
malloc, 4112, 21564.000000, 3413696, 4198432, 70304
malloc, 80, 20890.000000, 3413776, 4198432, 70336
malloc, 528, 20631.000000, 3414304, 4198432, 70368
malloc, 4112, 21444.000000, 3418416, 4198432, 70400
malloc, 80, 21987.000000, 3418496, 4198432, 70432
malloc, 528, 21097.000000, 3419024, 4198432, 70464
malloc, 4112, 21806.000000, 3423136, 4198432, 70496
malloc, 80, 21007.000000, 3423216, 4198432, 70528
malloc, 528, 20652.000000, 3423744, 4198432, 70560
malloc, 4112, 21576.000000, 3427856, 4198432, 70592
malloc, 80, 20974.000000, 3427936, 4198432, 70624
malloc, 528, 20723.000000, 3428464, 4198432, 70656
malloc, 4112, 21752.000000, 3432576, 4198432, 70688
malloc, 80, 20930.000000, 3432656, 4198432, 70720
malloc, 528, 20808.000000, 3433184, 4198432, 70752
malloc, 4112, 22616.000000, 3437296, 4198432, 70784
malloc, 80, 21172.000000, 3437376, 4198432, 70816
malloc, 528, 20899.000000, 3437904, 4198432, 70848
malloc, 4112, 21661.000000, 3442016, 4198432, 70880
malloc, 80, 22671.000000, 3442096, 4198432, 70912
malloc, 528, 22851.000000, 3442624, 4198432, 70944
malloc, 4112, 22443.000000, 3446736, 4198432, 70976
malloc, 80, 21402.000000, 3446816, 4198432, 71008
malloc, 528, 24384.000000, 3447344, 4198432, 71040
malloc, 4112, 22826.000000, 3451456, 4198432, 71072
malloc, 80, 21465.000000, 3451536, 4198432, 71104
malloc, 528, 21211.000000, 3452064, 4198432, 71136
malloc, 4112, 22133.000000, 3456176, 4198432, 71168
malloc, 80, 21282.000000, 3456256, 4198432, 71200
malloc, 528, 20966.000000, 3456784, 4198432, 71232
malloc, 4112, 21853.000000, 3460896, 4198432, 71264
malloc, 80, 21200.000000, 3460976, 4198432, 71296
malloc, 528, 21010.000000, 3461504, 4198432, 71328
malloc, 4112, 22169.000000, 3465616, 4198432, 71360
malloc, 80, 21230.000000, 3465696, 4198432, 71392
malloc, 528, 20967.000000, 3466224, 4198432, 71424
malloc, 4112, 21839.000000, 3470336, 4198432, 71456
malloc, 80, 21296.000000, 3470416, 4198432, 71488
malloc, 528, 22139.000000, 3470944, 4198432, 71520
malloc, 4112, 22416.000000, 3475056, 4198432, 71552
malloc, 80, 21468.000000, 3475136, 4198432, 71584
malloc, 528, 21246.000000, 3475664, 4198432, 71616
malloc, 4112, 22098.000000, 3479776, 4198432, 71648
malloc, 80, 21311.000000, 3479856, 4198432, 71680
malloc, 528, 21041.000000, 3480384, 4198432, 71712
malloc, 4112, 21997.000000, 3484496, 4198432, 71744
malloc, 80, 21354.000000, 3484576, 4198432, 71776
malloc, 528, 21271.000000, 3485104, 4198432, 71808
malloc, 4112, 22119.000000, 3489216, 4198432, 71840
malloc, 80, 21448.000000, 3489296, 4198432, 71872
malloc, 528, 21346.000000, 3489824, 4198432, 71904
malloc, 4112, 22091.000000, 3493936, 4198432, 71936
malloc, 80, 21492.000000, 3494016, 4198432, 71968
malloc, 528, 21362.000000, 3494544, 4198432, 72000
malloc, 4112, 23240.000000, 3498656, 4198432, 72032
malloc, 80, 22998.000000, 3498736, 4198432, 72064
malloc, 528, 21699.000000, 3499264, 4198432, 72096
malloc, 4112, 22383.000000, 3503376, 4198432, 72128
malloc, 80, 21538.000000, 3503456, 4198432, 72160
malloc, 528, 21391.000000, 3503984, 4198432, 72192
malloc, 4112, 22308.000000, 3508096, 4198432, 72224
malloc, 80, 21598.000000, 3508176, 4198432, 72256
malloc, 528, 21444.000000, 3508704, 4198432, 72288
malloc, 4112, 22310.000000, 3512816, 4198432, 72320
malloc, 80, 21590.000000, 3512896, 4198432, 72352
malloc, 528, 21474.000000, 3513424, 4198432, 72384
malloc, 4112, 22259.000000, 3517536, 4198432, 72416
malloc, 80, 21555.000000, 3517616, 4198432, 72448
malloc, 528, 24294.000000, 3518144, 4198432, 72480
malloc, 4112, 23256.000000, 3522256, 4198432, 72512
malloc, 80, 22072.000000, 3522336, 4198432, 72544
malloc, 528, 22801.000000, 3522864, 4198432, 72576
malloc, 4112, 23173.000000, 3526976, 4198432, 72608
malloc, 80, 21935.000000, 3527056, 4198432, 72640
malloc, 528, 21663.000000, 3527584, 4198432, 72672
malloc, 4112, 22585.000000, 3531696, 4198432, 72704
malloc, 80, 21867.000000, 3531776, 4198432, 72736
malloc, 528, 21648.000000, 3532304, 4198432, 72768
malloc, 4112, 22515.000000, 3536416, 4198432, 72800
malloc, 80, 21899.000000, 3536496, 4198432, 72832
malloc, 528, 21695.000000, 3537024, 4198432, 72864
malloc, 4112, 22587.000000, 3541136, 4198432, 72896
malloc, 80, 21900.000000, 3541216, 4198432, 72928
malloc, 528, 21722.000000, 3541744, 4198432, 72960
malloc, 4112, 22640.000000, 3545856, 4198432, 72992
malloc, 80, 21956.000000, 3545936, 4198432, 73024
malloc, 528, 21724.000000, 3546464, 4198432, 73056
malloc, 4112, 22703.000000, 3550576, 4198432, 73088
malloc, 80, 22014.000000, 3550656, 4198432, 73120
malloc, 528, 22810.000000, 3551184, 4198432, 73152
malloc, 4112, 23904.000000, 3555296, 4198432, 73184
malloc, 80, 22189.000000, 3555376, 4198432, 73216
malloc, 528, 21855.000000, 3555904, 4198432, 73248
malloc, 4112, 22760.000000, 3560016, 4198432, 73280
malloc, 80, 22112.000000, 3560096, 4198432, 73312
malloc, 528, 21785.000000, 3560624, 4198432, 73344
malloc, 4112, 22562.000000, 3564736, 4198432, 73376
malloc, 80, 22055.000000, 3564816, 4198432, 73408
malloc, 528, 21945.000000, 3565344, 4198432, 73440
malloc, 4112, 157444.000000, 3569456, 4198432, 73472
malloc, 80, 23921.000000, 3569536, 4198432, 73504
malloc, 528, 22443.000000, 3570064, 4198432, 73536
malloc, 4112, 23116.000000, 3574176, 4198432, 73568
malloc, 80, 22334.000000, 3574256, 4198432, 73600
malloc, 528, 22048.000000, 3574784, 4198432, 73632
malloc, 4112, 23061.000000, 3578896, 4198432, 73664
malloc, 80, 24761.000000, 3578976, 4198432, 73696
malloc, 528, 23583.000000, 3579504, 4198432, 73728
malloc, 4112, 23476.000000, 3583616, 4198432, 73760
malloc, 80, 22422.000000, 3583696, 4198432, 73792
malloc, 528, 22160.000000, 3584224, 4198432, 73824
malloc, 4112, 22861.000000, 3588336, 4198432, 73856
malloc, 80, 22245.000000, 3588416, 4198432, 73888
malloc, 528, 22138.000000, 3588944, 4198432, 73920
malloc, 4112, 23217.000000, 3593056, 4198432, 73952
malloc, 80, 22329.000000, 3593136, 4198432, 73984
malloc, 528, 22101.000000, 3593664, 4198432, 74016
malloc, 4112, 23036.000000, 3597776, 4198432, 74048
malloc, 80, 22413.000000, 3597856, 4198432, 74080
malloc, 528, 22138.000000, 3598384, 4198432, 74112
malloc, 4112, 23044.000000, 3602496, 4198432, 74144
malloc, 80, 22282.000000, 3602576, 4198432, 74176
malloc, 528, 22122.000000, 3603104, 4198432, 74208
malloc, 4112, 26273.000000, 3607216, 5247008, 74272
malloc, 80, 23083.000000, 3607296, 5247008, 74304
malloc, 528, 22531.000000, 3607824, 5247008, 74336
malloc, 4112, 23228.000000, 3611936, 5247008, 74368
malloc, 80, 22565.000000, 3612016, 5247008, 74400
malloc, 528, 22329.000000, 3612544, 5247008, 74432
malloc, 4112, 24199.000000, 3616656, 5247008, 74464
malloc, 80, 22685.000000, 3616736, 5247008, 74496
malloc, 528, 22262.000000, 3617264, 5247008, 74528
malloc, 4112, 23321.000000, 3621376, 5247008, 74560
malloc, 80, 22579.000000, 3621456, 5247008, 74592
malloc, 528, 22342.000000, 3621984, 5247008, 74624
malloc, 4112, 23292.000000, 3626096, 5247008, 74656
malloc, 80, 22692.000000, 3626176, 5247008, 74688
malloc, 528, 22408.000000, 3626704, 5247008, 74720
malloc, 4112, 23424.000000, 3630816, 5247008, 74752
malloc, 80, 22692.000000, 3630896, 5247008, 74784
malloc, 528, 23589.000000, 3631424, 5247008, 74816
malloc, 4112, 24716.000000, 3635536, 5247008, 74848
malloc, 80, 23258.000000, 3635616, 5247008, 74880
malloc, 528, 22689.000000, 3636144, 5247008, 74912
malloc, 4112, 23493.000000, 3640256, 5247008, 74944
malloc, 80, 22946.000000, 3640336, 5247008, 74976
malloc, 528, 22603.000000, 3640864, 5247008, 75008
malloc, 4112, 23380.000000, 3644976, 5247008, 75040
malloc, 80, 25006.000000, 3645056, 5247008, 75072
malloc, 528, 22947.000000, 3645584, 5247008, 75104
malloc, 4112, 24006.000000, 3649696, 5247008, 75136
malloc, 80, 22951.000000, 3649776, 5247008, 75168
malloc, 528, 22621.000000, 3650304, 5247008, 75200
malloc, 4112, 23547.000000, 3654416, 5247008, 75232
malloc, 80, 22931.000000, 3654496, 5247008, 75264
malloc, 528, 22662.000000, 3655024, 5247008, 75296
malloc, 4112, 23588.000000, 3659136, 5247008, 75328
malloc, 80, 22904.000000, 3659216, 5247008, 75360
malloc, 528, 23702.000000, 3659744, 5247008, 75392
malloc, 4112, 23995.000000, 3663856, 5247008, 75424
malloc, 80, 23062.000000, 3663936, 5247008, 75456
malloc, 528, 22819.000000, 3664464, 5247008, 75488
malloc, 4112, 24698.000000, 3668576, 5247008, 75520
malloc, 80, 23096.000000, 3668656, 5247008, 75552
malloc, 528, 22807.000000, 3669184, 5247008, 75584
malloc, 4112, 23636.000000, 3673296, 5247008, 75616
malloc, 80, 22927.000000, 3673376, 5247008, 75648
malloc, 528, 22749.000000, 3673904, 5247008, 75680
malloc, 4112, 23751.000000, 3678016, 5247008, 75712
malloc, 80, 23059.000000, 3678096, 5247008, 75744
malloc, 528, 22796.000000, 3678624, 5247008, 75776
malloc, 4112, 23615.000000, 3682736, 5247008, 75808
malloc, 80, 23143.000000, 3682816, 5247008, 75840
malloc, 528, 22902.000000, 3683344, 5247008, 75872
malloc, 4112, 23742.000000, 3687456, 5247008, 75904
malloc, 80, 23168.000000, 3687536, 5247008, 75936
malloc, 528, 23042.000000, 3688064, 5247008, 75968
malloc, 4112, 23862.000000, 3692176, 5247008, 76000
malloc, 80, 23173.000000, 3692256, 5247008, 76032
malloc, 528, 23062.000000, 3692784, 5247008, 76064
malloc, 4112, 23990.000000, 3696896, 5247008, 76096
malloc, 80, 23261.000000, 3696976, 5247008, 76128
malloc, 528, 23057.000000, 3697504, 5247008, 76160
malloc, 4112, 23946.000000, 3701616, 5247008, 76192
malloc, 80, 23316.000000, 3701696, 5247008, 76224
malloc, 528, 24755.000000, 3702224, 5247008, 76256
malloc, 4112, 24903.000000, 3706336, 5247008, 76288
malloc, 80, 23837.000000, 3706416, 5247008, 76320
malloc, 528, 23409.000000, 3706944, 5247008, 76352
malloc, 4112, 24102.000000, 3711056, 5247008, 76384
malloc, 80, 25492.000000, 3711136, 5247008, 76416
malloc, 528, 24507.000000, 3711664, 5247008, 76448
malloc, 4112, 24512.000000, 3715776, 5247008, 76480
malloc, 80, 23571.000000, 3715856, 5247008, 76512
malloc, 528, 23228.000000, 3716384, 5247008, 76544
malloc, 4112, 24225.000000, 3720496, 5247008, 76576
malloc, 80, 23474.000000, 3720576, 5247008, 76608
malloc, 528, 23301.000000, 3721104, 5247008, 76640
malloc, 4112, 24234.000000, 3725216, 5247008, 76672
malloc, 80, 23462.000000, 3725296, 5247008, 76704
malloc, 528, 23254.000000, 3725824, 5247008, 76736
malloc, 4112, 24338.000000, 3729936, 5247008, 76768
malloc, 80, 23501.000000, 3730016, 5247008, 76800
malloc, 528, 23278.000000, 3730544, 5247008, 76832
malloc, 4112, 25163.000000, 3734656, 5247008, 76864
malloc, 80, 23586.000000, 3734736, 5247008, 76896
malloc, 528, 23370.000000, 3735264, 5247008, 76928
malloc, 4112, 24432.000000, 3739376, 5247008, 76960
malloc, 80, 23626.000000, 3739456, 5247008, 76992
malloc, 528, 24571.000000, 3739984, 5247008, 77024
malloc, 4112, 24712.000000, 3744096, 5247008, 77056
malloc, 80, 23645.000000, 3744176, 5247008, 77088
malloc, 528, 23367.000000, 3744704, 5247008, 77120
malloc, 4112, 24326.000000, 3748816, 5247008, 77152
malloc, 80, 23669.000000, 3748896, 5247008, 77184
malloc, 528, 23429.000000, 3749424, 5247008, 77216
malloc, 4112, 24743.000000, 3753536, 5247008, 77248
malloc, 80, 24051.000000, 3753616, 5247008, 77280
malloc, 528, 23578.000000, 3754144, 5247008, 77312
malloc, 4112, 24436.000000, 3758256, 5247008, 77344
malloc, 80, 23698.000000, 3758336, 5247008, 77376
malloc, 528, 23539.000000, 3758864, 5247008, 77408
malloc, 4112, 24448.000000, 3762976, 5247008, 77440
malloc, 80, 23746.000000, 3763056, 5247008, 77472
malloc, 528, 23441.000000, 3763584, 5247008, 77504
malloc, 4112, 24433.000000, 3767696, 5247008, 77536
malloc, 80, 24803.000000, 3767776, 5247008, 77568
malloc, 528, 23877.000000, 3768304, 5247008, 77600
malloc, 4112, 24643.000000, 3772416, 5247008, 77632
malloc, 80, 23862.000000, 3772496, 5247008, 77664
malloc, 528, 25387.000000, 3773024, 5247008, 77696
malloc, 4112, 24993.000000, 3777136, 5247008, 77728
malloc, 80, 24060.000000, 3777216, 5247008, 77760
malloc, 528, 23824.000000, 3777744, 5247008, 77792
malloc, 4112, 24756.000000, 3781856, 5247008, 77824
malloc, 80, 23994.000000, 3781936, 5247008, 77856
malloc, 528, 23778.000000, 3782464, 5247008, 77888
malloc, 4112, 24643.000000, 3786576, 5247008, 77920
malloc, 80, 23981.000000, 3786656, 5247008, 77952
malloc, 528, 23913.000000, 3787184, 5247008, 77984
malloc, 4112, 24782.000000, 3791296, 5247008, 78016
malloc, 80, 24126.000000, 3791376, 5247008, 78048
malloc, 528, 25870.000000, 3791904, 5247008, 78080
malloc, 4112, 25188.000000, 3796016, 5247008, 78112
malloc, 80, 24207.000000, 3796096, 5247008, 78144
malloc, 528, 23902.000000, 3796624, 5247008, 78176
malloc, 4112, 24802.000000, 3800736, 5247008, 78208
malloc, 80, 24024.000000, 3800816, 5247008, 78240
malloc, 528, 23901.000000, 3801344, 5247008, 78272
malloc, 4112, 24878.000000, 3805456, 5247008, 78304
malloc, 80, 24186.000000, 3805536, 5247008, 78336
malloc, 528, 23982.000000, 3806064, 5247008, 78368
malloc, 4112, 24940.000000, 3810176, 5247008, 78400
malloc, 80, 24193.000000, 3810256, 5247008, 78432
malloc, 528, 23998.000000, 3810784, 5247008, 78464
malloc, 4112, 25006.000000, 3814896, 5247008, 78496
malloc, 80, 24242.000000, 3814976, 5247008, 78528
malloc, 528, 24029.000000, 3815504, 5247008, 78560
malloc, 4112, 24956.000000, 3819616, 5247008, 78592
malloc, 80, 24235.000000, 3819696, 5247008, 78624
malloc, 528, 25098.000000, 3820224, 5247008, 78656
malloc, 4112, 25376.000000, 3824336, 5247008, 78688
malloc, 80, 24388.000000, 3824416, 5247008, 78720
malloc, 528, 24166.000000, 3824944, 5247008, 78752
malloc, 4112, 24903.000000, 3829056, 5247008, 78784
malloc, 80, 24310.000000, 3829136, 5247008, 78816
malloc, 528, 24129.000000, 3829664, 5247008, 78848
malloc, 4112, 25038.000000, 3833776, 5247008, 78880
malloc, 80, 24414.000000, 3833856, 5247008, 78912
malloc, 528, 24182.000000, 3834384, 5247008, 78944
malloc, 4112, 26798.000000, 3838496, 5247008, 78976
malloc, 80, 24745.000000, 3838576, 5247008, 79008
malloc, 528, 24515.000000, 3839104, 5247008, 79040
malloc, 4112, 25440.000000, 3843216, 5247008, 79072
malloc, 80, 24586.000000, 3843296, 5247008, 79104
malloc, 528, 24288.000000, 3843824, 5247008, 79136
malloc, 4112, 25219.000000, 3847936, 5247008, 79168
malloc, 80, 25565.000000, 3848016, 5247008, 79200
malloc, 528, 24551.000000, 3848544, 5247008, 79232
malloc, 4112, 26338.000000, 3852656, 5247008, 79264
malloc, 80, 24645.000000, 3852736, 5247008, 79296
malloc, 528, 24407.000000, 3853264, 5247008, 79328
malloc, 4112, 25368.000000, 3857376, 5247008, 79360
malloc, 80, 24717.000000, 3857456, 5247008, 79392
malloc, 528, 24475.000000, 3857984, 5247008, 79424
malloc, 4112, 25462.000000, 3862096, 5247008, 79456
malloc, 80, 24732.000000, 3862176, 5247008, 79488
malloc, 528, 24564.000000, 3862704, 5247008, 79520
malloc, 4112, 25477.000000, 3866816, 5247008, 79552
malloc, 80, 24758.000000, 3866896, 5247008, 79584
malloc, 528, 24564.000000, 3867424, 5247008, 79616
malloc, 4112, 25499.000000, 3871536, 5247008, 79648
malloc, 80, 24833.000000, 3871616, 5247008, 79680
malloc, 528, 25713.000000, 3872144, 5247008, 79712
malloc, 4112, 25726.000000, 3876256, 5247008, 79744
malloc, 80, 24870.000000, 3876336, 5247008, 79776
malloc, 528, 24656.000000, 3876864, 5247008, 79808
malloc, 4112, 25792.000000, 3880976, 5247008, 79840
malloc, 80, 25091.000000, 3881056, 5247008, 79872
malloc, 528, 24807.000000, 3881584, 5247008, 79904
malloc, 4112, 25638.000000, 3885696, 5247008, 79936
malloc, 80, 25577.000000, 3885776, 5247008, 79968
malloc, 528, 25106.000000, 3886304, 5247008, 80000
malloc, 4112, 26134.000000, 3890416, 5247008, 80032
malloc, 80, 25124.000000, 3890496, 5247008, 80064
malloc, 528, 24824.000000, 3891024, 5247008, 80096
malloc, 4112, 25853.000000, 3895136, 5247008, 80128
malloc, 80, 25045.000000, 3895216, 5247008, 80160
malloc, 528, 24897.000000, 3895744, 5247008, 80192
malloc, 4112, 27955.000000, 3899856, 5247008, 80224
malloc, 80, 25187.000000, 3899936, 5247008, 80256
malloc, 528, 26007.000000, 3900464, 5247008, 80288
malloc, 4112, 27132.000000, 3904576, 5247008, 80320
malloc, 80, 25289.000000, 3904656, 5247008, 80352
malloc, 528, 24987.000000, 3905184, 5247008, 80384
malloc, 4112, 26011.000000, 3909296, 5247008, 80416
malloc, 80, 25174.000000, 3909376, 5247008, 80448
malloc, 528, 24980.000000, 3909904, 5247008, 80480
malloc, 4112, 25873.000000, 3914016, 5247008, 80512
malloc, 80, 25147.000000, 3914096, 5247008, 80544
malloc, 528, 25054.000000, 3914624, 5247008, 80576
malloc, 4112, 26073.000000, 3918736, 5247008, 80608
malloc, 80, 25202.000000, 3918816, 5247008, 80640
malloc, 528, 25025.000000, 3919344, 5247008, 80672
malloc, 4112, 26052.000000, 3923456, 5247008, 80704
malloc, 80, 25205.000000, 3923536, 5247008, 80736
malloc, 528, 25114.000000, 3924064, 5247008, 80768
malloc, 4112, 26003.000000, 3928176, 5247008, 80800
malloc, 80, 25318.000000, 3928256, 5247008, 80832
malloc, 528, 26150.000000, 3928784, 5247008, 80864
malloc, 4112, 26233.000000, 3932896, 5247008, 80896
malloc, 80, 25337.000000, 3932976, 5247008, 80928
malloc, 528, 25109.000000, 3933504, 5247008, 80960
malloc, 4112, 26034.000000, 3937616, 5247008, 80992
malloc, 80, 25272.000000, 3937696, 5247008, 81024
malloc, 528, 25161.000000, 3938224, 5247008, 81056
malloc, 4112, 26135.000000, 3942336, 5247008, 81088
malloc, 80, 25362.000000, 3942416, 5247008, 81120
malloc, 528, 25196.000000, 3942944, 5247008, 81152
malloc, 4112, 26135.000000, 3947056, 5247008, 81184
malloc, 80, 25418.000000, 3947136, 5247008, 81216
malloc, 528, 25340.000000, 3947664, 5247008, 81248
malloc, 4112, 28145.000000, 3951776, 5247008, 81280
malloc, 80, 25902.000000, 3951856, 5247008, 81312
malloc, 528, 26452.000000, 3952384, 5247008, 81344
malloc, 4112, 26503.000000, 3956496, 5247008, 81376
malloc, 80, 25535.000000, 3956576, 5247008, 81408
malloc, 528, 28511.000000, 3957104, 5247008, 81440
malloc, 4112, 26679.000000, 3961216, 5247008, 81472
malloc, 80, 25661.000000, 3961296, 5247008, 81504
malloc, 528, 25456.000000, 3961824, 5247008, 81536
malloc, 4112, 27423.000000, 3965936, 5247008, 81568
malloc, 80, 25619.000000, 3966016, 5247008, 81600
malloc, 528, 25412.000000, 3966544, 5247008, 81632
malloc, 4112, 26469.000000, 3970656, 5247008, 81664
malloc, 80, 25638.000000, 3970736, 5247008, 81696
malloc, 528, 25420.000000, 3971264, 5247008, 81728
malloc, 4112, 26430.000000, 3975376, 5247008, 81760
malloc, 80, 25566.000000, 3975456, 5247008, 81792
malloc, 528, 25464.000000, 3975984, 5247008, 81824
malloc, 4112, 26492.000000, 3980096, 5247008, 81856
malloc, 80, 25651.000000, 3980176, 5247008, 81888
malloc, 528, 26548.000000, 3980704, 5247008, 81920
malloc, 4112, 26634.000000, 3984816, 5247008, 81952
malloc, 80, 25741.000000, 3984896, 5247008, 81984
malloc, 528, 25546.000000, 3985424, 5247008, 82016
malloc, 4112, 26551.000000, 3989536, 5247008, 82048
malloc, 80, 25739.000000, 3989616, 5247008, 82080
malloc, 528, 25539.000000, 3990144, 5247008, 82112
malloc, 4112, 26611.000000, 3994256, 5247008, 82144
malloc, 80, 25716.000000, 3994336, 5247008, 82176
malloc, 528, 25572.000000, 3994864, 5247008, 82208
malloc, 4112, 26517.000000, 3998976, 5247008, 82240
malloc, 80, 25827.000000, 3999056, 5247008, 82272
malloc, 528, 25569.000000, 3999584, 5247008, 82304
malloc, 4112, 26529.000000, 4003696, 5247008, 82336
malloc, 80, 25897.000000, 4003776, 5247008, 82368
malloc, 528, 25692.000000, 4004304, 5247008, 82400
malloc, 4112, 26554.000000, 4008416, 5247008, 82432
malloc, 80, 26175.000000, 4008496, 5247008, 82464
malloc, 528, 26759.000000, 4009024, 5247008, 82496
malloc, 4112, 26873.000000, 4013136, 5247008, 82528
malloc, 80, 25851.000000, 4013216, 5247008, 82560
malloc, 528, 25741.000000, 4013744, 5247008, 82592
malloc, 4112, 29331.000000, 4017856, 5247008, 82624
malloc, 80, 26168.000000, 4017936, 5247008, 82656
malloc, 528, 25906.000000, 4018464, 5247008, 82688
malloc, 4112, 26814.000000, 4022576, 5247008, 82720
malloc, 80, 26052.000000, 4022656, 5247008, 82752
malloc, 528, 25849.000000, 4023184, 5247008, 82784
malloc, 4112, 27843.000000, 4027296, 5247008, 82816
malloc, 80, 26119.000000, 4027376, 5247008, 82848
malloc, 528, 25909.000000, 4027904, 5247008, 82880
malloc, 4112, 26871.000000, 4032016, 5247008, 82912
malloc, 80, 26046.000000, 4032096, 5247008, 82944
malloc, 528, 26881.000000, 4032624, 5247008, 82976
malloc, 4112, 27049.000000, 4036736, 5247008, 83008
malloc, 80, 26131.000000, 4036816, 5247008, 83040
malloc, 528, 25962.000000, 4037344, 5247008, 83072
malloc, 4112, 26967.000000, 4041456, 5247008, 83104
malloc, 80, 26078.000000, 4041536, 5247008, 83136
malloc, 528, 25898.000000, 4042064, 5247008, 83168
malloc, 4112, 26889.000000, 4046176, 5247008, 83200
malloc, 80, 26185.000000, 4046256, 5247008, 83232
malloc, 528, 26101.000000, 4046784, 5247008, 83264
malloc, 4112, 27064.000000, 4050896, 5247008, 83296
malloc, 80, 26217.000000, 4050976, 5247008, 83328
malloc, 528, 25994.000000, 4051504, 5247008, 83360
malloc, 4112, 26885.000000, 4055616, 5247008, 83392
malloc, 80, 26191.000000, 4055696, 5247008, 83424
malloc, 528, 26024.000000, 4056224, 5247008, 83456
malloc, 4112, 26951.000000, 4060336, 5247008, 83488
malloc, 80, 26290.000000, 4060416, 5247008, 83520
malloc, 528, 27144.000000, 4060944, 5247008, 83552
malloc, 4112, 27576.000000, 4065056, 5247008, 83584
malloc, 80, 26218.000000, 4065136, 5247008, 83616
malloc, 528, 26062.000000, 4065664, 5247008, 83648
malloc, 4112, 27080.000000, 4069776, 5247008, 83680
malloc, 80, 26305.000000, 4069856, 5247008, 83712
malloc, 528, 26128.000000, 4070384, 5247008, 83744
malloc, 4112, 27106.000000, 4074496, 5247008, 83776
malloc, 80, 29010.000000, 4074576, 5247008, 83808
malloc, 528, 26504.000000, 4075104, 5247008, 83840
malloc, 4112, 27651.000000, 4079216, 5247008, 83872
malloc, 80, 26486.000000, 4079296, 5247008, 83904
malloc, 528, 26268.000000, 4079824, 5247008, 83936
malloc, 4112, 27355.000000, 4083936, 5247008, 83968
malloc, 80, 26461.000000, 4084016, 5247008, 84000
malloc, 528, 26240.000000, 4084544, 5247008, 84032
malloc, 4112, 28185.000000, 4088656, 5247008, 84064
malloc, 80, 26558.000000, 4088736, 5247008, 84096
malloc, 528, 27453.000000, 4089264, 5247008, 84128
malloc, 4112, 27758.000000, 4093376, 5247008, 84160
malloc, 80, 26608.000000, 4093456, 5247008, 84192
malloc, 528, 26395.000000, 4093984, 5247008, 84224
malloc, 4112, 27351.000000, 4098096, 5247008, 84256
malloc, 80, 26603.000000, 4098176, 5247008, 84288
malloc, 528, 26322.000000, 4098704, 5247008, 84320
malloc, 4112, 27349.000000, 4102816, 5247008, 84352
malloc, 80, 26585.000000, 4102896, 5247008, 84384
malloc, 528, 26451.000000, 4103424, 5247008, 84416
malloc, 4112, 27447.000000, 4107536, 5247008, 84448
malloc, 80, 26566.000000, 4107616, 5247008, 84480
malloc, 528, 26514.000000, 4108144, 5247008, 84512
malloc, 4112, 27384.000000, 4112256, 5247008, 84544
malloc, 80, 26625.000000, 4112336, 5247008, 84576
malloc, 528, 26518.000000, 4112864, 5247008, 84608
malloc, 4112, 28235.000000, 4116976, 5247008, 84640
malloc, 80, 26761.000000, 4117056, 5247008, 84672
malloc, 528, 26585.000000, 4117584, 5247008, 84704
malloc, 4112, 27559.000000, 4121696, 5247008, 84736
malloc, 80, 26815.000000, 4121776, 5247008, 84768
malloc, 528, 26527.000000, 4122304, 5247008, 84800
malloc, 4112, 27544.000000, 4126416, 5247008, 84832
malloc, 80, 26835.000000, 4126496, 5247008, 84864
malloc, 528, 26630.000000, 4127024, 5247008, 84896
malloc, 4112, 27661.000000, 4131136, 5247008, 84928
malloc, 80, 26800.000000, 4131216, 5247008, 84960
malloc, 528, 31554.000000, 4131744, 5247008, 84992
malloc, 4112, 28512.000000, 4135856, 5247008, 85024
malloc, 80, 27018.000000, 4135936, 5247008, 85056
malloc, 528, 26749.000000, 4136464, 5247008, 85088
malloc, 4112, 29649.000000, 4140576, 5247008, 85120
malloc, 80, 27278.000000, 4140656, 5247008, 85152
malloc, 528, 28137.000000, 4141184, 5247008, 85184
malloc, 4112, 28128.000000, 4145296, 5247008, 85216
malloc, 80, 26971.000000, 4145376, 5247008, 85248
malloc, 528, 26771.000000, 4145904, 5247008, 85280
malloc, 4112, 27798.000000, 4150016, 5247008, 85312
malloc, 80, 26883.000000, 4150096, 5247008, 85344
malloc, 528, 26707.000000, 4150624, 5247008, 85376
malloc, 4112, 27815.000000, 4154736, 5247008, 85408
malloc, 80, 27017.000000, 4154816, 5247008, 85440
malloc, 528, 26789.000000, 4155344, 5247008, 85472
malloc, 4112, 27743.000000, 4159456, 5247008, 85504
malloc, 80, 26989.000000, 4159536, 5247008, 85536
free, 32, 48.000000, 4159456, 5247008, 85536
free, 64, 61.000000, 4159392, 5247008, 85504
free, 128, 51.000000, 4159264, 5247008, 85440
free, 256, 27.000000, 4158736, 5247008, 85408
free, 512, 27.000000, 4158224, 5247008, 85376
free, 1024, 26.000000, 4157200, 5247008, 85344
free, 2048, 24.000000, 4153088, 5247008, 85312
free, 4096, 38.000000, 4148992, 5247008, 85280
free, 8192, 44.000000, 4140800, 5247008, 85216
free, 32, 21.000000, 4140720, 5247008, 85184
free, 64, 22.000000, 4140656, 5247008, 85152
free, 128, 32.000000, 4140528, 5247008, 85088
free, 256, 20.000000, 4140000, 5247008, 85056
free, 512, 31.000000, 4139488, 5247008, 85024
free, 1024, 27.000000, 4138464, 5247008, 84992
free, 2048, 29.000000, 4134352, 5247008, 84960
free, 4096, 31.000000, 4130256, 5247008, 84928
free, 8192, 41.000000, 4122064, 5247008, 84864
free, 32, 21.000000, 4121984, 5247008, 84832
free, 64, 20.000000, 4121920, 5247008, 84800
free, 128, 32.000000, 4121792, 5247008, 84736
free, 256, 24.000000, 4121264, 5247008, 84704
free, 512, 22.000000, 4120752, 5247008, 84672
free, 1024, 31.000000, 4119728, 5247008, 84608
free, 2048, 24.000000, 4115616, 5247008, 84576
free, 4096, 28.000000, 4111520, 5247008, 84544
free, 8192, 44.000000, 4103328, 5247008, 84480
free, 32, 22.000000, 4103248, 5247008, 84448
free, 64, 24.000000, 4103184, 5247008, 84416
free, 128, 35.000000, 4103056, 5247008, 84352
free, 256, 21.000000, 4102528, 5247008, 84320
free, 512, 31.000000, 4102016, 5247008, 84288
free, 1024, 43.000000, 4100992, 5247008, 84224
free, 2048, 23.000000, 4096880, 5247008, 84192
free, 4096, 28.000000, 4092784, 5247008, 84160
free, 8192, 39.000000, 4084592, 5247008, 84096
free, 32, 20.000000, 4084512, 5247008, 84064
free, 64, 23.000000, 4084448, 5247008, 84032
free, 128, 33.000000, 4084320, 5247008, 83968
free, 256, 21.000000, 4083792, 5247008, 83936
free, 512, 30.000000, 4083280, 5247008, 83904
free, 1024, 39.000000, 4082256, 5247008, 83840
free, 2048, 23.000000, 4078144, 5247008, 83808
free, 4096, 31.000000, 4074048, 5247008, 83776
free, 8192, 40.000000, 4065856, 5247008, 83712
free, 32, 30.000000, 4065776, 5247008, 83680
free, 64, 23.000000, 4065712, 5247008, 83648
free, 128, 35.000000, 4065584, 5247008, 83584
free, 256, 24.000000, 4065056, 5247008, 83552
free, 512, 30.000000, 4064544, 5247008, 83520
free, 1024, 40.000000, 4063520, 5247008, 83456
free, 2048, 27.000000, 4059408, 5247008, 83424
free, 4096, 23.000000, 4055312, 5247008, 83392
free, 8192, 40.000000, 4047120, 5247008, 83328
free, 32, 23.000000, 4047040, 5247008, 83296
free, 64, 20.000000, 4046976, 5247008, 83264
free, 128, 32.000000, 4046848, 5247008, 83200
free, 256, 21.000000, 4046320, 5247008, 83168
free, 512, 31.000000, 4045808, 5247008, 83136
free, 1024, 40.000000, 4044784, 5247008, 83072
free, 2048, 24.000000, 4040672, 5247008, 83040
free, 4096, 27.000000, 4036576, 5247008, 83008
free, 8192, 41.000000, 4028384, 5247008, 82944
free, 32, 29.000000, 4028304, 5247008, 82912
free, 64, 30.000000, 4028240, 5247008, 82880
free, 128, 44.000000, 4028112, 5247008, 82816
free, 256, 22.000000, 4027584, 5247008, 82784
free, 512, 29.000000, 4027072, 5247008, 82752
free, 1024, 43.000000, 4026048, 5247008, 82688
free, 2048, 21.000000, 4021936, 5247008, 82656
free, 4096, 26.000000, 4017840, 5247008, 82624
free, 8192, 38.000000, 4009648, 5247008, 82560
free, 32, 21.000000, 4009568, 5247008, 82528
free, 64, 29.000000, 4009504, 5247008, 82496
free, 128, 35.000000, 4009376, 5247008, 82432
free, 256, 33.000000, 4008848, 5247008, 82400
free, 512, 26.000000, 4008336, 5247008, 82368
free, 1024, 45.000000, 4007312, 5247008, 82304
free, 2048, 31.000000, 4003200, 5247008, 82272
free, 4096, 27.000000, 3999104, 5247008, 82240
free, 8192, 42.000000, 3990912, 5247008, 82176
free, 32, 31.000000, 3990832, 5247008, 82144
free, 64, 23.000000, 3990768, 5247008, 82112
free, 128, 34.000000, 3990640, 5247008, 82048
free, 256, 30.000000, 3990112, 5247008, 82016
free, 512, 27.000000, 3989600, 5247008, 81984
free, 1024, 40.000000, 3988576, 5247008, 81920
free, 2048, 23.000000, 3984464, 5247008, 81888
free, 4096, 30.000000, 3980368, 5247008, 81856
free, 8192, 41.000000, 3972176, 5247008, 81792
free, 32, 28.000000, 3972096, 5247008, 81760
free, 64, 23.000000, 3972032, 5247008, 81728
free, 128, 33.000000, 3971904, 5247008, 81664
free, 256, 19.000000, 3971376, 5247008, 81632
free, 512, 28.000000, 3970864, 5247008, 81600
free, 1024, 44.000000, 3969840, 5247008, 81536
free, 2048, 22.000000, 3965728, 5247008, 81504
free, 4096, 29.000000, 3961632, 5247008, 81472
free, 8192, 43.000000, 3953440, 5247008, 81408
free, 32, 24.000000, 3953360, 5247008, 81376
free, 64, 20.000000, 3953296, 5247008, 81344
free, 128, 35.000000, 3953168, 5247008, 81280
free, 256, 32.000000, 3952640, 5247008, 81248
free, 512, 29.000000, 3952128, 5247008, 81216
free, 1024, 50.000000, 3951104, 5247008, 81152
free, 2048, 21.000000, 3946992, 5247008, 81120
free, 4096, 28.000000, 3942896, 5247008, 81088
free, 8192, 41.000000, 3934704, 5247008, 81024
free, 32, 28.000000, 3934624, 5247008, 80992
free, 64, 24.000000, 3934560, 5247008, 80960
free, 128, 32.000000, 3934432, 5247008, 80896
free, 256, 21.000000, 3933904, 5247008, 80864
free, 512, 27.000000, 3933392, 5247008, 80832
free, 1024, 43.000000, 3932368, 5247008, 80768
free, 2048, 25.000000, 3928256, 5247008, 80736
free, 4096, 28.000000, 3924160, 5247008, 80704
free, 8192, 43.000000, 3915968, 5247008, 80640
free, 32, 23.000000, 3915888, 5247008, 80608
free, 64, 20.000000, 3915824, 5247008, 80576
free, 128, 31.000000, 3915696, 5247008, 80512
free, 256, 23.000000, 3915168, 5247008, 80480
free, 512, 29.000000, 3914656, 5247008, 80448
free, 1024, 44.000000, 3913632, 5247008, 80384
free, 2048, 23.000000, 3909520, 5247008, 80352
free, 4096, 31.000000, 3905424, 5247008, 80320
free, 8192, 44.000000, 3897232, 5247008, 80256
free, 32, 24.000000, 3897152, 5247008, 80224
free, 64, 23.000000, 3897088, 5247008, 80192
free, 128, 34.000000, 3896960, 5247008, 80128
free, 256, 32.000000, 3896432, 5247008, 80096
free, 512, 32.000000, 3895920, 5247008, 80064
free, 1024, 40.000000, 3894896, 5247008, 80000
free, 2048, 26.000000, 3890784, 5247008, 79968
free, 4096, 30.000000, 3886688, 5247008, 79936
free, 8192, 40.000000, 3878496, 5247008, 79872
free, 32, 23.000000, 3878416, 5247008, 79840
free, 64, 21.000000, 3878352, 5247008, 79808
free, 128, 35.000000, 3878224, 5247008, 79744
free, 256, 22.000000, 3877696, 5247008, 79712
free, 512, 30.000000, 3877184, 5247008, 79680
free, 1024, 45.000000, 3876160, 5247008, 79616
free, 2048, 22.000000, 3872048, 5247008, 79584
free, 4096, 28.000000, 3867952, 5247008, 79552
free, 8192, 42.000000, 3859760, 5247008, 79488
free, 32, 20.000000, 3859680, 5247008, 79456
free, 64, 24.000000, 3859616, 5247008, 79424
free, 128, 32.000000, 3859488, 5247008, 79360
free, 256, 31.000000, 3858960, 5247008, 79328
free, 512, 32.000000, 3858448, 5247008, 79296
free, 1024, 40.000000, 3857424, 5247008, 79232
free, 2048, 23.000000, 3853312, 5247008, 79200
free, 4096, 32.000000, 3849216, 5247008, 79168
free, 8192, 34.000000, 3841024, 5247008, 79104
free, 32, 31.000000, 3840944, 5247008, 79072
free, 64, 28.000000, 3840880, 5247008, 79040
free, 128, 37.000000, 3840752, 5247008, 78976
free, 256, 23.000000, 3840224, 5247008, 78944
free, 512, 32.000000, 3839712, 5247008, 78912
free, 1024, 40.000000, 3838688, 5247008, 78848
free, 2048, 28.000000, 3834576, 5247008, 78816
free, 4096, 28.000000, 3830480, 5247008, 78784
free, 8192, 43.000000, 3822288, 5247008, 78720
free, 32, 36.000000, 3822208, 5247008, 78688
free, 64, 26.000000, 3822144, 5247008, 78656
free, 128, 52.000000, 3822016, 5247008, 78592
free, 256, 27.000000, 3821488, 5247008, 78560
free, 512, 27.000000, 3820976, 5247008, 78528
free, 1024, 38.000000, 3819952, 5247008, 78464
free, 2048, 30.000000, 3815840, 5247008, 78432
free, 4096, 31.000000, 3811744, 5247008, 78400
free, 8192, 40.000000, 3803552, 5247008, 78336
free, 32, 23.000000, 3803472, 5247008, 78304
free, 64, 21.000000, 3803408, 5247008, 78272
free, 128, 33.000000, 3803280, 5247008, 78208
free, 256, 30.000000, 3802752, 5247008, 78176
free, 512, 30.000000, 3802240, 5247008, 78144
free, 1024, 44.000000, 3801216, 5247008, 78080
free, 2048, 36.000000, 3797104, 5247008, 78048
free, 4096, 29.000000, 3793008, 5247008, 78016
free, 8192, 38.000000, 3784816, 5247008, 77952
free, 32, 29.000000, 3784736, 5247008, 77920
free, 64, 23.000000, 3784672, 5247008, 77888
free, 128, 33.000000, 3784544, 5247008, 77824
free, 256, 29.000000, 3784016, 5247008, 77792
free, 512, 29.000000, 3783504, 5247008, 77760
free, 1024, 40.000000, 3782480, 5247008, 77696
free, 2048, 24.000000, 3778368, 5247008, 77664
free, 4096, 34.000000, 3774272, 5247008, 77632
free, 8192, 44.000000, 3766080, 5247008, 77568
free, 32, 21.000000, 3766000, 5247008, 77536
free, 64, 22.000000, 3765936, 5247008, 77504
free, 128, 33.000000, 3765808, 5247008, 77440
free, 256, 29.000000, 3765280, 5247008, 77408
free, 512, 29.000000, 3764768, 5247008, 77376
free, 1024, 42.000000, 3763744, 5247008, 77312
free, 2048, 22.000000, 3759632, 5247008, 77280
free, 4096, 32.000000, 3755536, 5247008, 77248
free, 8192, 41.000000, 3747344, 5247008, 77184
free, 32, 28.000000, 3747264, 5247008, 77152
free, 64, 20.000000, 3747200, 5247008, 77120
free, 128, 34.000000, 3747072, 5247008, 77056
free, 256, 28.000000, 3746544, 5247008, 77024
free, 512, 28.000000, 3746032, 5247008, 76992
free, 1024, 40.000000, 3745008, 5247008, 76928
free, 2048, 27.000000, 3740896, 5247008, 76896
free, 4096, 30.000000, 3736800, 5247008, 76864
free, 8192, 42.000000, 3728608, 5247008, 76800
free, 32, 22.000000, 3728528, 5247008, 76768
free, 64, 29.000000, 3728464, 5247008, 76736
free, 128, 43.000000, 3728336, 5247008, 76672
free, 256, 27.000000, 3727808, 5247008, 76640
free, 512, 30.000000, 3727296, 5247008, 76608
free, 1024, 38.000000, 3726272, 5247008, 76544
free, 2048, 24.000000, 3722160, 5247008, 76512
free, 4096, 28.000000, 3718064, 5247008, 76480
free, 8192, 41.000000, 3709872, 5247008, 76416
free, 32, 21.000000, 3709792, 5247008, 76384
free, 64, 30.000000, 3709728, 5247008, 76352
free, 128, 40.000000, 3709600, 5247008, 76288
free, 256, 33.000000, 3709072, 5247008, 76256
free, 512, 34.000000, 3708560, 5247008, 76224
free, 1024, 39.000000, 3707536, 5247008, 76160
free, 2048, 31.000000, 3703424, 5247008, 76128
free, 4096, 34.000000, 3699328, 5247008, 76096
free, 8192, 41.000000, 3691136, 5247008, 76032
free, 32, 24.000000, 3691056, 5247008, 76000
free, 64, 22.000000, 3690992, 5247008, 75968
free, 128, 36.000000, 3690864, 5247008, 75904
free, 256, 31.000000, 3690336, 5247008, 75872
free, 512, 29.000000, 3689824, 5247008, 75840
free, 1024, 43.000000, 3688800, 5247008, 75776
free, 2048, 29.000000, 3684688, 5247008, 75744
free, 4096, 31.000000, 3680592, 5247008, 75712
free, 8192, 42.000000, 3672400, 5247008, 75648
free, 32, 20.000000, 3672320, 5247008, 75616
free, 64, 22.000000, 3672256, 5247008, 75584
free, 128, 33.000000, 3672128, 5247008, 75520
free, 256, 28.000000, 3671600, 5247008, 75488
free, 512, 25.000000, 3671088, 5247008, 75456
free, 1024, 42.000000, 3670064, 5247008, 75392
free, 2048, 22.000000, 3665952, 5247008, 75360
free, 4096, 30.000000, 3661856, 5247008, 75328
free, 8192, 46.000000, 3653664, 5247008, 75264
free, 32, 20.000000, 3653584, 5247008, 75232
free, 64, 21.000000, 3653520, 5247008, 75200
free, 128, 32.000000, 3653392, 5247008, 75136
free, 256, 26.000000, 3652864, 5247008, 75104
free, 512, 26.000000, 3652352, 5247008, 75072
free, 1024, 42.000000, 3651328, 5247008, 75008
free, 2048, 23.000000, 3647216, 5247008, 74976
free, 4096, 29.000000, 3643120, 5247008, 74944
free, 8192, 40.000000, 3634928, 5247008, 74880
free, 32, 20.000000, 3634848, 5247008, 74848
free, 64, 22.000000, 3634784, 5247008, 74816
free, 128, 31.000000, 3634656, 5247008, 74752
free, 256, 21.000000, 3634128, 5247008, 74720
free, 512, 29.000000, 3633616, 5247008, 74688
free, 1024, 40.000000, 3632592, 5247008, 74624
free, 2048, 23.000000, 3628480, 5247008, 74592
free, 4096, 30.000000, 3624384, 5247008, 74560
free, 8192, 40.000000, 3616192, 5247008, 74496
free, 32, 25.000000, 3616112, 5247008, 74464
free, 64, 21.000000, 3616048, 5247008, 74432
free, 128, 33.000000, 3615920, 5247008, 74368
free, 256, 30.000000, 3615392, 5247008, 74336
free, 512, 29.000000, 3614880, 5247008, 74304
free, 1024, 44.000000, 3613856, 5247008, 74240
free, 2048, 28.000000, 3609744, 5247008, 74208
free, 4096, 30.000000, 3605648, 5247008, 74176
free, 8192, 42.000000, 3597456, 5247008, 74112
free, 32, 22.000000, 3597376, 5247008, 74080
free, 64, 20.000000, 3597312, 5247008, 74048
free, 128, 34.000000, 3597184, 5247008, 73984
free, 256, 32.000000, 3596656, 5247008, 73952
free, 512, 34.000000, 3596144, 5247008, 73920
free, 1024, 38.000000, 3595120, 5247008, 73856
free, 2048, 26.000000, 3591008, 5247008, 73824
free, 4096, 31.000000, 3586912, 5247008, 73792
free, 8192, 44.000000, 3578720, 5247008, 73728
free, 32, 23.000000, 3578640, 5247008, 73696
free, 64, 23.000000, 3578576, 5247008, 73664
free, 128, 35.000000, 3578448, 5247008, 73600
free, 256, 22.000000, 3577920, 5247008, 73568
free, 512, 31.000000, 3577408, 5247008, 73536
free, 1024, 42.000000, 3576384, 5247008, 73472
free, 2048, 23.000000, 3572272, 5247008, 73440
free, 4096, 29.000000, 3568176, 5247008, 73408
free, 8192, 41.000000, 3559984, 5247008, 73344
free, 32, 28.000000, 3559904, 5247008, 73312
free, 64, 22.000000, 3559840, 5247008, 73280
free, 128, 33.000000, 3559712, 5247008, 73216
free, 256, 30.000000, 3559184, 5247008, 73184
free, 512, 28.000000, 3558672, 5247008, 73152
free, 1024, 41.000000, 3557648, 5247008, 73088
free, 2048, 27.000000, 3553536, 5247008, 73056
free, 4096, 29.000000, 3549440, 5247008, 73024
free, 8192, 40.000000, 3541248, 5247008, 72960
free, 32, 20.000000, 3541168, 5247008, 72928
free, 64, 22.000000, 3541104, 5247008, 72896
free, 128, 32.000000, 3540976, 5247008, 72832
free, 256, 27.000000, 3540448, 5247008, 72800
free, 512, 27.000000, 3539936, 5247008, 72768
free, 1024, 41.000000, 3538912, 5247008, 72704
free, 2048, 29.000000, 3534800, 5247008, 72672
free, 4096, 29.000000, 3530704, 5247008, 72640
free, 8192, 40.000000, 3522512, 5247008, 72576
free, 32, 27.000000, 3522432, 5247008, 72544
free, 64, 20.000000, 3522368, 5247008, 72512
free, 128, 32.000000, 3522240, 5247008, 72448
free, 256, 25.000000, 3521712, 5247008, 72416
free, 512, 27.000000, 3521200, 5247008, 72384
free, 1024, 43.000000, 3520176, 5247008, 72320
free, 2048, 22.000000, 3516064, 5247008, 72288
free, 4096, 28.000000, 3511968, 5247008, 72256
free, 8192, 43.000000, 3503776, 5247008, 72192
free, 32, 21.000000, 3503696, 5247008, 72160
free, 64, 21.000000, 3503632, 5247008, 72128
free, 128, 33.000000, 3503504, 5247008, 72064
free, 256, 22.000000, 3502976, 5247008, 72032
free, 512, 28.000000, 3502464, 5247008, 72000
free, 1024, 39.000000, 3501440, 5247008, 71936
free, 2048, 30.000000, 3497328, 5247008, 71904
free, 4096, 33.000000, 3493232, 5247008, 71872
free, 8192, 43.000000, 3485040, 5247008, 71808
free, 32, 27.000000, 3484960, 5247008, 71776
free, 64, 22.000000, 3484896, 5247008, 71744
free, 128, 34.000000, 3484768, 5247008, 71680
free, 256, 23.000000, 3484240, 5247008, 71648
free, 512, 27.000000, 3483728, 5247008, 71616
free, 1024, 42.000000, 3482704, 5247008, 71552
free, 2048, 23.000000, 3478592, 5247008, 71520
free, 4096, 29.000000, 3474496, 5247008, 71488
free, 8192, 37.000000, 3466304, 5247008, 71424
free, 32, 33.000000, 3466224, 5247008, 71392
free, 64, 22.000000, 3466160, 5247008, 71360
free, 128, 31.000000, 3466032, 5247008, 71296
free, 256, 21.000000, 3465504, 5247008, 71264
free, 512, 29.000000, 3464992, 5247008, 71232
free, 1024, 43.000000, 3463968, 5247008, 71168
free, 2048, 37.000000, 3459856, 5247008, 71136
free, 4096, 30.000000, 3455760, 5247008, 71104
free, 8192, 45.000000, 3447568, 5247008, 71040
free, 32, 19.000000, 3447488, 5247008, 71008
free, 64, 19.000000, 3447424, 5247008, 70976
free, 128, 32.000000, 3447296, 5247008, 70912
free, 256, 24.000000, 3446768, 5247008, 70880
free, 512, 26.000000, 3446256, 5247008, 70848
free, 1024, 42.000000, 3445232, 5247008, 70784
free, 2048, 22.000000, 3441120, 5247008, 70752
free, 4096, 28.000000, 3437024, 5247008, 70720
free, 8192, 46.000000, 3428832, 5247008, 70656
free, 32, 21.000000, 3428752, 5247008, 70624
free, 64, 31.000000, 3428688, 5247008, 70592
free, 128, 44.000000, 3428560, 5247008, 70528
free, 256, 32.000000, 3428032, 5247008, 70496
free, 512, 31.000000, 3427520, 5247008, 70464
free, 1024, 40.000000, 3426496, 5247008, 70400
free, 2048, 24.000000, 3422384, 5247008, 70368
free, 4096, 29.000000, 3418288, 5247008, 70336
free, 8192, 43.000000, 3410096, 5247008, 70272
free, 32, 21.000000, 3410016, 5247008, 70240
free, 64, 33.000000, 3409952, 5247008, 70208
free, 128, 36.000000, 3409824, 5247008, 70144
free, 256, 23.000000, 3409296, 5247008, 70112
free, 512, 27.000000, 3408784, 5247008, 70080
free, 1024, 43.000000, 3407760, 5247008, 70016
free, 2048, 24.000000, 3403648, 5247008, 69984
free, 4096, 30.000000, 3399552, 5247008, 69952
free, 8192, 44.000000, 3391360, 5247008, 69888
free, 32, 23.000000, 3391280, 5247008, 69856
free, 64, 21.000000, 3391216, 5247008, 69824
free, 128, 35.000000, 3391088, 5247008, 69760
free, 256, 25.000000, 3390560, 5247008, 69728
free, 512, 26.000000, 3390048, 5247008, 69696
free, 1024, 40.000000, 3389024, 5247008, 69632
free, 2048, 29.000000, 3384912, 5247008, 69600
free, 4096, 30.000000, 3380816, 5247008, 69568
free, 8192, 40.000000, 3372624, 5247008, 69504
free, 32, 25.000000, 3372544, 5247008, 69472
free, 64, 22.000000, 3372480, 5247008, 69440
free, 128, 35.000000, 3372352, 5247008, 69376
free, 256, 21.000000, 3371824, 5247008, 69344
free, 512, 30.000000, 3371312, 5247008, 69312
free, 1024, 45.000000, 3370288, 5247008, 69248
free, 2048, 33.000000, 3366176, 5247008, 69216
free, 4096, 29.000000, 3362080, 5247008, 69184
free, 8192, 42.000000, 3353888, 5247008, 69120
free, 32, 23.000000, 3353808, 5247008, 69088
free, 64, 23.000000, 3353744, 5247008, 69056
free, 128, 35.000000, 3353616, 5247008, 68992
free, 256, 23.000000, 3353088, 5247008, 68960
free, 512, 28.000000, 3352576, 5247008, 68928
free, 1024, 51.000000, 3351552, 5247008, 68864
free, 2048, 30.000000, 3347440, 5247008, 68832
free, 4096, 30.000000, 3343344, 5247008, 68800
free, 8192, 42.000000, 3335152, 5247008, 68736
free, 32, 29.000000, 3335072, 5247008, 68704
free, 64, 21.000000, 3335008, 5247008, 68672
free, 128, 34.000000, 3334880, 5247008, 68608
free, 256, 29.000000, 3334352, 5247008, 68576
free, 512, 33.000000, 3333840, 5247008, 68544
free, 1024, 42.000000, 3332816, 5247008, 68480
free, 2048, 25.000000, 3328704, 5247008, 68448
free, 4096, 29.000000, 3324608, 5247008, 68416
free, 8192, 40.000000, 3316416, 5247008, 68352
free, 32, 22.000000, 3316336, 5247008, 68320
free, 64, 21.000000, 3316272, 5247008, 68288
free, 128, 35.000000, 3316144, 5247008, 68224
free, 256, 22.000000, 3315616, 5247008, 68192
free, 512, 30.000000, 3315104, 5247008, 68160
free, 1024, 42.000000, 3314080, 5247008, 68096
free, 2048, 31.000000, 3309968, 5247008, 68064
free, 4096, 29.000000, 3305872, 5247008, 68032
free, 8192, 40.000000, 3297680, 5247008, 67968
free, 32, 24.000000, 3297600, 5247008, 67936
free, 64, 22.000000, 3297536, 5247008, 67904
free, 128, 32.000000, 3297408, 5247008, 67840
free, 256, 32.000000, 3296880, 5247008, 67808
free, 512, 28.000000, 3296368, 5247008, 67776
free, 1024, 43.000000, 3295344, 5247008, 67712
free, 2048, 28.000000, 3291232, 5247008, 67680
free, 4096, 35.000000, 3287136, 5247008, 67648
free, 8192, 40.000000, 3278944, 5247008, 67584
free, 32, 22.000000, 3278864, 5247008, 67552
free, 64, 20.000000, 3278800, 5247008, 67520
free, 128, 33.000000, 3278672, 5247008, 67456
free, 256, 26.000000, 3278144, 5247008, 67424
free, 512, 27.000000, 3277632, 5247008, 67392
free, 1024, 42.000000, 3276608, 5247008, 67328
free, 2048, 30.000000, 3272496, 5247008, 67296
free, 4096, 28.000000, 3268400, 5247008, 67264
free, 8192, 42.000000, 3260208, 5247008, 67200
free, 32, 20.000000, 3260128, 5247008, 67168
free, 64, 21.000000, 3260064, 5247008, 67136
free, 128, 32.000000, 3259936, 5247008, 67072
free, 256, 24.000000, 3259408, 5247008, 67040
free, 512, 25.000000, 3258896, 5247008, 67008
free, 1024, 40.000000, 3257872, 5247008, 66944
free, 2048, 32.000000, 3253760, 5247008, 66912
free, 4096, 29.000000, 3249664, 5247008, 66880
free, 8192, 40.000000, 3241472, 5247008, 66816
free, 32, 30.000000, 3241392, 5247008, 66784
free, 64, 21.000000, 3241328, 5247008, 66752
free, 128, 33.000000, 3241200, 5247008, 66688
free, 256, 20.000000, 3240672, 5247008, 66656
free, 512, 28.000000, 3240160, 5247008, 66624
free, 1024, 43.000000, 3239136, 5247008, 66560
free, 2048, 31.000000, 3235024, 5247008, 66528
free, 4096, 29.000000, 3230928, 5247008, 66496
free, 8192, 43.000000, 3222736, 5247008, 66432
free, 32, 21.000000, 3222656, 5247008, 66400
free, 64, 21.000000, 3222592, 5247008, 66368
free, 128, 33.000000, 3222464, 5247008, 66304
free, 256, 31.000000, 3221936, 5247008, 66272
free, 512, 28.000000, 3221424, 5247008, 66240
free, 1024, 42.000000, 3220400, 5247008, 66176
free, 2048, 25.000000, 3216288, 5247008, 66144
free, 4096, 35.000000, 3212192, 5247008, 66112
free, 8192, 41.000000, 3204000, 5247008, 66048
free, 32, 20.000000, 3203920, 5247008, 66016
free, 64, 22.000000, 3203856, 5247008, 65984
free, 128, 31.000000, 3203728, 5247008, 65920
free, 256, 27.000000, 3203200, 5247008, 65888
free, 512, 27.000000, 3202688, 5247008, 65856
free, 1024, 41.000000, 3201664, 5247008, 65792
free, 2048, 28.000000, 3197552, 5247008, 65760
free, 4096, 32.000000, 3193456, 5247008, 65728
free, 8192, 41.000000, 3185264, 5247008, 65664
free, 32, 32.000000, 3185184, 5247008, 65632
free, 64, 24.000000, 3185120, 5247008, 65600
free, 128, 34.000000, 3184992, 5247008, 65536
free, 256, 30.000000, 3184464, 5247008, 65504
free, 512, 30.000000, 3183952, 5247008, 65472
free, 1024, 38.000000, 3182928, 5247008, 65408
free, 2048, 28.000000, 3178816, 5247008, 65376
free, 4096, 30.000000, 3174720, 5247008, 65344
free, 8192, 44.000000, 3166528, 5247008, 65280
free, 32, 29.000000, 3166448, 5247008, 65248
free, 64, 21.000000, 3166384, 5247008, 65216
free, 128, 34.000000, 3166256, 5247008, 65152
free, 256, 30.000000, 3165728, 5247008, 65120
free, 512, 31.000000, 3165216, 5247008, 65088
free, 1024, 39.000000, 3164192, 5247008, 65024
free, 2048, 23.000000, 3160080, 5247008, 64992
free, 4096, 30.000000, 3155984, 5247008, 64960
free, 8192, 42.000000, 3147792, 5247008, 64896
free, 32, 32.000000, 3147712, 5247008, 64864
free, 64, 24.000000, 3147648, 5247008, 64832
free, 128, 31.000000, 3147520, 5247008, 64768
free, 256, 23.000000, 3146992, 5247008, 64736
free, 512, 30.000000, 3146480, 5247008, 64704
free, 1024, 42.000000, 3145456, 5247008, 64640
free, 2048, 28.000000, 3141344, 5247008, 64608
free, 4096, 33.000000, 3137248, 5247008, 64576
free, 8192, 43.000000, 3129056, 5247008, 64512
free, 32, 20.000000, 3128976, 5247008, 64480
free, 64, 29.000000, 3128912, 5247008, 64448
free, 128, 44.000000, 3128784, 5247008, 64384
free, 256, 23.000000, 3128256, 5247008, 64352
free, 512, 29.000000, 3127744, 5247008, 64320
free, 1024, 43.000000, 3126720, 5247008, 64256
free, 2048, 21.000000, 3122608, 5247008, 64224
free, 4096, 32.000000, 3118512, 5247008, 64192
free, 8192, 41.000000, 3110320, 5247008, 64128
free, 32, 23.000000, 3110240, 5247008, 64096
free, 64, 29.000000, 3110176, 5247008, 64064
free, 128, 34.000000, 3110048, 5247008, 64000
free, 256, 24.000000, 3109520, 5247008, 63968
free, 512, 29.000000, 3109008, 5247008, 63936
free, 1024, 46.000000, 3107984, 5247008, 63872
free, 2048, 30.000000, 3103872, 5247008, 63840
free, 4096, 31.000000, 3099776, 5247008, 63808
free, 8192, 39.000000, 3091584, 5247008, 63744
free, 32, 23.000000, 3091504, 5247008, 63712
free, 64, 23.000000, 3091440, 5247008, 63680
free, 128, 35.000000, 3091312, 5247008, 63616
free, 256, 36.000000, 3090784, 5247008, 63584
free, 512, 31.000000, 3090272, 5247008, 63552
free, 1024, 43.000000, 3089248, 5247008, 63488
free, 2048, 32.000000, 3085136, 5247008, 63456
free, 4096, 27.000000, 3081040, 5247008, 63424
free, 8192, 45.000000, 3072848, 5247008, 63360
free, 32, 31.000000, 3072768, 5247008, 63328
free, 64, 25.000000, 3072704, 5247008, 63296
free, 128, 36.000000, 3072576, 5247008, 63232
free, 256, 28.000000, 3072048, 5247008, 63200
free, 512, 26.000000, 3071536, 5247008, 63168
free, 1024, 40.000000, 3070512, 5247008, 63104
free, 2048, 30.000000, 3066400, 5247008, 63072
free, 4096, 31.000000, 3062304, 5247008, 63040
free, 8192, 39.000000, 3054112, 5247008, 62976
free, 32, 21.000000, 3054032, 5247008, 62944
free, 64, 20.000000, 3053968, 5247008, 62912
free, 128, 34.000000, 3053840, 5247008, 62848
free, 256, 29.000000, 3053312, 5247008, 62816
free, 512, 30.000000, 3052800, 5247008, 62784
free, 1024, 44.000000, 3051776, 5247008, 62720
free, 2048, 34.000000, 3047664, 5247008, 62688
free, 4096, 31.000000, 3043568, 5247008, 62656
free, 8192, 44.000000, 3035376, 5247008, 62592
free, 32, 30.000000, 3035296, 5247008, 62560
free, 64, 21.000000, 3035232, 5247008, 62528
free, 128, 33.000000, 3035104, 5247008, 62464
free, 256, 20.000000, 3034576, 5247008, 62432
free, 512, 28.000000, 3034064, 5247008, 62400
free, 1024, 43.000000, 3033040, 5247008, 62336
free, 2048, 23.000000, 3028928, 5247008, 62304
free, 4096, 28.000000, 3024832, 5247008, 62272
free, 8192, 40.000000, 3016640, 5247008, 62208
free, 32, 30.000000, 3016560, 5247008, 62176
free, 64, 21.000000, 3016496, 5247008, 62144
free, 128, 31.000000, 3016368, 5247008, 62080
free, 256, 30.000000, 3015840, 5247008, 62048
free, 512, 27.000000, 3015328, 5247008, 62016
free, 1024, 44.000000, 3014304, 5247008, 61952
free, 2048, 31.000000, 3010192, 5247008, 61920
free, 4096, 33.000000, 3006096, 5247008, 61888
free, 8192, 40.000000, 2997904, 5247008, 61824
free, 32, 30.000000, 2997824, 5247008, 61792
free, 64, 24.000000, 2997760, 5247008, 61760
free, 128, 35.000000, 2997632, 5247008, 61696
free, 256, 29.000000, 2997104, 5247008, 61664
free, 512, 29.000000, 2996592, 5247008, 61632
free, 1024, 45.000000, 2995568, 5247008, 61568
free, 2048, 31.000000, 2991456, 5247008, 61536
free, 4096, 29.000000, 2987360, 5247008, 61504
free, 8192, 45.000000, 2979168, 5247008, 61440
free, 32, 22.000000, 2979088, 5247008, 61408
free, 64, 23.000000, 2979024, 5247008, 61376
free, 128, 31.000000, 2978896, 5247008, 61312
free, 256, 30.000000, 2978368, 5247008, 61280
free, 512, 38.000000, 2977856, 5247008, 61248
free, 1024, 41.000000, 2976832, 5247008, 61184
free, 2048, 29.000000, 2972720, 5247008, 61152
free, 4096, 40.000000, 2968624, 5247008, 61120
free, 8192, 38.000000, 2960432, 5247008, 61056
free, 32, 25.000000, 2960352, 5247008, 61024
free, 64, 24.000000, 2960288, 5247008, 60992
free, 128, 34.000000, 2960160, 5247008, 60928
free, 256, 24.000000, 2959632, 5247008, 60896
free, 512, 30.000000, 2959120, 5247008, 60864
free, 1024, 43.000000, 2958096, 5247008, 60800
free, 2048, 32.000000, 2953984, 5247008, 60768
free, 4096, 29.000000, 2949888, 5247008, 60736
free, 8192, 40.000000, 2941696, 5247008, 60672
free, 32, 20.000000, 2941616, 5247008, 60640
free, 64, 23.000000, 2941552, 5247008, 60608
free, 128, 34.000000, 2941424, 5247008, 60544
free, 256, 23.000000, 2940896, 5247008, 60512
free, 512, 29.000000, 2940384, 5247008, 60480
free, 1024, 42.000000, 2939360, 5247008, 60416
free, 2048, 21.000000, 2935248, 5247008, 60384
free, 4096, 32.000000, 2931152, 5247008, 60352
free, 8192, 43.000000, 2922960, 5247008, 60288
free, 32, 32.000000, 2922880, 5247008, 60256
free, 64, 24.000000, 2922816, 5247008, 60224
free, 128, 32.000000, 2922688, 5247008, 60160
free, 256, 27.000000, 2922160, 5247008, 60128
free, 512, 28.000000, 2921648, 5247008, 60096
free, 1024, 41.000000, 2920624, 5247008, 60032
free, 2048, 24.000000, 2916512, 5247008, 60000
free, 4096, 33.000000, 2912416, 5247008, 59968
free, 8192, 39.000000, 2904224, 5247008, 59904
free, 32, 26.000000, 2904144, 5247008, 59872
free, 64, 22.000000, 2904080, 5247008, 59840
free, 128, 32.000000, 2903952, 5247008, 59776
free, 256, 27.000000, 2903424, 5247008, 59744
free, 512, 28.000000, 2902912, 5247008, 59712
free, 1024, 40.000000, 2901888, 5247008, 59648
free, 2048, 28.000000, 2897776, 5247008, 59616
free, 4096, 30.000000, 2893680, 5247008, 59584
free, 8192, 40.000000, 2885488, 5247008, 59520
free, 32, 24.000000, 2885408, 5247008, 59488
free, 64, 23.000000, 2885344, 5247008, 59456
free, 128, 30.000000, 2885216, 5247008, 59392
free, 256, 27.000000, 2884688, 5247008, 59360
free, 512, 31.000000, 2884176, 5247008, 59328
free, 1024, 39.000000, 2883152, 5247008, 59264
free, 2048, 27.000000, 2879040, 5247008, 59232
free, 4096, 26.000000, 2874944, 5247008, 59200
free, 8192, 45.000000, 2866752, 5247008, 59136
free, 32, 24.000000, 2866672, 5247008, 59104
free, 64, 21.000000, 2866608, 5247008, 59072
free, 128, 31.000000, 2866480, 5247008, 59008
free, 256, 21.000000, 2865952, 5247008, 58976
free, 512, 32.000000, 2865440, 5247008, 58944
free, 1024, 38.000000, 2864416, 5247008, 58880
free, 2048, 27.000000, 2860304, 5247008, 58848
free, 4096, 28.000000, 2856208, 5247008, 58816
free, 8192, 40.000000, 2848016, 5247008, 58752
free, 32, 24.000000, 2847936, 5247008, 58720
free, 64, 29.000000, 2847872, 5247008, 58688
free, 128, 41.000000, 2847744, 5247008, 58624
free, 256, 32.000000, 2847216, 5247008, 58592
free, 512, 28.000000, 2846704, 5247008, 58560
free, 1024, 42.000000, 2845680, 5247008, 58496
free, 2048, 24.000000, 2841568, 5247008, 58464
free, 4096, 29.000000, 2837472, 5247008, 58432
free, 8192, 41.000000, 2829280, 5247008, 58368
free, 32, 26.000000, 2829200, 5247008, 58336
free, 64, 31.000000, 2829136, 5247008, 58304
free, 128, 35.000000, 2829008, 5247008, 58240
free, 256, 28.000000, 2828480, 5247008, 58208
free, 512, 31.000000, 2827968, 5247008, 58176
free, 1024, 40.000000, 2826944, 5247008, 58112
free, 2048, 27.000000, 2822832, 5247008, 58080
free, 4096, 30.000000, 2818736, 5247008, 58048
free, 8192, 41.000000, 2810544, 5247008, 57984
free, 32, 21.000000, 2810464, 5247008, 57952
free, 64, 22.000000, 2810400, 5247008, 57920
free, 128, 33.000000, 2810272, 5247008, 57856
free, 256, 31.000000, 2809744, 5247008, 57824
free, 512, 30.000000, 2809232, 5247008, 57792
free, 1024, 42.000000, 2808208, 5247008, 57728
free, 2048, 29.000000, 2804096, 5247008, 57696
free, 4096, 29.000000, 2800000, 5247008, 57664
free, 8192, 40.000000, 2791808, 5247008, 57600
free, 32, 30.000000, 2791728, 5247008, 57568
free, 64, 22.000000, 2791664, 5247008, 57536
free, 128, 35.000000, 2791536, 5247008, 57472
free, 256, 29.000000, 2791008, 5247008, 57440
free, 512, 31.000000, 2790496, 5247008, 57408
free, 1024, 45.000000, 2789472, 5247008, 57344
free, 2048, 33.000000, 2785360, 5247008, 57312
free, 4096, 31.000000, 2781264, 5247008, 57280
free, 8192, 43.000000, 2773072, 5247008, 57216
free, 32, 30.000000, 2772992, 5247008, 57184
free, 64, 23.000000, 2772928, 5247008, 57152
free, 128, 32.000000, 2772800, 5247008, 57088
free, 256, 24.000000, 2772272, 5247008, 57056
free, 512, 30.000000, 2771760, 5247008, 57024
free, 1024, 50.000000, 2770736, 5247008, 56960
free, 2048, 32.000000, 2766624, 5247008, 56928
free, 4096, 28.000000, 2762528, 5247008, 56896
free, 8192, 39.000000, 2754336, 5247008, 56832
free, 32, 22.000000, 2754256, 5247008, 56800
free, 64, 21.000000, 2754192, 5247008, 56768
free, 128, 32.000000, 2754064, 5247008, 56704
free, 256, 28.000000, 2753536, 5247008, 56672
free, 512, 29.000000, 2753024, 5247008, 56640
free, 1024, 41.000000, 2752000, 5247008, 56576
free, 2048, 23.000000, 2747888, 5247008, 56544
free, 4096, 30.000000, 2743792, 5247008, 56512
free, 8192, 44.000000, 2735600, 5247008, 56448
free, 32, 20.000000, 2735520, 5247008, 56416
free, 64, 21.000000, 2735456, 5247008, 56384
free, 128, 32.000000, 2735328, 5247008, 56320
free, 256, 27.000000, 2734800, 5247008, 56288
free, 512, 28.000000, 2734288, 5247008, 56256
free, 1024, 41.000000, 2733264, 5247008, 56192
free, 2048, 31.000000, 2729152, 5247008, 56160
free, 4096, 31.000000, 2725056, 5247008, 56128
free, 8192, 45.000000, 2716864, 5247008, 56064
free, 32, 34.000000, 2716784, 5247008, 56032
free, 64, 24.000000, 2716720, 5247008, 56000
free, 128, 32.000000, 2716592, 5247008, 55936
free, 256, 28.000000, 2716064, 5247008, 55904
free, 512, 28.000000, 2715552, 5247008, 55872
free, 1024, 37.000000, 2714528, 5247008, 55808
free, 2048, 36.000000, 2710416, 5247008, 55776
free, 4096, 31.000000, 2706320, 5247008, 55744
free, 8192, 44.000000, 2698128, 5247008, 55680
free, 32, 34.000000, 2698048, 5247008, 55648
free, 64, 20.000000, 2697984, 5247008, 55616
free, 128, 33.000000, 2697856, 5247008, 55552
free, 256, 29.000000, 2697328, 5247008, 55520
free, 512, 29.000000, 2696816, 5247008, 55488
free, 1024, 42.000000, 2695792, 5247008, 55424
free, 2048, 31.000000, 2691680, 5247008, 55392
free, 4096, 30.000000, 2687584, 5247008, 55360
free, 8192, 43.000000, 2679392, 5247008, 55296
free, 32, 22.000000, 2679312, 5247008, 55264
free, 64, 22.000000, 2679248, 5247008, 55232
free, 128, 33.000000, 2679120, 5247008, 55168
free, 256, 26.000000, 2678592, 5247008, 55136
free, 512, 29.000000, 2678080, 5247008, 55104
free, 1024, 39.000000, 2677056, 5247008, 55040
free, 2048, 29.000000, 2672944, 5247008, 55008
free, 4096, 34.000000, 2668848, 5247008, 54976
free, 8192, 40.000000, 2660656, 5247008, 54912
free, 32, 21.000000, 2660576, 5247008, 54880
free, 64, 19.000000, 2660512, 5247008, 54848
free, 128, 31.000000, 2660384, 5247008, 54784
free, 256, 21.000000, 2659856, 5247008, 54752
free, 512, 30.000000, 2659344, 5247008, 54720
free, 1024, 40.000000, 2658320, 5247008, 54656
free, 2048, 29.000000, 2654208, 5247008, 54624
free, 4096, 29.000000, 2650112, 5247008, 54592
free, 8192, 40.000000, 2641920, 5247008, 54528
free, 32, 27.000000, 2641840, 5247008, 54496
free, 64, 21.000000, 2641776, 5247008, 54464
free, 128, 32.000000, 2641648, 5247008, 54400
free, 256, 27.000000, 2641120, 5247008, 54368
free, 512, 27.000000, 2640608, 5247008, 54336
free, 1024, 42.000000, 2639584, 5247008, 54272
free, 2048, 27.000000, 2635472, 5247008, 54240
free, 4096, 29.000000, 2631376, 5247008, 54208
free, 8192, 42.000000, 2623184, 5247008, 54144
free, 32, 29.000000, 2623104, 5247008, 54112
free, 64, 20.000000, 2623040, 5247008, 54080
free, 128, 32.000000, 2622912, 5247008, 54016
free, 256, 28.000000, 2622384, 5247008, 53984
free, 512, 27.000000, 2621872, 5247008, 53952
free, 1024, 45.000000, 2620848, 5247008, 53888
free, 2048, 33.000000, 2616736, 5247008, 53856
free, 4096, 29.000000, 2612640, 5247008, 53824
free, 8192, 40.000000, 2604448, 5247008, 53760
free, 32, 21.000000, 2604368, 5247008, 53728
free, 64, 21.000000, 2604304, 5247008, 53696
free, 128, 32.000000, 2604176, 5247008, 53632
free, 256, 24.000000, 2603648, 5247008, 53600
free, 512, 30.000000, 2603136, 5247008, 53568
free, 1024, 42.000000, 2602112, 5247008, 53504
free, 2048, 26.000000, 2598000, 5247008, 53472
free, 4096, 32.000000, 2593904, 5247008, 53440
free, 8192, 43.000000, 2585712, 5247008, 53376
free, 32, 25.000000, 2585632, 5247008, 53344
free, 64, 21.000000, 2585568, 5247008, 53312
free, 128, 32.000000, 2585440, 5247008, 53248
free, 256, 27.000000, 2584912, 5247008, 53216
free, 512, 27.000000, 2584400, 5247008, 53184
free, 1024, 41.000000, 2583376, 5247008, 53120
free, 2048, 30.000000, 2579264, 5247008, 53088
free, 4096, 30.000000, 2575168, 5247008, 53056
free, 8192, 41.000000, 2566976, 5247008, 52992
free, 32, 22.000000, 2566896, 5247008, 52960
free, 64, 21.000000, 2566832, 5247008, 52928
free, 128, 33.000000, 2566704, 5247008, 52864
free, 256, 26.000000, 2566176, 5247008, 52832
free, 512, 27.000000, 2565664, 5247008, 52800
free, 1024, 40.000000, 2564640, 5247008, 52736
free, 2048, 33.000000, 2560528, 5247008, 52704
free, 4096, 31.000000, 2556432, 5247008, 52672
free, 8192, 40.000000, 2548240, 5247008, 52608
free, 32, 31.000000, 2548160, 5247008, 52576
free, 64, 26.000000, 2548096, 5247008, 52544
free, 128, 41.000000, 2547968, 5247008, 52480
free, 256, 26.000000, 2547440, 5247008, 52448
free, 512, 30.000000, 2546928, 5247008, 52416
free, 1024, 38.000000, 2545904, 5247008, 52352
free, 2048, 21.000000, 2541792, 5247008, 52320
free, 4096, 33.000000, 2537696, 5247008, 52288
free, 8192, 41.000000, 2529504, 5247008, 52224
free, 32, 32.000000, 2529424, 5247008, 52192
free, 64, 29.000000, 2529360, 5247008, 52160
free, 128, 40.000000, 2529232, 5247008, 52096
free, 256, 30.000000, 2528704, 5247008, 52064
free, 512, 23.000000, 2528192, 5247008, 52032
free, 1024, 45.000000, 2527168, 5247008, 51968
free, 2048, 39.000000, 2523056, 5247008, 51936
free, 4096, 52.000000, 2518960, 5247008, 51904
free, 8192, 40.000000, 2510768, 5247008, 51840
free, 32, 23.000000, 2510688, 5247008, 51808
free, 64, 24.000000, 2510624, 5247008, 51776
free, 128, 34.000000, 2510496, 5247008, 51712
free, 256, 32.000000, 2509968, 5247008, 51680
free, 512, 29.000000, 2509456, 5247008, 51648
free, 1024, 42.000000, 2508432, 5247008, 51584
free, 2048, 27.000000, 2504320, 5247008, 51552
free, 4096, 30.000000, 2500224, 5247008, 51520
free, 8192, 38.000000, 2492032, 5247008, 51456
free, 32, 28.000000, 2491952, 5247008, 51424
free, 64, 21.000000, 2491888, 5247008, 51392
free, 128, 36.000000, 2491760, 5247008, 51328
free, 256, 33.000000, 2491232, 5247008, 51296
free, 512, 29.000000, 2490720, 5247008, 51264
free, 1024, 44.000000, 2489696, 5247008, 51200
free, 2048, 29.000000, 2485584, 5247008, 51168
free, 4096, 30.000000, 2481488, 5247008, 51136
free, 8192, 40.000000, 2473296, 5247008, 51072
free, 32, 27.000000, 2473216, 5247008, 51040
free, 64, 21.000000, 2473152, 5247008, 51008
free, 128, 34.000000, 2473024, 5247008, 50944
free, 256, 28.000000, 2472496, 5247008, 50912
free, 512, 28.000000, 2471984, 5247008, 50880
free, 1024, 54.000000, 2470960, 5247008, 50816
free, 2048, 22.000000, 2466848, 5247008, 50784
free, 4096, 30.000000, 2462752, 5247008, 50752
free, 8192, 40.000000, 2454560, 5247008, 50688
free, 32, 24.000000, 2454480, 5247008, 50656
free, 64, 21.000000, 2454416, 5247008, 50624
free, 128, 34.000000, 2454288, 5247008, 50560
free, 256, 31.000000, 2453760, 5247008, 50528
free, 512, 30.000000, 2453248, 5247008, 50496
free, 1024, 41.000000, 2452224, 5247008, 50432
free, 2048, 32.000000, 2448112, 5247008, 50400
free, 4096, 31.000000, 2444016, 5247008, 50368
free, 8192, 41.000000, 2435824, 5247008, 50304
free, 32, 30.000000, 2435744, 5247008, 50272
free, 64, 24.000000, 2435680, 5247008, 50240
free, 128, 34.000000, 2435552, 5247008, 50176
free, 256, 23.000000, 2435024, 5247008, 50144
free, 512, 24.000000, 2434512, 5247008, 50112
free, 1024, 43.000000, 2433488, 5247008, 50048
free, 2048, 24.000000, 2429376, 5247008, 50016
free, 4096, 27.000000, 2425280, 5247008, 49984
free, 8192, 41.000000, 2417088, 5247008, 49920
free, 32, 23.000000, 2417008, 5247008, 49888
free, 64, 22.000000, 2416944, 5247008, 49856
free, 128, 34.000000, 2416816, 5247008, 49792
free, 256, 29.000000, 2416288, 5247008, 49760
free, 512, 33.000000, 2415776, 5247008, 49728
free, 1024, 40.000000, 2414752, 5247008, 49664
free, 2048, 27.000000, 2410640, 5247008, 49632
free, 4096, 29.000000, 2406544, 5247008, 49600
free, 8192, 47.000000, 2398352, 5247008, 49536
free, 32, 28.000000, 2398272, 5247008, 49504
free, 64, 23.000000, 2398208, 5247008, 49472
free, 128, 34.000000, 2398080, 5247008, 49408
free, 256, 30.000000, 2397552, 5247008, 49376
free, 512, 30.000000, 2397040, 5247008, 49344
free, 1024, 39.000000, 2396016, 5247008, 49280
free, 2048, 29.000000, 2391904, 5247008, 49248
free, 4096, 27.000000, 2387808, 5247008, 49216
free, 8192, 39.000000, 2379616, 5247008, 49152
free, 32, 23.000000, 2379536, 5247008, 49120
free, 64, 20.000000, 2379472, 5247008, 49088
free, 128, 32.000000, 2379344, 5247008, 49024
free, 256, 31.000000, 2378816, 5247008, 48992
free, 512, 29.000000, 2378304, 5247008, 48960
free, 1024, 41.000000, 2377280, 5247008, 48896
free, 2048, 26.000000, 2373168, 5247008, 48864
free, 4096, 30.000000, 2369072, 5247008, 48832
free, 8192, 43.000000, 2360880, 5247008, 48768
free, 32, 23.000000, 2360800, 5247008, 48736
free, 64, 20.000000, 2360736, 5247008, 48704
free, 128, 34.000000, 2360608, 5247008, 48640
free, 256, 29.000000, 2360080, 5247008, 48608
free, 512, 29.000000, 2359568, 5247008, 48576
free, 1024, 42.000000, 2358544, 5247008, 48512
free, 2048, 27.000000, 2354432, 5247008, 48480
free, 4096, 33.000000, 2350336, 5247008, 48448
free, 8192, 44.000000, 2342144, 5247008, 48384
free, 32, 36.000000, 2342064, 5247008, 48352
free, 64, 20.000000, 2342000, 5247008, 48320
free, 128, 34.000000, 2341872, 5247008, 48256
free, 256, 29.000000, 2341344, 5247008, 48224
free, 512, 26.000000, 2340832, 5247008, 48192
free, 1024, 43.000000, 2339808, 5247008, 48128
free, 2048, 30.000000, 2335696, 5247008, 48096
free, 4096, 31.000000, 2331600, 5247008, 48064
free, 8192, 39.000000, 2323408, 5247008, 48000
free, 32, 30.000000, 2323328, 5247008, 47968
free, 64, 22.000000, 2323264, 5247008, 47936
free, 128, 32.000000, 2323136, 5247008, 47872
free, 256, 26.000000, 2322608, 5247008, 47840
free, 512, 29.000000, 2322096, 5247008, 47808
free, 1024, 40.000000, 2321072, 5247008, 47744
free, 2048, 31.000000, 2316960, 5247008, 47712
free, 4096, 30.000000, 2312864, 5247008, 47680
free, 8192, 41.000000, 2304672, 5247008, 47616
free, 32, 22.000000, 2304592, 5247008, 47584
free, 64, 24.000000, 2304528, 5247008, 47552
free, 128, 35.000000, 2304400, 5247008, 47488
free, 256, 29.000000, 2303872, 5247008, 47456
free, 512, 28.000000, 2303360, 5247008, 47424
free, 1024, 40.000000, 2302336, 5247008, 47360
free, 2048, 29.000000, 2298224, 5247008, 47328
free, 4096, 33.000000, 2294128, 5247008, 47296
free, 8192, 40.000000, 2285936, 5247008, 47232
free, 32, 30.000000, 2285856, 5247008, 47200
free, 64, 20.000000, 2285792, 5247008, 47168
free, 128, 33.000000, 2285664, 5247008, 47104
free, 256, 31.000000, 2285136, 5247008, 47072
free, 512, 31.000000, 2284624, 5247008, 47040
free, 1024, 41.000000, 2283600, 5247008, 46976
free, 2048, 34.000000, 2279488, 5247008, 46944
free, 4096, 28.000000, 2275392, 5247008, 46912
free, 8192, 37.000000, 2267200, 5247008, 46848
free, 32, 23.000000, 2267120, 5247008, 46816
free, 64, 21.000000, 2267056, 5247008, 46784
free, 128, 35.000000, 2266928, 5247008, 46720
free, 256, 30.000000, 2266400, 5247008, 46688
free, 512, 32.000000, 2265888, 5247008, 46656
free, 1024, 39.000000, 2264864, 5247008, 46592
free, 2048, 28.000000, 2260752, 5247008, 46560
free, 4096, 33.000000, 2256656, 5247008, 46528
free, 8192, 43.000000, 2248464, 5247008, 46464
free, 32, 30.000000, 2248384, 5247008, 46432
free, 64, 30.000000, 2248320, 5247008, 46400
free, 128, 42.000000, 2248192, 5247008, 46336
free, 256, 30.000000, 2247664, 5247008, 46304
free, 512, 29.000000, 2247152, 5247008, 46272
free, 1024, 44.000000, 2246128, 5247008, 46208
free, 2048, 28.000000, 2242016, 5247008, 46176
free, 4096, 31.000000, 2237920, 5247008, 46144
free, 8192, 43.000000, 2229728, 5247008, 46080
free, 32, 21.000000, 2229648, 5247008, 46048
free, 64, 29.000000, 2229584, 5247008, 46016
free, 128, 42.000000, 2229456, 5247008, 45952
free, 256, 29.000000, 2228928, 5247008, 45920
free, 512, 27.000000, 2228416, 5247008, 45888
free, 1024, 40.000000, 2227392, 5247008, 45824
free, 2048, 43.000000, 2223280, 5247008, 45760
free, 4096, 28.000000, 2219184, 5247008, 45728
free, 8192, 35.000000, 2210992, 5247008, 45664
free, 32, 68.000000, 2210912, 5247008, 45632
free, 64, 28.000000, 2210848, 5247008, 45600
free, 128, 43.000000, 2210720, 5247008, 45536
free, 256, 30.000000, 2210192, 5247008, 45472
free, 512, 37.000000, 2209680, 5247008, 45440
free, 1024, 41.000000, 2208656, 5247008, 45376
free, 2048, 51.000000, 2204544, 5247008, 45376
free, 4096, 30.000000, 2200448, 5247008, 45344
free, 8192, 46.000000, 2192256, 5247008, 45280
free, 32, 24.000000, 2192176, 5247008, 45248
free, 64, 22.000000, 2192112, 5247008, 45216
free, 128, 34.000000, 2191984, 5247008, 45152
free, 256, 29.000000, 2191456, 5247008, 45120
free, 512, 32.000000, 2190944, 5247008, 45088
free, 1024, 42.000000, 2189920, 5247008, 45024
free, 2048, 30.000000, 2185808, 5247008, 44992
free, 4096, 33.000000, 2181712, 5247008, 44960
free, 8192, 42.000000, 2173520, 5247008, 44896
free, 32, 22.000000, 2173440, 5247008, 44864
free, 64, 21.000000, 2173376, 5247008, 44832
free, 128, 34.000000, 2173248, 5247008, 44768
free, 256, 30.000000, 2172720, 5247008, 44736
free, 512, 28.000000, 2172208, 5247008, 44704
free, 1024, 49.000000, 2171184, 5247008, 44640
free, 2048, 28.000000, 2167072, 5247008, 44608
free, 4096, 32.000000, 2162976, 5247008, 44576
free, 8192, 42.000000, 2154784, 5247008, 44512
free, 32, 20.000000, 2154704, 5247008, 44480
free, 64, 23.000000, 2154640, 5247008, 44448
free, 128, 33.000000, 2154512, 5247008, 44384
free, 256, 27.000000, 2153984, 5247008, 44352
free, 512, 29.000000, 2153472, 5247008, 44320
free, 1024, 42.000000, 2152448, 5247008, 44256
free, 2048, 21.000000, 2148336, 5247008, 44224
free, 4096, 26.000000, 2144240, 5247008, 44192
free, 8192, 41.000000, 2136048, 5247008, 44128
free, 32, 27.000000, 2135968, 5247008, 44096
free, 64, 22.000000, 2135904, 5247008, 44064
free, 128, 31.000000, 2135776, 5247008, 44000
free, 256, 32.000000, 2135248, 5247008, 43968
free, 512, 27.000000, 2134736, 5247008, 43936
free, 1024, 42.000000, 2133712, 5247008, 43872
free, 2048, 30.000000, 2129600, 5247008, 43840
free, 4096, 32.000000, 2125504, 5247008, 43808
free, 8192, 43.000000, 2117312, 5247008, 43744
free, 32, 22.000000, 2117232, 5247008, 43712
free, 64, 20.000000, 2117168, 5247008, 43680
free, 128, 32.000000, 2117040, 5247008, 43616
free, 256, 29.000000, 2116512, 5247008, 43584
free, 512, 28.000000, 2116000, 5247008, 43552
free, 1024, 41.000000, 2114976, 5247008, 43488
free, 2048, 30.000000, 2110864, 5247008, 43456
free, 4096, 30.000000, 2106768, 5247008, 43424
free, 8192, 43.000000, 2098576, 5247008, 43360
free, 32, 26.000000, 2098496, 5247008, 43328
free, 64, 21.000000, 2098432, 5247008, 43296
free, 128, 33.000000, 2098304, 5247008, 43232
free, 256, 32.000000, 2097776, 5247008, 43200
free, 512, 30.000000, 2097264, 5247008, 43168
free, 1024, 40.000000, 2096240, 5247008, 43104
free, 2048, 30.000000, 2092128, 5247008, 43072
free, 4096, 29.000000, 2088032, 5247008, 43040
free, 8192, 41.000000, 2079840, 5247008, 42976
free, 32, 30.000000, 2079760, 5247008, 42944
free, 64, 22.000000, 2079696, 5247008, 42912
free, 128, 35.000000, 2079568, 5247008, 42848
free, 256, 33.000000, 2079040, 5247008, 42816
free, 512, 29.000000, 2078528, 5247008, 42784
free, 1024, 40.000000, 2077504, 5247008, 42720
free, 2048, 32.000000, 2073392, 5247008, 42688
free, 4096, 31.000000, 2069296, 5247008, 42656
free, 8192, 43.000000, 2061104, 5247008, 42592
free, 32, 25.000000, 2061024, 5247008, 42560
free, 64, 24.000000, 2060960, 5247008, 42528
free, 128, 34.000000, 2060832, 5247008, 42464
free, 256, 31.000000, 2060304, 5247008, 42432
free, 512, 29.000000, 2059792, 5247008, 42400
free, 1024, 40.000000, 2058768, 5247008, 42336
free, 2048, 32.000000, 2054656, 5247008, 42304
free, 4096, 32.000000, 2050560, 5247008, 42272
free, 8192, 44.000000, 2042368, 5247008, 42208
free, 32, 24.000000, 2042288, 5247008, 42176
free, 64, 22.000000, 2042224, 5247008, 42144
free, 128, 35.000000, 2042096, 5247008, 42080
free, 256, 31.000000, 2041568, 5247008, 42048
free, 512, 27.000000, 2041056, 5247008, 42016
free, 1024, 42.000000, 2040032, 5247008, 41952
free, 2048, 27.000000, 2035920, 5247008, 41920
free, 4096, 34.000000, 2031824, 5247008, 41888
free, 8192, 38.000000, 2023632, 5247008, 41824
free, 32, 22.000000, 2023552, 5247008, 41792
free, 64, 21.000000, 2023488, 5247008, 41760
free, 128, 34.000000, 2023360, 5247008, 41696
free, 256, 32.000000, 2022832, 5247008, 41664
free, 512, 29.000000, 2022320, 5247008, 41632
free, 1024, 38.000000, 2021296, 5247008, 41568
free, 2048, 29.000000, 2017184, 5247008, 41536
free, 4096, 27.000000, 2013088, 5247008, 41504
free, 8192, 42.000000, 2004896, 5247008, 41440
free, 32, 26.000000, 2004816, 5247008, 41408
free, 64, 23.000000, 2004752, 5247008, 41376
free, 128, 34.000000, 2004624, 5247008, 41312
free, 256, 27.000000, 2004096, 5247008, 41280
free, 512, 23.000000, 2003584, 5247008, 41248
free, 1024, 41.000000, 2002560, 5247008, 41184
free, 2048, 30.000000, 1998448, 5247008, 41152
free, 4096, 28.000000, 1994352, 5247008, 41120
free, 8192, 38.000000, 1986160, 5247008, 41056
free, 32, 31.000000, 1986080, 5247008, 41024
free, 64, 22.000000, 1986016, 5247008, 40992
free, 128, 35.000000, 1985888, 5247008, 40928
free, 256, 33.000000, 1985360, 5247008, 40896
free, 512, 32.000000, 1984848, 5247008, 40864
free, 1024, 40.000000, 1983824, 5247008, 40800
free, 2048, 31.000000, 1979712, 5247008, 40768
free, 4096, 29.000000, 1975616, 5247008, 40736
free, 8192, 43.000000, 1967424, 5247008, 40672
free, 32, 20.000000, 1967344, 5247008, 40640
free, 64, 21.000000, 1967280, 5247008, 40608
free, 128, 33.000000, 1967152, 5247008, 40544
free, 256, 29.000000, 1966624, 5247008, 40512
free, 512, 27.000000, 1966112, 5247008, 40480
free, 1024, 44.000000, 1965088, 5247008, 40416
free, 2048, 30.000000, 1960976, 5247008, 40384
free, 4096, 43.000000, 1956880, 5247008, 40352
free, 8192, 41.000000, 1948688, 5247008, 40288
free, 32, 30.000000, 1948608, 5247008, 40256
free, 64, 26.000000, 1948544, 5247008, 40224
free, 128, 40.000000, 1948416, 5247008, 40160
free, 256, 29.000000, 1947888, 5247008, 40128
free, 512, 27.000000, 1947376, 5247008, 40096
free, 1024, 39.000000, 1946352, 5247008, 40032
free, 2048, 30.000000, 1942240, 5247008, 40000
free, 4096, 27.000000, 1938144, 5247008, 39968
free, 8192, 41.000000, 1929952, 5247008, 39904
free, 32, 33.000000, 1929872, 5247008, 39872
free, 64, 31.000000, 1929808, 5247008, 39840
free, 128, 43.000000, 1929680, 5247008, 39776
free, 256, 32.000000, 1929152, 5247008, 39744
free, 512, 21.000000, 1928640, 5247008, 39712
free, 1024, 41.000000, 1927616, 5247008, 39648
free, 2048, 28.000000, 1923504, 5247008, 39616
free, 4096, 27.000000, 1919408, 5247008, 39584
free, 8192, 42.000000, 1911216, 5247008, 39520
free, 32, 26.000000, 1911136, 5247008, 39488
free, 64, 21.000000, 1911072, 5247008, 39456
free, 128, 33.000000, 1910944, 5247008, 39392
free, 256, 29.000000, 1910416, 5247008, 39360
free, 512, 25.000000, 1909904, 5247008, 39328
free, 1024, 38.000000, 1908880, 5247008, 39264
free, 2048, 29.000000, 1904768, 5247008, 39232
free, 4096, 28.000000, 1900672, 5247008, 39200
free, 8192, 43.000000, 1892480, 5247008, 39136
free, 32, 20.000000, 1892400, 5247008, 39104
free, 64, 23.000000, 1892336, 5247008, 39072
free, 128, 33.000000, 1892208, 5247008, 39008
free, 256, 21.000000, 1891680, 5247008, 38976
free, 512, 28.000000, 1891168, 5247008, 38944
free, 1024, 39.000000, 1890144, 5247008, 38880
free, 2048, 23.000000, 1886032, 5247008, 38848
free, 4096, 29.000000, 1881936, 5247008, 38816
free, 8192, 40.000000, 1873744, 5247008, 38752
free, 32, 29.000000, 1873664, 5247008, 38720
free, 64, 22.000000, 1873600, 5247008, 38688
free, 128, 34.000000, 1873472, 5247008, 38624
free, 256, 29.000000, 1872944, 5247008, 38592
free, 512, 25.000000, 1872432, 5247008, 38560
free, 1024, 51.000000, 1871408, 5247008, 38496
free, 2048, 28.000000, 1867296, 5247008, 38464
free, 4096, 33.000000, 1863200, 5247008, 38432
free, 8192, 44.000000, 1855008, 5247008, 38368
free, 32, 21.000000, 1854928, 5247008, 38336
free, 64, 21.000000, 1854864, 5247008, 38304
free, 128, 34.000000, 1854736, 5247008, 38240
free, 256, 29.000000, 1854208, 5247008, 38208
free, 512, 26.000000, 1853696, 5247008, 38176
free, 1024, 41.000000, 1852672, 5247008, 38112
free, 2048, 29.000000, 1848560, 5247008, 38080
free, 4096, 27.000000, 1844464, 5247008, 38048
free, 8192, 42.000000, 1836272, 5247008, 37984
free, 32, 25.000000, 1836192, 5247008, 37952
free, 64, 21.000000, 1836128, 5247008, 37920
free, 128, 34.000000, 1836000, 5247008, 37856
free, 256, 25.000000, 1835472, 5247008, 37824
free, 512, 28.000000, 1834960, 5247008, 37792
free, 1024, 44.000000, 1833936, 5247008, 37728
free, 2048, 29.000000, 1829824, 5247008, 37696
free, 4096, 29.000000, 1825728, 5247008, 37664
free, 8192, 43.000000, 1817536, 5247008, 37600
free, 32, 21.000000, 1817456, 5247008, 37568
free, 64, 24.000000, 1817392, 5247008, 37536
free, 128, 33.000000, 1817264, 5247008, 37472
free, 256, 28.000000, 1816736, 5247008, 37440
free, 512, 30.000000, 1816224, 5247008, 37408
free, 1024, 42.000000, 1815200, 5247008, 37344
free, 2048, 29.000000, 1811088, 5247008, 37312
free, 4096, 30.000000, 1806992, 5247008, 37280
free, 8192, 42.000000, 1798800, 5247008, 37216
free, 32, 28.000000, 1798720, 5247008, 37184
free, 64, 23.000000, 1798656, 5247008, 37152
free, 128, 33.000000, 1798528, 5247008, 37088
free, 256, 30.000000, 1798000, 5247008, 37056
free, 512, 31.000000, 1797488, 5247008, 37024
free, 1024, 36.000000, 1796464, 5247008, 36960
free, 2048, 27.000000, 1792352, 5247008, 36928
free, 4096, 38.000000, 1788256, 5247008, 36896
free, 8192, 40.000000, 1780064, 5247008, 36832
free, 32, 28.000000, 1779984, 5247008, 36800
free, 64, 21.000000, 1779920, 5247008, 36768
free, 128, 34.000000, 1779792, 5247008, 36704
free, 256, 29.000000, 1779264, 5247008, 36672
free, 512, 27.000000, 1778752, 5247008, 36640
free, 1024, 44.000000, 1777728, 5247008, 36576
free, 2048, 33.000000, 1773616, 5247008, 36544
free, 4096, 27.000000, 1769520, 5247008, 36512
free, 8192, 42.000000, 1761328, 5247008, 36448
free, 32, 30.000000, 1761248, 5247008, 36416
free, 64, 23.000000, 1761184, 5247008, 36384
free, 128, 34.000000, 1761056, 5247008, 36320
free, 256, 32.000000, 1760528, 5247008, 36288
free, 512, 29.000000, 1760016, 5247008, 36256
free, 1024, 37.000000, 1758992, 5247008, 36192
free, 2048, 30.000000, 1754880, 5247008, 36160
free, 4096, 30.000000, 1750784, 5247008, 36128
free, 8192, 43.000000, 1742592, 5247008, 36064
free, 32, 22.000000, 1742512, 5247008, 36032
free, 64, 25.000000, 1742448, 5247008, 36000
free, 128, 33.000000, 1742320, 5247008, 35936
free, 256, 28.000000, 1741792, 5247008, 35904
free, 512, 28.000000, 1741280, 5247008, 35872
free, 1024, 42.000000, 1740256, 5247008, 35808
free, 2048, 28.000000, 1736144, 5247008, 35776
free, 4096, 31.000000, 1732048, 5247008, 35744
free, 8192, 44.000000, 1723856, 5247008, 35680
free, 32, 23.000000, 1723776, 5247008, 35648
free, 64, 24.000000, 1723712, 5247008, 35616
free, 128, 34.000000, 1723584, 5247008, 35552
free, 256, 30.000000, 1723056, 5247008, 35520
free, 512, 26.000000, 1722544, 5247008, 35488
free, 1024, 43.000000, 1721520, 5247008, 35424
free, 2048, 32.000000, 1717408, 5247008, 35392
free, 4096, 32.000000, 1713312, 5247008, 35360
free, 8192, 43.000000, 1705120, 5247008, 35296
free, 32, 29.000000, 1705040, 5247008, 35264
free, 64, 24.000000, 1704976, 5247008, 35232
free, 128, 32.000000, 1704848, 5247008, 35168
free, 256, 30.000000, 1704320, 5247008, 35136
free, 512, 27.000000, 1703808, 5247008, 35104
free, 1024, 40.000000, 1702784, 5247008, 35040
free, 2048, 28.000000, 1698672, 5247008, 35008
free, 4096, 29.000000, 1694576, 5247008, 34976
free, 8192, 44.000000, 1686384, 5247008, 34912
free, 32, 28.000000, 1686304, 5247008, 34880
free, 64, 22.000000, 1686240, 5247008, 34848
free, 128, 31.000000, 1686112, 5247008, 34784
free, 256, 27.000000, 1685584, 5247008, 34752
free, 512, 31.000000, 1685072, 5247008, 34720
free, 1024, 37.000000, 1684048, 5247008, 34656
free, 2048, 26.000000, 1679936, 5247008, 34624
free, 4096, 28.000000, 1675840, 5247008, 34592
free, 8192, 44.000000, 1667648, 5247008, 34528
free, 32, 20.000000, 1667568, 5247008, 34496
free, 64, 31.000000, 1667504, 5247008, 34464
free, 128, 43.000000, 1667376, 5247008, 34400
free, 256, 28.000000, 1666848, 5247008, 34368
free, 512, 28.000000, 1666336, 5247008, 34336
free, 1024, 40.000000, 1665312, 5247008, 34272
free, 2048, 31.000000, 1661200, 5247008, 34240
free, 4096, 27.000000, 1657104, 5247008, 34208
free, 8192, 42.000000, 1648912, 5247008, 34144
free, 32, 29.000000, 1648832, 5247008, 34112
free, 64, 28.000000, 1648768, 5247008, 34080
free, 128, 34.000000, 1648640, 5247008, 34016
free, 256, 27.000000, 1648112, 5247008, 33984
free, 512, 29.000000, 1647600, 5247008, 33952
free, 1024, 42.000000, 1646576, 5247008, 33888
free, 2048, 28.000000, 1642464, 5247008, 33856
free, 4096, 29.000000, 1638368, 5247008, 33824
free, 8192, 41.000000, 1630176, 5247008, 33760
free, 32, 28.000000, 1630096, 5247008, 33728
free, 64, 22.000000, 1630032, 5247008, 33696
free, 128, 35.000000, 1629904, 5247008, 33632
free, 256, 29.000000, 1629376, 5247008, 33600
free, 512, 29.000000, 1628864, 5247008, 33568
free, 1024, 43.000000, 1627840, 5247008, 33504
free, 2048, 30.000000, 1623728, 5247008, 33472
free, 4096, 31.000000, 1619632, 5247008, 33440
free, 8192, 32.000000, 1611440, 5247008, 33376
free, 32, 31.000000, 1611360, 5247008, 33344
free, 64, 29.000000, 1611296, 5247008, 33312
free, 128, 35.000000, 1611168, 5247008, 33248
free, 256, 34.000000, 1610640, 5247008, 33216
free, 512, 29.000000, 1610128, 5247008, 33184
free, 1024, 42.000000, 1609104, 5247008, 33120
free, 2048, 27.000000, 1604992, 5247008, 33088
free, 4096, 30.000000, 1600896, 5247008, 33056
free, 8192, 41.000000, 1592704, 5247008, 32992
free, 32, 23.000000, 1592624, 5247008, 32960
free, 64, 20.000000, 1592560, 5247008, 32928
free, 128, 32.000000, 1592432, 5247008, 32864
free, 256, 31.000000, 1591904, 5247008, 32832
free, 512, 27.000000, 1591392, 5247008, 32800
free, 1024, 49.000000, 1590368, 5247008, 32736
free, 2048, 28.000000, 1586256, 5247008, 32704
free, 4096, 31.000000, 1582160, 5247008, 32672
free, 8192, 42.000000, 1573968, 5247008, 32608
free, 32, 22.000000, 1573888, 5247008, 32576
free, 64, 21.000000, 1573824, 5247008, 32544
free, 128, 33.000000, 1573696, 5247008, 32480
free, 256, 27.000000, 1573168, 5247008, 32448
free, 512, 26.000000, 1572656, 5247008, 32416
free, 1024, 43.000000, 1571632, 5247008, 32352
free, 2048, 29.000000, 1567520, 5247008, 32320
free, 4096, 33.000000, 1563424, 5247008, 32288
free, 8192, 39.000000, 1555232, 5247008, 32224
free, 32, 31.000000, 1555152, 5247008, 32192
free, 64, 21.000000, 1555088, 5247008, 32160
free, 128, 32.000000, 1554960, 5247008, 32096
free, 256, 30.000000, 1554432, 5247008, 32064
free, 512, 26.000000, 1553920, 5247008, 32032
free, 1024, 42.000000, 1552896, 5247008, 31968
free, 2048, 27.000000, 1548784, 5247008, 31936
free, 4096, 29.000000, 1544688, 5247008, 31904
free, 8192, 37.000000, 1536496, 5247008, 31840
free, 32, 27.000000, 1536416, 5247008, 31808
free, 64, 22.000000, 1536352, 5247008, 31776
free, 128, 33.000000, 1536224, 5247008, 31712
free, 256, 29.000000, 1535696, 5247008, 31680
free, 512, 26.000000, 1535184, 5247008, 31648
free, 1024, 44.000000, 1534160, 5247008, 31584
free, 2048, 31.000000, 1530048, 5247008, 31552
free, 4096, 28.000000, 1525952, 5247008, 31520
free, 8192, 41.000000, 1517760, 5247008, 31456
free, 32, 25.000000, 1517680, 5247008, 31424
free, 64, 20.000000, 1517616, 5247008, 31392
free, 128, 34.000000, 1517488, 5247008, 31328
free, 256, 31.000000, 1516960, 5247008, 31296
free, 512, 27.000000, 1516448, 5247008, 31264
free, 1024, 42.000000, 1515424, 5247008, 31200
free, 2048, 32.000000, 1511312, 5247008, 31168
free, 4096, 30.000000, 1507216, 5247008, 31136
free, 8192, 40.000000, 1499024, 5247008, 31072
free, 32, 28.000000, 1498944, 5247008, 31040
free, 64, 24.000000, 1498880, 5247008, 31008
free, 128, 36.000000, 1498752, 5247008, 30944
free, 256, 31.000000, 1498224, 5247008, 30912
free, 512, 29.000000, 1497712, 5247008, 30880
free, 1024, 38.000000, 1496688, 5247008, 30816
free, 2048, 30.000000, 1492576, 5247008, 30784
free, 4096, 31.000000, 1488480, 5247008, 30752
free, 8192, 40.000000, 1480288, 5247008, 30688
free, 32, 21.000000, 1480208, 5247008, 30656
free, 64, 20.000000, 1480144, 5247008, 30624
free, 128, 33.000000, 1480016, 5247008, 30560
free, 256, 30.000000, 1479488, 5247008, 30528
free, 512, 40.000000, 1478976, 5247008, 30496
free, 1024, 54.000000, 1477952, 5247008, 30432
free, 2048, 29.000000, 1473840, 5247008, 30400
free, 4096, 28.000000, 1469744, 5247008, 30368
free, 8192, 42.000000, 1461552, 5247008, 30304
free, 32, 29.000000, 1461472, 5247008, 30272
free, 64, 24.000000, 1461408, 5247008, 30240
free, 128, 31.000000, 1461280, 5247008, 30176
free, 256, 34.000000, 1460752, 5247008, 30144
free, 512, 25.000000, 1460240, 5247008, 30112
free, 1024, 43.000000, 1459216, 5247008, 30048
free, 2048, 30.000000, 1455104, 5247008, 30016
free, 4096, 32.000000, 1451008, 5247008, 29984
free, 8192, 39.000000, 1442816, 5247008, 29920
free, 32, 23.000000, 1442736, 5247008, 29888
free, 64, 21.000000, 1442672, 5247008, 29856
free, 128, 32.000000, 1442544, 5247008, 29792
free, 256, 25.000000, 1442016, 5247008, 29760
free, 512, 27.000000, 1441504, 5247008, 29728
free, 1024, 40.000000, 1440480, 5247008, 29664
free, 2048, 28.000000, 1436368, 5247008, 29632
free, 4096, 29.000000, 1432272, 5247008, 29600
free, 8192, 44.000000, 1424080, 5247008, 29536
free, 32, 23.000000, 1424000, 5247008, 29504
free, 64, 22.000000, 1423936, 5247008, 29472
free, 128, 31.000000, 1423808, 5247008, 29408
free, 256, 30.000000, 1423280, 5247008, 29376
free, 512, 26.000000, 1422768, 5247008, 29344
free, 1024, 40.000000, 1421744, 5247008, 29280
free, 2048, 31.000000, 1417632, 5247008, 29248
free, 4096, 29.000000, 1413536, 5247008, 29216
free, 8192, 51.000000, 1405344, 5247008, 29152
free, 32, 25.000000, 1405264, 5247008, 29120
free, 64, 22.000000, 1405200, 5247008, 29088
free, 128, 33.000000, 1405072, 5247008, 29024
free, 256, 27.000000, 1404544, 5247008, 28992
free, 512, 29.000000, 1404032, 5247008, 28960
free, 1024, 38.000000, 1403008, 5247008, 28896
free, 2048, 27.000000, 1398896, 5247008, 28864
free, 4096, 31.000000, 1394800, 5247008, 28832
free, 8192, 42.000000, 1386608, 5247008, 28768
free, 32, 28.000000, 1386528, 5247008, 28736
free, 64, 22.000000, 1386464, 5247008, 28704
free, 128, 33.000000, 1386336, 5247008, 28640
free, 256, 27.000000, 1385808, 5247008, 28608
free, 512, 31.000000, 1385296, 5247008, 28576
free, 1024, 37.000000, 1384272, 5247008, 28512
free, 2048, 28.000000, 1380160, 5247008, 28480
free, 4096, 32.000000, 1376064, 5247008, 28448
free, 8192, 41.000000, 1367872, 5247008, 28384
free, 32, 20.000000, 1367792, 5247008, 28352
free, 64, 26.000000, 1367728, 5247008, 28320
free, 128, 39.000000, 1367600, 5247008, 28256
free, 256, 26.000000, 1367072, 5247008, 28224
free, 512, 31.000000, 1366560, 5247008, 28192
free, 1024, 37.000000, 1365536, 5247008, 28128
free, 2048, 32.000000, 1361424, 5247008, 28096
free, 4096, 30.000000, 1357328, 5247008, 28064
free, 8192, 40.000000, 1349136, 5247008, 28000
free, 32, 27.000000, 1349056, 5247008, 27968
free, 64, 31.000000, 1348992, 5247008, 27936
free, 128, 35.000000, 1348864, 5247008, 27872
free, 256, 30.000000, 1348336, 5247008, 27840
free, 512, 30.000000, 1347824, 5247008, 27808
free, 1024, 40.000000, 1346800, 5247008, 27744
free, 2048, 31.000000, 1342688, 5247008, 27712
free, 4096, 29.000000, 1338592, 5247008, 27680
free, 8192, 42.000000, 1330400, 5247008, 27616
free, 32, 28.000000, 1330320, 5247008, 27584
free, 64, 21.000000, 1330256, 5247008, 27552
free, 128, 33.000000, 1330128, 5247008, 27488
free, 256, 24.000000, 1329600, 5247008, 27456
free, 512, 24.000000, 1329088, 5247008, 27424
free, 1024, 37.000000, 1328064, 5247008, 27360
free, 2048, 33.000000, 1323952, 5247008, 27328
free, 4096, 32.000000, 1319856, 5247008, 27296
free, 8192, 38.000000, 1311664, 5247008, 27232
free, 32, 28.000000, 1311584, 5247008, 27200
free, 64, 22.000000, 1311520, 5247008, 27168
free, 128, 33.000000, 1311392, 5247008, 27104
free, 256, 29.000000, 1310864, 5247008, 27072
free, 512, 30.000000, 1310352, 5247008, 27040
free, 1024, 43.000000, 1309328, 5247008, 26976
free, 2048, 29.000000, 1305216, 5247008, 26944
free, 4096, 31.000000, 1301120, 5247008, 26912
free, 8192, 43.000000, 1292928, 5247008, 26848
free, 32, 21.000000, 1292848, 5247008, 26816
free, 64, 23.000000, 1292784, 5247008, 26784
free, 128, 35.000000, 1292656, 5247008, 26720
free, 256, 30.000000, 1292128, 5247008, 26688
free, 512, 31.000000, 1291616, 5247008, 26656
free, 1024, 57.000000, 1290592, 5247008, 26592
free, 2048, 28.000000, 1286480, 5247008, 26560
free, 4096, 27.000000, 1282384, 5247008, 26528
free, 8192, 38.000000, 1274192, 5247008, 26464
free, 32, 24.000000, 1274112, 5247008, 26432
free, 64, 23.000000, 1274048, 5247008, 26400
free, 128, 35.000000, 1273920, 5247008, 26336
free, 256, 28.000000, 1273392, 5247008, 26304
free, 512, 30.000000, 1272880, 5247008, 26272
free, 1024, 43.000000, 1271856, 5247008, 26208
free, 2048, 33.000000, 1267744, 5247008, 26176
free, 4096, 28.000000, 1263648, 5247008, 26144
free, 8192, 45.000000, 1255456, 5247008, 26080
free, 32, 33.000000, 1255376, 5247008, 26048
free, 64, 21.000000, 1255312, 5247008, 26016
free, 128, 34.000000, 1255184, 5247008, 25952
free, 256, 24.000000, 1254656, 5247008, 25920
free, 512, 29.000000, 1254144, 5247008, 25888
free, 1024, 42.000000, 1253120, 5247008, 25824
free, 2048, 32.000000, 1249008, 5247008, 25792
free, 4096, 36.000000, 1244912, 5247008, 25760
free, 8192, 55.000000, 1236720, 5247008, 25696
free, 32, 33.000000, 1236640, 5247008, 25664
free, 64, 24.000000, 1236576, 5247008, 25632
free, 128, 32.000000, 1236448, 5247008, 25568
free, 256, 27.000000, 1235920, 5247008, 25536
free, 512, 27.000000, 1235408, 5247008, 25504
free, 1024, 41.000000, 1234384, 5247008, 25440
free, 2048, 30.000000, 1230272, 5247008, 25408
free, 4096, 29.000000, 1226176, 5247008, 25376
free, 8192, 44.000000, 1217984, 5247008, 25312
free, 32, 21.000000, 1217904, 5247008, 25280
free, 64, 22.000000, 1217840, 5247008, 25248
free, 128, 34.000000, 1217712, 5247008, 25184
free, 256, 31.000000, 1217184, 5247008, 25152
free, 512, 28.000000, 1216672, 5247008, 25120
free, 1024, 40.000000, 1215648, 5247008, 25056
free, 2048, 34.000000, 1211536, 5247008, 25024
free, 4096, 26.000000, 1207440, 5247008, 24992
free, 8192, 40.000000, 1199248, 5247008, 24928
free, 32, 32.000000, 1199168, 5247008, 24896
free, 64, 23.000000, 1199104, 5247008, 24864
free, 128, 35.000000, 1198976, 5247008, 24800
free, 256, 29.000000, 1198448, 5247008, 24768
free, 512, 29.000000, 1197936, 5247008, 24736
free, 1024, 42.000000, 1196912, 5247008, 24672
free, 2048, 24.000000, 1192800, 5247008, 24640
free, 4096, 30.000000, 1188704, 5247008, 24608
free, 8192, 40.000000, 1180512, 5247008, 24544
free, 32, 33.000000, 1180432, 5247008, 24512
free, 64, 23.000000, 1180368, 5247008, 24480
free, 128, 32.000000, 1180240, 5247008, 24416
free, 256, 32.000000, 1179712, 5247008, 24384
free, 512, 28.000000, 1179200, 5247008, 24352
free, 1024, 39.000000, 1178176, 5247008, 24288
free, 2048, 36.000000, 1174064, 5247008, 24256
free, 4096, 29.000000, 1169968, 5247008, 24224
free, 8192, 42.000000, 1161776, 5247008, 24160
free, 32, 32.000000, 1161696, 5247008, 24128
free, 64, 23.000000, 1161632, 5247008, 24096
free, 128, 31.000000, 1161504, 5247008, 24032
free, 256, 30.000000, 1160976, 5247008, 24000
free, 512, 28.000000, 1160464, 5247008, 23968
free, 1024, 42.000000, 1159440, 5247008, 23904
free, 2048, 30.000000, 1155328, 5247008, 23872
free, 4096, 28.000000, 1151232, 5247008, 23840
free, 8192, 44.000000, 1143040, 5247008, 23776
free, 32, 21.000000, 1142960, 5247008, 23744
free, 64, 24.000000, 1142896, 5247008, 23712
free, 128, 31.000000, 1142768, 5247008, 23648
free, 256, 29.000000, 1142240, 5247008, 23616
free, 512, 32.000000, 1141728, 5247008, 23584
free, 1024, 42.000000, 1140704, 5247008, 23520
free, 2048, 31.000000, 1136592, 5247008, 23488
free, 4096, 30.000000, 1132496, 5247008, 23456
free, 8192, 42.000000, 1124304, 5247008, 23392
free, 32, 21.000000, 1124224, 5247008, 23360
free, 64, 23.000000, 1124160, 5247008, 23328
free, 128, 35.000000, 1124032, 5247008, 23264
free, 256, 30.000000, 1123504, 5247008, 23232
free, 512, 27.000000, 1122992, 5247008, 23200
free, 1024, 42.000000, 1121968, 5247008, 23136
free, 2048, 28.000000, 1117856, 5247008, 23104
free, 4096, 32.000000, 1113760, 5247008, 23072
free, 8192, 43.000000, 1105568, 5247008, 23008
free, 32, 29.000000, 1105488, 5247008, 22976
free, 64, 23.000000, 1105424, 5247008, 22944
free, 128, 36.000000, 1105296, 5247008, 22880
free, 256, 30.000000, 1104768, 5247008, 22848
free, 512, 29.000000, 1104256, 5247008, 22816
free, 1024, 38.000000, 1103232, 5247008, 22752
free, 2048, 31.000000, 1099120, 5247008, 22720
free, 4096, 34.000000, 1095024, 5247008, 22688
free, 8192, 41.000000, 1086832, 5247008, 22624
free, 32, 32.000000, 1086752, 5247008, 22592
free, 64, 20.000000, 1086688, 5247008, 22560
free, 128, 34.000000, 1086560, 5247008, 22496
free, 256, 31.000000, 1086032, 5247008, 22464
free, 512, 28.000000, 1085520, 5247008, 22432
free, 1024, 40.000000, 1084496, 5247008, 22368
free, 2048, 31.000000, 1080384, 5247008, 22336
free, 4096, 25.000000, 1076288, 5247008, 22304
free, 8192, 43.000000, 1068096, 5247008, 22240
free, 32, 22.000000, 1068016, 5247008, 22208
free, 64, 30.000000, 1067952, 5247008, 22176
free, 128, 43.000000, 1067824, 5247008, 22112
free, 256, 27.000000, 1067296, 5247008, 22080
free, 512, 29.000000, 1066784, 5247008, 22048
free, 1024, 39.000000, 1065760, 5247008, 21984
free, 2048, 32.000000, 1061648, 5247008, 21952
free, 4096, 30.000000, 1057552, 5247008, 21920
free, 8192, 43.000000, 1049360, 5247008, 21856
free, 32, 25.000000, 1049280, 5247008, 21824
free, 64, 30.000000, 1049216, 5247008, 21792
free, 128, 44.000000, 1049088, 5247008, 21728
free, 256, 30.000000, 1048560, 5247008, 21696
free, 512, 28.000000, 1048048, 5247008, 21664
free, 1024, 41.000000, 1047024, 5247008, 21600
free, 2048, 29.000000, 1042912, 5247008, 21568
free, 4096, 28.000000, 1038816, 5247008, 21536
free, 8192, 44.000000, 1030624, 5247008, 21472
free, 32, 31.000000, 1030544, 5247008, 21440
free, 64, 23.000000, 1030480, 5247008, 21408
free, 128, 35.000000, 1030352, 5247008, 21344
free, 256, 32.000000, 1029824, 5247008, 21312
free, 512, 28.000000, 1029312, 5247008, 21280
free, 1024, 42.000000, 1028288, 5247008, 21216
free, 2048, 30.000000, 1024176, 5247008, 21184
free, 4096, 31.000000, 1020080, 5247008, 21152
free, 8192, 38.000000, 1011888, 5247008, 21088
free, 32, 29.000000, 1011808, 5247008, 21056
free, 64, 23.000000, 1011744, 5247008, 21024
free, 128, 37.000000, 1011616, 5247008, 20960
free, 256, 32.000000, 1011088, 5247008, 20928
free, 512, 31.000000, 1010576, 5247008, 20896
free, 1024, 43.000000, 1009552, 5247008, 20832
free, 2048, 32.000000, 1005440, 5247008, 20800
free, 4096, 33.000000, 1001344, 5247008, 20768
free, 8192, 42.000000, 993152, 5247008, 20704
free, 32, 24.000000, 993072, 5247008, 20672
free, 64, 23.000000, 993008, 5247008, 20640
free, 128, 35.000000, 992880, 5247008, 20576
free, 256, 30.000000, 992352, 5247008, 20544
free, 512, 29.000000, 991840, 5247008, 20512
free, 1024, 52.000000, 990816, 5247008, 20448
free, 2048, 26.000000, 986704, 5247008, 20416
free, 4096, 33.000000, 982608, 5247008, 20384
free, 8192, 40.000000, 974416, 5247008, 20320
free, 32, 24.000000, 974336, 5247008, 20288
free, 64, 23.000000, 974272, 5247008, 20256
free, 128, 33.000000, 974144, 5247008, 20192
free, 256, 28.000000, 973616, 5247008, 20160
free, 512, 32.000000, 973104, 5247008, 20128
free, 1024, 42.000000, 972080, 5247008, 20064
free, 2048, 23.000000, 967968, 5247008, 20032
free, 4096, 29.000000, 963872, 5247008, 20000
free, 8192, 42.000000, 955680, 5247008, 19936
free, 32, 31.000000, 955600, 5247008, 19904
free, 64, 24.000000, 955536, 5247008, 19872
free, 128, 32.000000, 955408, 5247008, 19808
free, 256, 25.000000, 954880, 5247008, 19776
free, 512, 25.000000, 954368, 5247008, 19744
free, 1024, 41.000000, 953344, 5247008, 19680
free, 2048, 27.000000, 949232, 5247008, 19648
free, 4096, 30.000000, 945136, 5247008, 19616
free, 8192, 42.000000, 936944, 5247008, 19552
free, 32, 29.000000, 936864, 5247008, 19520
free, 64, 22.000000, 936800, 5247008, 19488
free, 128, 34.000000, 936672, 5247008, 19424
free, 256, 28.000000, 936144, 5247008, 19392
free, 512, 29.000000, 935632, 5247008, 19360
free, 1024, 42.000000, 934608, 5247008, 19296
free, 2048, 31.000000, 930496, 5247008, 19264
free, 4096, 33.000000, 926400, 5247008, 19232
free, 8192, 41.000000, 918208, 5247008, 19168
free, 32, 24.000000, 918128, 5247008, 19136
free, 64, 21.000000, 918064, 5247008, 19104
free, 128, 33.000000, 917936, 5247008, 19040
free, 256, 29.000000, 917408, 5247008, 19008
free, 512, 32.000000, 916896, 5247008, 18976
free, 1024, 43.000000, 915872, 5247008, 18912
free, 2048, 29.000000, 911760, 5247008, 18880
free, 4096, 29.000000, 907664, 5247008, 18848
free, 8192, 44.000000, 899472, 5247008, 18784
free, 32, 30.000000, 899392, 5247008, 18752
free, 64, 20.000000, 899328, 5247008, 18720
free, 128, 32.000000, 899200, 5247008, 18656
free, 256, 27.000000, 898672, 5247008, 18624
free, 512, 29.000000, 898160, 5247008, 18592
free, 1024, 40.000000, 897136, 5247008, 18528
free, 2048, 25.000000, 893024, 5247008, 18496
free, 4096, 31.000000, 888928, 5247008, 18464
free, 8192, 40.000000, 880736, 5247008, 18400
free, 32, 26.000000, 880656, 5247008, 18368
free, 64, 20.000000, 880592, 5247008, 18336
free, 128, 31.000000, 880464, 5247008, 18272
free, 256, 27.000000, 879936, 5247008, 18240
free, 512, 29.000000, 879424, 5247008, 18208
free, 1024, 39.000000, 878400, 5247008, 18144
free, 2048, 30.000000, 874288, 5247008, 18112
free, 4096, 33.000000, 870192, 5247008, 18080
free, 8192, 46.000000, 862000, 5247008, 18016
free, 32, 23.000000, 861920, 5247008, 17984
free, 64, 22.000000, 861856, 5247008, 17952
free, 128, 33.000000, 861728, 5247008, 17888
free, 256, 28.000000, 861200, 5247008, 17856
free, 512, 28.000000, 860688, 5247008, 17824
free, 1024, 43.000000, 859664, 5247008, 17760
free, 2048, 30.000000, 855552, 5247008, 17728
free, 4096, 32.000000, 851456, 5247008, 17696
free, 8192, 41.000000, 843264, 5247008, 17632
free, 32, 22.000000, 843184, 5247008, 17600
free, 64, 24.000000, 843120, 5247008, 17568
free, 128, 35.000000, 842992, 5247008, 17504
free, 256, 28.000000, 842464, 5247008, 17472
free, 512, 31.000000, 841952, 5247008, 17440
free, 1024, 38.000000, 840928, 5247008, 17376
free, 2048, 29.000000, 836816, 5247008, 17344
free, 4096, 38.000000, 832720, 5247008, 17312
free, 8192, 42.000000, 824528, 5247008, 17248
free, 32, 23.000000, 824448, 5247008, 17216
free, 64, 23.000000, 824384, 5247008, 17184
free, 128, 34.000000, 824256, 5247008, 17120
free, 256, 30.000000, 823728, 5247008, 17088
free, 512, 31.000000, 823216, 5247008, 17056
free, 1024, 41.000000, 822192, 5247008, 16992
free, 2048, 27.000000, 818080, 5247008, 16960
free, 4096, 30.000000, 813984, 5247008, 16928
free, 8192, 45.000000, 805792, 5247008, 16864
free, 32, 24.000000, 805712, 5247008, 16832
free, 64, 23.000000, 805648, 5247008, 16800
free, 128, 32.000000, 805520, 5247008, 16736
free, 256, 28.000000, 804992, 5247008, 16704
free, 512, 37.000000, 804480, 5247008, 16672
free, 1024, 40.000000, 803456, 5247008, 16608
free, 2048, 29.000000, 799344, 5247008, 16576
free, 4096, 28.000000, 795248, 5247008, 16544
free, 8192, 40.000000, 787056, 5247008, 16480
free, 32, 30.000000, 786976, 5247008, 16448
free, 64, 21.000000, 786912, 5247008, 16416
free, 128, 34.000000, 786784, 5247008, 16352
free, 256, 28.000000, 786256, 5247008, 16320
free, 512, 27.000000, 785744, 5247008, 16288
free, 1024, 42.000000, 784720, 5247008, 16224
free, 2048, 32.000000, 780608, 5247008, 16192
free, 4096, 35.000000, 776512, 5247008, 16160
free, 8192, 44.000000, 768320, 5247008, 16096
free, 32, 20.000000, 768240, 5247008, 16064
free, 64, 28.000000, 768176, 5247008, 16032
free, 128, 41.000000, 768048, 5247008, 15968
free, 256, 29.000000, 767520, 5247008, 15936
free, 512, 26.000000, 767008, 5247008, 15904
free, 1024, 39.000000, 765984, 5247008, 15840
free, 2048, 31.000000, 761872, 5247008, 15808
free, 4096, 28.000000, 757776, 5247008, 15776
free, 8192, 39.000000, 749584, 5247008, 15712
free, 32, 30.000000, 749504, 5247008, 15680
free, 64, 31.000000, 749440, 5247008, 15648
free, 128, 33.000000, 749312, 5247008, 15584
free, 256, 33.000000, 748784, 5247008, 15552
free, 512, 30.000000, 748272, 5247008, 15520
free, 1024, 40.000000, 747248, 5247008, 15456
free, 2048, 44.000000, 743136, 5247008, 15424
free, 4096, 26.000000, 739040, 5247008, 15392
free, 8192, 38.000000, 730848, 5247008, 15328
free, 32, 27.000000, 730768, 5247008, 15296
free, 64, 23.000000, 730704, 5247008, 15264
free, 128, 34.000000, 730576, 5247008, 15200
free, 256, 28.000000, 730048, 5247008, 15168
free, 512, 30.000000, 729536, 5247008, 15136
free, 1024, 44.000000, 728512, 5247008, 15072
free, 2048, 32.000000, 724400, 5247008, 15040
free, 4096, 29.000000, 720304, 5247008, 15008
free, 8192, 40.000000, 712112, 5247008, 14944
free, 32, 32.000000, 712032, 5247008, 14912
free, 64, 22.000000, 711968, 5247008, 14880
free, 128, 35.000000, 711840, 5247008, 14816
free, 256, 32.000000, 711312, 5247008, 14784
free, 512, 28.000000, 710800, 5247008, 14752
free, 1024, 41.000000, 709776, 5247008, 14688
free, 2048, 27.000000, 705664, 5247008, 14656
free, 4096, 30.000000, 701568, 5247008, 14624
free, 8192, 40.000000, 693376, 5247008, 14560
free, 32, 23.000000, 693296, 5247008, 14528
free, 64, 23.000000, 693232, 5247008, 14496
free, 128, 34.000000, 693104, 5247008, 14432
free, 256, 27.000000, 692576, 5247008, 14400
free, 512, 29.000000, 692064, 5247008, 14368
free, 1024, 52.000000, 691040, 5247008, 14304
free, 2048, 30.000000, 686928, 5247008, 14272
free, 4096, 39.000000, 682832, 5247008, 14240
free, 8192, 42.000000, 674640, 5247008, 14176
free, 32, 26.000000, 674560, 5247008, 14144
free, 64, 23.000000, 674496, 5247008, 14112
free, 128, 34.000000, 674368, 5247008, 14048
free, 256, 29.000000, 673840, 5247008, 14016
free, 512, 30.000000, 673328, 5247008, 13984
free, 1024, 42.000000, 672304, 5247008, 13920
free, 2048, 34.000000, 668192, 5247008, 13888
free, 4096, 27.000000, 664096, 5247008, 13856
free, 8192, 42.000000, 655904, 5247008, 13792
free, 32, 31.000000, 655824, 5247008, 13760
free, 64, 23.000000, 655760, 5247008, 13728
free, 128, 35.000000, 655632, 5247008, 13664
free, 256, 31.000000, 655104, 5247008, 13632
free, 512, 27.000000, 654592, 5247008, 13600
free, 1024, 42.000000, 653568, 5247008, 13536
free, 2048, 27.000000, 649456, 5247008, 13504
free, 4096, 31.000000, 645360, 5247008, 13472
free, 8192, 43.000000, 637168, 5247008, 13408
free, 32, 25.000000, 637088, 5247008, 13376
free, 64, 24.000000, 637024, 5247008, 13344
free, 128, 36.000000, 636896, 5247008, 13280
free, 256, 28.000000, 636368, 5247008, 13248
free, 512, 31.000000, 635856, 5247008, 13216
free, 1024, 43.000000, 634832, 5247008, 13152
free, 2048, 27.000000, 630720, 5247008, 13120
free, 4096, 29.000000, 626624, 5247008, 13088
free, 8192, 42.000000, 618432, 5247008, 13024
free, 32, 20.000000, 618352, 5247008, 12992
free, 64, 22.000000, 618288, 5247008, 12960
free, 128, 31.000000, 618160, 5247008, 12896
free, 256, 27.000000, 617632, 5247008, 12864
free, 512, 46.000000, 617120, 5247008, 12800
free, 1024, 50.000000, 616096, 5247008, 12736
free, 2048, 34.000000, 611984, 5247008, 12704
free, 4096, 40.000000, 607888, 5247008, 12672
free, 8192, 38.000000, 599696, 5247008, 12608
free, 32, 32.000000, 599616, 5247008, 12576
free, 64, 23.000000, 599552, 5247008, 12544
free, 128, 33.000000, 599424, 5247008, 12480
free, 256, 27.000000, 598896, 5247008, 12448
free, 512, 28.000000, 598384, 5247008, 12416
free, 1024, 40.000000, 597360, 5247008, 12352
free, 2048, 30.000000, 593248, 5247008, 12320
free, 4096, 30.000000, 589152, 5247008, 12288
free, 8192, 45.000000, 580960, 5247008, 12224
free, 32, 27.000000, 580880, 5247008, 12192
free, 64, 23.000000, 580816, 5247008, 12160
free, 128, 34.000000, 580688, 5247008, 12096
free, 256, 30.000000, 580160, 5247008, 12064
free, 512, 29.000000, 579648, 5247008, 12032
free, 1024, 38.000000, 578624, 5247008, 11968
free, 2048, 30.000000, 574512, 5247008, 11936
free, 4096, 27.000000, 570416, 5247008, 11904
free, 8192, 41.000000, 562224, 5247008, 11840
free, 32, 27.000000, 562144, 5247008, 11808
free, 64, 24.000000, 562080, 5247008, 11776
free, 128, 37.000000, 561952, 5247008, 11712
free, 256, 23.000000, 561424, 5247008, 11680
free, 512, 31.000000, 560912, 5247008, 11648
free, 1024, 45.000000, 559888, 5247008, 11584
free, 2048, 27.000000, 555776, 5247008, 11552
free, 4096, 29.000000, 551680, 5247008, 11520
free, 8192, 41.000000, 543488, 5247008, 11456
free, 32, 21.000000, 543408, 5247008, 11424
free, 64, 24.000000, 543344, 5247008, 11392
free, 128, 35.000000, 543216, 5247008, 11328
free, 256, 28.000000, 542688, 5247008, 11296
free, 512, 33.000000, 542176, 5247008, 11264
free, 1024, 40.000000, 541152, 5247008, 11200
free, 2048, 33.000000, 537040, 5247008, 11168
free, 4096, 29.000000, 532944, 5247008, 11136
free, 8192, 41.000000, 524752, 5247008, 11072
free, 32, 20.000000, 524672, 5247008, 11040
free, 64, 20.000000, 524608, 5247008, 11008
free, 128, 34.000000, 524480, 5247008, 10944
free, 256, 28.000000, 523952, 5247008, 10912
free, 512, 31.000000, 523440, 5247008, 10880
free, 1024, 38.000000, 522416, 5247008, 10816
free, 2048, 31.000000, 518304, 5247008, 10784
free, 4096, 29.000000, 514208, 5247008, 10752
free, 8192, 42.000000, 506016, 5247008, 10688
free, 32, 26.000000, 505936, 5247008, 10656
free, 64, 22.000000, 505872, 5247008, 10624
free, 128, 34.000000, 505744, 5247008, 10560
free, 256, 29.000000, 505216, 5247008, 10528
free, 512, 30.000000, 504704, 5247008, 10496
free, 1024, 39.000000, 503680, 5247008, 10432
free, 2048, 32.000000, 499568, 5247008, 10400
free, 4096, 33.000000, 495472, 5247008, 10368
free, 8192, 46.000000, 487280, 5247008, 10304
free, 32, 27.000000, 487200, 5247008, 10272
free, 64, 31.000000, 487136, 5247008, 10240
free, 128, 44.000000, 487008, 5247008, 10176
free, 256, 28.000000, 486480, 5247008, 10144
free, 512, 33.000000, 485968, 5247008, 10112
free, 1024, 39.000000, 484944, 5247008, 10048
free, 2048, 33.000000, 480832, 5247008, 10016
free, 4096, 34.000000, 476736, 5247008, 9984
free, 8192, 37.000000, 468544, 5247008, 9920
free, 32, 31.000000, 468464, 5247008, 9888
free, 64, 31.000000, 468400, 5247008, 9856
free, 128, 35.000000, 468272, 5247008, 9792
free, 256, 29.000000, 467744, 5247008, 9760
free, 512, 31.000000, 467232, 5247008, 9728
free, 1024, 40.000000, 466208, 5247008, 9664
free, 2048, 27.000000, 462096, 5247008, 9632
free, 4096, 31.000000, 458000, 5247008, 9600
free, 8192, 42.000000, 449808, 5247008, 9536
free, 32, 30.000000, 449728, 5247008, 9504
free, 64, 20.000000, 449664, 5247008, 9472
free, 128, 34.000000, 449536, 5247008, 9408
free, 256, 28.000000, 449008, 5247008, 9376
free, 512, 28.000000, 448496, 5247008, 9344
free, 1024, 39.000000, 447472, 5247008, 9280
free, 2048, 28.000000, 443360, 5247008, 9248
free, 4096, 29.000000, 439264, 5247008, 9216
free, 8192, 43.000000, 431072, 5247008, 9152
free, 32, 26.000000, 430992, 5247008, 9120
free, 64, 23.000000, 430928, 5247008, 9088
free, 128, 33.000000, 430800, 5247008, 9024
free, 256, 27.000000, 430272, 5247008, 8992
free, 512, 29.000000, 429760, 5247008, 8960
free, 1024, 41.000000, 428736, 5247008, 8896
free, 2048, 32.000000, 424624, 5247008, 8864
free, 4096, 27.000000, 420528, 5247008, 8832
free, 8192, 42.000000, 412336, 5247008, 8768
free, 32, 31.000000, 412256, 5247008, 8736
free, 64, 24.000000, 412192, 5247008, 8704
free, 128, 34.000000, 412064, 5247008, 8640
free, 256, 30.000000, 411536, 5247008, 8608
free, 512, 28.000000, 411024, 5247008, 8576
free, 1024, 43.000000, 410000, 5247008, 8512
free, 2048, 31.000000, 405888, 5247008, 8480
free, 4096, 32.000000, 401792, 5247008, 8448
free, 8192, 42.000000, 393600, 5247008, 8384
free, 32, 26.000000, 393520, 5247008, 8352
free, 64, 24.000000, 393456, 5247008, 8320
free, 128, 33.000000, 393328, 5247008, 8256
free, 256, 27.000000, 392800, 5247008, 8224
free, 512, 27.000000, 392288, 5247008, 8192
free, 1024, 42.000000, 391264, 5247008, 8128
free, 2048, 39.000000, 387152, 5247008, 8096
free, 4096, 31.000000, 383056, 5247008, 8064
free, 8192, 42.000000, 374864, 5247008, 8000
free, 32, 23.000000, 374784, 5247008, 7968
free, 64, 23.000000, 374720, 5247008, 7936
free, 128, 34.000000, 374592, 5247008, 7872
free, 256, 27.000000, 374064, 5247008, 7840
free, 512, 30.000000, 373552, 5247008, 7808
free, 1024, 46.000000, 372528, 5247008, 7744
free, 2048, 38.000000, 368416, 5247008, 7712
free, 4096, 31.000000, 364320, 5247008, 7680
free, 8192, 46.000000, 356128, 5247008, 7616
free, 32, 28.000000, 356048, 5247008, 7584
free, 64, 43.000000, 355984, 5247008, 7552
free, 128, 46.000000, 355856, 5247008, 7488
free, 256, 26.000000, 355328, 5247008, 7456
free, 512, 31.000000, 354816, 5247008, 7424
free, 1024, 61.000000, 353792, 5247008, 7360
free, 2048, 33.000000, 349680, 5247008, 7328
free, 4096, 37.000000, 345584, 5247008, 7296
free, 8192, 44.000000, 337392, 5247008, 7232
free, 32, 27.000000, 337312, 5247008, 7200
free, 64, 26.000000, 337248, 5247008, 7168
free, 128, 35.000000, 337120, 5247008, 7104
free, 256, 29.000000, 336592, 5247008, 7072
free, 512, 26.000000, 336080, 5247008, 7040
free, 1024, 44.000000, 335056, 5247008, 6976
free, 2048, 32.000000, 330944, 5247008, 6944
free, 4096, 32.000000, 326848, 5247008, 6912
free, 8192, 41.000000, 318656, 5247008, 6848
free, 32, 20.000000, 318576, 5247008, 6816
free, 64, 24.000000, 318512, 5247008, 6784
free, 128, 35.000000, 318384, 5247008, 6720
free, 256, 28.000000, 317856, 5247008, 6688
free, 512, 25.000000, 317344, 5247008, 6656
free, 1024, 57.000000, 316320, 5247008, 6592
free, 2048, 28.000000, 312208, 5247008, 6560
free, 4096, 29.000000, 308112, 5247008, 6528
free, 8192, 43.000000, 299920, 5247008, 6464
free, 32, 28.000000, 299840, 5247008, 6432
free, 64, 21.000000, 299776, 5247008, 6400
free, 128, 34.000000, 299648, 5247008, 6336
free, 256, 27.000000, 299120, 5247008, 6304
free, 512, 28.000000, 298608, 5247008, 6272
free, 1024, 48.000000, 297584, 5247008, 6208
free, 2048, 29.000000, 293472, 5247008, 6176
free, 4096, 32.000000, 289376, 5247008, 6144
free, 8192, 38.000000, 281184, 5247008, 6080
free, 32, 32.000000, 281104, 5247008, 6048
free, 64, 23.000000, 281040, 5247008, 6016
free, 128, 34.000000, 280912, 5247008, 5952
free, 256, 32.000000, 280384, 5247008, 5920
free, 512, 29.000000, 279872, 5247008, 5888
free, 1024, 42.000000, 278848, 5247008, 5824
free, 2048, 33.000000, 274736, 5247008, 5792
free, 4096, 28.000000, 270640, 5247008, 5760
free, 8192, 40.000000, 262448, 5247008, 5696
free, 32, 30.000000, 262368, 5247008, 5664
free, 64, 23.000000, 262304, 5247008, 5632
free, 128, 34.000000, 262176, 5247008, 5568
free, 256, 27.000000, 261648, 5247008, 5536
free, 512, 32.000000, 261136, 5247008, 5504
free, 1024, 39.000000, 260112, 5247008, 5440
free, 2048, 27.000000, 256000, 5247008, 5408
free, 4096, 28.000000, 251904, 5247008, 5376
free, 8192, 43.000000, 243712, 5247008, 5312
free, 32, 27.000000, 243632, 5247008, 5280
free, 64, 24.000000, 243568, 5247008, 5248
free, 128, 34.000000, 243440, 5247008, 5184
free, 256, 27.000000, 242912, 5247008, 5152
free, 512, 25.000000, 242400, 5247008, 5120
free, 1024, 40.000000, 241376, 5247008, 5056
free, 2048, 36.000000, 237264, 5247008, 5024
free, 4096, 30.000000, 233168, 5247008, 4992
free, 8192, 43.000000, 224976, 5247008, 4928
free, 32, 23.000000, 224896, 5247008, 4896
free, 64, 23.000000, 224832, 5247008, 4864
free, 128, 34.000000, 224704, 5247008, 4800
free, 256, 30.000000, 224176, 5247008, 4768
free, 512, 31.000000, 223664, 5247008, 4736
free, 1024, 38.000000, 222640, 5247008, 4672
free, 2048, 28.000000, 218528, 5247008, 4640
free, 4096, 31.000000, 214432, 5247008, 4608
free, 8192, 40.000000, 206240, 5247008, 4544
free, 32, 27.000000, 206160, 5247008, 4512
free, 64, 21.000000, 206096, 5247008, 4480
free, 128, 32.000000, 205968, 5247008, 4416
free, 256, 32.000000, 205440, 5247008, 4384
free, 512, 30.000000, 204928, 5247008, 4352
free, 1024, 38.000000, 203904, 5247008, 4288
free, 2048, 30.000000, 199792, 5247008, 4256
free, 4096, 32.000000, 195696, 5247008, 4224
free, 8192, 45.000000, 187504, 5247008, 4160
free, 32, 26.000000, 187424, 5247008, 4128
free, 64, 27.000000, 187360, 5247008, 4096
free, 128, 40.000000, 187232, 5247008, 4032
free, 256, 27.000000, 186704, 5247008, 4000
free, 512, 27.000000, 186192, 5247008, 3968
free, 1024, 38.000000, 185168, 5247008, 3904
free, 2048, 38.000000, 181056, 5247008, 3872
free, 4096, 28.000000, 176960, 5247008, 3840
free, 8192, 44.000000, 168768, 5247008, 3776
free, 32, 24.000000, 168688, 5247008, 3744
free, 64, 31.000000, 168624, 5247008, 3712
free, 128, 34.000000, 168496, 5247008, 3648
free, 256, 31.000000, 167968, 5247008, 3616
free, 512, 27.000000, 167456, 5247008, 3584
free, 1024, 42.000000, 166432, 5247008, 3520
free, 2048, 33.000000, 162320, 5247008, 3488
free, 4096, 29.000000, 158224, 5247008, 3456
free, 8192, 42.000000, 150032, 5247008, 3392
free, 32, 26.000000, 149952, 5247008, 3360
free, 64, 21.000000, 149888, 5247008, 3328
free, 128, 33.000000, 149760, 5247008, 3264
free, 256, 30.000000, 149232, 5247008, 3232
free, 512, 30.000000, 148720, 5247008, 3200
free, 1024, 45.000000, 147696, 5247008, 3136
free, 2048, 31.000000, 143584, 5247008, 3104
free, 4096, 32.000000, 139488, 5247008, 3072
free, 8192, 40.000000, 131296, 5247008, 3008
free, 32, 27.000000, 131216, 5247008, 2976
free, 64, 19.000000, 131152, 5247008, 2944
free, 128, 33.000000, 131024, 5247008, 2880
free, 256, 28.000000, 130496, 5247008, 2848
free, 512, 26.000000, 129984, 5247008, 2816
free, 1024, 41.000000, 128960, 5247008, 2752
free, 2048, 32.000000, 124848, 5247008, 2720
free, 4096, 41.000000, 120752, 5247008, 2688
free, 8192, 45.000000, 112560, 5247008, 2624
free, 32, 26.000000, 112480, 5247008, 2592
free, 64, 23.000000, 112416, 5247008, 2560
free, 128, 31.000000, 112288, 5247008, 2496
free, 256, 28.000000, 111760, 5247008, 2464
free, 512, 35.000000, 111248, 5247008, 2432
free, 1024, 65.000000, 110224, 5247008, 2368
free, 2048, 32.000000, 106112, 5247008, 2336
free, 4096, 28.000000, 102016, 5247008, 2304
free, 8192, 42.000000, 93824, 5247008, 2240
free, 32, 23.000000, 93744, 5247008, 2208
free, 64, 23.000000, 93680, 5247008, 2176
free, 128, 35.000000, 93552, 5247008, 2112
free, 256, 26.000000, 93024, 5247008, 2080
free, 512, 28.000000, 92512, 5247008, 2048
free, 1024, 46.000000, 91488, 5247008, 1984
free, 2048, 27.000000, 87376, 5247008, 1952
free, 4096, 31.000000, 83280, 5247008, 1920
free, 8192, 50.000000, 75088, 5247008, 1856
free, 32, 22.000000, 75008, 5247008, 1824
free, 64, 23.000000, 74944, 5247008, 1792
free, 128, 33.000000, 74816, 5247008, 1728
free, 256, 28.000000, 74288, 5247008, 1696
free, 512, 29.000000, 73776, 5247008, 1664
free, 1024, 42.000000, 72752, 5247008, 1600
free, 2048, 31.000000, 68640, 5247008, 1568
free, 4096, 34.000000, 64544, 5247008, 1536
free, 8192, 40.000000, 56352, 5247008, 1472
free, 32, 25.000000, 56272, 5247008, 1440
free, 64, 21.000000, 56208, 5247008, 1408
free, 128, 32.000000, 56080, 5247008, 1344
free, 256, 26.000000, 55552, 5247008, 1312
free, 512, 27.000000, 55040, 5247008, 1280
free, 1024, 42.000000, 54016, 5247008, 1216
free, 2048, 33.000000, 49904, 5247008, 1184
free, 4096, 31.000000, 45808, 5247008, 1152
free, 8192, 43.000000, 37616, 5247008, 1088
free, 32, 26.000000, 37536, 5247008, 1056
free, 64, 23.000000, 37472, 5247008, 1024
free, 128, 34.000000, 37344, 5247008, 960
free, 256, 26.000000, 36816, 5247008, 928
free, 512, 28.000000, 36304, 5247008, 896
free, 1024, 42.000000, 35280, 5247008, 832
free, 2048, 38.000000, 31168, 5247008, 800
free, 4096, 33.000000, 27072, 5247008, 768
free, 8192, 44.000000, 18880, 5247008, 704
free, 32, 23.000000, 18800, 5247008, 672
free, 64, 21.000000, 18736, 5247008, 640
free, 128, 32.000000, 18608, 5247008, 576
free, 256, 28.000000, 18080, 5247008, 544
free, 512, 30.000000, 17568, 5247008, 512
free, 1024, 44.000000, 16544, 5247008, 448
free, 2048, 33.000000, 12432, 5247008, 416
free, 4096, 30.000000, 8336, 5247008, 384
free, 8192, 47.000000, 144, 5247008, 320
free, 32, 65.000000, 64, 5247008, 256
free, 64, 39.000000, 0, 5247008, 192
